# lat,lon,effective_radius_m -- US Census 2024 Gazetteer places and
# urban areas, covering the 50 states plus DC (no play-area or bbox
# filter -- that check is disabled in production; see the 'SCOPE'
# section of scripts/build_places_csv.py's module docstring). Radius
# is sqrt(ALAND/pi): a circle of the same land area as the place or
# urban area, which stands in for its limits. 34,652 rows, built by
# scripts/build_places_csv.py (fetch-place + fetch-ua + build).
19.0415,-155.6254,1713
19.0698,-155.5751,1337
19.0714,-155.6144,1049
19.0959,-155.775,5471
19.1992,-155.4773,728
19.3566,-154.9752,1119
19.4067,-154.9214,736
19.4136,-154.9588,667
19.4274,-155.2213,1231
19.4391,-154.9188,2416
19.4412,-155.184,1552
19.4424,-155.2788,874
19.4647,-155.1324,3207
19.4658,-154.9157,1824
19.4725,-155.8415,5598
19.4864,-155.2774,4691
19.4917,-155.0958,2296
19.496,-154.9453,1340
19.4995,-155.8937,3256
19.5036,-154.9104,1445
19.5082,-155.0785,2369
19.5215,-154.9944,1278
19.5287,-155.9111,2871
19.5287,-155.0031,1191
19.5325,-155.0497,4002
19.5345,-155.1844,6730
19.5446,-154.9289,3542
19.557,-155.0142,2829
19.5731,-155.9573,2569
19.581,-155.8984,4733
19.586,-155.0713,2428
19.5873,-154.9731,3552
19.6235,-155.0482,2285
19.6456,-155.9977,3373
19.6552,-155.9861,4194
19.6686,-155.9187,5380
19.6887,-155.0829,6648
19.7073,-155.084,4394
19.7284,-155.9537,3337
19.7438,-155.0998,1043
19.7567,-156.0011,5538
19.7644,-155.0919,521
19.7923,-155.0922,1095
19.8325,-155.1056,952
19.8701,-155.1099,614
19.9306,-155.8779,2418
19.9442,-155.8053,3605
19.9478,-155.8013,2212
19.9591,-155.8491,1626
19.9699,-155.2361,1635
20.0103,-155.6255,5698
20.0349,-155.3736,995
20.0776,-155.4644,1318
20.1213,-155.5625,1188
20.2171,-155.7765,1899
20.2274,-155.8396,2584
20.2346,-155.8017,2257
20.624,-156.4286,2794
20.6824,-156.4353,2477
20.721,-156.3624,3889
20.7304,-156.4468,2591
20.742,-156.9012,1005
20.7661,-156.4352,2778
20.7681,-156.3345,5336
20.774,-156.0143,2950
20.8022,-156.4887,2062
20.8277,-156.6195,1558
20.8278,-156.2916,2486
20.8279,-156.9147,2362
20.8329,-156.3415,1764
20.8367,-156.5306,3014
20.848,-156.319,1710
20.8544,-156.6425,2096
20.8629,-156.3285,1686
20.8685,-156.4656,3444
20.8835,-156.3141,3627
20.8855,-156.5036,2083
20.886,-156.6662,2532
20.8865,-156.4897,3338
20.8923,-156.6829,2086
20.9093,-156.3693,2248
20.9209,-156.3019,3607
20.9239,-156.5076,1875
20.9305,-156.6864,2031
20.9546,-156.6573,2342
20.9733,-156.6651,1463
20.9941,-156.6431,1999
21.0719,-156.835,1615
21.0942,-157.0009,3254
21.1334,-157.2122,779
21.155,-157.0642,4915
21.2884,-157.7179,4355
21.3127,-158.0061,991
21.3135,-158.065,2242
21.3135,-158.0272,1292
21.3207,-157.9774,819
21.3243,-157.8476,7070
21.3299,-157.694,1276
21.331,-157.9544,1949
21.3344,-158.0262,1325
21.3378,-158.1186,943
21.3399,-158.0678,1898
21.3417,-158.0389,964
21.3421,-157.7302,1896
21.3588,-157.9349,10935
21.359,-158.0812,1775
21.3613,-158.0245,737
21.3633,-158.0409,1734
21.3667,-157.7713,1228
21.3753,-157.9185,1403
21.3849,-158.011,1486
21.3853,-157.9247,1170
21.3898,-158.155,1570
21.3912,-157.9334,1229
21.3968,-157.7358,2531
21.4026,-158.0058,952
21.4026,-157.9569,2742
21.4053,-158.0318,1575
21.4053,-157.7739,4914
21.4093,-157.7896,2322
21.4144,-158.1748,1187
21.4144,-157.9966,1014
21.4202,-157.8189,1624
21.4379,-157.8403,1490
21.4454,-157.7514,1905
21.4465,-158.0146,1818
21.4518,-158.182,2109
21.4564,-157.8421,1694
21.4677,-158.2164,1489
21.4688,-158.0173,899
21.4755,-158.0352,1383
21.4756,-157.9948,1815
21.4844,-158.1843,1756
21.4898,-157.866,2370
21.4928,-158.0622,1512
21.5007,-158.018,1374
21.5126,-158.0291,866
21.5361,-158.0195,619
21.5431,-157.8505,811
21.5674,-158.1205,1344
21.5794,-158.1718,1494
21.5819,-157.8896,1148
21.6007,-157.8981,1677
21.6024,-158.0956,1593
21.612,-157.9109,977
21.6395,-158.0407,2537
21.6455,-157.9229,1051
21.6522,-158.0579,1683
21.6789,-157.9432,891
21.699,-157.9989,692
21.886,-159.4572,1462
21.903,-159.4611,1015
21.906,-159.5828,796
21.9133,-159.5882,878
21.9178,-159.6273,884
21.9186,-159.5187,1698
21.9201,-159.501,1829
21.9366,-159.4857,1022
21.951,-159.6391,1405
21.9616,-159.3917,856
21.9623,-159.6747,1289
21.9665,-159.6694,1236
21.9675,-159.7145,889
21.9726,-159.3558,2479
21.9758,-159.3589,2409
21.9969,-159.3471,1024
22.0545,-159.3372,1125
22.0692,-159.3814,2454
22.0737,-159.3617,3052
22.0882,-159.3519,2876
22.1464,-159.3146,1743
22.1921,-159.5467,1425
22.2038,-159.4977,747
22.212,-159.3987,2024
22.2176,-159.4492,1476
22.2185,-159.5611,1094
22.2197,-159.4814,1464
22.2197,-159.4814,1549
24.564,-81.7398,831
24.5649,-81.7706,2362
24.5651,-81.7755,2149
24.5802,-81.6522,975
24.6618,-81.4144,2641
24.6788,-81.4997,2065
24.6851,-81.3625,2900
24.7213,-81.0546,2138
24.7234,-81.0216,602
24.7323,-81.0251,2639
24.7728,-80.9095,702
24.8251,-80.8116,366
24.9844,-80.5433,2306
25.0264,-80.4997,1440
25.1172,-80.4347,3515
25.1226,-80.4116,3151
25.2608,-80.3216,3914
25.4441,-80.4677,2225
25.4667,-80.4443,3526
25.4933,-80.3902,1870
25.4939,-80.4361,1640
25.5161,-80.4219,1111
25.5406,-80.3984,2473
25.5612,-80.3881,1549
25.5761,-80.334,2855
25.5882,-80.3858,2011
25.6061,-80.3639,1202
25.6093,-80.4296,1855
25.6217,-80.3189,2613
25.6227,-80.3606,1334
25.6329,-80.434,1458
25.6333,-80.3712,1146
25.6427,-80.4,1635
25.6652,-80.3049,2478
25.6695,-80.3547,3643
25.6704,-80.4489,2550
25.6706,-80.4008,1684
25.6831,-80.2617,3265
25.6907,-80.1656,1014
25.7061,-80.3524,1701
25.7068,-80.4407,1506
25.7069,-80.4116,2580
25.7085,-80.2951,1367
25.7094,-80.3159,1834
25.7247,-80.3693,1169
25.7279,-80.339,1494
25.7454,-80.3535,2561
25.7462,-80.3045,1664
25.7563,-80.4026,2399
25.7578,-80.2969,765
25.7617,-80.1423,446
25.7723,-80.3462,1806
25.7752,-80.2086,5448
25.7844,-80.3871,1786
25.8095,-80.2975,492
25.8106,-80.1489,2518
25.8142,-81.3601,429
25.816,-80.3576,3379
25.8202,-80.2889,1541
25.8216,-80.2418,1371
25.8399,-80.2389,1453
25.8478,-81.377,689
25.8491,-80.151,552
25.8553,-80.1962,585
25.8569,-80.237,1944
25.8578,-81.3865,869
25.8649,-80.3576,2337
25.867,-80.1783,1432
25.8694,-80.2171,1202
25.8699,-80.3029,4219
25.87,-97.3812,1077
25.8779,-80.1373,594
25.8788,-80.125,678
25.8817,-80.1811,715
25.8823,-80.242,1580
25.8843,-97.4158,479
25.8877,-80.3569,1630
25.888,-80.1336,572
25.8933,-80.1232,562
25.9,-80.2552,1884
25.9008,-80.1686,2641
25.9127,-80.3204,2160
25.913,-80.2007,1996
25.9213,-97.4148,487
25.9253,-81.6476,357
25.93,-80.1652,1998
25.932,-81.7048,3166
25.9343,-80.331,810
25.9388,-80.1235,913
25.9395,-80.3092,1856
25.9489,-80.2436,3903
25.9546,-80.1714,1478
25.9559,-97.4767,7154
25.9602,-80.133,1478
25.9633,-80.1221,518
25.9634,-80.1829,1449
25.9714,-97.4782,671
25.9725,-80.3386,4877
25.9787,-80.181,1346
25.9813,-97.5882,1000
25.984,-80.1408,1863
25.9889,-80.1803,1085
25.9957,-81.6959,855
25.9957,-97.4508,10487
26.0147,-80.3402,5191
26.0276,-97.5401,726
26.031,-80.1646,4740
26.0347,-97.6364,1473
26.0358,-97.5554,1301
26.0481,-80.285,2574
26.0497,-80.3738,3271
26.0499,-97.7348,1243
26.052,-97.6553,1333
26.0566,-97.4236,600
26.0569,-97.6279,1242
26.0572,-80.1646,2542
26.0616,-81.6774,1236
26.063,-97.2467,2365
26.0668,-97.635,962
26.0671,-97.2037,2458
26.069,-97.9607,1315
26.0696,-97.8183,1556
26.0738,-97.4397,388
26.0741,-97.488,1903
26.0743,-97.4458,522
26.077,-97.8474,484
26.0792,-80.283,5364
26.0808,-97.2593,364
26.085,-97.832,1318
26.0851,-97.9059,1127
26.086,-81.6797,1019
26.0876,-97.6127,196
26.0877,-97.5031,436
26.0897,-81.7248,751
26.0961,-97.9566,1571
26.0964,-81.7045,2028
26.0987,-80.2085,909
26.1004,-80.4021,4501
26.1055,-81.7278,1064
26.1059,-97.2963,1995
26.1074,-97.7366,1693
26.1089,-98.2462,2623
26.1115,-97.6438,517
26.1197,-97.4892,1989
26.1205,-97.1707,1489
26.1207,-97.5648,1783
26.1256,-80.2618,4235
26.1271,-80.1812,534
26.1294,-97.644,3609
26.1301,-97.996,466
26.1308,-97.9684,1143
26.1325,-80.1824,462
26.1327,-80.1763,328
26.1333,-98.0475,1147
26.1334,-97.3976,1789
26.1371,-98.3034,500
26.1407,-80.1809,515
26.1412,-80.1467,5339
26.1441,-97.854,1138
26.1505,-81.7953,3185
26.1518,-98.1079,1296
26.1538,-97.9129,3119
26.1553,-97.825,1903
26.1563,-80.1452,138
26.1568,-98.0214,898
26.1593,-80.1393,1274
26.1605,-97.9877,3734
26.161,-98.0389,2615
26.1616,-81.7285,736
26.1622,-80.2244,2650
26.1634,-98.1939,4464
26.1669,-80.2008,1742
26.1716,-80.2616,3654
26.177,-97.8404,1159
26.1789,-97.8222,971
26.1791,-80.1524,2486
26.181,-98.1175,2512
26.1828,-97.8859,1475
26.1836,-81.7037,1794
26.1844,-97.7163,6682
26.1856,-97.6118,943
26.187,-98.0191,1194
26.1894,-98.1518,3160
26.1896,-97.5437,312
26.1912,-97.6974,5762
26.1913,-80.0995,850
26.1919,-97.5819,394
26.1962,-80.2304,32029
26.1993,-97.8446,1296
26.1999,-80.0984,379
26.2007,-97.481,2408
26.2009,-97.7296,406
26.2015,-97.4997,1803
26.2017,-97.7376,506
26.2033,-80.256,3092
26.2041,-98.3252,5473
26.2044,-97.7543,702
26.2083,-98.3779,834
26.2111,-97.9191,1417
26.2116,-98.4119,1590
26.2125,-80.2214,1952
26.2161,-98.1266,1086
26.2224,-97.9599,1646
26.2232,-97.7517,1513
26.225,-98.2461,7171
26.2285,-97.9931,1743
26.2303,-81.793,1178
26.2305,-81.7279,1270
26.2319,-98.3816,2500
26.2346,-97.5815,1180
26.2349,-81.8102,1559
26.2361,-81.7466,14154
26.2377,-98.1833,16400
26.2397,-98.5522,700
26.2416,-80.1339,4454
26.2452,-98.1537,797
26.2456,-98.4024,787
26.2465,-97.7268,1636
26.248,-80.2112,2687
26.251,-81.711,918
26.2522,-98.511,817
26.2537,-81.7856,1272
26.2561,-97.8253,798
26.2566,-98.5776,503
26.2578,-98.0897,935
26.2579,-98.4764,1862
26.2583,-98.2953,1915
26.2583,-98.4386,2779
26.2596,-97.6934,823
26.2629,-81.8113,1007
26.2641,-98.1228,2127
26.2707,-80.2593,4342
26.2713,-98.6486,879
26.2718,-98.3404,979
26.2727,-97.8276,865
26.2752,-98.5644,1720
26.2778,-80.0886,1379
26.2785,-80.0795,549
26.2788,-98.3856,1890
26.2793,-97.9262,1369
26.2796,-98.3575,2281
26.2809,-80.1847,3035
26.2811,-98.581,185
26.2815,-98.582,84
26.2845,-81.6624,738
26.2888,-98.3106,2503
26.2899,-81.5668,2765
26.2929,-81.5759,1732
26.2937,-97.9631,924
26.2941,-98.6109,164
26.2957,-98.0631,1221
26.2963,-97.9269,701
26.2976,-98.6103,168
26.2978,-97.9936,1312
26.2993,-97.981,2271
26.3009,-98.6409,65
26.3019,-98.6407,81
26.3023,-98.6358,304
26.3024,-98.6425,118
26.3037,-98.6405,113
26.3048,-98.0286,1846
26.3052,-98.6398,91
26.3071,-98.6443,236
26.3087,-98.6379,131
26.311,-98.1119,1403
26.3117,-80.1254,3512
26.3126,-98.6913,117
26.3143,-98.6632,307
26.3147,-98.6336,329
26.3148,-98.623,622
26.3158,-98.6413,206
26.316,-98.6547,257
26.3165,-98.6933,164
26.3181,-98.693,88
26.3183,-98.1534,6198
26.3198,-98.6996,197
26.3199,-98.6369,125
26.3214,-80.2543,3219
26.3228,-81.4394,2948
26.3251,-80.1921,417
26.3257,-98.4469,1392
26.3276,-98.7167,88
26.3279,-98.3922,1308
26.3281,-98.6894,177
26.3285,-97.815,2120
26.3337,-98.7016,171
26.3349,-98.6387,151
26.3359,-80.2127,586
26.3371,-98.734,226
26.34,-98.642,152
26.3405,-98.6371,96
26.3405,-98.6329,206
26.3406,-98.7589,717
26.3408,-98.7354,282
26.3433,-98.7393,244
26.3452,-98.7388,247
26.3452,-97.7963,1172
26.3468,-98.7506,510
26.3478,-98.6295,501
26.3487,-98.7699,251
26.3488,-98.7673,284
26.3518,-98.7595,256
26.3537,-98.7676,151
26.355,-81.7842,5628
26.3565,-98.7537,240
26.3583,-98.6331,155
26.3588,-97.823,1077
26.3599,-98.1164,1854
26.3638,-98.7746,569
26.3694,-97.5889,905
26.3727,-80.1037,4905
26.3744,-97.9727,1362
26.3756,-98.8833,153
26.3806,-98.8737,219
26.381,-98.8215,3059
26.3823,-98.7871,670
26.3845,-98.9084,205
26.3847,-98.7716,79
26.3854,-98.622,441
26.3856,-98.9192,148
26.3859,-98.899,279
26.3876,-98.9024,223
26.3878,-98.8727,4009
26.3878,-98.8733,508
26.3912,-98.9184,434
26.3917,-98.914,165
26.3927,-98.8985,133
26.3979,-98.8311,125
26.4004,-98.8715,580
26.4007,-98.9213,123
26.4013,-98.9015,112
26.4017,-98.9321,238
26.4024,-98.9809,202
26.4033,-98.8351,141
26.4037,-98.9268,91
26.4038,-98.769,326
26.404,-98.9207,201
26.406,-98.8997,131
26.4087,-98.8367,181
26.4106,-98.9158,156
26.4108,-98.7585,175
26.4108,-99.0819,110
26.4113,-98.9186,158
26.4116,-80.0644,665
26.412,-98.9216,119
26.4123,-98.9405,434
26.4126,-98.96,1485
26.4143,-98.9159,174
26.4146,-97.7893,1201
26.4147,-99.0039,2198
26.4148,-98.9767,184
26.415,-98.9437,175
26.4155,-98.97,111
26.4169,-98.9814,104
26.4182,-99.0794,188
26.4199,-98.9788,115
26.4205,-98.9304,317
26.4222,-98.7529,210
26.424,-81.4216,4328
26.4246,-99.0621,166
26.4249,-99.0242,94
26.4253,-99.0269,244
26.4255,-99.0761,587
26.4256,-81.7995,4482
26.4265,-81.4187,2956
26.428,-99.027,159
26.4284,-98.0154,951
26.4302,-81.914,1514
26.4313,-98.8923,153
26.4325,-98.9719,771
26.4329,-98.7513,508
26.4354,-98.7406,243
26.4393,-98.0747,899
26.4423,-98.0146,840
26.4449,-97.7856,2153
26.451,-82.1057,3653
26.4559,-80.0904,3623
26.4638,-97.9087,1091
26.4677,-81.7637,1410
26.4687,-98.7268,386
26.4731,-81.7969,1196
26.4753,-98.9333,86
26.4757,-97.7777,1842
26.4767,-81.8198,1973
26.4844,-97.822,704
26.486,-80.0574,805
26.488,-98.9338,136
26.4948,-97.7863,352
26.4976,-82.1872,987
26.4998,-82.0021,1403
26.5004,-82.0788,1266
26.501,-97.6396,654
26.5023,-99.0735,657
26.5029,-80.1058,824
26.5089,-80.0522,217
26.5151,-81.9282,730
26.5158,-99.0845,168
26.5172,-81.9608,2338
26.5176,-99.1121,237
26.5254,-99.0999,113
26.5272,-99.095,402
26.5283,-80.0807,3647
26.5309,-80.0468,792
26.5368,-99.096,266
26.5393,-81.8994,1777
26.5426,-82.102,3470
26.5489,-99.0959,486
26.5505,-81.8678,1953
26.5509,-99.1339,257
26.5511,-99.1169,401
26.5604,-99.1225,232
26.5611,-99.1258,106
26.5616,-81.9129,1399
26.5633,-98.1289,6328
26.5643,-99.1078,603
26.5651,-80.0611,588
26.5651,-99.1342,828
26.5666,-80.0402,607
26.5673,-80.0518,684
26.5694,-97.4424,2018
26.5711,-81.8886,1128
26.5737,-81.8776,617
26.5782,-81.8614,471
26.58,-81.7476,2104
26.5834,-80.0554,1397
26.5836,-80.1013,512
26.5904,-80.038,297
26.5972,-80.1041,1064
26.6065,-99.1613,342
26.608,-81.8536,16540
26.6127,-81.6388,8742
26.6197,-80.0587,2204
26.6198,-81.8317,5746
26.6238,-82.1272,1898
26.627,-80.1376,2236
26.6276,-80.1152,379
26.6293,-82.0587,406
26.6358,-80.0984,1863
26.6364,-82.0766,405
26.6383,-99.0947,402
26.6425,-81.9072,1405
26.6428,-81.0938,4291
26.6432,-81.9974,9359
26.6455,-81.7474,3853
26.6456,-80.0753,872
26.6457,-80.1104,241
26.649,-80.2672,6097
26.6586,-80.1074,505
26.6611,-82.1481,860
26.6692,-98.5579,761
26.6721,-80.0767,375
26.6749,-80.0715,211
26.6751,-81.8173,992
26.6754,-80.1084,314
26.6814,-82.1416,2716
26.6817,-80.1328,455
26.6836,-80.6783,2438
26.6852,-98.4231,1603
26.6884,-80.7355,1536
26.6885,-80.8079,1043
26.6894,-81.8944,824
26.6907,-80.1352,476
26.691,-80.1217,722
26.6922,-80.6656,2404
26.6948,-80.0419,1769
26.6978,-80.1239,315
26.6988,-81.7397,1325
26.699,-80.2276,3062
26.6994,-80.0988,1119
26.7026,-80.1323,463
26.7055,-81.5807,318
26.7082,-81.6934,1864
26.7112,-81.8689,1498
26.7118,-99.101,821
26.7136,-98.4479,1599
26.7139,-81.7438,1308
26.7152,-80.1143,445
26.718,-81.8458,6378
26.7209,-80.2772,3212
26.721,-81.4525,3456
26.7215,-81.6243,3793
26.7227,-81.5541,4066
26.7285,-81.2172,4176
26.7324,-80.9518,931
26.7451,-80.127,6664
26.7454,-80.9309,2139
26.7528,-80.9392,1926
26.7547,-80.3015,2291
26.7572,-81.4348,2629
26.7586,-80.0761,785
26.7606,-81.3839,2976
26.7671,-82.0514,937
26.7742,-80.2769,5296
26.7774,-80.0344,492
26.778,-82.0411,1875
26.7814,-80.0761,2612
26.7876,-99.1147,1076
26.8001,-80.0675,1311
26.8197,-80.6549,1828
26.8202,-80.662,2093
26.8203,-80.0569,1641
26.8338,-81.0985,937
26.8488,-80.1671,6989
26.849,-80.062,418
26.8503,-99.2558,778
26.8554,-80.0865,595
26.8626,-80.6222,1071
26.8706,-99.2917,1119
26.8719,-99.2574,744
26.8755,-80.0596,1298
26.8826,-98.8949,415
26.8851,-82.2779,2964
26.8939,-99.2637,2022
26.8978,-82.0658,3569
26.9022,-99.2614,2510
26.9044,-82.049,920
26.9067,-82.3261,1057
26.9186,-80.1169,4223
26.9225,-80.218,3526
26.924,-82.3531,934
26.9351,-99.2644,1209
26.9363,-98.1153,2352
26.9372,-82.0297,1124
26.9433,-80.1408,568
26.948,-80.0752,357
26.9516,-99.276,237
26.9517,-81.99,2081
26.9615,-82.0593,1383
26.9649,-80.1132,1229
26.9687,-82.3479,3939
26.9895,-82.1137,4846
26.993,-82.006,1337
27.0008,-82.1198,10538
27.0129,-99.3775,1096
27.024,-80.4732,1109
27.0269,-80.1019,1495
27.0401,-80.4882,3419
27.0447,-82.4158,2216
27.0469,-82.2704,1395
27.0532,-99.4237,1120
27.0582,-82.198,9052
27.0683,-82.3705,1346
27.0727,-80.1424,2420
27.0737,-82.4133,873
27.117,-82.4152,3661
27.1238,-82.4358,1267
27.1325,-80.8851,1075
27.1452,-80.1887,1714
27.1531,-82.4559,2736
27.1778,-80.2855,3380
27.1862,-81.8521,2442
27.1904,-82.4757,2076
27.1953,-80.2441,2423
27.197,-80.1989,985
27.202,-98.1557,498
27.2086,-81.8525,2872
27.2139,-80.7913,1585
27.2164,-80.2408,558
27.219,-98.0981,1320
27.22,-98.0645,907
27.2205,-82.4999,802
27.2212,-81.8584,1916
27.2217,-80.2761,1022
27.2229,-97.7956,970
27.2234,-82.4613,2487
27.2242,-98.1472,1343
27.2244,-98.1452,1536
27.2265,-80.822,4437
27.241,-80.2257,369
27.2416,-80.8293,1829
27.244,-80.2411,2398
27.2477,-80.8098,1484
27.2577,-82.5076,1282
27.26,-98.7847,1790
27.2619,-80.2941,13596
27.2624,-81.3411,4408
27.2697,-98.724,1661
27.2748,-82.5493,1390
27.2806,-80.3883,9914
27.2843,-82.4731,1758
27.2845,-82.4966,1200
27.2863,-82.512,1079
27.2863,-82.5331,1259
27.2868,-82.457,18253
27.2947,-82.4332,743
27.2995,-97.7981,1744
27.3026,-81.3715,1966
27.3048,-82.5123,1176
27.3053,-80.2202,1884
27.3088,-82.4758,1485
27.3187,-82.2793,3169
27.3229,-80.3316,1392
27.3232,-82.5007,464
27.325,-98.6857,2311
27.3317,-99.5013,652
27.3329,-82.4595,2372
27.3378,-98.6629,1805
27.3383,-82.5437,3482
27.3552,-80.298,2134
27.3566,-82.5223,823
27.3567,-82.495,893
27.3585,-98.1244,1182
27.3629,-82.4745,1400
27.363,-81.7863,2520
27.3647,-99.4845,732
27.3672,-81.9048,4426
27.3722,-80.3405,2017
27.3805,-82.499,584
27.3826,-82.518,1038
27.3951,-98.3556,256
27.3995,-99.4325,641
27.4005,-82.6442,1834
27.4097,-80.3542,1460
27.4107,-82.5667,1066
27.4186,-97.8476,1918
27.4235,-82.3867,6164
27.4261,-80.3425,4512
27.4282,-98.8322,1041
27.433,-82.5781,1701
27.4401,-99.0006,512
27.4454,-98.5302,468
27.4516,-99.0932,497
27.4606,-82.5847,1926
27.4617,-82.6965,653
27.4677,-82.6687,1356
27.4693,-98.9672,1081
27.4704,-82.5553,1054
27.4714,-81.4516,3097
27.4749,-80.3593,1869
27.4764,-82.5431,1099
27.483,-81.9097,4693
27.487,-99.3882,238
27.4896,-99.3686,242
27.4898,-99.3797,627
27.4898,-82.5768,3439
27.49,-99.3729,331
27.49,-99.3701,244
27.4905,-99.3858,177
27.4907,-99.3667,224
27.4914,-99.3598,674
27.4926,-81.7868,1197
27.4939,-99.3099,693
27.4991,-99.3035,1002
27.4999,-80.3418,860
27.501,-82.6142,1036
27.5088,-97.8521,3234
27.5092,-97.861,3383
27.5106,-82.7155,1176
27.5251,-82.575,2103
27.5266,-82.5267,1651
27.5298,-82.7337,779
27.5354,-81.4827,6058
27.5384,-99.477,7276
27.539,-80.3872,2344
27.5443,-81.8094,2269
27.545,-82.5559,1638
27.5469,-81.8101,1641
27.5604,-99.4892,9484
27.5755,-80.3334,1497
27.5835,-80.3835,2976
27.5853,-97.7974,1410
27.5876,-81.9402,2924
27.5897,-81.5073,2898
27.5931,-81.6503,4960
27.5969,-98.4138,1208
27.6123,-99.213,394
27.6128,-80.4181,3116
27.6144,-99.2105,412
27.6169,-99.208,386
27.6195,-99.2056,350
27.6255,-81.9397,1826
27.6315,-99.1987,442
27.6334,-99.2186,570
27.6346,-99.2365,1731
27.635,-80.4828,2197
27.6378,-81.8248,1021
27.6412,-99.5575,171
27.6449,-99.2143,1557
27.6472,-80.3931,3090
27.6555,-99.6179,936
27.662,-82.7243,1010
27.6659,-98.0966,3177
27.6711,-80.427,9354
27.6712,-97.6322,1226
27.673,-97.751,979
27.6745,-99.6035,1306
27.6748,-99.1896,312
27.6749,-82.3132,4543
27.6756,-80.4252,1497
27.6762,-99.1777,442
27.6797,-99.201,404
27.6815,-99.1832,829
27.7032,-80.8836,1242
27.7037,-97.5718,1970
27.7068,-82.4222,3877
27.7101,-80.382,2055
27.7119,-98.108,2205
27.7132,-98.1346,2056
27.7144,-82.3558,3604
27.7149,-80.4243,2381
27.7168,-82.7396,1324
27.7195,-97.7392,2633
27.7212,-80.6099,6890
27.733,-81.559,2491
27.7393,-98.1027,1026
27.7463,-80.5283,1668
27.7464,-82.7099,1510
27.7489,-81.5265,3063
27.7494,-97.4172,10322
27.7501,-81.7953,1383
27.7503,-80.4434,1743
27.7506,-98.0734,2876
27.7529,-82.7393,709
27.753,-82.2895,2879
27.7537,-80.3976,999
27.7543,-97.1734,11714
27.7556,-98.0658,3144
27.7581,-82.7288,565
27.7609,-98.2389,1252
27.7615,-97.7419,909
27.7616,-97.7174,1284
27.7627,-82.6441,7138
27.763,-82.4033,4028
27.7648,-82.7691,1129
27.7659,-81.8055,2597
27.7663,-98.1942,2059
27.7711,-99.4433,362
27.7719,-99.4571,1252
27.7719,-80.4245,1009
27.7792,-80.4827,3788
27.7827,-97.9099,530
27.7868,-80.414,849
27.7885,-97.6691,1738
27.794,-97.6692,3272
27.7942,-99.4566,118
27.7946,-81.9782,1318
27.7948,-99.4695,958
27.7956,-82.7916,900
27.7964,-99.4548,653
27.7986,-81.3562,2991
27.8,-97.7961,1391
27.8027,-97.682,283
27.8094,-97.8455,1537
27.8095,-82.8121,544
27.8161,-82.7146,767
27.8163,-82.7777,1034
27.8181,-81.827,592
27.8197,-82.6846,1821
27.8197,-82.8232,464
27.8199,-82.7389,1611
27.8209,-97.0892,2719
27.8243,-82.3045,6170
27.8249,-81.5362,363
27.8276,-82.3793,3250
27.8298,-97.2213,491
27.8306,-81.5902,753
27.8317,-82.8335,521
27.8342,-81.5281,1121
27.8353,-80.4882,1248
27.8421,-81.6816,6665
27.8427,-82.7853,2068
27.8493,-82.2151,3656
27.8532,-82.8446,525
27.8561,-82.7532,1344
27.8564,-80.5113,2504
27.8589,-82.7082,3655
27.8621,-81.5664,672
27.8706,-97.2079,3732
27.8741,-97.9799,1010
27.8767,-82.2614,2590
27.8822,-98.6174,1844
27.8856,-82.3643,1579
27.8868,-81.8218,6190
27.889,-97.3316,3162
27.8894,-82.8063,855
27.8902,-81.8384,2552
27.8927,-98.0934,782
27.8929,-98.1089,1049
27.8958,-82.8462,835
27.8988,-97.9678,956
27.9011,-97.1536,4507
27.9032,-99.5105,3522
27.9054,-81.9883,2365
27.907,-99.4758,610
27.9078,-82.8265,756
27.9087,-82.7742,3933
27.91,-82.6888,1529
27.9124,-82.7106,776
27.915,-97.1032,3298
27.9173,-82.8453,221
27.9191,-82.2313,3374
27.9196,-82.8197,616
27.9207,-81.5995,4091
27.9219,-82.0242,1604
27.9232,-97.2909,1121
27.9245,-82.3794,3069
27.9252,-81.9967,1829
27.928,-97.1713,255
27.9282,-97.8015,2546
27.9312,-82.8366,627
27.9343,-80.5659,4738
27.936,-82.8128,1195
27.936,-82.2993,5226
27.9462,-97.5875,1025
27.9548,-80.665,8453
27.9562,-97.9386,945
27.9574,-81.9511,2002
27.9585,-81.9812,2148
27.9587,-81.7288,1369
27.9594,-81.7921,10847
27.9609,-97.6754,1350
27.9635,-81.8786,2550
27.9657,-97.9937,1822
27.9701,-82.4797,9715
27.9712,-97.4054,653
27.9743,-81.7554,1463
27.9794,-82.7713,4646
27.98,-97.3928,1173
27.9843,-97.7702,1781
27.9853,-81.6253,1084
27.9868,-82.2311,1464
27.9871,-80.5824,2972
27.9922,-82.3073,1962
27.9928,-97.9267,1666
27.995,-97.2602,945
28.0016,-82.2741,1724
28.0035,-81.6906,1686
28.0044,-82.3647,3611
28.0055,-97.5536,1659
28.0063,-82.6978,2015
28.007,-97.4994,1016
28.0102,-82.5772,4285
28.0104,-82.5184,28266
28.0113,-82.7527,633
28.0132,-97.5202,841
28.0154,-82.1178,4961
28.0162,-81.7938,1942
28.017,-97.5009,760
28.0173,-81.6034,3035
28.0173,-82.5061,2210
28.0212,-97.8676,892
28.0242,-97.4966,648
28.034,-97.5072,1383
28.036,-81.8996,1451
28.0372,-97.5015,2053
28.0381,-82.7948,2954
28.0385,-81.7674,1247
28.0405,-99.3545,597
28.0408,-81.9671,10969
28.043,-82.3759,2496
28.0458,-81.7327,5234
28.0466,-82.2965,4672
28.0476,-97.05,3693
28.0484,-82.6713,2716
28.0492,-81.6269,1604
28.0492,-81.5474,1872
28.0504,-80.6583,2995
28.0555,-81.9548,7409
28.0565,-82.6083,2868
28.0576,-81.8607,2106
28.058,-81.5139,3118
28.0582,-82.5158,2758
28.0601,-81.9042,1276
28.0653,-97.0498,3966
28.0669,-80.5596,902
28.071,-82.5622,2895
28.0717,-80.6878,1575
28.0724,-97.0389,1077
28.0769,-82.4333,2284
28.0817,-82.4842,2906
28.0831,-97.8826,775
28.0848,-82.7576,3783
28.0862,-80.5683,895
28.088,-80.6651,692
28.0909,-97.817,1653
28.091,-97.5632,1654
28.0951,-97.8592,269
28.096,-97.2109,915
28.0969,-97.865,204
28.1022,-97.8311,1635
28.1031,-97.8611,561
28.1046,-82.5281,2577
28.11,-81.7973,3343
28.1104,-80.6627,6036
28.1128,-81.6165,4433
28.1135,-81.4567,4365
28.1187,-81.4792,7697
28.1192,-82.04,2435
28.1229,-82.6891,4860
28.127,-97.8698,1297
28.1276,-82.6081,5380
28.1372,-81.7168,4160
28.1403,-96.9878,1589
28.1407,-82.4497,4490
28.148,-82.5173,2215
28.1491,-82.7794,2763
28.1575,-80.6001,1313
28.1602,-82.3424,1618
28.1612,-81.6108,1904
28.1671,-97.008,1153
28.1708,-97.7492,1689
28.1787,-80.5994,1552
28.1805,-81.83,1927
28.181,-82.6469,2258
28.1823,-82.5504,2103
28.1836,-82.1529,2207
28.1862,-82.7426,2100
28.1879,-80.674,14372
28.1918,-80.6593,704
28.1941,-82.7698,791
28.2045,-80.6112,1117
28.2052,-82.3171,6018
28.2083,-82.4458,3954
28.2112,-82.7508,1291
28.2139,-82.7221,1753
28.2152,-82.1885,1277
28.231,-82.2053,1473
28.2322,-80.6099,1595
28.2352,-81.284,4904
28.2354,-81.6775,8354
28.2378,-97.3254,790
28.238,-81.5698,1693
28.2407,-82.179,2817
28.2452,-80.7403,2739
28.2466,-82.7175,1943
28.2479,-82.1912,5302
28.2521,-82.1653,905
28.2593,-81.4508,1246
28.2622,-80.7146,2042
28.2633,-82.6942,1771
28.2669,-82.6257,1859
28.2684,-97.6853,2949
28.275,-82.725,1353
28.2795,-82.2413,4966
28.2961,-82.6892,1730
28.2979,-82.6056,2222
28.3028,-81.4178,4213
28.3073,-81.3708,11542
28.3074,-97.275,1139
28.3077,-82.4648,3267
28.3092,-80.676,3741
28.3103,-81.5511,2946
28.3214,-80.7378,3301
28.3265,-82.6834,2164
28.3291,-80.6275,1960
28.33,-98.1183,1264
28.3332,-81.6475,6261
28.3334,-81.3522,2144
28.3362,-82.2559,1024
28.3399,-82.2786,1070
28.3486,-82.5549,1784
28.3498,-82.5976,1097
28.3502,-99.6153,1761
28.3526,-82.1942,2501
28.3534,-82.2075,3445
28.359,-80.7713,1735
28.3592,-82.6897,2285
28.3598,-81.437,2410
28.3729,-81.3337,3035
28.3766,-80.7633,3361
28.3773,-81.5248,1580
28.379,-81.1702,2081
28.3792,-81.3903,2388
28.3805,-80.7075,672
28.3813,-81.2318,930
28.3841,-82.1943,1163
28.3855,-97.7921,1550
28.3892,-81.5784,4211
28.3911,-96.8437,547
28.3927,-80.8492,1761
28.3932,-80.6048,1353
28.4013,-81.4478,1711
28.403,-82.5451,4859
28.4052,-97.7489,2293
28.4064,-97.7484,2281
28.4087,-81.2548,9571
28.4132,-96.7167,1027
28.4283,-81.3677,901
28.4288,-82.6234,915
28.4293,-82.6683,823
28.4364,-99.2367,1287
28.4402,-81.6134,5201
28.4418,-82.4607,929
28.4433,-81.4905,1675
28.4436,-80.7614,1407
28.446,-96.4201,1813
28.4461,-99.7603,820
28.4528,-98.8096,1338
28.4547,-81.3696,1412
28.456,-81.4464,538
28.4564,-82.194,909
28.4599,-98.5487,536
28.4608,-96.8915,960
28.4611,-80.7131,3728
28.4613,-81.3905,1020
28.4624,-81.5148,1399
28.4649,-81.3513,1410
28.4661,-82.1704,1534
28.4669,-98.1779,1098
28.4681,-82.6673,1710
28.4692,-82.6024,1347
28.4711,-82.5431,10243
28.4717,-82.4345,892
28.4728,-81.4167,1713
28.4757,-80.8104,2772
28.4792,-82.5297,7028
28.4815,-81.3701,1010
28.486,-81.0818,4386
28.4929,-82.1896,2667
28.4969,-81.333,1649
28.4983,-81.5482,3067
28.4984,-82.2941,1657
28.4986,-81.3846,920
28.5016,-81.5352,1253
28.505,-99.8311,629
28.5089,-100.3072,1201
28.5138,-82.2909,1346
28.5142,-82.4376,3837
28.5166,-82.4047,3037
28.5191,-81.2612,1338
28.5195,-81.4002,852
28.524,-81.723,3929
28.5254,-99.8548,1869
28.5258,-99.8593,1596
28.5277,-97.783,1053
28.5284,-81.1857,5026
28.531,-81.5166,1189
28.5373,-82.6231,1017
28.541,-82.4661,833
28.5412,-81.597,3676
28.5414,-81.6064,414
28.5431,-82.644,688
28.5441,-81.4629,1231
28.5473,-81.2954,1589
28.5473,-82.5209,2022
28.5481,-82.49,1445
28.5521,-81.6367,1416
28.5536,-82.5549,3448
28.5545,-82.3899,2624
28.5556,-80.9902,6105
28.5605,-96.5496,917
28.567,-81.2381,1533
28.5699,-99.5702,676
28.5723,-96.5642,790
28.5724,-82.6548,230
28.5734,-80.8194,4902
28.574,-99.6701,710
28.5767,-97.798,1921
28.5768,-81.421,23052
28.5774,-82.3319,2318
28.5788,-81.533,3597
28.5818,-81.4695,3170
28.5819,-81.0921,2997
28.5895,-81.2001,2731
28.5958,-80.8359,5739
28.5966,-81.3457,2689
28.6005,-81.3978,1556
28.6023,-81.7295,3030
28.6025,-81.6741,1236
28.6043,-81.9055,3259
28.6102,-81.8271,4179
28.6119,-81.2912,1443
28.6125,-82.0501,1438
28.615,-81.3924,901
28.6156,-97.8121,2191
28.618,-96.6283,2893
28.6182,-96.6308,2940
28.6195,-81.6929,1487
28.622,-82.015,2246
28.6237,-81.544,607
28.6255,-100.4278,2545
28.6271,-81.4338,1912
28.6296,-81.3729,2102
28.6309,-81.5013,1850
28.6323,-82.3617,273
28.6403,-81.1184,1297
28.6423,-97.8181,490
28.6451,-82.2615,394
28.6482,-81.3456,1286
28.6483,-98.0083,2080
28.6504,-96.9022,1478
28.6568,-81.5057,1321
28.6572,-100.4246,1652
28.6595,-99.8043,661
28.661,-81.3947,2743
28.6612,-81.3219,2397
28.6615,-81.4449,1883
28.6619,-82.2745,502
28.6619,-81.1871,3580
28.6675,-99.1765,1386
28.6679,-82.1168,1526
28.6684,-96.557,1041
28.6711,-97.3926,1136
28.6717,-100.4827,2409
28.6869,-82.1144,3353
28.6881,-81.27,3500
28.6888,-99.8268,1709
28.6902,-100.4683,658
28.6907,-99.8271,1739
28.6913,-80.844,3751
28.6919,-96.8259,679
28.6938,-99.1761,1017
28.6965,-95.9666,1233
28.6996,-81.4248,2661
28.7001,-100.474,4173
28.7014,-81.3484,2134
28.7017,-81.5318,5385
28.7044,-81.784,1610
28.706,-81.1773,3029
28.7067,-82.3067,4384
28.7073,-81.7342,1608
28.7128,-100.4848,2791
28.7131,-96.2279,2121
28.7139,-99.8358,435
28.7172,-81.9031,5695
28.7219,-81.5732,1761
28.7221,-99.8327,237
28.7357,-82.5332,3600
28.7366,-81.1162,3240
28.7403,-82.506,4858
28.742,-100.4926,507
28.7447,-81.8225,2162
28.7459,-81.8962,451
28.7505,-100.5015,684
28.7563,-100.4918,580
28.7591,-81.3328,2735
28.7602,-81.638,1942
28.7659,-81.7564,3190
28.768,-80.871,978
28.7773,-97.0848,1593
28.7774,-100.4934,1527
28.7787,-81.3711,1504
28.7807,-82.0058,3246
28.7843,-82.1231,1883
28.7849,-82.6076,2538
28.7862,-98.4977,1191
28.7894,-81.2756,4453
28.7924,-81.2313,779
28.7931,-81.8947,8425
28.7975,-95.6418,2478
28.8007,-82.3372,2150
28.8028,-82.0708,1360
28.8039,-81.5345,1540
28.8058,-82.0073,6933
28.8077,-81.5315,1825
28.8088,-97.8537,1907
28.8091,-81.5636,1018
28.8093,-82.5408,4555
28.8133,-81.6334,2698
28.8208,-96.6096,1253
28.8251,-82.4998,4712
28.8285,-96.986,5536
28.8299,-95.9145,2481
28.8321,-81.8011,1196
28.8325,-96.5388,1455
28.834,-96.9746,5261
28.8442,-82.3429,2575
28.8464,-96.4649,818
28.8496,-81.9369,2430
28.8557,-100.5355,956
28.8572,-81.6768,3100
28.8593,-98.7006,1297
28.8645,-82.377,1286
28.8749,-96.2168,1294
28.8763,-96.7909,7009
28.877,-80.835,2406
28.8814,-81.3243,3953
28.8825,-81.7743,1216
28.8854,-97.9005,1383
28.8863,-97.7131,985
28.8868,-82.4307,2827
28.8929,-99.0972,2323
28.893,-82.4439,9898
28.8955,-82.6019,2511
28.8958,-82.5862,3407
28.8989,-81.9937,5188
28.8992,-99.0992,2112
28.9051,-81.211,5547
28.9067,-82.4946,1803
28.9099,-100.598,460
28.914,-98.5408,1732
28.9151,-95.332,750
28.9175,-82.4541,1564
28.9198,-81.9328,2774
28.9216,-99.0949,1084
28.9238,-97.6141,640
28.927,-81.6642,1735
28.933,-82.4762,4526
28.9373,-81.2833,2539
28.9398,-81.4306,1149
28.9403,-96.2134,617
28.9433,-95.3561,3563
28.9464,-81.997,9015
28.9471,-100.6237,307
28.9491,-99.8479,1483
28.9491,-98.5127,2733
28.9524,-99.6293,2208
28.9531,-95.2838,1145
28.9544,-80.9409,4524
28.9545,-82.3935,5113
28.9625,-96.064,1362
28.9642,-98.4957,2721
28.9687,-81.6481,608
28.9743,-96.6505,1745
28.975,-95.4685,1443
28.9751,-96.6485,1846
28.9793,-81.5322,1608
28.9817,-98.0216,858
28.9828,-97.505,1193
28.9835,-95.9599,2764
28.9839,-81.2311,1938
28.9851,-95.9512,2930
28.9898,-81.2597,9479
28.9932,-82.4595,4175
28.9981,-81.4884,1519
28.9981,-95.3293,1250
28.9984,-81.6492,1019
29.0005,-81.4063,1997
29.0013,-82.1953,4919
29.0038,-82.1962,3669
29.0078,-81.3113,707
29.0113,-95.4023,5321
29.0157,-80.97,1664
29.0162,-81.3344,1331
29.0227,-81.2865,4010
29.0259,-95.3982,2094
29.0281,-95.8846,2451
29.0294,-80.9549,5589
29.0319,-82.7632,2524
29.033,-82.661,1679
29.0373,-98.5728,1195
29.0417,-96.511,980
29.0447,-95.5647,1477
29.0459,-81.9349,1404
29.0464,-95.6985,1280
29.0484,-81.2965,657
29.0494,-81.883,2508
29.0509,-95.4512,4034
29.0516,-81.0625,3722
29.0579,-99.0058,2243
29.0596,-82.4254,2696
29.0606,-82.0559,1822
29.0623,-98.8534,4440
29.0639,-95.4022,1919
29.0683,-98.4722,1995
29.0721,-98.0806,1616
29.076,-82.2191,3878
29.081,-95.6373,2872
29.0924,-82.4542,2170
29.0928,-80.9317,1883
29.0928,-97.286,1897
29.0971,-82.442,3085
29.1027,-97.2871,2326
29.1058,-82.2866,3799
29.1119,-82.0146,3509
29.1131,-96.4124,2347
29.1134,-81.0132,4703
29.1172,-81.3516,1491
29.141,-95.6051,719
29.1413,-98.1566,1782
29.1419,-95.6495,1466
29.1458,-98.905,1628
29.1467,-98.1652,2518
29.1469,-95.6391,1754
29.1471,-99.1426,2032
29.1478,-95.4998,2400
29.1503,-83.0374,920
29.1605,-82.5097,3613
29.1607,-82.1364,10154
29.1638,-81.5346,1388
29.1654,-82.364,1995
29.1662,-81.0055,1747
29.1671,-81.8623,1572
29.1687,-99.8361,2209
29.1707,-95.4283,3004
29.1713,-80.9807,824
29.1718,-95.4293,3110
29.1731,-100.4113,445
29.1775,-82.151,6291
29.1817,-98.4092,1402
29.1855,-98.8521,1071
29.1863,-94.9658,5816
29.1904,-94.9793,692
29.1907,-81.0971,7453
29.1985,-96.2766,2540
29.2007,-96.2723,2757
29.2018,-82.3098,897
29.2072,-95.5153,852
29.2129,-90.0291,2298
29.2152,-99.7772,2517
29.2162,-99.7836,2461
29.2192,-82.0555,2253
29.2274,-95.3462,894
29.2286,-98.6569,1283
29.2346,-98.7937,1982
29.236,-97.9639,1180
29.2416,-81.4566,2900
29.2456,-81.047,1808
29.2531,-95.9447,1961
29.2533,-98.323,2250
29.2697,-97.7659,1135
29.2712,-95.9618,1251
29.2713,-97.6376,655
29.2746,-81.0862,13225
29.2774,-98.6574,1248
29.2811,-82.44,580
29.2826,-95.0076,7058
29.2832,-95.7408,1072
29.2871,-103.5834,3014
29.2876,-89.3644,909
29.2895,-97.1486,1612
29.2932,-97.147,1943
29.2933,-81.1014,5381
29.2938,-100.4255,1565
29.2973,-94.9149,627
29.3013,-95.4508,1271
29.3018,-95.2745,950
29.3038,-99.6308,2053
29.31,-98.8111,721
29.3176,-96.1023,2617
29.3182,-100.4105,1616
29.3186,-96.0915,1960
29.3208,-98.6997,1132
29.3213,-99.4695,989
29.3233,-82.7751,1059
29.3256,-94.9392,511
29.329,-99.2687,1472
29.3325,-89.4057,1331
29.3336,-82.5357,3055
29.3356,-103.5426,1981
29.3395,-89.4815,1515
29.3402,-81.5095,2420
29.3433,-81.0686,1289
29.3487,-99.1435,1582
29.3492,-81.7924,2853
29.35,-95.4531,1627
29.3531,-98.1258,1404
29.3537,-89.524,1376
29.3542,-99.1618,2878
29.3585,-100.7769,2292
29.3599,-98.8547,1710
29.3646,-94.9976,9480
29.3687,-82.1976,1019
29.369,-100.9429,1623
29.3698,-94.9942,3368
29.3709,-100.8766,3938
29.373,-100.8819,4107
29.3746,-100.8306,821
29.3866,-98.6179,1869
29.387,-90.275,1420
29.3876,-95.1015,3742
29.3883,-82.4165,1575
29.3921,-95.2226,602
29.3929,-98.3456,1886
29.3939,-82.4423,2372
29.395,-95.8382,1287
29.4008,-90.6932,3631
29.4013,-95.4817,1197
29.4067,-96.0905,1230
29.4155,-96.3786,2346
29.4187,-81.3195,10600
29.4202,-98.207,4943
29.4248,-95.2244,4346
29.4337,-97.1736,1427
29.4337,-104.1776,2475
29.4337,-94.8927,7391
29.4345,-81.5133,1306
29.4366,-95.777,1329
29.4406,-90.5608,1862
29.4411,-95.4238,3021
29.4415,-96.4134,2116
29.4431,-96.9435,1502
29.4436,-83.2884,630
29.4438,-96.0066,952
29.4452,-89.6144,2074
29.4453,-90.5936,1981
29.4459,-90.3077,3031
29.4479,-82.4681,1266
29.4491,-82.6385,1879
29.4494,-82.2207,766
29.4517,-95.0562,2866
29.4591,-100.9534,647
29.4593,-82.5905,3071
29.4617,-98.3853,1284
29.4628,-98.5246,20282
29.4739,-81.131,1710
29.4743,-95.8023,1227
29.4749,-98.4866,712
29.4771,-98.4472,1153
29.4818,-95.6369,2017
29.4828,-98.4682,1232
29.4852,-81.661,1106
29.4854,-95.3623,4746
29.4854,-95.5063,3221
29.489,-98.1094,2818
29.4895,-90.3307,3926
29.4898,-94.5685,5918
29.4901,-95.1091,6507
29.4902,-98.5491,735
29.4911,-94.9414,1979
29.4922,-82.8663,2360
29.4949,-95.9157,936
29.4954,-98.6143,1691
29.503,-81.5865,1584
29.5038,-95.4696,1455
29.5045,-89.722,2112
29.5051,-98.1522,2089
29.5064,-82.2805,924
29.5077,-95.2006,4122
29.5084,-98.5186,22489
29.5086,-94.9887,1448
29.5113,-96.673,2100
29.5118,-97.4438,1895
29.5125,-98.3046,2790
29.5125,-97.4472,2239
29.5138,-96.5671,2034
29.5145,-82.9192,3274
29.5148,-98.3813,1331
29.5158,-81.1469,504
29.5163,-90.3297,3474
29.5244,-96.063,1767
29.5245,-101.153,1116
29.5247,-98.5191,1427
29.5286,-95.02,1230
29.5303,-98.2789,1843
29.5321,-95.1165,2288
29.5335,-101.1586,1092
29.5368,-81.2426,8910
29.5375,-95.4687,2652
29.5443,-95.0325,599
29.5448,-95.0874,1001
29.5496,-82.8883,2114
29.55,-95.8214,5570
29.552,-98.3076,2157
29.5554,-98.34,1980
29.5557,-95.323,6339
29.5586,-90.6386,803
29.5597,-82.5729,2744
29.5603,-104.3653,1457
29.5629,-95.536,4891
29.5633,-98.2509,5226
29.5636,-90.615,2157
29.5652,-90.3762,2993
29.5701,-98.2178,4170
29.5715,-95.0452,729
29.5722,-97.1466,830
29.5726,-98.1429,802
29.5728,-97.9848,4060
29.5738,-89.7808,1205
29.5748,-95.0553,962
29.578,-98.6805,2390
29.5787,-90.708,3454
29.5812,-95.7605,1884
29.582,-98.4857,1344
29.5844,-98.5562,1647
29.5853,-95.7954,1225
29.5865,-98.3153,2032
29.5873,-96.3286,1554
29.5881,-82.9251,2003
29.5902,-97.9686,5744
29.5908,-95.318,1298
29.5928,-95.6338,5776
29.5931,-98.1606,1372
29.5937,-82.0945,2471
29.5947,-94.9915,2011
29.598,-95.5513,773
29.5992,-98.4855,1092
29.6005,-98.0476,1837
29.6029,-95.9688,576
29.6092,-82.8146,1672
29.6157,-98.6833,774
29.621,-95.019,864
29.6223,-81.8947,2241
29.6236,-95.7319,2614
29.6241,-99.5127,1560
29.6244,-90.751,2505
29.6257,-95.5657,2404
29.6271,-98.9426,4999
29.632,-96.0635,1110
29.6325,-90.669,4380
29.6365,-98.2925,2426
29.638,-98.9915,1597
29.6386,-83.1248,1234
29.6415,-81.6674,3885
29.6441,-90.5316,966
29.6449,-81.6767,2850
29.6458,-82.5946,7070
29.6484,-81.4577,3124
29.6492,-98.6663,2246
29.6496,-81.599,1619
29.65,-97.8186,1457
29.6509,-95.5869,877
29.6521,-84.8898,1980
29.655,-95.1511,6002
29.6562,-82.3877,8504
29.6573,-95.931,1478
29.659,-90.5506,1038
29.661,-95.2284,1585
29.6629,-94.6881,995
29.6632,-91.1109,1442
29.6653,-98.0816,1112
29.6666,-97.5013,665
29.6674,-95.0491,3916
29.669,-100.0109,644
29.6695,-81.2148,567
29.6703,-95.66,1411
29.6718,-94.9982,822
29.6728,-97.9686,2566
29.6766,-95.9734,1392
29.677,-90.7495,8845
29.678,-90.7831,3076
29.6795,-82.3468,7264
29.6808,-97.6461,1522
29.6817,-97.6467,2131
29.682,-96.9075,1468
29.6822,-90.5559,1812
29.687,-83.3771,2333
29.6873,-95.1159,2943
29.688,-91.1511,812
29.6897,-97.1052,1168
29.6904,-91.2162,4033
29.6906,-91.267,1219
29.6909,-91.3095,1442
29.6921,-98.1125,6448
29.6924,-95.8866,3264
29.6937,-95.6663,1982
29.6945,-97.2978,1027
29.6973,-96.5875,906
29.6993,-98.1151,6093
29.7001,-96.7773,1381
29.7005,-91.2352,2206
29.7007,-98.4832,4099
29.7028,-96.5571,1574
29.7039,-98.6677,2550
29.704,-95.4609,1722
29.7087,-95.4355,453
29.7103,-91.1915,2221
29.7109,-90.0968,1998
29.714,-90.1215,1880
29.7144,-81.4992,1634
29.7154,-95.4316,1285
29.7174,-91.0606,1499
29.7235,-90.6298,4217
29.7251,-99.0743,969
29.7254,-99.7631,682
29.7274,-84.994,1260
29.7287,-90.8354,3428
29.7303,-81.2417,1089
29.7329,-100.0328,853
29.7352,-96.0769,1209
29.7389,-94.8465,1922
29.7399,-95.7607,1928
29.7452,-95.2346,1990
29.7461,-98.6381,3179
29.7531,-96.038,1269
29.7534,-90.1016,2196
29.7563,-91.4256,881
29.7565,-95.5154,1323
29.7567,-84.8617,2477
29.7568,-82.862,1162
29.7623,-97.8245,1111
29.7624,-89.7895,427
29.7641,-96.1622,3109
29.7648,-95.5317,1090
29.7648,-94.9675,5778
29.7652,-94.6785,1308
29.7652,-82.4751,5463
29.7664,-95.2412,1236
29.7675,-90.7697,1863
29.7725,-96.1618,2164
29.7727,-95.4981,1270
29.773,-95.4004,38016
29.7745,-98.435,3610
29.7793,-98.7187,2819
29.7796,-90.7893,801
29.7799,-95.5192,887
29.78,-94.3686,2878
29.7824,-95.9514,1889
29.7829,-82.0356,941
29.7849,-98.7279,3113
29.7849,-91.5096,2866
29.7857,-95.3888,22984
29.7884,-82.0318,2900
29.7891,-95.1763,1595
29.7898,-95.504,1001
29.7909,-95.4885,470
29.7909,-95.8407,3551
29.792,-82.1669,1340
29.793,-95.1145,3447
29.7946,-96.1059,2625
29.7949,-90.8146,2366
29.7952,-93.2915,3069
29.7972,-91.5051,2260
29.7989,-81.2648,1448
29.7996,-82.5893,4356
29.8058,-81.3122,1901
29.8069,-90.4222,3255
29.8098,-97.9093,2304
29.8112,-91.6704,739
29.8129,-95.0578,2006
29.8139,-94.8122,1002
29.8154,-90.4705,2864
29.8167,-94.3807,1806
29.8176,-85.3091,2779
29.8184,-95.9764,1706
29.8205,-94.8305,2986
29.8218,-82.7245,1627
29.8246,-90.9526,1791
29.8274,-90.025,2070
29.8375,-96.705,612
29.8387,-90.0774,1735
29.8413,-91.5549,1629
29.8415,-90.0942,1955
29.8416,-81.271,1325
29.8448,-81.3162,1143
29.845,-97.8383,1304
29.8457,-90.7238,2270
29.85,-94.8747,3830
29.8501,-82.4026,1953
29.8544,-84.6679,1987
29.8548,-94.3207,1566
29.8585,-90.807,4783
29.8587,-90.0033,2595
29.8592,-90.6256,2080
29.8596,-89.8873,1795
29.8598,-95.1332,1431
29.8619,-90.9927,1671
29.8641,-82.1388,971
29.8645,-98.2774,2759
29.8654,-95.0525,2295
29.8664,-94.1292,966
29.8665,-90.44,2302
29.8671,-91.54,2024
29.8684,-97.9374,4502
29.8707,-97.6786,2620
29.8736,-97.9367,5737
29.8744,-94.8267,1136
29.8758,-98.2612,10847
29.8763,-98.4085,1299
29.877,-90.0292,1113
29.8778,-97.6826,3657
29.883,-96.496,2102
29.8834,-81.3283,6902
29.8857,-90.1132,2436
29.8874,-90.3888,3371
29.8876,-82.3327,659
29.8884,-91.6266,1321
29.8888,-90.0664,2313
29.8929,-95.5772,1693
29.8962,-81.3111,2802
29.8967,-89.8929,1799
29.8985,-90.3532,4382
29.9,-93.8944,7892
29.901,-90.197,2140
29.9025,-90.0281,1738
29.9054,-90.1435,1603
29.9063,-96.6759,643
29.9109,-90.0517,1824
29.9117,-96.8757,1775
29.9126,-96.8763,1847
29.9134,-95.3774,2547
29.9152,-95.0577,1355
29.9152,-91.6763,1379
29.9176,-91.675,1528
29.9221,-90.6412,1860
29.9222,-82.7126,1452
29.9263,-94.2433,2843
29.9263,-91.7813,1184
29.9275,-89.9192,1849
29.9303,-81.3011,1209
29.9323,-96.9812,1701
29.9336,-82.4085,889
29.9346,-99.0478,2097
29.9364,-90.2027,1290
29.9364,-93.9702,7396
29.9378,-90.2312,2174
29.9383,-91.0264,373
29.9402,-90.6877,2047
29.9408,-90.1566,1856
29.9414,-81.5074,3382
29.9435,-90.2956,1699
29.944,-89.966,2432
29.9459,-85.4123,1419
29.946,-93.9167,2073
29.9466,-96.2588,1498
29.9475,-82.1129,2433
29.9478,-82.106,2201
29.9511,-91.9917,983
29.953,-89.9963,1203
29.9532,-92.1529,1200
29.9533,-97.3119,4102
29.954,-90.1874,1764
29.9554,-91.2028,1592
29.9586,-90.222,1518
29.9588,-92.0374,1203
29.9595,-94.0356,839
29.9599,-97.4428,1929
29.9604,-90.1559,1494
29.9604,-90.164,14925
29.9608,-93.9618,2662
29.9613,-90.424,2141
29.9623,-82.9243,968
29.9635,-90.3079,2334
29.965,-90.813,548
29.965,-93.4102,4811
29.9666,-97.7881,1774
29.9674,-96.4971,938
29.968,-81.4901,4720
29.9687,-92.0952,3020
29.9693,-94.0017,2161
29.9721,-90.3542,2176
29.9723,-98.9047,1691
29.9754,-92.1272,2233
29.9779,-95.1946,4437
29.9792,-90.3835,1058
29.9807,-81.8108,1097
29.9848,-98.0906,2717
29.9851,-90.4524,2027
29.9853,-81.681,2658
29.988,-94.0217,1442
29.9882,-95.2644,2859
29.9886,-91.0554,1197
29.9902,-91.8218,4523
29.9941,-97.8833,5177
29.9942,-97.7757,1739
29.9968,-90.4842,811
29.9978,-90.1778,4370
29.9983,-90.4045,1686
30.0054,-92.2838,1444
30.0055,-91.8203,3031
30.006,-92.2839,1385
30.0075,-90.7119,2152
30.0088,-97.1519,1847
30.0102,-90.2548,3504
30.0132,-94.936,5028
30.0152,-90.8202,1790
30.0159,-91.153,546
30.0171,-100.2133,1001
30.0177,-82.3434,1394
30.0186,-90.8509,2630
30.023,-84.9825,893
30.0246,-90.659,2307
30.0248,-90.4604,1510
30.026,-90.7702,1689
30.0264,-84.3926,1173
30.0266,-98.1115,946
30.0287,-94.586,1238
30.029,-92.507,866
30.0308,-90.5441,3064
30.0309,-93.8381,2304
30.0323,-94.4205,980
30.037,-90.722,1951
30.0383,-99.1311,4347
30.0388,-94.7888,6058
30.0392,-97.8915,658
30.0411,-94.3376,1058
30.0422,-91.0497,2103
30.0429,-94.8943,2111
30.0443,-90.8835,1934
30.0451,-94.7373,1650
30.0472,-90.7501,1881
30.0484,-82.0725,1117
30.049,-81.7876,3739
30.0502,-81.9011,4021
30.0511,-97.7016,1753
30.0512,-83.1769,861
30.0534,-89.9345,11821
30.0538,-96.0284,2776
30.0588,-91.7388,598
30.0599,-84.4854,1176
30.0601,-99.1474,4242
30.0602,-81.8524,4355
30.0619,-90.6936,1288
30.0622,-95.384,4306
30.0631,-90.7117,1667
30.0637,-82.2408,670
30.064,-96.6959,887
30.0657,-90.6347,3432
30.0687,-90.8274,1636
30.0718,-94.7846,2105
30.0722,-90.477,4150
30.0724,-95.9316,2246
30.073,-90.555,3465
30.0738,-97.7373,2506
30.0771,-99.2375,1100
30.0791,-93.7598,1674
30.08,-92.6774,1236
30.0804,-97.8557,2815
30.0823,-97.5111,3852
30.0829,-95.9771,2471
30.0849,-94.1453,8229
30.0851,-81.4099,4701
30.0858,-93.7846,5503
30.0861,-90.889,2805
30.0894,-85.5991,3453
30.0926,-91.8996,2353
30.095,-96.0756,1580
30.0951,-90.9925,1765
30.0951,-95.6197,3280
30.0958,-91.9965,3216
30.0968,-81.6211,3645
30.0986,-98.4171,1696
30.0991,-81.7124,3614
30.1006,-96.0777,2326
30.101,-90.9284,914
30.1029,-94.8416,1130
30.1041,-92.1211,1515
30.1064,-83.5795,2210
30.1065,-94.0502,1118
30.107,-97.3451,3866
30.1074,-93.7723,1187
30.1091,-83.5823,2777
30.1091,-90.8927,3592
30.1108,-94.1293,8902
30.1111,-92.9239,1514
30.1111,-97.3182,2758
30.1139,-92.0691,1957
30.1147,-94.6416,1105
30.1212,-90.9843,413
30.1215,-97.8724,429
30.1221,-92.4984,1075
30.1235,-93.7545,4194
30.1262,-85.1907,2350
30.127,-91.8311,1617
30.1281,-93.9917,3147
30.1284,-85.6002,1255
30.1287,-97.4774,3056
30.1304,-85.5486,2785
30.1331,-98.0373,1033
30.1348,-91.8282,1842
30.1352,-97.8364,1270
30.1365,-81.7692,3330
30.1374,-91.9558,3870
30.1377,-94.4043,1378
30.1418,-95.7001,975
30.1431,-85.7522,1313
30.1436,-94.8158,841
30.144,-97.8194,605
30.1472,-94.6426,1282
30.1484,-95.3237,1631
30.1485,-96.6907,1162
30.1492,-94.7377,1462
30.1507,-94.2709,1297
30.1508,-102.4079,1859
30.151,-93.2742,2096
30.1569,-95.4416,1110
30.1582,-96.3956,3281
30.1605,-97.2398,2767
30.1617,-91.1485,777
30.164,-96.3988,2909
30.1645,-97.8631,1336
30.1661,-84.2083,1271
30.1663,-85.6702,5408
30.1697,-85.6038,1983
30.1702,-94.3183,3297
30.1709,-81.7047,1732
30.1726,-95.5098,5973
30.174,-81.8364,3680
30.1751,-94.0353,1524
30.1756,-85.753,2585
30.1767,-93.3696,3020
30.1774,-91.1614,353
30.1781,-93.7553,1769
30.1782,-82.6545,4837
30.1793,-81.7344,1839
30.1805,-92.5015,407
30.1813,-95.1836,1287
30.1816,-92.4633,1240
30.182,-95.1523,1342
30.1824,-97.9401,970
30.1836,-90.8666,1731
30.1837,-96.928,2086
30.184,-95.4557,1269
30.1858,-96.6031,988
30.1859,-82.6024,1428
30.1862,-85.6302,1776
30.188,-92.5838,1326
30.1881,-97.2932,3156
30.1882,-97.987,1664
30.1885,-97.9845,1390
30.1886,-95.7035,2555
30.1886,-82.6422,3434
30.19,-84.3553,2831
30.1904,-92.0331,11526
30.1913,-81.3711,1579
30.1917,-94.1921,565
30.1926,-95.7225,2677
30.1954,-93.5822,2050
30.1959,-98.0937,2696
30.1964,-95.1651,1369
30.1984,-83.2873,864
30.199,-93.2108,6256
30.1996,-84.3634,1941
30.2001,-85.6977,1128
30.2005,-81.391,3171
30.2008,-95.0956,1729
30.2033,-97.5614,3143
30.2056,-92.0281,6806
30.212,-91.7196,1589
30.2127,-90.9224,2748
30.2129,-97.1258,1332
30.213,-95.7426,1998
30.2132,-93.2515,10262
30.2138,-92.3767,2417
30.217,-91.1809,1419
30.2172,-95.413,264
30.2178,-91.8276,835
30.2179,-92.3748,2196
30.2198,-95.4884,13443
30.2201,-82.6448,1338
30.2209,-103.2366,2083
30.224,-92.6583,2951
30.2252,-89.8092,1584
30.2258,-97.8158,1073
30.2261,-97.4996,1313
30.2282,-85.8935,9925
30.2284,-95.1624,1583
30.2298,-93.3563,3043
30.2302,-92.6538,2519
30.231,-93.8715,2633
30.2331,-92.9208,1201
30.2332,-85.8771,3990
30.2336,-85.6369,2946
30.235,-93.761,1524
30.2355,-92.7481,594
30.2356,-92.8124,2283
30.2378,-92.2623,1980
30.2384,-92.1891,1570
30.2398,-92.0948,3110
30.2399,-97.5902,2784
30.2405,-92.2673,1776
30.2414,-93.013,1673
30.2432,-91.2882,1172
30.2455,-92.5116,1999
30.2488,-97.5787,1769
30.2508,-89.6048,2743
30.2509,-88.1713,2271
30.2519,-81.6337,21740
30.2536,-98.6609,3520
30.2539,-95.3301,1180
30.2547,-85.9511,1439
30.255,-94.208,3325
30.2552,-91.1004,4945
30.2609,-95.83,1279
30.261,-93.2635,1775
30.2657,-98.8757,2807
30.2661,-99.2726,6829
30.2721,-98.4071,1268
30.2725,-81.3856,2456
30.2736,-97.7868,759
30.2738,-98.8692,2541
30.2752,-82.1603,614
30.2772,-87.7024,4863
30.2789,-97.2524,1836
30.2805,-82.1355,2641
30.2811,-82.1259,1965
30.2831,-91.9059,2522
30.2832,-91.2438,1552
30.2832,-97.8696,2010
30.2834,-92.107,1673
30.2886,-89.7728,6579
30.2889,-89.7829,3542
30.2892,-91.8743,4187
30.2905,-85.6516,1162
30.2916,-97.8142,1721
30.2925,-82.9884,2090
30.294,-87.5954,3483
30.2954,-89.3937,2646
30.2956,-82.9851,2508
30.2986,-97.7541,16404
30.2998,-93.773,3038
30.3022,-97.8498,1283
30.3077,-97.9626,2681
30.3078,-81.9737,1291
30.3088,-93.2079,3543
30.3105,-93.6667,1681
30.3107,-104.0255,1157
30.3126,-92.0387,2545
30.3126,-81.3931,1388
30.3126,-95.8765,1505
30.3135,-90.9581,4259
30.314,-89.2862,937
30.3141,-89.9306,4669
30.3151,-84.2688,2639
30.3153,-95.3014,686
30.3178,-91.8037,1570
30.318,-89.2391,2606
30.3182,-87.7244,1887
30.3234,-89.3588,3480
30.3261,-92.4956,1023
30.3266,-94.052,3722
30.3287,-95.4846,7908
30.3318,-82.7561,1228
30.3319,-90.8143,1499
30.3343,-95.8641,1276
30.3355,-95.3451,1495
30.3364,-90.8436,1185
30.3364,-91.8479,1321
30.3369,-81.6616,24821
30.3377,-87.6928,6359
30.3382,-95.0903,3937
30.3386,-92.2857,2463
30.3396,-81.3967,1742
30.3442,-95.0805,1935
30.3454,-96.5309,1540
30.3455,-94.1768,2517
30.3455,-92.1131,1296
30.3463,-94.1663,3158
30.3465,-97.9864,940
30.3506,-87.3169,2672
30.3513,-97.3851,1982
30.3526,-90.5809,2996
30.3535,-84.001,1860
30.3539,-87.5048,988
30.3542,-97.5583,2843
30.3544,-97.3914,2434
30.3545,-89.1627,2906
30.355,-97.9863,3258
30.355,-96.8231,770
30.358,-97.5272,2095
30.3583,-91.1346,1655
30.3598,-91.0672,1357
30.3601,-88.5563,3560
30.3602,-103.6674,1880
30.3625,-95.1011,1247
30.3639,-103.6645,1995
30.3643,-92.917,632
30.3654,-97.8959,2339
30.3676,-90.102,641
30.3683,-87.1734,1964
30.3695,-91.2636,1862
30.3707,-91.0877,1602
30.3714,-89.7504,1754
30.3725,-87.1005,833
30.3725,-94.3157,1811
30.3738,-87.5957,2401
30.3764,-86.8937,987
30.3767,-90.1011,2762
30.3769,-93.1998,1172
30.3775,-91.006,1703
30.3793,-95.6299,3986
30.3793,-88.7579,1479
30.3797,-83.8134,1391
30.38,-97.7658,22601
30.3801,-87.0524,1076
30.3818,-96.0865,2411
30.3821,-89.3502,2887
30.3824,-89.2757,2077
30.3826,-95.4934,942
30.3841,-97.9982,840
30.3844,-87.2938,2390
30.3849,-86.3436,2406
30.3864,-96.0907,2624
30.3881,-86.996,1399
30.3885,-96.3449,1915
30.3904,-95.6982,2180
30.3916,-84.9913,1934
30.3942,-91.2516,1351
30.3943,-89.3655,2044
30.3943,-98.3612,1378
30.3955,-83.9755,1614
30.3971,-87.6685,5391
30.3982,-91.0709,1359
30.3985,-90.166,1443
30.4017,-91.9324,756
30.4026,-91.0037,2260
30.4027,-88.7886,3086
30.4034,-84.8081,2025
30.4034,-87.7759,861
30.4037,-92.2145,1545
30.4044,-86.4714,2486
30.4051,-87.0096,3147
30.4051,-89.0422,11791
30.4059,-92.0624,1633
30.4062,-88.6593,4994
30.4076,-88.2633,2485
30.4076,-91.09,919
30.4088,-96.5392,1561
30.4093,-98.0445,1139
30.4108,-91.0329,18077
30.4117,-86.659,1095
30.4131,-83.3041,1417
30.4137,-88.5689,5642
30.4143,-97.0099,1050
30.4145,-87.3028,2340
30.4147,-97.9273,1813
30.4154,-91.4394,1100
30.4161,-86.8887,4361
30.4184,-89.4298,3294
30.4189,-87.4208,1255
30.4195,-89.069,6772
30.4202,-92.0438,1413
30.4222,-86.6096,379
30.4249,-86.6218,2510
30.4255,-84.9773,1162
30.4256,-90.5444,1076
30.4259,-88.5327,4459
30.426,-84.5427,1893
30.4264,-86.7193,2884
30.4267,-88.9358,5950
30.4267,-87.2681,2431
30.4271,-95.5765,2527
30.4284,-96.7576,433
30.4289,-88.8121,2525
30.4335,-86.6573,9921
30.4337,-90.1071,8339
30.4342,-95.4842,1975
30.4373,-85.882,1974
30.4381,-88.8617,1881
30.4399,-86.6072,1132
30.4399,-87.2295,989
30.4404,-91.1332,8466
30.4406,-86.5654,1303
30.4406,-90.4428,1972
30.441,-87.1912,4333
30.4424,-84.0792,1391
30.4427,-93.9607,2223
30.4428,-85.0454,1621
30.4429,-91.4601,2533
30.4433,-86.583,487
30.4435,-97.68,1415
30.4435,-88.8954,2951
30.4438,-91.2074,1529
30.4441,-86.642,2125
30.4442,-84.132,1367
30.4453,-97.9079,1321
30.4467,-97.9983,2631
30.4478,-97.6021,4628
30.449,-93.4457,1622
30.4523,-96.5602,1600
30.4526,-97.991,3450
30.4529,-86.9043,1711
30.4535,-84.2523,9195
30.4559,-82.9342,1883
30.4569,-97.3924,1260
30.4605,-86.5505,1593
30.4619,-91.9835,1499
30.4648,-87.3093,3099
30.4668,-83.6353,1042
30.4715,-83.4135,1474
30.4719,-87.2507,2903
30.4721,-88.3444,2674
30.4735,-90.0203,1945
30.4743,-90.959,2457
30.4763,-87.0859,1251
30.4764,-84.2722,10171
30.4767,-87.6876,2976
30.477,-83.7604,1285
30.4776,-87.069,1048
30.4802,-90.1118,2575
30.4813,-92.6976,1170
30.4817,-97.932,2320
30.4831,-92.852,2134
30.4834,-84.0261,1118
30.4848,-87.2643,14713
30.4848,-90.4765,7940
30.4855,-92.601,978
30.4861,-87.9111,1939
30.4862,-95.0113,2242
30.4864,-90.8656,2332
30.4868,-95.9903,650
30.4873,-88.8485,3664
30.4874,-89.6981,2232
30.4877,-94.7676,1388
30.4881,-88.5056,1858
30.4881,-91.0447,1404
30.4895,-88.1059,1132
30.4899,-86.5142,3134
30.4904,-92.4191,2058
30.4906,-88.5441,2346
30.4908,-99.7732,1377
30.4908,-91.5186,780
30.491,-96.4725,1249
30.4934,-92.4181,2425
30.4953,-90.7467,1630
30.4983,-98.2185,1272
30.4985,-86.1313,4386
30.4992,-90.5838,1051
30.4998,-91.1081,1870
30.5027,-84.4606,2815
30.5056,-90.4565,3428
30.5079,-89.1305,2532
30.5102,-97.8186,4592
30.5108,-81.8088,3477
30.5126,-92.1832,1849
30.5128,-97.7394,2305
30.5151,-96.7734,1244
30.5209,-87.8791,3496
30.5211,-87.1864,3386
30.5217,-93.0362,1412
30.5249,-92.0817,2824
30.5253,-94.4487,1898
30.526,-87.2723,3174
30.5261,-97.6635,5607
30.5269,-89.6779,3588
30.5288,-86.476,3445
30.5289,-93.4391,1346
30.5294,-91.7549,1175
30.5298,-96.6997,1878
30.5308,-89.6706,3856
30.5314,-92.0826,3914
30.5344,-95.8498,1224
30.5362,-87.1046,1775
30.5387,-88.1876,2565
30.5398,-95.4821,1349
30.5408,-98.3806,3437
30.541,-91.3885,2801
30.5416,-97.5442,3492
30.5417,-87.7039,2202
30.5422,-83.8722,1819
30.5423,-96.5273,465
30.5434,-91.1241,1848
30.5454,-87.7506,1017
30.5454,-98.3738,2644
30.5459,-88.6734,5964
30.5489,-90.4875,1910
30.555,-98.3276,939
30.5555,-91.956,943
30.5571,-87.7047,2388
30.5593,-91.0355,7164
30.5598,-87.1301,1139
30.5602,-98.2773,3687
30.5622,-91.5501,1249
30.5642,-98.2951,786
30.5654,-81.8319,1221
30.566,-84.5858,3099
30.5696,-92.3168,720
30.5706,-84.2042,4138
30.5707,-100.6418,1355
30.571,-84.7229,1376
30.572,-97.4304,4320
30.5732,-98.2787,2132
30.5734,-85.1261,1050
30.5743,-97.8617,5656
30.5749,-90.9508,889
30.5767,-97.4178,2406
30.5769,-90.4871,1155
30.5786,-89.6386,1117
30.5789,-103.8947,2983
30.5796,-84.711,2657
30.5809,-84.5802,2252
30.5815,-88.2128,3273
30.5824,-87.1609,573
30.5832,-91.1582,2636
30.5842,-87.0449,2287
30.5852,-96.2964,6494
30.586,-98.4188,1180
30.5882,-97.2977,619
30.5886,-104.4953,633
30.5887,-87.2863,3533
30.5888,-98.3673,2413
30.5893,-95.1312,1237
30.5906,-88.4846,1556
30.5931,-84.0468,1513
30.594,-91.6179,1416
30.5968,-83.107,1481
30.5991,-87.0997,1521
30.6038,-81.5034,6456
30.604,-95.8876,1447
30.6071,-98.3952,603
30.6081,-92.775,1901
30.6093,-94.9466,762
30.6106,-93.225,2169
30.6122,-85.7003,1982
30.6126,-94.4229,1865
30.614,-97.2065,891
30.6156,-92.0599,826
30.6167,-87.1647,4469
30.6172,-86.9643,4865
30.6209,-89.1423,2392
30.6209,-87.9045,6979
30.6238,-96.3342,8203
30.6279,-87.8721,4087
30.6296,-87.0514,2174
30.6297,-88.5558,2255
30.6303,-84.4138,1516
30.6315,-97.0283,2073
30.6324,-90.1961,1281
30.6334,-85.5873,974
30.6349,-92.4179,1078
30.6354,-81.5696,4370
30.6361,-90.5052,1413
30.6512,-93.4117,2393
30.6525,-89.9105,1876
30.6534,-95.1306,1273
30.6537,-91.174,3061
30.6542,-97.0125,1650
30.6557,-97.0085,1880
30.6581,-81.4515,3124
30.6582,-93.9001,1411
30.6605,-98.4506,2920
30.6627,-88.4987,2058
30.6634,-97.9055,1954
30.6636,-97.8306,1805
30.6644,-91.1658,4706
30.666,-96.381,6755
30.6661,-98.454,2731
30.6681,-97.6987,6924
30.6682,-88.1079,11151
30.6687,-92.4268,1771
30.6716,-88.1592,13490
30.6733,-87.1958,3114
30.6738,-86.8474,3483
30.6767,-97.5911,1225
30.6789,-91.4305,1293
30.6796,-94.414,1620
30.6815,-83.3109,1374
30.6846,-87.7392,5126
30.6851,-86.9922,1888
30.6852,-90.6566,1241
30.6855,-91.4578,2457
30.6856,-83.1877,1155
30.6859,-101.8224,854
30.6866,-81.9212,2131
30.6866,-87.0517,2335
30.6869,-82.5714,1504
30.6876,-94.7462,1226
30.6899,-92.2742,1820
30.6912,-92.2794,2011
30.6914,-89.8896,967
30.692,-91.7505,1017
30.6959,-91.4538,1944
30.6966,-85.3957,932
30.6983,-84.8306,2149
30.7005,-95.5549,5869
30.7014,-95.0203,4426
30.7028,-87.3207,2395
30.7041,-85.0226,1894
30.7053,-96.8527,1227
30.7061,-86.1186,3423
30.7074,-101.2061,1961
30.7086,-84.9256,1905
30.71,-94.9379,2683
30.7127,-97.6931,1333
30.714,-82.8974,18617
30.7143,-96.4693,2497
30.7143,-94.9369,2384
30.7148,-95.5466,3743
30.7177,-91.9091,855
30.7183,-97.4411,741
30.7183,-84.3571,1126
30.723,-87.8659,5100
30.724,-85.9369,2022
30.7276,-91.1361,2123
30.7322,-90.5153,1788
30.7328,-91.9694,1750
30.7337,-86.1303,2431
30.7356,-87.7977,3000
30.7381,-91.5916,997
30.74,-95.3114,1128
30.742,-98.0624,1245
30.7423,-83.2225,1947
30.7472,-86.9225,3213
30.7477,-99.2286,1735
30.7479,-86.5793,3796
30.7482,-95.2137,1291
30.7495,-84.4839,810
30.7506,-98.2382,2941
30.751,-98.6765,2090
30.7537,-84.6372,1453
30.756,-93.5256,2841
30.7567,-81.5784,4587
30.7614,-85.2563,3917
30.7632,-98.2273,1716
30.7639,-90.5106,1308
30.7645,-96.3186,1216
30.7675,-86.5603,5731
30.7705,-87.0844,4929
30.7711,-85.8381,2439
30.7715,-88.0797,1860
30.7726,-96.0776,922
30.7733,-88.1314,4577
30.7744,-94.4225,1610
30.7752,-85.8119,1576
30.7754,-89.8617,2799
30.7756,-85.54,1905
30.7781,-85.2358,1895
30.7806,-89.8648,2998
30.7813,-85.6888,1969
30.7816,-95.9446,955
30.782,-92.422,1153
30.7832,-81.6148,5006
30.7842,-91.3764,1227
30.7845,-83.5605,1845
30.7874,-96.7223,918
30.7881,-87.226,4085
30.7884,-83.6681,1113
30.7897,-85.366,1642
30.79,-96.2761,1937
30.7912,-83.7894,1363
30.7949,-97.4323,1010
30.7962,-88.2476,3541
30.7993,-81.5637,1506
30.8013,-95.0787,864
30.8074,-97.5968,1397
30.8103,-97.6151,1736
30.8138,-88.5249,1111
30.8157,-98.4527,2527
30.8164,-92.6559,2069
30.8165,-92.6588,1979
30.8173,-97.603,1600
30.8238,-95.1107,2117
30.8291,-86.8897,4556
30.8294,-92.082,937
30.8296,-90.6699,1441
30.8346,-91.2085,1918
30.8391,-82.0073,1858
30.8394,-83.9788,3518
30.8397,-89.5301,2111
30.8413,-97.7918,868
30.8423,-93.01,1271
30.8438,-83.3089,410
30.845,-93.2952,2768
30.8451,-83.9585,4287
30.8461,-81.7909,6075
30.8482,-90.1459,1898
30.8483,-95.3989,1289
30.8501,-83.2788,5447
30.8508,-93.7541,2119
30.8518,-94.8579,1074
30.8546,-88.1098,5309
30.856,-89.139,2977
30.8579,-88.0634,2461
30.859,-96.9769,1699
30.8601,-82.0208,1435
30.8602,-98.4343,1107
30.8603,-93.3012,3461
30.8608,-96.9762,2078
30.8617,-91.0155,1503
30.8617,-100.5979,1072
30.8657,-92.8018,1165
30.866,-83.2877,5835
30.8687,-88.8054,1115
30.8727,-85.1612,1940
30.8732,-92.417,1429
30.8735,-87.0667,1850
30.874,-97.1289,1058
30.8742,-88.0095,3598
30.8757,-84.4312,814
30.8758,-90.5138,910
30.8761,-84.2047,2570
30.8771,-96.5952,1843
30.8792,-84.2055,2846
30.8797,-87.1289,1474
30.8817,-87.7776,2395
30.8839,-84.3274,984
30.8855,-85.4136,1585
30.8877,-98.4641,1225
30.8883,-97.4014,1164
30.8892,-87.1695,2354
30.8895,-97.9218,673
30.8926,-102.8842,2139
30.8937,-83.7388,769
30.8942,-87.215,2678
30.8944,-102.8866,2221
30.8944,-87.7913,3772
30.8953,-89.8319,836
30.897,-87.034,2667
30.902,-89.1657,1433
30.9062,-84.5727,4111
30.9062,-84.5727,2968
30.9097,-94.4221,1284
30.9101,-83.0743,793
30.9129,-101.9001,713
30.9184,-99.7837,1304
30.9195,-93.9988,2653
30.9213,-94.6001,1139
30.9222,-88.0226,1697
30.9227,-93.9933,2935
30.9245,-93.2885,1414
30.9256,-91.1053,1495
30.9272,-88.2082,1219
30.9278,-85.1181,445
30.9292,-97.2297,922
30.9305,-87.0307,1529
30.9312,-88.5959,2295
30.933,-83.2219,2526
30.9338,-90.5152,2421
30.9364,-92.93,2266
30.9366,-95.3274,1630
30.944,-83.5,1192
30.9445,-95.3736,1768
30.9464,-83.0036,966
30.9484,-97.5283,1599
30.9504,-87.1523,1170
30.9512,-96.9643,2226
30.9528,-92.1052,918
30.9537,-92.1881,1578
30.954,-95.9093,1856
30.9579,-85.4086,1463
30.959,-85.1622,1585
30.9594,-83.7393,1204
30.9599,-81.7181,1448
30.9603,-85.5128,1889
30.9606,-86.4578,1863
30.9613,-89.8211,1124
30.9647,-91.9837,1117
30.9696,-83.1943,1827
30.9726,-86.3118,1752
30.9733,-92.5824,1194
30.9734,-91.1103,1835
30.9754,-84.0506,874
30.9773,-87.2647,1629
30.9781,-85.621,938
30.9784,-84.7379,1297
30.9788,-97.347,1255
30.9791,-96.6715,1791
30.9811,-91.8143,1339
30.9817,-85.643,1340
30.9824,-103.745,650
30.9842,-87.0526,2050
30.9891,-82.8691,803
30.9892,-92.051,1286
30.9904,-92.5815,1232
30.9911,-88.2422,1117
30.9915,-87.1244,2087
30.9922,-83.3773,1588
30.9988,-94.8275,1376
31.0012,-87.8739,2775
31.0023,-94.7921,1477
31.0046,-96.9915,1820
31.0056,-87.6303,3030
31.0059,-89.459,2421
31.0073,-90.4711,934
31.0098,-85.7444,1828
31.0108,-83.8665,821
31.011,-92.2901,915
31.013,-86.3503,947
31.0136,-84.8133,811
31.0148,-87.256,2048
31.0169,-88.0264,565
31.0224,-86.3182,2947
31.0239,-87.173,957
31.025,-96.4875,982
31.0251,-87.4887,2051
31.0251,-95.7565,1144
31.0275,-88.798,986
31.0302,-96.1157,959
31.0314,-85.834,1227
31.0342,-91.9817,1580
31.0356,-85.3992,1200
31.0382,-82.7421,1697
31.0397,-84.8784,1862
31.0407,-104.8342,1530
31.0408,-83.0747,1599
31.0433,-85.8758,3588
31.0466,-83.3909,890
31.0499,-92.5253,1760
31.0523,-97.4795,4085
31.0534,-92.1215,826
31.054,-85.2996,2183
31.0542,-93.2167,2251
31.0559,-93.2265,2791
31.0567,-97.6442,3589
31.057,-95.1264,1459
31.0613,-87.0775,1092
31.0628,-88.0266,803
31.0636,-96.1905,2652
31.0637,-81.4187,2722
31.064,-98.1828,2468
31.0665,-98.1839,1797
31.0673,-92.0528,1534
31.0681,-83.6233,830
31.0718,-84.0927,1133
31.0725,-97.6051,2006
31.0728,-83.1901,972
31.0732,-82.6489,1191
31.0755,-97.9727,1301
31.0757,-96.9745,814
31.0773,-94.0255,2627
31.0777,-97.732,6711
31.087,-91.0654,1382
31.0877,-88.0132,2126
31.0882,-92.3999,936
31.0901,-84.9823,1011
31.0914,-87.0553,1676
31.0915,-89.5867,1614
31.0952,-97.7588,9099
31.0956,-88.8224,1672
31.0973,-88.2498,4620
31.1003,-84.684,1413
31.1004,-93.1745,2628
31.1012,-91.9005,1893
31.1029,-91.2993,924
31.1031,-82.5667,844
31.1049,-97.3885,7760
31.1053,-85.6912,2267
31.1057,-93.2696,1485
31.1057,-87.0691,2271
31.1085,-92.2406,1198
31.1089,-92.059,2299
31.1092,-87.0766,3052
31.1098,-81.7276,2141
31.1121,-85.5987,2797
31.1124,-86.0467,1826
31.1154,-99.3459,2715
31.1172,-90.1449,1644
31.1196,-97.9144,3855
31.1207,-92.1584,2071
31.1241,-87.4578,4245
31.1245,-85.4396,2519
31.1248,-83.4255,2704
31.1254,-93.9801,1419
31.1254,-92.0651,1992
31.1266,-84.1515,1833
31.1282,-95.4459,1044
31.1298,-99.3372,1553
31.1307,-97.4233,6936
31.1325,-102.22,1292
31.1361,-81.4669,3748
31.1369,-97.7849,3995
31.1399,-93.2687,2383
31.1411,-93.2842,2711
31.1436,-85.0925,1552
31.1437,-85.523,3426
31.1451,-81.9949,1487
31.1458,-83.4272,2244
31.1464,-89.4063,1858
31.1492,-88.5559,2276
31.1499,-88.0215,1388
31.1537,-95.976,1354
31.1546,-97.4592,1585
31.1585,-94.4189,1312
31.1612,-90.4695,2250
31.1619,-90.7983,1304
31.1635,-93.6019,1636
31.1657,-96.676,855
31.1658,-85.9109,804
31.1663,-82.7216,857
31.1675,-88.9284,1686
31.1688,-85.4758,2442
31.169,-83.4412,1809
31.1732,-84.7324,2605
31.1739,-92.5204,2706
31.1767,-83.5871,808
31.1773,-83.7774,3982
31.178,-88.0728,1591
31.1794,-83.7908,3706
31.1797,-85.2792,1396
31.1801,-81.3854,3684
31.1805,-82.1309,1681
31.1834,-105.3395,1986
31.1853,-85.2362,2261
31.1861,-90.4571,1279
31.1873,-85.0324,1567
31.1883,-94.7829,2025
31.194,-97.3004,1959
31.1941,-101.4534,1403
31.1951,-91.0177,1226
31.1956,-97.3242,1919
31.1959,-83.8811,970
31.1974,-98.7194,1495
31.1976,-100.4933,1045
31.1988,-88.0006,1396
31.1992,-99.5813,618
31.2014,-81.5157,2784
31.2025,-81.4949,6974
31.203,-89.9971,1175
31.2034,-89.0293,2059
31.2057,-83.2464,2051
31.206,-83.2446,1799
31.2062,-81.9812,1524
31.2062,-85.3098,2512
31.2063,-97.0336,913
31.207,-81.4627,1954
31.211,-82.3577,3129
31.2162,-99.844,1400
31.2166,-98.3924,832
31.2184,-88.328,1605
31.2196,-86.1701,2008
31.2227,-82.3677,4535
31.2231,-99.2066,1151
31.2254,-101.9394,933
31.2257,-86.276,808
31.2261,-85.4253,6739
31.2272,-81.7836,870
31.2279,-84.2072,1978
31.2337,-85.4068,8625
31.2341,-84.2096,2333
31.2341,-86.521,956
31.2357,-94.7648,1524
31.2361,-96.2574,1040
31.2369,-85.7215,1497
31.2381,-86.3252,1451
31.2386,-89.8828,1510
31.2395,-82.3418,1081
31.2401,-86.457,655
31.241,-103.0648,421
31.2445,-90.4716,3116
31.2468,-82.3657,1663
31.247,-93.9739,1299
31.2475,-82.472,1579
31.2493,-88.143,2168
31.2524,-92.21,1975
31.2529,-90.4561,3287
31.2553,-89.8197,2278
31.2569,-93.3465,1594
31.2572,-85.2896,3047
31.2583,-95.9794,1214
31.2586,-89.8187,3035
31.2591,-88.3673,2792
31.261,-83.4669,1146
31.262,-100.8208,1119
31.2622,-81.5531,1884
31.2629,-84.0208,1230
31.2646,-93.0161,2588
31.265,-88.0284,906
31.2654,-82.6572,443
31.2668,-102.6947,1866
31.269,-83.6845,1593
31.2715,-98.9486,910
31.2744,-91.0615,1322
31.278,-86.2555,2071
31.2799,-82.7271,1113
31.2803,-94.5766,1505
31.2808,-90.467,1379
31.2844,-86.2574,4417
31.286,-97.0604,1805
31.2867,-89.4145,1015
31.2893,-105.8451,3952
31.2908,-82.2529,2043
31.2915,-85.7117,3415
31.2934,-92.4702,4845
31.2954,-85.1102,1800
31.2963,-85.335,3160
31.2972,-82.854,1663
31.2985,-84.7172,1205
31.2988,-86.3988,1856
31.2997,-87.0291,1188
31.2999,-85.4503,1016
31.3021,-86.3194,3075
31.305,-94.27,555
31.3052,-86.4795,2379
31.3066,-97.359,1072
31.3071,-85.7687,1590
31.3073,-89.3174,6638
31.3074,-87.4992,1151
31.3074,-96.6294,1031
31.308,-97.2574,1846
31.308,-96.8932,1930
31.308,-96.8909,1839
31.3081,-85.7114,2530
31.3093,-97.6241,899
31.3094,-86.478,4042
31.31,-89.3772,1411
31.3125,-103.7946,1157
31.3135,-95.4537,2326
31.3149,-85.4549,458
31.3157,-85.4937,2235
31.3168,-84.3395,1341
31.3171,-95.4566,2701
31.318,-89.3456,7242
31.319,-85.5378,2097
31.3192,-94.7847,2044
31.3228,-83.9165,1029
31.3229,-94.729,5311
31.3237,-92.4477,7303
31.3255,-85.8461,5085
31.326,-93.3958,974
31.329,-81.954,1235
31.3292,-85.8296,4425
31.3308,-94.7323,5504
31.3344,-105.9028,1531
31.3351,-83.044,1775
31.3372,-89.3772,1171
31.339,-83.5937,1212
31.3405,-102.8545,667
31.3412,-85.5883,3427
31.3426,-85.7161,2993
31.3429,-92.4089,3224
31.3433,-93.8519,1447
31.3435,-81.4241,4177
31.3448,-86.469,857
31.3449,-92.1418,3292
31.346,-109.9271,1632
31.3464,-82.4603,763
31.3482,-89.2351,3734
31.3486,-87.8357,1930
31.3495,-88.9407,1375
31.3498,-88.4109,1920
31.3505,-97.6431,768
31.3516,-109.5428,2126
31.3524,-86.5446,2374
31.355,-85.357,5001
31.3561,-110.9491,3235
31.3575,-95.1854,1034
31.3609,-109.5661,1239
31.3619,-110.9348,4143
31.3626,-96.1455,1300
31.3641,-110.8097,462
31.3679,-97.0711,1854
31.368,-89.3086,1159
31.3689,-103.5384,862
31.3705,-88.2439,1201
31.3767,-85.919,2564
31.3778,-89.1143,1250
31.3781,-87.4306,753
31.3804,-84.1592,1268
31.3809,-84.9271,3804
31.3829,-110.1485,670
31.3831,-97.2102,1782
31.3831,-83.2237,920
31.3834,-89.3865,1227
31.3849,-82.1354,1475
31.3876,-110.1151,1267
31.3899,-92.6704,646
31.3914,-95.4752,900
31.3917,-103.5272,4994
31.3918,-102.3503,932
31.392,-110.8749,525
31.3976,-81.637,823
31.398,-109.9318,2066
31.3993,-109.5413,2869
31.4013,-83.3199,1638
31.4035,-109.9209,1612
31.4058,-87.8442,1521
31.4059,-94.7161,1844
31.4067,-86.6062,1259
31.4097,-87.2389,888
31.4099,-82.1143,1642
31.41,-96.5736,900
31.41,-85.1381,1779
31.41,-103.5101,2524
31.4107,-86.4835,732
31.417,-89.5418,1757
31.4172,-86.0771,3556
31.4186,-97.5113,649
31.4187,-92.4084,2560
31.4197,-97.4263,4319
31.4206,-85.3367,1820
31.4264,-87.3437,1165
31.4269,-92.481,582
31.4294,-89.2898,1247
31.4294,-90.4619,1364
31.4331,-85.6483,3712
31.4332,-86.9761,4035
31.4361,-88.4735,1875
31.4365,-83.5091,787
31.4367,-106.1032,1690
31.437,-97.4068,1388
31.4371,-100.4576,6373
31.4375,-84.7292,1815
31.4383,-97.7232,2896
31.4387,-97.746,2964
31.4389,-83.5203,504
31.439,-92.5759,1782
31.4395,-87.4042,1822
31.4398,-97.6793,1153
31.4411,-100.4505,7037
31.4443,-91.7187,1528
31.4464,-92.4964,1103
31.449,-93.786,5227
31.4508,-98.5735,1290
31.4512,-97.1933,2383
31.4515,-97.1229,5025
31.4515,-83.514,3891
31.4516,-85.645,5303
31.4517,-82.2148,1221
31.4525,-110.219,9553
31.4575,-93.4592,1357
31.4589,-96.0662,1970
31.4615,-103.3955,736
31.4621,-83.5205,3274
31.4624,-90.8523,1084
31.4633,-82.2528,850
31.4691,-88.246,2973
31.4719,-83.6503,806
31.472,-90.8931,965
31.4739,-96.9451,1853
31.4747,-84.1052,4261
31.4762,-98.1502,709
31.4842,-82.0169,1333
31.4851,-84.5125,1626
31.4886,-89.0253,1195
31.4887,-88.1509,1558
31.4916,-94.9473,1257
31.4933,-93.4597,713
31.494,-95.4775,1458
31.4941,-92.4413,2542
31.495,-87.9728,3133
31.4959,-91.4152,969
31.496,-89.7449,908
31.4982,-110.9878,7212
31.4983,-97.2308,2330
31.4989,-94.3459,1243
31.5053,-106.154,1181
31.5054,-86.3692,1560
31.5061,-82.8543,3451
31.5077,-91.071,1204
31.5078,-82.858,3699
31.5087,-89.2824,1167
31.5101,-99.9253,1164
31.5103,-83.7368,1209
31.514,-106.1453,1888
31.5145,-83.7898,1175
31.5155,-87.3249,2001
31.5162,-87.3277,3317
31.5187,-81.3702,1938
31.5196,-92.6997,1109
31.5198,-84.8691,1151
31.5204,-82.6381,1396
31.5223,-97.1563,737
31.5233,-110.2701,4829
31.5256,-96.5281,1892
31.5293,-83.8265,2196
31.5297,-83.8346,2327
31.5299,-94.1109,1972
31.5323,-87.8912,3591
31.5334,-81.4361,1632
31.5363,-96.9457,1497
31.5379,-97.4468,1090
31.5381,-103.1225,1025
31.5381,-84.6032,1039
31.5415,-96.8306,1065
31.5416,-97.164,8606
31.5418,-81.7995,890
31.5419,-82.4177,983
31.5424,-91.3856,3611
31.5433,-82.4756,2242
31.5447,-110.7455,1031
31.5465,-86.726,1752
31.5532,-88.5343,2258
31.5532,-90.1187,1854
31.5552,-98.6657,621
31.5569,-102.9066,2464
31.5577,-91.4049,4296
31.5577,-89.4993,1124
31.558,-97.1898,8662
31.5591,-97.2961,2063
31.5608,-84.7374,1389
31.5647,-85.2591,3580
31.5648,-106.2089,940
31.5654,-110.3145,11211
31.5661,-93.4772,1676
31.5668,-91.4404,1462
31.5673,-103.0059,762
31.571,-111.0477,1255
31.5711,-88.0528,2854
31.573,-91.4907,1919
31.5749,-111.2926,4785
31.575,-91.3521,822
31.5781,-84.1762,6738
31.5784,-106.262,2385
31.5789,-102.9221,813
31.579,-102.8998,2454
31.5806,-90.4434,4224
31.5813,-92.5314,1069
31.5817,-100.5474,3593
31.582,-86.2568,1600
31.5831,-88.6916,1791
31.5837,-87.263,590
31.5848,-95.8499,966
31.5861,-90.4456,2876
31.5865,-84.1723,7405
31.5902,-106.2287,1273
31.5946,-81.8957,3693
31.5951,-83.0149,1586
31.5973,-89.2103,2934
31.5978,-85.7131,2048
31.5986,-83.2498,1449
31.5995,-89.8747,1570
31.6006,-100.1853,1184
31.6015,-97.089,2386
31.6018,-91.5304,595
31.6048,-90.0023,1109
31.6083,-94.6533,4540
31.6084,-81.8988,3132
31.6101,-109.6583,1758
31.6107,-111.057,2990
31.6112,-100.6406,1131
31.6114,-93.4062,1875
31.6124,-94.652,4771
31.6212,-88.328,2485
31.6223,-91.8344,1257
31.6251,-82.8875,1636
31.6259,-85.0587,1984
31.6261,-91.5593,1997
31.6295,-96.2808,2041
31.6295,-111.7801,2159
31.6308,-110.3422,1526
31.6312,-97.1051,1894
31.6314,-95.5804,1127
31.6326,-97.5997,748
31.6342,-91.5562,1159
31.6385,-106.2574,4263
31.6391,-86.7468,2268
31.6394,-93.6411,1939
31.6442,-100.0481,815
31.6463,-87.7108,1032
31.6483,-89.5676,2562
31.6492,-97.3048,1951
31.651,-95.0708,1186
31.6547,-93.2001,1423
31.6549,-106.1369,2535
31.6557,-103.0837,4883
31.6568,-97.4726,1001
31.6635,-85.5035,1545
31.6656,-110.6391,2961
31.6666,-110.5327,2214
31.6674,-92.8871,1305
31.6686,-84.893,710
31.6713,-86.1737,776
31.6717,-83.6355,904
31.6719,-82.0242,1293
31.6727,-106.2398,1074
31.6741,-93.0455,922
31.6756,-92.1466,1581
31.676,-98.5114,1817
31.6776,-88.6338,3235
31.6783,-96.4787,1924
31.6791,-94.6629,1140
31.6792,-98.7912,1117
31.6792,-109.6869,2236
31.6796,-106.1911,2680
31.6807,-96.4832,2436
31.6841,-91.8287,2402
31.6873,-89.1543,4083
31.6876,-93.025,896
31.6898,-93.3039,991
31.6899,-93.6832,923
31.6902,-92.1286,2129
31.6912,-89.1483,3900
31.6935,-92.1629,796
31.6967,-92.1797,270
31.6969,-83.6471,1871
31.6974,-111.0608,2069
31.6987,-87.7729,2501
31.6999,-90.395,1927
31.7004,-98.1197,1691
31.7041,-91.4605,1393
31.7056,-97.238,2626
31.7065,-98.9744,3338
31.7074,-103.5989,374
31.7085,-85.611,2881
31.7092,-83.6524,1978
31.7122,-91.0621,984
31.7129,-98.9771,3507
31.713,-83.2522,2733
31.7131,-88.2918,2099
31.714,-81.7403,1539
31.7145,-111.7744,1793
31.7154,-83.2605,2648
31.7161,-99.1303,1111
31.717,-94.6078,1332
31.7174,-96.1705,2121
31.7176,-85.8175,2835
31.7178,-90.3887,869
31.7182,-93.5082,2876
31.7189,-86.2691,3592
31.7189,-110.292,8801
31.7199,-84.3478,802
31.72,-86.1232,1453
31.7201,-82.6922,1120
31.7208,-110.0767,2762
31.7219,-82.1978,798
31.7222,-91.5346,1142
31.7241,-86.302,2198
31.7244,-81.4423,3028
31.7276,-97.1129,1127
31.7309,-93.8733,1296
31.7321,-84.1685,2012
31.7324,-97.0217,1234
31.7332,-89.9833,743
31.7333,-87.209,1056
31.7348,-93.1009,4370
31.7369,-99.3254,1282
31.738,-93.39,964
31.7389,-111.0736,1561
31.7391,-99.9554,1698
31.7397,-93.0346,1334
31.7422,-98.9366,1753
31.7432,-96.5402,1141
31.7503,-89.2769,1294
31.7514,-96.6522,885
31.7518,-95.64,3539
31.7536,-99.5493,424
31.7538,-89.6559,1598
31.7544,-93.0834,3020
31.7545,-103.1541,981
31.7545,-95.647,4005
31.7563,-96.8817,824
31.7571,-84.6159,1611
31.7585,-92.3803,1035
31.7593,-94.0772,745
31.7613,-92.9389,2344
31.7648,-82.3493,2596
31.7666,-88.086,1930
31.7668,-110.9913,2445
31.7671,-96.33,575
31.7678,-88.3259,2072
31.7685,-91.823,894
31.7707,-84.7936,1585
31.7712,-82.3469,2272
31.7719,-84.4435,1759
31.772,-81.6209,1780
31.7748,-97.833,774
31.7769,-85.2954,1506
31.7795,-93.7001,1341
31.7799,-81.6113,949
31.781,-85.5583,1505
31.782,-97.5819,1300
31.784,-89.0398,2020
31.7861,-106.3898,14529
31.7902,-96.4616,1280
31.7904,-94.1752,2365
31.791,-87.7442,1422
31.7919,-82.5592,1589
31.7931,-94.1803,2566
31.7942,-85.9668,2844
31.7955,-89.0929,2657
31.7978,-95.1488,2442
31.801,-81.4167,2305
31.802,-85.9671,4834
31.8031,-97.0946,1186
31.8047,-111.9876,812
31.8064,-92.7383,945
31.8072,-91.3861,758
31.8072,-83.4876,805
31.8078,-111.8305,2060
31.811,-106.1643,1738
31.8119,-94.8417,1064
31.8133,-85.8364,1280
31.8134,-82.9758,947
31.8154,-93.5164,1154
31.8169,-99.1059,2164
31.8169,-112.5584,1090
31.8174,-92.3267,1143
31.8194,-83.7192,2278
31.8203,-93.0291,1138
31.8232,-87.3181,1113
31.8236,-106.6003,3485
31.8242,-98.262,747
31.8244,-98.7897,729
31.8249,-82.4976,1198
31.8254,-99.4258,1516
31.826,-94.4938,984
31.8267,-81.6158,3937
31.8274,-107.6423,1961
31.8291,-81.6228,5540
31.8298,-83.9206,818
31.8305,-84.3643,807
31.8314,-99.4222,2250
31.8322,-89.434,1783
31.834,-86.6271,2150
31.8367,-81.6838,816
31.8382,-102.5001,7157
31.8392,-100.9859,899
31.8397,-109.0266,2599
31.8397,-106.3747,3841
31.8408,-111.0045,4033
31.8426,-106.0822,1630
31.8431,-86.637,4196
31.8457,-98.4025,869
31.8466,-107.6504,457
31.8468,-96.8,1270
31.8478,-106.4311,14607
31.8483,-106.1707,3585
31.8488,-91.6594,688
31.8494,-81.5612,1982
31.8522,-86.204,778
31.8534,-103.0931,1517
31.8539,-97.2196,482
31.8539,-103.0924,1445
31.8545,-96.9282,905
31.8591,-92.5156,2352
31.8618,-81.2603,1500
31.862,-88.7021,1410
31.8629,-85.0048,11166
31.8634,-92.2913,1063
31.8639,-90.3928,1911
31.8641,-82.5993,1975
31.8643,-97.3834,1571
31.8646,-82.6042,2019
31.8662,-88.3075,2945
31.8664,-89.5542,1418
31.8666,-94.9815,1557
31.867,-110.9901,4078
31.8694,-95.4848,913
31.8701,-90.1648,745
31.8714,-106.6734,2701
31.8722,-86.9891,1599
31.8722,-102.3848,8420
31.8728,-101.4884,1208
31.873,-89.734,2082
31.8738,-93.2032,666
31.8792,-91.1406,1401
31.8805,-102.3453,6550
31.8812,-81.6132,3021
31.8818,-96.3326,1075
31.8823,-85.4605,2364
31.8851,-97.0741,698
31.8855,-109.6332,2749
31.886,-110.2215,2233
31.8861,-100.2951,1088
31.8875,-85.1447,2394
31.8898,-106.6135,327
31.8905,-88.9902,2053
31.8908,-90.8839,958
31.8944,-84.5117,802
31.8946,-96.7147,1213
31.8957,-100.485,969
31.8969,-95.1521,1948
31.898,-93.1164,927
31.8981,-92.2404,1801
31.9002,-81.3101,4429
31.9005,-98.6044,1939
31.9011,-84.2552,1448
31.9025,-111.7804,797
31.9069,-94.3971,1439
31.9096,-99.0208,1448
31.9099,-85.1527,7005
31.9107,-88.3091,751
31.9109,-83.7511,1529
31.9115,-111.8016,1306
31.9116,-94.6828,1106
31.9126,-108.5363,1240
31.9145,-110.3286,5859
31.915,-87.7372,3047
31.9153,-108.3252,604
31.9173,-96.8947,613
31.9185,-106.6011,1505
31.9197,-98.1714,803
31.9203,-91.24,857
31.9203,-112.0241,2388
31.9209,-111.8709,2759
31.9216,-87.0852,680
31.924,-92.6425,1733
31.9248,-96.4236,1411
31.9261,-92.6417,1916
31.9266,-97.6491,1311
31.9322,-110.9654,5111
31.9331,-82.6832,1260
31.9347,-92.5851,1553
31.9349,-105.1998,1172
31.9378,-81.0464,3687
31.9388,-81.9324,2410
31.941,-111.7765,1417
31.9417,-109.8408,857
31.9437,-94.2457,1757
31.9446,-110.7776,1682
31.9449,-108.8065,3593
31.9462,-83.5418,813
31.9479,-81.0979,2073
31.9486,-110.7819,2517
31.9488,-83.4569,1254
31.9491,-99.9593,1394
31.9508,-106.6621,1848
31.9524,-97.3198,1238
31.9548,-84.0636,820
31.9548,-84.0871,1208
31.9558,-90.9834,1203
31.9561,-83.7701,2933
31.9567,-93.9048,1338
31.9578,-90.8404,1596
31.9595,-106.5935,1503
31.9595,-95.2657,3534
31.9601,-106.576,973
31.9607,-89.8695,2100
31.961,-83.6006,837
31.9612,-95.2613,2950
31.9617,-92.7758,1375
31.9618,-110.2942,1496
31.9623,-87.4774,719
31.9653,-83.7738,2663
31.9656,-94.0484,1379
31.9662,-81.1206,577
31.9666,-110.4664,1931
31.9668,-88.7239,1765
31.9674,-110.4366,2015
31.9691,-97.0031,332
31.9758,-93.9934,1673
31.9769,-108.6315,1092
31.978,-89.2796,3510
31.9782,-110.9792,1987
31.9798,-98.9247,1107
31.9804,-91.6551,810
31.9807,-95.115,1968
31.9827,-81.2303,2594
31.9833,-102.6164,517
31.9848,-90.3561,1806
31.9851,-98.0284,1226
31.9859,-87.5875,1774
31.9859,-81.0525,1271
31.986,-97.8717,608
31.9863,-86.5664,2160
31.9867,-98.4304,578
31.9867,-106.5986,2296
31.987,-89.9011,757
31.987,-88.3366,687
31.9872,-99.6253,630
31.9893,-83.2004,1607
31.99,-90.3553,2116
31.9926,-83.3065,1587
31.9947,-81.9704,706
31.9971,-102.1068,7503
31.9985,-87.2889,1857
31.9995,-96.4277,1647
31.9997,-80.9752,2616
32.0008,-96.3825,742
32.0036,-81.0328,1424
32.0052,-111.7124,1238
32.0068,-96.2706,1404
32.007,-81.2666,1196
32.0078,-97.1157,3009
32.0102,-80.8559,1541
32.0112,-80.8656,1520
32.0112,-92.93,3283
32.0124,-96.4317,318
32.0131,-106.5984,1492
32.0135,-102.3596,3075
32.0144,-89.3818,1469
32.0145,-97.1128,2215
32.0159,-97.6061,782
32.0171,-93.718,748
32.018,-81.1965,9499
32.0181,-88.0331,2796
32.0192,-83.0623,1602
32.0215,-110.0347,1271
32.0217,-110.6937,4324
32.0246,-102.1135,7924
32.0258,-93.3406,1659
32.0264,-89.9715,697
32.0277,-94.3679,1251
32.0288,-92.1408,890
32.0291,-96.5174,1263
32.0303,-81.0129,2190
32.0327,-93.703,1829
32.033,-80.976,1030
32.0331,-84.3945,819
32.0342,-111.955,656
32.0347,-89.5257,2050
32.0349,-112.3192,1368
32.0353,-93.6997,1735
32.0357,-81.0492,1052
32.0364,-106.6776,1588
32.0374,-95.4147,1164
32.0381,-82.5075,1249
32.0415,-88.7205,2066
32.0441,-88.8844,1418
32.0443,-106.4061,6978
32.0455,-100.104,1341
32.0463,-96.3249,1376
32.0467,-84.5538,13147
32.0472,-82.8176,1087
32.048,-84.7981,1141
32.0484,-96.4769,2027
32.0492,-92.1116,1025
32.0501,-93.336,452
32.0508,-81.1683,13027
32.0512,-91.6577,930
32.0554,-111.7988,822
32.057,-97.7506,1047
32.0573,-95.5045,1430
32.059,-96.8942,599
32.0593,-111.2866,6199
32.0621,-110.9486,1737
32.0636,-82.8969,2303
32.0684,-87.2943,1518
32.069,-106.6221,880
32.0697,-110.7092,2179
32.0699,-97.499,668
32.0726,-91.2393,791
32.0744,-84.2228,3059
32.0752,-89.2732,2236
32.0764,-85.5244,1652
32.0764,-92.0851,1608
32.0774,-84.2197,3010
32.079,-92.4863,1135
32.0791,-92.6586,1439
32.0793,-96.8086,966
32.0793,-95.5924,1395
32.0815,-111.8959,952
32.0824,-96.4667,4353
32.0839,-93.8089,966
32.0839,-97.0532,1608
32.0851,-100.3194,698
32.0866,-82.4802,1533
32.0868,-89.7817,1540
32.0872,-81.1766,3436
32.0873,-82.1248,2498
32.0878,-98.3389,1720
32.0888,-84.662,1624
32.0892,-95.4698,1039
32.09,-96.47,3577
32.0924,-96.7173,841
32.0927,-83.7868,2139
32.0965,-88.2108,2359
32.0976,-98.9665,1193
32.098,-93.9499,1300
32.0999,-93.2191,3086
32.1004,-96.6405,602
32.1021,-92.0764,794
32.1043,-83.5089,1268
32.1046,-87.8619,1393
32.1056,-81.256,4779
32.1061,-90.2926,1773
32.1073,-90.6222,1571
32.1084,-96.2156,918
32.1099,-96.322,999
32.11,-110.689,4580
32.1103,-101.3668,490
32.1105,-108.8801,4614
32.1105,-80.8571,2844
32.1114,-98.5352,1359
32.1114,-87.9958,1337
32.1118,-83.068,1193
32.1148,-103.19,1994
32.1169,-95.4277,2522
32.1204,-93.1125,4717
32.1215,-96.95,1424
32.1244,-106.709,1399
32.125,-81.3084,3397
32.1257,-89.2344,1496
32.1271,-99.1658,995
32.1279,-106.6571,1567
32.1282,-95.4724,1262
32.1312,-96.2257,1436
32.1317,-101.7925,1281
32.1344,-107.7838,3813
32.135,-88.7974,1480
32.1354,-111.1106,2802
32.1366,-99.7501,701
32.1395,-85.7146,2338
32.142,-97.3971,903
32.1442,-95.3175,1858
32.1445,-81.6169,2510
32.1452,-111.0481,3982
32.1458,-95.1226,1423
32.1465,-83.8775,704
32.1476,-82.7798,1271
32.151,-81.836,891
32.152,-94.3371,2965
32.153,-110.8708,14131
32.1531,-81.9299,1298
32.1535,-106.7268,1374
32.155,-81.9782,902
32.1556,-90.1225,2583
32.1573,-94.7959,3144
32.1574,-94.3442,2480
32.1577,-90.1965,2013
32.1587,-97.1479,1011
32.1587,-94.8051,2942
32.1592,-86.7042,2138
32.16,-96.1095,3505
32.1611,-82.024,798
32.1613,-95.4386,797
32.1613,-96.577,469
32.1614,-91.7206,1631
32.1621,-81.9097,1197
32.1631,-92.9768,990
32.1647,-91.7206,1816
32.167,-106.6885,822
32.168,-93.9145,2037
32.1703,-112.1342,1869
32.1707,-82.3296,390
32.1717,-88.2841,1460
32.1725,-88.8158,1422
32.1733,-96.021,1538
32.1747,-112.3663,1127
32.1766,-104.3738,598
32.177,-93.3051,1174
32.1791,-97.2609,823
32.1792,-82.1099,917
32.1792,-111.1266,3239
32.1792,-95.5075,544
32.1803,-82.6708,1239
32.1817,-82.222,377
32.1826,-86.5786,1239
32.1852,-82.5966,1860
32.1862,-87.47,1376
32.1865,-96.8858,1286
32.1884,-82.5756,1334
32.1888,-86.6794,1977
32.1903,-80.7384,5839
32.1904,-93.8047,1019
32.1906,-95.5704,1020
32.1909,-89.696,3763
32.192,-81.2057,3640
32.1921,-90.287,4101
32.1921,-96.0551,621
32.1939,-83.1779,2217
32.1955,-110.9692,920
32.1962,-83.7595,916
32.1971,-90.548,526
32.1974,-84.1456,1066
32.1976,-83.1707,2332
32.1981,-95.85,2772
32.2004,-89.9673,2047
32.2006,-88.0376,2074
32.2016,-83.9072,546
32.2026,-95.8308,3836
32.2049,-82.3212,2634
32.206,-107.7251,1056
32.2096,-96.0381,975
32.2097,-82.3808,3560
32.2104,-85.8737,1852
32.2116,-99.7983,839
32.2121,-82.4022,3840
32.2135,-98.6721,1164
32.2144,-80.9295,6556
32.2145,-98.2199,3141
32.2161,-82.4648,1610
32.2179,-107.7728,652
32.219,-98.2189,2775
32.2209,-104.066,1565
32.2217,-95.2207,2129
32.2217,-95.2207,2073
32.2235,-96.0224,929
32.226,-95.0525,1469
32.2288,-107.7462,495
32.23,-83.9289,618
32.2304,-90.1596,3213
32.2335,-92.7106,1999
32.2345,-97.3748,953
32.2377,-84.3091,1614
32.2383,-101.4857,3973
32.2393,-96.4974,1484
32.2401,-85.4147,923
32.2423,-95.3956,1312
32.2432,-98.3767,916
32.2436,-94.4561,1002
32.2438,-107.6832,2122
32.2441,-93.0133,2596
32.2443,-101.4617,4124
32.2468,-97.7481,1816
32.2469,-93.6869,675
32.2473,-112.6001,876
32.2504,-92.7121,2168
32.2507,-106.7626,1001
32.2518,-109.8357,2337
32.2521,-87.9493,1463
32.2538,-80.8677,7219
32.2549,-93.166,991
32.2573,-83.7359,2232
32.259,-112.7306,2717
32.2591,-91.7473,1048
32.26,-107.743,2600
32.261,-90.409,1541
32.2621,-110.9406,17164
32.2631,-107.7525,3712
32.2666,-96.109,571
32.2671,-96.6955,501
32.2681,-110.9146,339
32.2682,-109.2302,794
32.2683,-87.6237,1288
32.2684,-97.1789,1276
32.2684,-98.8272,919
32.2688,-110.7437,5159
32.2693,-106.8091,2164
32.2694,-94.9298,2664
32.2697,-106.7546,405
32.27,-92.7297,893
32.2704,-107.674,298
32.2711,-80.9661,4384
32.2713,-93.8074,2661
32.2725,-90.0918,4584
32.2725,-96.1147,3896
32.2736,-86.1189,5296
32.2752,-95.7561,1141
32.2756,-94.9725,2350
32.2762,-96.5432,2125
32.2764,-86.6108,808
32.2767,-106.7462,1125
32.2776,-92.7137,439
32.2781,-89.9907,4600
32.2792,-82.1383,743
32.2803,-96.0744,1321
32.2804,-101.3472,1455
32.2805,-96.1727,1720
32.2823,-111.0774,4658
32.2825,-92.7184,748
32.2833,-99.8342,1416
32.2862,-104.0978,997
32.2873,-112.0091,659
32.2916,-81.2201,2693
32.2932,-84.0628,1286
32.2938,-111.0111,1772
32.2947,-81.2353,2835
32.2953,-81.041,7037
32.2956,-101.3089,1007
32.2963,-102.5298,1165
32.2972,-84.0191,1940
32.2974,-86.7158,3554
32.2984,-95.613,1399
32.2992,-95.1686,1405
32.3012,-83.4789,2105
32.3014,-87.7926,1718
32.3019,-110.8848,5872
32.3047,-106.8366,1318
32.3068,-87.2454,924
32.3069,-95.4737,2237
32.3075,-96.0138,1553
32.3079,-86.8175,499
32.3092,-92.4514,903
32.3093,-91.7794,957
32.3112,-97.0067,790
32.3158,-106.8785,1635
32.3158,-90.2129,9596
32.3159,-94.5189,1766
32.3161,-107.7602,3064
32.3165,-95.3131,8199
32.3167,-89.0217,878
32.3173,-95.3059,6902
32.3185,-84.5176,1629
32.319,-82.5599,841
32.3209,-89.808,2213
32.3212,-90.8647,4474
32.3213,-102.5518,2394
32.322,-90.8816,5217
32.3221,-80.4869,1640
32.3222,-90.9585,1913
32.3237,-102.5412,2801
32.3247,-111.2599,7642
32.3249,-109.4845,1186
32.3251,-96.6338,5178
32.3264,-106.7897,7964
32.3265,-93.2836,1382
32.3275,-88.9302,829
32.3277,-90.1567,13983
32.3282,-96.6318,3200
32.3282,-96.1318,2271
32.33,-89.3144,2042
32.3301,-89.1475,2428
32.3318,-91.0245,656
32.3323,-81.3904,1726
32.3325,-112.0463,2317
32.3326,-90.6056,1170
32.3357,-99.6843,3889
32.3361,-90.0729,4873
32.3364,-106.7642,7290
32.3367,-90.8087,2273
32.3371,-83.283,1377
32.3387,-96.2344,1506
32.3401,-83.0406,1016
32.3418,-111.0116,4676
32.3419,-93.2066,1201
32.3424,-87.7761,1200
32.3438,-108.7021,2635
32.3455,-89.6591,2707
32.3465,-100.9375,2529
32.3474,-84.788,14320
32.3484,-97.4077,4500
32.3485,-86.2673,11480
32.3489,-98.2918,1663
32.3497,-98.0249,509
32.35,-90.7379,1493
32.351,-87.6416,907
32.3531,-92.7235,877
32.3544,-90.3419,5875
32.3546,-90.4586,1119
32.355,-97.4116,5231
32.3554,-80.7003,3744
32.3559,-97.2924,1233
32.3568,-106.8129,1477
32.3571,-101.0133,590
32.3598,-89.4759,3284
32.3602,-94.6501,3183
32.3632,-92.9748,3016
32.3632,-95.699,1846
32.3634,-97.6652,2588
32.3637,-97.6537,2474
32.3644,-82.324,2414
32.3645,-81.8805,801
32.3703,-99.1955,914
32.3719,-96.1095,2683
32.3722,-81.3153,1794
32.3729,-84.189,971
32.3741,-96.6525,1212
32.3741,-95.6093,1438
32.3742,-112.035,1381
32.375,-84.438,1143
32.375,-108.7163,902
32.3756,-80.7538,1818
32.3783,-87.0069,1644
32.3783,-82.594,1905
32.3804,-106.4791,1866
32.3819,-94.5912,1420
32.3829,-82.9918,930
32.3839,-88.7038,4929
32.3842,-88.6894,6656
32.3874,-98.9819,2104
32.3877,-110.7008,551
32.3881,-83.3504,2013
32.3884,-91.1804,1170
32.3891,-81.67,1657
32.3893,-106.1085,2164
32.39,-97.9201,955
32.3902,-83.3466,2121
32.3907,-81.9534,810
32.391,-97.7394,1393
32.3917,-104.2028,1167
32.392,-86.2858,10939
32.3923,-112.8839,5242
32.3926,-92.4239,906
32.3939,-106.8177,726
32.3944,-83.1557,852
32.3945,-82.0624,2488
32.3961,-99.396,1480
32.3961,-97.3235,2074
32.3967,-94.86,3917
32.397,-88.78,2419
32.3971,-100.8605,1516
32.3995,-100.8583,2097
32.4008,-104.241,5109
32.4008,-104.241,4007
32.4022,-98.8177,1901
32.4024,-94.8794,4236
32.4025,-96.8445,6405
32.4051,-94.7102,1145
32.4052,-106.6457,609
32.4056,-99.5039,1645
32.4067,-91.1876,1757
32.4067,-91.1917,1515
32.4083,-80.4382,919
32.4087,-100.7125,926
32.4094,-97.2108,2363
32.4115,-85.9728,1935
32.4123,-97.2167,1608
32.4145,-97.78,4246
32.4155,-111.1548,269
32.417,-87.0357,3374
32.4187,-85.6825,3750
32.4191,-111.3394,4295
32.4207,-110.977,5381
32.4219,-85.7021,2600
32.4237,-90.1618,4653
32.4241,-87.0569,3883
32.4248,-80.7406,2609
32.4251,-106.6024,843
32.4251,-96.6671,1594
32.4258,-99.7499,7148
32.4262,-97.1022,2003
32.4266,-81.7925,4830
32.4279,-104.2898,1330
32.4291,-97.6931,1078
32.4298,-111.2649,625
32.4302,-88.6518,1726
32.4303,-88.5071,1966
32.4306,-80.7147,6007
32.4315,-93.9599,2723
32.4326,-86.6588,2541
32.4328,-97.7751,3769
32.4332,-83.0591,795
32.434,-89.1112,2132
32.4361,-103.149,1835
32.4374,-96.226,1353
32.4377,-81.7756,3518
32.4407,-88.3748,1830
32.4416,-82.2145,1596
32.4419,-100.5322,1630
32.4422,-110.775,1948
32.4448,-96.5677,2184
32.445,-92.9901,1387
32.4464,-111.2137,1638
32.4465,-95.7019,1573
32.4466,-87.4873,3537
32.4477,-86.0944,3642
32.4486,-92.0773,1440
32.4488,-104.2224,1118
32.449,-86.4494,5427
32.4507,-89.4865,2745
32.4514,-96.4004,1091
32.4518,-94.943,2241
32.4522,-99.8665,1990
32.4526,-96.9893,4514
32.4527,-85.7854,3525
32.4528,-91.49,1539
32.4537,-85.031,4810
32.4545,-99.7381,9378
32.4576,-87.5938,478
32.4581,-80.7225,4495
32.4583,-96.4519,1255
32.4586,-83.9398,1605
32.4589,-97.5329,1785
32.4591,-93.2731,1256
32.4591,-97.3838,2714
32.4597,-85.0904,1605
32.4599,-80.7865,1853
32.4622,-83.722,3378
32.4637,-88.1315,1764
32.4657,-95.4102,3184
32.4659,-111.1354,10017
32.4666,-89.2669,3597
32.4669,-93.7922,9443
32.468,-112.2434,925
32.4687,-100.406,2495
32.4687,-92.1737,1616
32.4688,-80.9211,6313
32.4694,-100.4087,3020
32.4694,-96.9907,7248
32.4695,-98.6757,2402
32.4697,-100.0111,1519
32.471,-91.7574,1380
32.4734,-96.3502,1005
32.4735,-90.7969,785
32.4737,-83.7278,4850
32.4739,-90.1309,4562
32.4755,-97.1662,1775
32.4766,-94.0646,1487
32.4782,-106.9031,2218
32.4792,-97.7627,683
32.4814,-86.1438,4460
32.4829,-97.3267,1157
32.4839,-93.7618,12212
32.4848,-110.8997,3414
32.4857,-114.7219,5280
32.4869,-87.0328,5256
32.4873,-88.8443,3427
32.4883,-92.1618,1693
32.4884,-100.1233,577
32.4896,-97.8338,1446
32.4897,-84.974,10852
32.4907,-96.7813,1326
32.4917,-91.8678,1703
32.492,-82.3467,1043
32.4926,-95.1774,1127
32.4928,-89.4879,1089
32.4941,-95.4073,2258
32.4947,-95.4565,1305
32.4952,-114.7715,1745
32.4954,-97.3033,959
32.4954,-86.3265,2384
32.4987,-80.3135,1325
32.4989,-86.1824,2528
32.4993,-94.5679,1814
32.4997,-87.8267,3825
32.5002,-99.7465,268
32.5006,-88.2914,2379
32.5015,-86.3739,3446
32.505,-87.8319,1937
32.5052,-93.0499,1823
32.5061,-94.7593,8626
32.507,-82.4986,579
32.5096,-96.784,3659
32.5102,-84.8749,13360
32.5104,-88.5264,1536
32.5123,-112.3138,640
32.5123,-92.1511,2572
32.5124,-107.9232,3241
32.5128,-96.3843,1284
32.5153,-92.3539,1395
32.5163,-114.5218,9991
32.5165,-97.3274,4905
32.5187,-98.0471,935
32.519,-92.0772,4951
32.5202,-94.7611,6808
32.5207,-93.4157,1657
32.5215,-92.1166,8660
32.5225,-96.8493,1396
32.5229,-85.0994,2596
32.5231,-81.5363,875
32.5237,-93.6554,6049
32.5238,-93.8298,825
32.5239,-95.6376,1570
32.5251,-101.7158,506
32.5263,-92.708,2213
32.5275,-91.0247,1173
32.5276,-93.5042,2172
32.5284,-90.103,2691
32.5299,-97.6153,3086
32.53,-82.5915,1065
32.53,-94.8539,2737
32.5323,-92.7839,1694
32.5327,-85.892,3061
32.533,-92.6353,4179
32.5331,-92.5262,1868
32.5332,-96.3186,1283
32.5335,-83.0836,1676
32.5348,-80.7562,2130
32.5349,-92.6432,4489
32.5349,-92.0338,837
32.535,-94.8936,2292
32.5355,-82.9288,3670
32.5363,-98.4249,1132
32.5367,-96.6755,1958
32.5373,-94.3592,3651
32.5382,-81.9288,1284
32.5385,-90.1281,4412
32.5392,-94.3532,4953
32.5402,-93.0553,1473
32.5404,-86.207,3021
32.5404,-94.2393,1042
32.5412,-82.9188,4104
32.5412,-92.1962,2865
32.5413,-96.8835,2184
32.5425,-93.2939,1790
32.5425,-94.9471,3088
32.5427,-90.3137,1648
32.5436,-86.2138,1915
32.5446,-84.6575,1695
32.5455,-98.3672,894
32.5469,-82.867,1865
32.5472,-99.1665,592
32.5476,-93.2323,1802
32.5486,-88.6074,1169
32.5508,-98.4981,801
32.5508,-92.9214,1734
32.5511,-83.8799,2493
32.5512,-80.7354,1471
32.5513,-94.9049,1200
32.5513,-96.8544,2448
32.5522,-83.8913,2189
32.5542,-95.8635,2254
32.5554,-85.6686,3393
32.5554,-80.7016,1398
32.5564,-114.781,1269
32.5564,-110.8747,6278
32.5566,-86.341,2274
32.5572,-84.2373,1636
32.5592,-83.1532,1154
32.5595,-96.7643,704
32.5605,-84.0944,1281
32.5607,-93.5625,2288
32.5612,-111.374,6245
32.5629,-110.6984,1819
32.5677,-108.349,2303
32.5679,-89.334,1137
32.5691,-117.1149,1881
32.5692,-97.1205,5507
32.5703,-93.6131,2757
32.5711,-89.1152,1681
32.5742,-85.8196,2494
32.575,-94.9151,878
32.575,-80.182,2213
32.5765,-97.3593,2492
32.5772,-96.3137,2834
32.5782,-84.5531,805
32.5783,-112.003,284
32.579,-97.8852,1165
32.5795,-86.4543,4556
32.5797,-97.2365,4503
32.5797,-96.3054,1591
32.5809,-91.9869,2590
32.5822,-82.1594,1716
32.5843,-96.9589,5432
32.5847,-83.2302,1999
32.5856,-82.3348,3220
32.5857,-95.1125,1157
32.5858,-94.858,1321
32.5861,-80.9354,695
32.589,-86.3891,1992
32.5892,-81.506,817
32.5894,-94.4465,1200
32.5899,-83.658,8533
32.59,-90.3164,1488
32.5901,-96.5172,2450
32.5914,-95.2033,1348
32.5917,-87.5356,979
32.5932,-89.4578,1154
32.594,-89.5948,1170
32.5944,-114.6551,304
32.5949,-114.7121,1292
32.5955,-80.7994,1895
32.5955,-88.1869,2424
32.5962,-96.7738,5221
32.5968,-93.3322,632
32.597,-82.3329,2570
32.5971,-83.6539,5652
32.5984,-90.0322,4188
32.5985,-114.6606,227
32.599,-96.6816,3164
32.5993,-96.8629,4223
32.5996,-80.1061,2627
32.6012,-111.8861,875
32.6018,-114.6963,2449
32.6027,-93.8831,1690
32.6028,-80.1914,591
32.6034,-93.2974,3263
32.6036,-84.4582,1392
32.6038,-91.4814,892
32.6041,-84.3791,1545
32.6056,-98.2138,996
32.606,-83.2461,807
32.6067,-99.8102,1554
32.6078,-85.4947,7204
32.6079,-97.9376,1075
32.6079,-85.5985,969
32.6084,-110.7823,3617
32.6091,-110.6415,4135
32.6092,-92.6481,1691
32.61,-83.5829,1507
32.6105,-103.1032,3065
32.6114,-85.4521,7101
32.6116,-81.0002,987
32.6131,-116.6068,1611
32.6155,-85.0388,1503
32.6164,-80.0606,3035
32.6191,-93.2728,3521
32.6195,-105.3769,2063
32.6212,-97.8167,1690
32.6232,-114.1452,726
32.6241,-95.9364,2454
32.6242,-103.2776,2086
32.6244,-91.7731,905
32.6246,-107.8753,658
32.626,-96.2684,1747
32.6264,-92.4129,783
32.6277,-117.0152,6397
32.6288,-97.2842,1205
32.6303,-86.328,4219
32.6314,-90.8507,1934
32.632,-87.3173,2952
32.6329,-84.7884,1432
32.6331,-96.3203,1308
32.6345,-96.4321,2409
32.6363,-105.6952,4090
32.6365,-116.1907,2247
32.6365,-83.6857,1896
32.6401,-114.2152,4887
32.6402,-86.0411,1841
32.6408,-100.7505,2731
32.641,-116.4745,4402
32.6434,-96.7098,2740
32.6436,-90.3692,1084
32.644,-97.2172,2334
32.6452,-114.7068,368
32.6459,-96.9139,3039
32.6474,-87.8674,1697
32.6492,-82.0973,806
32.6495,-83.748,2692
32.6496,-114.6416,489
32.6529,-95.4803,2915
32.6534,-96.5451,3938
32.6538,-107.1357,679
32.6561,-97.3406,991
32.6573,-114.7105,600
32.6576,-117.1565,2537
32.658,-93.0277,1699
32.6607,-85.3789,7120
32.6616,-114.3974,5748
32.6619,-97.2662,1854
32.6623,-98.1236,529
32.6635,-81.8355,999
32.664,-116.2896,1794
32.6647,-86.7067,984
32.665,-84.8652,2310
32.6655,-107.1698,331
32.6659,-117.0974,2461
32.6693,-79.9606,3211
32.671,-89.4521,1697
32.672,-90.5445,345
32.6722,-96.4558,1657
32.6722,-96.4558,1510
32.6725,-107.0758,932
32.6726,-93.7255,1921
32.6727,-95.4907,2159
32.6727,-97.6166,1255
32.673,-86.4637,4369
32.6731,-107.162,1574
32.6732,-117.0061,2034
32.6766,-114.5599,6607
32.677,-109.0721,909
32.6772,-84.5406,1600
32.6781,-95.7116,1315
32.6783,-97.4636,2979
32.6783,-80.8479,3002
32.6794,-93.9602,1031
32.6805,-81.2433,1615
32.6809,-115.4939,2108
32.6812,-81.1877,1603
32.6828,-85.0536,1452
32.6829,-84.7283,1659
32.6842,-95.8037,1250
32.6849,-115.4947,2642
32.6852,-110.7293,4658
32.6854,-82.1736,1394
32.6854,-88.4713,566
32.6861,-97.0208,7727
32.6863,-97.1551,1214
32.6863,-83.3427,1736
32.6886,-108.7406,703
32.6889,-109.0013,418
32.6889,-92.0603,1528
32.6893,-91.8718,964
32.6896,-93.7401,1440
32.6897,-80.2576,3867
32.6908,-95.8822,1089
32.6915,-82.5124,815
32.6944,-96.4008,1672
32.695,-88.142,2330
32.6959,-108.1184,1602
32.6983,-97.6084,1538
32.6985,-108.1311,917
32.7004,-113.9618,1259
32.7006,-94.1333,665
32.7007,-97.1247,8889
32.701,-87.5937,1400
32.7013,-97.6694,1759
32.7033,-92.6615,1224
32.7062,-114.5215,894
32.7078,-89.0491,1788
32.7094,-114.6781,322
32.7095,-96.005,1738
32.7099,-108.3027,526
32.7102,-111.4943,2241
32.7121,-107.2056,1039
32.7123,-117.0037,2129
32.7128,-97.6424,1765
32.7132,-95.1994,2674
32.7136,-100.9119,2714
32.7136,-100.9148,2436
32.7139,-96.6181,2736
32.7149,-97.1539,926
32.7167,-111.9269,616
32.7177,-102.6528,1669
32.7184,-116.8709,3725
32.719,-114.66,772
32.7192,-101.9175,262
32.7198,-84.0104,1108
32.7198,-108.1285,1122
32.7219,-80.3466,1077
32.7222,-102.6498,1851
32.7229,-100.2499,854
32.7233,-83.9959,513
32.7258,-96.298,5232
32.7268,-82.7191,1738
32.7272,-109.7181,1743
32.7273,-99.2957,1136
32.7287,-88.3165,417
32.7291,-103.1606,4667
32.7291,-103.1606,4629
32.7299,-116.9764,2460
32.7301,-85.571,1511
32.7303,-94.947,1836
32.7323,-94.9458,1768
32.7325,-115.5294,1088
32.7331,-117.0344,1788
32.7333,-101.9538,2052
32.7356,-101.9585,1892
32.7356,-96.295,3185
32.7361,-79.9372,1998
32.7372,-114.6378,448
32.7381,-91.4381,946
32.7382,-96.8886,693
32.7397,-96.1527,1815
32.7403,-111.7822,2380
32.7403,-114.4831,500
32.7413,-111.594,9724
32.7426,-96.4529,3619
32.7431,-116.0019,2703
32.7437,-97.4123,764
32.7442,-89.5335,2768
32.7452,-82.2769,805
32.7458,-93.9751,1246
32.746,-100.3794,770
32.7463,-97.722,5648
32.7472,-81.6407,2040
32.7475,-96.4385,4028
32.7498,-111.6732,1891
32.7499,-98.0115,1100
32.75,-109.0884,1332
32.7505,-81.2388,1820
32.7509,-111.6705,2249
32.751,-97.7004,1615
32.7513,-80.2019,4402
32.7522,-93.8372,1139
32.7532,-97.7719,4787
32.7539,-97.6502,2303
32.7545,-99.8962,1509
32.7551,-97.4607,2038
32.7568,-98.913,1860
32.7568,-98.9057,1999
32.7568,-107.2665,801
32.7582,-108.1338,885
32.7586,-84.1936,2697
32.7595,-96.5842,6363
32.7605,-109.7213,2264
32.7619,-97.4233,1307
32.7624,-116.9197,2678
32.7635,-94.3508,1915
32.764,-116.9688,2377
32.7647,-108.2435,1207
32.7647,-84.8753,1678
32.7657,-86.1232,2081
32.7673,-101.4558,1288
32.7681,-88.0286,1805
32.7683,-94.4998,1657
32.7695,-117.0219,2738
32.7709,-79.8311,1435
32.7718,-80.4769,3454
32.7727,-89.1141,2462
32.7731,-88.6561,1654
32.7733,-103.1234,4630
32.7736,-98.302,838
32.7749,-91.9078,2656
32.7751,-92.4005,2183
32.7751,-89.122,3173
32.7756,-108.2031,1831
32.7761,-91.9111,2918
32.7763,-80.2319,3296
32.7766,-97.3984,1293
32.7769,-91.7944,983
32.778,-104.3937,2361
32.7786,-108.2694,2888
32.7793,-100.2067,847
32.78,-108.1493,1281
32.7804,-108.1106,235
32.782,-97.3486,17033
32.7844,-86.8797,1682
32.7845,-105.5651,2323
32.7864,-115.5602,3161
32.7867,-95.6325,932
32.7876,-85.3058,1471
32.7882,-84.5612,805
32.7894,-92.8672,3289
32.7905,-115.685,1077
32.7924,-91.4126,1174
32.7924,-108.2639,2977
32.7928,-89.5534,2944
32.7933,-96.7665,16734
32.7938,-93.0591,1959
32.794,-95.4455,1261
32.7969,-105.5309,2720
32.7969,-89.2409,5055
32.7973,-85.6558,2722
32.7983,-98.0123,1166
32.7998,-96.5585,3692
32.8,-116.8671,2320
32.8004,-99.6232,697
32.8009,-94.7187,1334
32.801,-96.4782,996
32.8014,-85.2044,3260
32.8017,-116.9605,3459
32.8019,-84.0324,1028
32.802,-91.1752,1721
32.8027,-97.4021,1011
32.8028,-115.5603,3993
32.8033,-116.9056,1517
32.8039,-79.7524,1912
32.8054,-107.9202,1200
32.8056,-90.9246,764
32.8057,-98.0984,2702
32.8069,-81.942,1718
32.8076,-113.4425,2292
32.8084,-79.865,6398
32.809,-83.6941,14339
32.8094,-107.939,874
32.8102,-97.2265,1608
32.8108,-83.1737,1610
32.811,-96.973,37950
32.8116,-84.6987,1343
32.8127,-109.7665,2343
32.813,-97.4305,1425
32.8134,-93.4231,1473
32.8138,-115.3783,971
32.8138,-115.3783,1155
32.8138,-109.6289,414
32.8142,-81.2403,923
32.8148,-108.0897,1073
32.8149,-88.1608,1190
32.815,-117.1356,16396
32.8174,-104.7369,1004
32.8177,-97.2712,3191
32.818,-109.5948,1860
32.819,-116.9423,1260
32.8197,-103.9784,841
32.82,-105.9777,3177
32.8208,-97.4794,1199
32.8209,-113.5422,4254
32.8213,-82.2353,1281
32.8216,-90.2617,1940
32.8224,-83.0826,1239
32.8235,-98.0788,4101
32.8252,-115.6681,1859
32.8256,-108.2867,2198
32.8257,-116.7811,2849
32.8261,-85.7762,3625
32.8264,-82.7259,1186
32.827,-97.9848,1691
32.8273,-116.8381,2882
32.8277,-92.6585,1634
32.828,-79.9729,9747
32.8282,-93.8418,1396
32.8296,-109.7308,2936
32.8302,-88.4771,1430
32.8311,-96.8012,1360
32.8323,-88.9184,2287
32.8333,-109.6974,2766
32.8354,-85.18,3862
32.8366,-97.1806,2866
32.8375,-116.9266,1909
32.8388,-115.572,2280
32.8392,-107.9602,1695
32.8394,-96.2595,1827
32.8406,-86.6262,2733
32.8415,-116.5107,2430
32.8422,-85.967,3126
32.8425,-116.7559,4699
32.8431,-85.2396,2611
32.8433,-104.4093,2376
32.8447,-83.6766,9047
32.8456,-86.6195,4369
32.8458,-97.1351,2876
32.846,-106.0959,3217
32.8462,-87.9003,3137
32.8468,-83.2133,2069
32.8471,-96.3912,3220
32.8472,-107.3203,807
32.8486,-96.7952,1744
32.8494,-97.0786,3644
32.852,-84.8516,1608
32.852,-81.0802,1777
32.8522,-104.4246,3063
32.8533,-97.8722,1369
32.8535,-96.4636,3192
32.8536,-82.9594,968
32.854,-100.4655,1291
32.8543,-97.3384,645
32.855,-116.9861,3692
32.8555,-86.1008,2480
32.8566,-116.9042,2390
32.8577,-96.97,7431
32.8586,-85.2078,2268
32.8591,-84.6344,2570
32.86,-110.7165,2352
32.86,-81.2385,893
32.8606,-97.2191,3870
32.861,-104.3971,278
32.8621,-90.4197,2761
32.8622,-90.408,2883
32.8624,-91.3912,1190
32.8648,-82.4028,1938
32.8649,-84.094,800
32.8652,-114.4369,1053
32.8656,-97.3652,2512
32.8665,-108.222,790
32.8674,-84.3356,841
32.8676,-81.1094,1929
32.8681,-86.0453,2793
32.8687,-88.3182,883
32.8692,-109.7908,1175
32.8696,-116.6279,3974
32.8711,-93.9862,2133
32.8711,-116.4247,1183
32.8718,-97.2515,1852
32.877,-95.7663,1272
32.8791,-87.7409,752
32.8794,-111.9628,1799
32.8812,-82.4723,965
32.8832,-101.1415,1091
32.8833,-81.6615,1191
32.8836,-105.9636,4217
32.884,-96.0833,551
32.884,-85.815,2650
32.8852,-116.945,1981
32.8861,-93.8827,1482
32.8862,-83.3336,2108
32.8872,-84.6786,1112
32.89,-100.1325,2088
32.8902,-105.5044,2798
32.8906,-86.1296,3001
32.8913,-89.9688,1026
32.8915,-97.1497,3289
32.8917,-84.3267,2804
32.8918,-84.4097,1990
32.8919,-109.8443,2453
32.8925,-105.9521,3364
32.895,-93.4515,1160
32.8955,-97.5392,2694
32.8964,-91.0467,953
32.8969,-86.2083,1651
32.8969,-94.5527,1266
32.8979,-92.2404,1627
32.8985,-85.1415,3263
32.8994,-85.4008,2702
32.8996,-96.0359,1526
32.9013,-80.6762,2395
32.9019,-111.738,4206
32.9027,-82.665,795
32.9052,-84.3245,2923
32.9069,-111.7635,9690
32.907,-93.6992,1141
32.9073,-90.8769,1079
32.9076,-95.9331,1207
32.9079,-80.6681,2590
32.909,-96.1313,1032
32.9093,-80.9359,1511
32.9098,-96.6303,6846
32.9099,-83.2998,1462
32.9119,-117.1305,23585
32.913,-84.1413,876
32.9132,-97.5877,840
32.9142,-102.4147,1709
32.9156,-80.0237,16716
32.9159,-96.5486,4136
32.9163,-109.1954,1300
32.9167,-85.9406,6161
32.9169,-86.7203,2192
32.9173,-107.7096,405
32.9179,-97.7397,2302
32.9179,-80.065,8017
32.9181,-96.4381,4939
32.9182,-112.8898,716
32.9193,-81.9444,1306
32.92,-92.6613,1261
32.9205,-91.6751,1055
32.9218,-107.5772,1326
32.9228,-97.5189,743
32.9228,-96.4111,111
32.9243,-81.1886,916
32.9258,-109.8231,833
32.9277,-107.3164,1313
32.9278,-96.8785,3130
32.9285,-95.5774,1232
32.931,-80.0022,2943
32.932,-92.6001,1397
32.9329,-97.2245,3890
32.9336,-102.1232,1097
32.9336,-111.5236,8296
32.9337,-105.8027,3565
32.935,-97.0759,5149
32.9362,-80.4803,1678
32.9366,-82.8121,1197
32.9371,-95.8634,1507
32.9373,-84.3409,1887
32.9374,-98.2475,770
32.9385,-83.7996,1244
32.9385,-105.6464,1845
32.94,-94.7091,1277
32.9403,-93.2932,2551
32.9413,-108.5705,2778
32.942,-102.5657,1094
32.9435,-85.9621,2841
32.9445,-103.3492,3038
32.9449,-87.1721,2694
32.9455,-94.0777,1502
32.9465,-103.3539,1991
32.9468,-88.2623,769
32.9469,-96.2403,1479
32.9488,-97.566,3298
32.9493,-96.3832,3168
32.9522,-105.7324,1161
32.9545,-97.1489,4243
32.9559,-95.2903,1756
32.9578,-111.3169,1501
32.959,-87.132,2791
32.9594,-81.2362,1652
32.9607,-84.2392,1852
32.9633,-96.9906,3448
32.9637,-96.8338,1894
32.9639,-117.2598,1190
32.9652,-101.8308,842
32.966,-108.6176,2907
32.9662,-112.7155,7285
32.9663,-93.1381,1995
32.9665,-97.3378,2722
32.9677,-93.4465,975
32.9679,-102.8322,1467
32.9679,-97.479,3945
32.9679,-79.6548,3782
32.9682,-89.9127,823
32.969,-96.5795,2833
32.9693,-97.6804,1582
32.9699,-82.807,2616
32.9707,-86.7331,3058
32.9716,-105.9397,2968
32.9719,-90.8283,923
32.9723,-96.7081,4853
32.9733,-93.4528,2467
32.9736,-93.9972,996
32.9751,-81.7615,1130
32.9755,-114.4682,1121
32.9759,-96.3147,4079
32.9778,-115.5359,1979
32.9779,-111.5273,1846
32.9785,-115.5286,2582
32.9789,-96.3244,2249
32.9792,-86.0346,893
32.9793,-88.5693,965
32.9806,-107.3075,899
32.9814,-82.6036,1586
32.9814,-90.5904,382
32.9817,-110.7617,796
32.9818,-82.8051,3219
32.9836,-85.2923,3143
32.9837,-90.324,624
32.9852,-84.582,1306
32.9855,-97.2038,2382
32.987,-83.883,1184
32.9877,-117.0218,5676
32.9894,-96.8999,5497
32.9913,-117.2581,1678
32.9914,-90.9569,1990
32.9916,-117.1866,2049
32.9925,-97.173,1812
32.9929,-82.3972,1725
32.9936,-89.0635,911
32.9938,-87.9072,823
32.9949,-80.0092,5980
32.995,-110.7799,1021
32.9961,-95.9407,957
32.9965,-87.6275,1950
32.9972,-91.3139,1069
32.9987,-94.6311,1434
32.9989,-93.8964,1082
32.9992,-94.9668,1723
32.9994,-104.3637,662
33.0019,-93.4615,2263
33.002,-83.5409,1809
33.0029,-86.2009,1863
33.0058,-80.1793,4316
33.0073,-92.7224,1007
33.0079,-80.1555,995
33.008,-81.3092,1652
33.0094,-116.7873,3720
33.0095,-80.108,2390
33.0098,-85.4748,2744
33.0106,-116.8042,1647
33.011,-94.3626,1706
33.0135,-97.4884,859
33.0141,-84.5071,1242
33.0147,-97.229,2383
33.0149,-99.0534,732
33.0164,-96.6082,2167
33.0167,-82.9725,934
33.0173,-85.3516,921
33.0189,-94.192,1081
33.019,-97.5754,4094
33.0196,-112.0809,2948
33.0212,-95.0175,578
33.0216,-89.7647,582
33.0217,-86.3091,2056
33.0221,-92.7236,968
33.0221,-91.0138,1935
33.0236,-90.8487,398
33.0239,-96.433,1880
33.0258,-117.1981,2352
33.026,-85.7845,2852
33.027,-85.0383,5905
33.0271,-108.1381,793
33.0291,-96.527,4177
33.0296,-109.284,3477
33.0304,-109.9613,2674
33.0305,-94.7259,1423
33.0309,-84.7163,1390
33.0314,-108.1688,483
33.0315,-108.6944,1955
33.0318,-111.3869,1480
33.0327,-80.1253,1294
33.0339,-81.7155,1614
33.0341,-80.8428,836
33.0346,-98.0688,1144
33.0347,-81.2239,1617
33.0353,-96.3706,1403
33.0356,-116.8723,2383
33.0361,-82.244,896
33.0362,-108.1893,388
33.0367,-85.0418,5093
33.0379,-97.1134,5880
33.039,-115.6224,709
33.0392,-83.9479,2071
33.0394,-83.9344,2726
33.0396,-111.5799,3841
33.0403,-92.1797,1567
33.0419,-111.9993,5918
33.0456,-83.2488,2002
33.0458,-116.8775,5629
33.0462,-96.8871,470
33.0462,-99.597,2217
33.047,-102.4274,529
33.0475,-96.5534,1087
33.0487,-84.1493,2235
33.0504,-84.1776,457
33.0506,-117.2636,3964
33.0507,-96.9746,5789
33.0508,-96.7479,7688
33.0514,-84.3105,643
33.0547,-85.9344,2718
33.0559,-97.5096,1752
33.0563,-84.1602,2189
33.0564,-110.9071,1491
33.0566,-111.661,2341
33.0568,-85.6343,2744
33.057,-91.5779,1208
33.0582,-89.5894,2493
33.0584,-109.3332,874
33.0586,-89.5846,2147
33.0589,-107.2982,1150
33.0594,-112.0145,3301
33.0597,-95.4752,954
33.0607,-86.0525,2314
33.0608,-92.149,1103
33.0608,-96.6252,2648
33.0619,-111.4683,2200
33.0625,-97.1074,1420
33.0631,-96.3166,1285
33.0658,-90.8726,728
33.0678,-80.9537,1610
33.0694,-111.414,7189
33.0715,-96.5668,792
33.0735,-116.5889,2550
33.0738,-97.2562,4027
33.0739,-90.7925,1403
33.0745,-96.2269,2063
33.075,-106.0173,1524
33.0755,-86.2607,4461
33.0757,-117.119,581
33.0775,-111.7629,2768
33.0785,-86.133,2619
33.0789,-97.4932,1946
33.0812,-117.1774,1292
33.0816,-86.8797,888
33.0818,-97.3142,1936
33.0819,-89.8573,1359
33.083,-83.2376,4039
33.0841,-82.2313,834
33.0843,-97.5632,1838
33.0847,-97.1492,2373
33.0849,-85.778,901
33.0857,-85.2398,1621
33.087,-79.4671,1357
33.0879,-83.2406,4087
33.0895,-80.8142,1159
33.0896,-96.9034,3398
33.0897,-97.0615,2136
33.09,-80.3072,1217
33.0901,-82.0127,2214
33.091,-84.3395,1975
33.0913,-82.0143,2124
33.0916,-85.527,1572
33.0921,-84.4388,833
33.0934,-97.119,1385
33.0937,-90.499,706
33.0948,-82.8049,511
33.0958,-84.5794,844
33.0967,-97.0971,1958
33.0973,-86.8663,2044
33.0973,-93.196,904
33.0985,-97.2304,356
33.0985,-81.0138,1602
33.0992,-79.9596,752
33.0998,-93.4618,905
33.1001,-93.6569,867
33.1007,-117.138,1594
33.1009,-98.5778,2148
33.1009,-98.5778,1968
33.101,-96.5812,3586
33.1022,-81.209,1503
33.1049,-110.7549,2356
33.1055,-97.1775,3088
33.1069,-86.5854,3933
33.1075,-97.2356,2413
33.1079,-92.3556,1147
33.1082,-84.4371,891
33.1091,-97.4346,3949
33.1092,-80.592,1460
33.1097,-96.673,4665
33.1109,-97.0347,2009
33.1119,-96.1103,5159
33.1126,-96.1023,3777
33.1132,-94.1676,3210
33.1137,-83.8084,1229
33.1155,-111.9081,3609
33.1158,-104.3319,1057
33.1159,-107.2945,633
33.1161,-84.1877,1318
33.1164,-111.7442,2357
33.1171,-90.0496,1412
33.1182,-87.1252,1989
33.1189,-91.264,1597
33.12,-111.8379,812
33.1205,-86.4378,1007
33.1212,-91.5464,917
33.1218,-86.127,3125
33.1221,-88.5567,1777
33.1221,-89.465,694
33.1223,-86.7456,4476
33.1224,-117.2086,1186
33.1228,-91.9581,2429
33.1229,-89.0549,3528
33.1234,-85.5686,1095
33.1237,-88.1593,1941
33.1247,-81.3425,1601
33.1261,-86.8477,3258
33.1277,-110.1149,1857
33.1278,-97.0228,1415
33.1287,-97.3079,1142
33.1293,-117.2842,5583
33.1295,-95.6041,2988
33.13,-94.1697,2369
33.1326,-117.1699,4501
33.1331,-117.074,5549
33.1338,-86.9379,3591
33.1346,-105.7999,3840
33.1351,-95.8385,890
33.1361,-96.9765,810
33.137,-88.3059,565
33.1378,-94.0591,911
33.1399,-111.9776,1564
33.1401,-91.957,2725
33.1405,-96.613,2706
33.1409,-100.2249,1301
33.1412,-111.9017,1947
33.1425,-105.8724,2249
33.1428,-111.7853,1854
33.1431,-95.6147,4115
33.1447,-97.0708,2531
33.1453,-85.3695,3930
33.1476,-95.9549,1049
33.1477,-85.214,1259
33.148,-92.017,3131
33.1481,-88.1757,301
33.1497,-96.9183,748
33.1498,-97.6886,1312
33.1502,-94.1532,1709
33.1532,-111.817,2052
33.1534,-82.625,390
33.1553,-95.1152,368
33.1554,-96.8226,7520
33.1554,-107.2534,2606
33.1582,-94.9745,4094
33.1585,-92.4454,1239
33.1598,-99.732,1722
33.1599,-85.2811,2284
33.1609,-96.3607,1840
33.1621,-97.035,1634
33.1638,-101.7951,1401
33.1654,-95.1112,801
33.1656,-98.3888,1041
33.167,-84.9028,2457
33.1672,-94.9763,3244
33.1681,-86.4428,3792
33.1687,-115.4856,1753
33.1693,-96.545,1462
33.1698,-86.2821,3985
33.1699,-87.3499,2033
33.1705,-96.9875,2197
33.1717,-97.2965,1667
33.1724,-84.8173,718
33.1735,-94.5425,690
33.174,-87.2266,2897
33.1741,-91.9317,2933
33.1754,-97.8748,1441
33.1755,-102.2734,2317
33.1761,-90.8529,1351
33.1774,-95.2244,1886
33.1776,-102.2725,1887
33.1783,-84.3576,1053
33.1786,-111.5628,7905
33.1799,-81.1853,805
33.1805,-90.4863,916
33.1819,-99.8933,758
33.1821,-99.1798,1171
33.1822,-96.5208,2606
33.1824,-107.2216,1856
33.1827,-94.7385,1094
33.1832,-90.2228,1078
33.1845,-96.5094,3412
33.1852,-84.212,541
33.1861,-80.5795,1532
33.1866,-86.2569,1285
33.1883,-102.8215,1111
33.1887,-86.2748,4086
33.1895,-117.2386,3955
33.1902,-108.2045,1166
33.1904,-86.3037,1233
33.1904,-96.786,11181
33.1909,-101.3815,1757
33.1915,-86.6156,3856
33.1915,-85.9298,2350
33.1916,-94.3519,2284
33.1925,-96.92,3907
33.193,-87.4549,1685
33.1934,-82.5287,732
33.1948,-104.3689,775
33.195,-97.1211,11138
33.1955,-96.0164,510
33.1962,-98.7435,1215
33.1973,-80.6417,1152
33.1973,-111.8723,1662
33.1978,-89.7821,678
33.1989,-89.3407,880
33.1998,-79.9866,3079
33.2,-92.4879,1648
33.2011,-96.6642,7507
33.2019,-94.679,1397
33.204,-87.5416,8525
33.2047,-107.21,610
33.2073,-97.831,620
33.2074,-82.3876,1607
33.2096,-84.7443,1621
33.21,-96.9327,1019
33.2104,-97.7725,2546
33.2115,-92.663,4087
33.2119,-96.5587,1087
33.2131,-80.4478,936
33.2144,-86.8231,4652
33.215,-111.87,2105
33.2169,-82.4672,1199
33.2174,-97.1413,8940
33.2175,-87.1484,2454
33.219,-92.6641,3655
33.2193,-86.8825,1346
33.2193,-82.3017,1704
33.2204,-96.9958,2359
33.2217,-82.7012,1104
33.2228,-81.1748,787
33.2236,-117.1198,2330
33.2246,-117.3063,5833
33.2248,-91.7972,1683
33.2253,-96.937,616
33.2257,-96.9081,894
33.2258,-98.1592,2441
33.2259,-97.587,2770
33.2284,-97.5917,2260
33.2286,-80.0386,1087
33.2293,-84.5687,814
33.2296,-117.1043,1759
33.2297,-87.4829,1615
33.2317,-82.601,919
33.2318,-117.392,2391
33.2327,-112.1594,1159
33.233,-117.0158,4757
33.2344,-87.5283,7180
33.2358,-88.2894,2531
33.2362,-82.2293,932
33.2367,-88.5781,1144
33.2371,-84.8301,2204
33.2376,-107.2762,4804
33.2378,-96.9568,1510
33.2379,-91.5109,940
33.2383,-110.7833,2241
33.2387,-115.5144,575
33.2394,-111.6133,5892
33.2398,-87.3315,2627
33.2408,-86.4911,2961
33.241,-116.3571,5982
33.241,-95.8989,2619
33.2413,-96.8124,4558
33.2416,-81.3661,2543
33.2432,-84.2719,3403
33.2434,-84.2326,1069
33.2438,-87.6813,1268
33.2441,-95.9016,1660
33.2443,-81.475,1824
33.2446,-84.2748,4797
33.2502,-100.5749,1183
33.2517,-80.8161,1616
33.2524,-83.9029,1270
33.254,-112.3665,12558
33.2554,-103.3108,1143
33.2576,-87.5964,3854
33.2578,-98.5219,1275
33.2591,-97.2191,1642
33.2594,-86.3272,1046
33.2619,-88.0951,1303
33.2621,-89.2896,942
33.2622,-93.8852,1057
33.2634,-90.5923,781
33.264,-94.111,611
33.265,-97.2249,1573
33.2657,-83.2752,1632
33.2699,-85.8337,2461
33.2705,-90.88,425
33.2716,-111.1242,3060
33.273,-112.1627,847
33.2739,-93.2298,2690
33.2748,-99.0021,2227
33.2749,-117.1919,3351
33.2767,-93.2262,3303
33.2775,-96.9898,1145
33.2779,-82.9698,1222
33.2798,-108.8809,1120
33.2798,-85.0986,1628
33.2805,-81.2447,1591
33.2828,-111.8518,7357
33.283,-111.305,2833
33.2834,-86.8792,4290
33.2859,-79.6946,707
33.286,-84.2746,1566
33.2864,-84.7696,863
33.2883,-87.1327,1316
33.2885,-96.5576,3074
33.2897,-96.1945,1053
33.2904,-83.9582,1972
33.2905,-96.9879,1503
33.2923,-82.0957,4008
33.2923,-89.3993,899
33.2924,-83.9678,2239
33.2926,-86.3409,3188
33.2933,-84.4514,1886
33.2959,-83.6866,1852
33.2961,-97.7986,1119
33.2968,-112.1625,1416
33.2973,-104.4512,1431
33.2984,-96.3988,1019
33.2989,-91.4964,559
33.2994,-115.9609,4204
33.3001,-81.0312,1717
33.3023,-88.6253,1074
33.3031,-82.2074,1533
33.3031,-87.0267,5277
33.3033,-110.459,2122
33.3072,-117.331,2977
33.3072,-92.9502,1517
33.3077,-84.5548,2254
33.308,-85.4865,1697
33.3085,-112.1974,1371
33.3085,-96.9791,1748
33.309,-86.6351,5186
33.3103,-111.7431,7530
33.3114,-89.1701,1372
33.3128,-85.7523,2823
33.3132,-112.3289,6280
33.3136,-79.9539,1579
33.3137,-81.1338,1794
33.3142,-99.8565,531
33.3176,-108.8752,1127
33.3177,-86.4284,4258
33.3193,-101.7275,730
33.3199,-92.662,1298
33.3206,-84.0373,1036
33.3218,-86.7422,5654
33.3221,-79.9886,1391
33.3223,-87.9037,1638
33.323,-96.7988,6312
33.323,-84.6387,1147
33.323,-90.2355,892
33.3234,-99.6737,631
33.3244,-80.4131,1038
33.3258,-83.3889,4112
33.3269,-101.9117,909
33.3284,-92.5402,940
33.3286,-81.792,1703
33.3291,-95.5361,1081
33.3292,-91.2848,1404
33.3299,-94.3461,1109
33.33,-96.6659,1924
33.3312,-105.5968,1768
33.3313,-96.5619,3738
33.3325,-89.7526,1330
33.3346,-112.7747,1375
33.3371,-84.6509,894
33.3377,-102.2059,1151
33.339,-84.1922,1928
33.3407,-112.4439,2813
33.3417,-118.3297,990
33.3424,-84.2935,1057
33.3433,-118.3176,1542
33.3446,-110.4777,2659
33.3452,-89.0458,1031
33.3458,-84.7767,1526
33.3461,-107.6487,588
33.3461,-110.8012,2001
33.3477,-110.9997,2236
33.3478,-81.2949,2714
33.3479,-93.2084,1022
33.3481,-84.1025,3190
33.3482,-96.5535,3844
33.3483,-80.6843,985
33.3495,-105.6688,3647
33.3511,-110.7062,1668
33.3519,-93.2954,1345
33.3537,-117.2251,4632
33.3542,-90.5912,1090
33.355,-93.4979,1586
33.3556,-115.7269,740
33.357,-97.696,1120
33.3573,-93.4356,985
33.3575,-91.8511,684
33.3583,-94.2562,1281
33.3584,-110.6593,825
33.3595,-105.6556,3731
33.3601,-97.1741,1903
33.3601,-93.584,1331
33.361,-93.7142,850
33.3612,-86.7469,1788
33.3626,-112.2268,2126
33.3629,-95.1023,794
33.3629,-84.407,821
33.3633,-111.4522,2547
33.3635,-100.6597,1094
33.3636,-92.7314,1894
33.3639,-111.423,4862
33.3639,-117.0678,2145
33.3641,-98.7585,1292
33.3648,-96.4593,1812
33.3655,-82.0734,15786
33.3665,-111.9632,812
33.3668,-110.7746,1562
33.3673,-86.534,4044
33.3678,-87.1007,369
33.3685,-96.072,962
33.3689,-85.1037,1644
33.3698,-104.5271,4551
33.3705,-79.2999,2761
33.3706,-79.1758,1843
33.3709,-86.9715,5788
33.372,-95.6907,1098
33.3722,-80.8362,829
33.3724,-79.2808,2401
33.3734,-104.5294,4950
33.3741,-114.6763,4012
33.3742,-117.2204,3803
33.3751,-86.8094,6399
33.3756,-85.3974,1134
33.3758,-84.7773,4048
33.3759,-116.0115,504
33.3775,-93.8824,2335
33.3777,-84.299,3006
33.3777,-81.0079,454
33.3783,-88.0173,2570
33.3787,-90.3462,696
33.3801,-110.7572,587
33.3802,-99.8438,644
33.3807,-81.3805,930
33.3821,-97.1654,3114
33.3828,-111.5405,6121
33.3831,-86.4025,4119
33.3832,-96.2465,1374
33.3835,-91.0523,4709
33.3845,-108.8944,1638
33.3853,-112.5827,2533
33.3871,-86.0411,1522
33.3884,-111.9318,5741
33.3909,-110.8139,2591
33.3915,-92.7922,443
33.3919,-84.5707,4552
33.3936,-110.7411,3874
33.3951,-110.8724,857
33.3952,-86.7044,1895
33.397,-79.9637,1757
33.3972,-91.4705,385
33.3976,-86.6479,1759
33.3978,-80.3428,890
33.3983,-96.9555,2550
33.3985,-83.5894,1023
33.3988,-91.0418,3720
33.4002,-110.8152,1265
33.4006,-111.7165,10813
33.4009,-86.6768,1350
33.4011,-88.934,1172
33.4017,-81.4219,2717
33.4026,-79.9252,1486
33.4031,-88.2392,1804
33.4038,-116.0392,759
33.4048,-90.8909,1719
33.4061,-110.8419,1024
33.4069,-108.7996,1215
33.4069,-85.2568,1745
33.4077,-82.6651,1324
33.4079,-90.2081,320
33.4086,-87.0166,4061
33.4099,-117.1394,3019
33.4133,-102.1551,547
33.4141,-88.2161,684
33.4152,-82.3865,820
33.4163,-96.8208,4001
33.4167,-88.6423,880
33.4176,-99.8157,829
33.418,-85.4883,2069
33.4196,-81.6824,1913
33.4196,-112.8676,699
33.4209,-93.0696,1507
33.4217,-96.5832,2140
33.4238,-90.9216,1255
33.4238,-94.127,1569
33.426,-86.9261,985
33.4263,-96.3446,1242
33.4271,-90.8807,511
33.4278,-114.7271,691
33.4281,-79.125,760
33.4284,-95.9482,1281
33.4286,-81.8903,2014
33.4308,-86.6109,2039
33.4309,-110.7465,2462
33.4316,-112.6416,18054
33.4318,-86.0995,4634
33.4336,-96.1651,573
33.4345,-80.921,600
33.4346,-101.6467,1506
33.4351,-86.0963,2883
33.4353,-82.3161,2331
33.4363,-93.9871,5884
33.4364,-80.4202,647
33.438,-86.6853,1508
33.439,-95.8531,719
33.4396,-86.9454,1080
33.4405,-89.5603,1557
33.4405,-85.6759,2534
33.4406,-94.0684,7412
33.4422,-86.461,4347
33.4422,-84.151,3321
33.4437,-84.3189,1548
33.4455,-101.6509,2110
33.4459,-83.5006,938
33.4462,-90.6486,2053
33.4468,-97.7673,2018
33.4471,-99.6239,1085
33.4472,-94.1345,1921
33.4474,-92.1715,938
33.4484,-112.256,2174
33.4489,-90.6438,2658
33.4491,-84.4728,3269
33.4491,-117.6131,3890
33.4492,-94.085,5136
33.4494,-90.5063,1033
33.4495,-79.566,1350
33.4498,-81.1267,808
33.4498,-82.208,2085
33.4503,-91.8496,1143
33.4506,-91.0018,909
33.4508,-82.6496,808
33.451,-88.7918,1342
33.4519,-89.4375,964
33.4522,-116.8555,3348
33.4532,-88.8164,3996
33.4534,-98.9294,709
33.4548,-79.1317,3746
33.4552,-85.3231,2197
33.4553,-86.9224,1480
33.4566,-85.1304,807
33.4573,-88.3432,2037
33.4575,-102.4908,1119
33.4581,-94.4163,1756
33.4586,-86.8097,2610
33.4589,-86.5292,4092
33.4589,-84.3378,930
33.4611,-94.4191,1870
33.462,-87.0404,1666
33.4625,-86.7395,4064
33.4627,-82.706,819
33.4633,-88.8278,4784
33.467,-94.2113,1023
33.468,-112.3639,10257
33.468,-99.5236,1093
33.4693,-82.4951,1988
33.4698,-95.2135,1080
33.4707,-94.2865,1311
33.4709,-110.8161,2578
33.4721,-96.9157,1274
33.4744,-79.1146,3042
33.4748,-86.9194,1690
33.4753,-86.7842,20490
33.4755,-117.6931,2312
33.4761,-84.5945,3211
33.4766,-100.8502,1149
33.4772,-87.0812,1577
33.4773,-97.1569,1405
33.4779,-80.8993,2084
33.48,-82.5007,2614
33.4803,-83.0363,2063
33.4809,-81.5137,849
33.4833,-84.3655,1613
33.4843,-97.0848,702
33.4846,-80.49,1436
33.4851,-94.1615,1224
33.4853,-82.0018,15011
33.488,-112.9308,1061
33.4903,-89.7293,3338
33.4915,-86.7345,3254
33.4919,-80.8285,1570
33.4921,-84.9143,1511
33.4931,-117.1317,5536
33.4936,-80.8669,2726
33.494,-86.9781,2846
33.4952,-86.5402,3984
33.4967,-81.2795,1197
33.4999,-111.9632,30258
33.5009,-90.3243,1078
33.5009,-117.6544,3449
33.5018,-112.3595,1644
33.5024,-91.0603,1453
33.5025,-80.8628,4683
33.5028,-81.9111,1859
33.5056,-89.9218,819
33.5074,-94.6165,1062
33.5075,-96.6155,2028
33.5082,-88.4071,4546
33.509,-102.0051,2002
33.5099,-92.4001,674
33.5112,-96.3949,1229
33.5114,-93.567,303
33.5125,-90.199,3189
33.514,-117.5618,5583
33.5146,-115.911,3036
33.5152,-81.835,968
33.5152,-88.4026,4071
33.5155,-90.1759,2967
33.5161,-83.6957,1147
33.5161,-93.2937,1147
33.5173,-90.3444,1216
33.5174,-83.7346,963
33.5186,-86.9385,937
33.5186,-89.9194,510
33.5187,-116.8121,2452
33.5203,-96.4842,1092
33.5204,-82.1012,3458
33.5208,-80.8384,1733
33.5208,-84.3547,1571
33.5211,-81.8647,2131
33.5233,-81.9566,4200
33.5238,-114.653,1184
33.5251,-79.8797,1805
33.5259,-85.339,1143
33.5262,-91.4323,1679
33.5268,-81.8131,1730
33.5272,-86.797,11011
33.5275,-116.1261,4024
33.5276,-85.9538,1476
33.5287,-117.7013,3485
33.5291,-95.3174,958
33.53,-80.5708,936
33.53,-84.2343,3966
33.5301,-86.9528,978
33.5302,-87.0312,2772
33.5303,-101.6853,807
33.5313,-96.6891,1111
33.5313,-85.6529,3204
33.5316,-81.7251,4235
33.5323,-91.5724,1157
33.5331,-112.1899,7446
33.5336,-112.4463,2021
33.5337,-101.6976,1115
33.5348,-92.4666,1644
33.5352,-79.3523,916
33.536,-84.6738,3125
33.5363,-91.3237,969
33.5364,-81.1236,1186
33.5378,-85.254,1674
33.5382,-105.7119,2505
33.5389,-89.1259,1436
33.539,-86.9401,740
33.5392,-105.5982,1639
33.5393,-81.9336,1670
33.5399,-86.6591,3778
33.5408,-117.1388,11136
33.5409,-83.0849,1000
33.5422,-80.4141,2740
33.5426,-89.2793,1784
33.5434,-117.7618,2708
33.5443,-90.5373,707
33.5456,-95.7249,844
33.5468,-86.5714,4336
33.547,-81.8017,946
33.5478,-84.5873,3728
33.5491,-117.6417,2019
33.55,-87.0,1499
33.5512,-94.7801,885
33.5522,-111.9613,3561
33.5531,-81.1195,805
33.5542,-89.081,1265
33.5546,-82.8967,1603
33.5559,-88.0824,2127
33.5563,-86.9723,856
33.557,-97.8461,2133
33.5573,-79.0572,2456
33.5575,-101.8953,9360
33.558,-80.715,1605
33.5582,-114.2435,4920
33.5594,-96.9072,902
33.5603,-86.2636,4540
33.5606,-97.8482,1886
33.5616,-116.6961,4770
33.5619,-101.8889,10865
33.5627,-82.7954,802
33.5636,-83.1891,2386
33.5636,-93.393,1573
33.5639,-84.411,1902
33.5647,-81.8092,1660
33.5648,-95.9985,674
33.5657,-80.2153,3512
33.5662,-117.6652,11615
33.5669,-81.3037,794
33.5676,-82.1406,4564
33.5677,-92.8491,3691
33.5684,-83.3612,813
33.5707,-97.0131,1569
33.571,-82.3102,2696
33.5722,-112.0901,20672
33.5732,-117.191,5402
33.5737,-86.9,2358
33.5737,-83.8948,1400
33.575,-116.0715,718
33.5757,-96.0755,1208
33.5758,-92.2671,557
33.5766,-116.0647,2388
33.577,-98.4349,1437
33.5783,-84.3356,1697
33.579,-83.476,2703
33.5792,-117.7289,2389
33.5793,-96.2731,984
33.5802,-86.1279,4600
33.5802,-79.99,1004
33.5807,-87.9855,1623
33.5811,-84.7459,6931
33.5815,-102.3641,2901
33.5818,-94.9131,813
33.5818,-85.0833,4360
33.5826,-102.3664,2299
33.5833,-86.2861,3396
33.5836,-99.7929,931
33.5837,-88.9494,1312
33.5838,-117.6237,1441
33.585,-112.3049,1107
33.5857,-92.8567,3018
33.5859,-94.0469,563
33.5873,-96.1815,2036
33.5874,-102.1635,810
33.588,-93.2869,1909
33.588,-96.1901,2847
33.5881,-95.9086,1568
33.5888,-85.0632,5327
33.5902,-112.3271,2857
33.5908,-83.4689,1988
33.5912,-117.6976,2324
33.5917,-79.0066,2099
33.5927,-98.6268,1393
33.5927,-102.3006,430
33.5929,-86.7663,2291
33.5938,-84.5626,4027
33.5941,-116.9104,7502
33.5945,-91.076,606
33.5952,-99.2585,1552
33.5957,-114.7316,1883
33.5964,-85.8682,5129
33.597,-117.5865,2535
33.5973,-117.8904,4429
33.5995,-117.1065,2994
33.5996,-102.6134,697
33.5998,-96.366,810
33.6011,-81.946,1301
33.6015,-80.3526,1057
33.6015,-90.772,958
33.6023,-86.9715,4649
33.6034,-86.4938,4496
33.6054,-95.8034,689
33.6054,-83.8466,3614
33.6062,-88.6576,4150
33.6065,-84.3412,1236
33.6067,-89.2791,896
33.6078,-111.7384,4089
33.6084,-88.6486,2322
33.6084,-92.745,792
33.6089,-91.2049,637
33.6091,-114.5792,2261
33.6093,-117.6565,3816
33.6097,-78.9775,1267
33.6109,-92.0695,2291
33.611,-95.0563,1582
33.6118,-92.0677,2408
33.6121,-117.7303,1660
33.6126,-93.8138,383
33.6142,-114.483,3135
33.6155,-112.2831,3448
33.6164,-81.103,844
33.6164,-86.2044,2673
33.6165,-96.4127,1323
33.6173,-117.2583,4424
33.6174,-86.8014,3163
33.6181,-103.0182,542
33.6182,-84.8624,1500
33.6188,-85.8461,928
33.6188,-83.075,1275
33.6202,-110.9998,1991
33.6205,-84.3582,2757
33.6213,-100.8368,889
33.6215,-116.2088,3641
33.6226,-100.3284,1211
33.6231,-96.7082,1525
33.6235,-95.7001,779
33.624,-97.3147,649
33.6248,-91.7937,2974
33.6257,-83.6097,1646
33.6262,-116.1308,2782
33.6264,-91.9293,1125
33.6272,-91.7936,2533
33.6276,-88.4454,1123
33.6278,-91.395,2352
33.6279,-93.2328,892
33.6283,-81.3081,888
33.6284,-83.8723,1332
33.6286,-96.6267,6188
33.6286,-96.6267,5634
33.6292,-92.3533,661
33.6307,-110.9411,708
33.6316,-89.7154,923
33.6323,-117.599,3265
33.6335,-98.0163,833
33.6338,-86.9414,3638
33.6346,-86.9063,2281
33.6357,-84.5834,8749
33.6368,-80.0607,1370
33.6374,-97.1389,2807
33.6386,-97.1484,3989
33.6397,-90.3494,975
33.6413,-101.2377,1319
33.6414,-84.4635,3034
33.6423,-84.3343,1262
33.6423,-97.2197,1160
33.6426,-85.181,2829
33.6433,-105.8411,2626
33.6439,-86.6846,2264
33.6447,-84.9284,1836
33.6461,-116.2753,5394
33.6461,-83.7128,3477
33.6466,-86.6419,1241
33.6473,-86.9306,415
33.6473,-98.4688,2551
33.6474,-85.5693,3646
33.6481,-97.0385,305
33.649,-117.3668,2689
33.651,-113.4091,4471
33.6513,-81.3626,1058
33.6515,-85.8766,1843
33.6516,-91.0087,896
33.6516,-87.9286,1069
33.653,-97.3757,1475
33.653,-108.7876,912
33.6535,-114.6218,4674
33.6539,-95.6495,374
33.6549,-117.6758,3712
33.6552,-86.5632,5423
33.6574,-111.1271,1489
33.6575,-83.9838,3114
33.6582,-82.166,1623
33.6596,-96.9037,1660
33.6599,-90.5214,795
33.6602,-95.2664,1143
33.6607,-91.0518,454
33.6609,-84.4094,1401
33.6609,-93.8323,532
33.6624,-101.6837,913
33.6633,-95.3837,1451
33.6642,-95.5327,3801
33.6646,-80.7788,1259
33.6653,-97.721,1026
33.6655,-93.5917,2547
33.6655,-83.1181,2023
33.6659,-117.9123,3610
33.6666,-95.4798,1839
33.6667,-87.6093,2979
33.6672,-79.8287,1619
33.6675,-114.217,5470
33.6677,-85.7072,3099
33.6682,-93.5889,2968
33.6683,-85.8339,8065
33.6687,-81.112,805
33.6689,-95.5466,5386
33.669,-79.1169,1862
33.6693,-86.8755,2769
33.6703,-101.5361,887
33.6705,-96.2409,996
33.6706,-95.4287,364
33.6707,-114.2198,1642
33.6708,-112.4525,9545
33.6711,-84.4734,3485
33.6714,-112.3572,3136
33.6717,-112.623,1522
33.6721,-113.9379,2387
33.6729,-86.4639,2846
33.6734,-87.0406,1243
33.6735,-85.8109,6148
33.674,-86.8085,4355
33.6745,-94.1266,2426
33.6746,-108.7795,1359
33.6782,-117.594,2450
33.6784,-117.7713,7355
33.6788,-101.3846,1055
33.6801,-96.8469,934
33.6807,-84.1453,5556
33.682,-108.8582,590
33.6836,-88.326,1526
33.6839,-79.8219,2066
33.6843,-111.8614,12316
33.686,-117.3354,5617
33.6874,-79.0089,3320
33.6879,-83.9907,600
33.6883,-117.2635,1790
33.6893,-96.6185,518
33.6899,-117.1844,6189
33.6901,-101.9893,1156
33.6904,-116.1431,4966
33.691,-86.5053,2970
33.6913,-89.7525,1931
33.6933,-80.2182,1788
33.6933,-80.2168,1556
33.6942,-87.8312,2655
33.695,-97.5231,942
33.6951,-108.7645,671
33.6966,-86.6082,3049
33.6971,-93.5324,1072
33.698,-118.0038,4716
33.6987,-97.0159,1299
33.6999,-116.3295,3434
33.7009,-86.4234,3396
33.7017,-91.4458,409
33.7019,-93.0238,2093
33.7026,-85.1892,1230
33.704,-90.7974,1844
33.705,-84.0377,647
33.7065,-90.7249,1103
33.7067,-117.3343,1075
33.707,-84.312,1521
33.7083,-84.2745,1739
33.709,-108.7614,678
33.7091,-117.6297,1285
33.7093,-86.6636,3138
33.7104,-78.886,4393
33.7106,-117.9511,2735
33.7107,-116.7233,1246
33.7108,-85.1519,2967
33.711,-91.4518,804
33.7114,-85.8537,3168
33.713,-84.1062,875
33.7143,-87.3887,1594
33.7146,-117.0774,2571
33.7159,-85.1424,2466
33.7169,-83.8043,800
33.7188,-94.0093,1337
33.7195,-94.3977,1277
33.7209,-89.0587,1937
33.7215,-82.2174,1812
33.7225,-93.4662,1090
33.7242,-78.9678,1739
33.7248,-102.7592,1114
33.7249,-90.5503,1441
33.7258,-117.2851,2360
33.7262,-84.2709,2396
33.7266,-111.6758,1889
33.7277,-92.6187,1153
33.7281,-87.0813,2554
33.7284,-84.9167,3475
33.7289,-117.6394,683
33.7293,-113.8254,10855
33.7294,-93.6208,195
33.7295,-85.4312,908
33.7301,-116.941,2070
33.7309,-117.8106,3028
33.7316,-116.236,5230
33.7322,-79.5131,878
33.7323,-87.2801,1314
33.7323,-101.8445,1387
33.7332,-85.0273,2369
33.7334,-111.6782,1588
33.7341,-116.9968,4912
33.735,-117.0782,1075
33.7351,-93.1246,1384
33.7352,-82.7423,2519
33.7363,-117.8829,4751
33.7367,-85.2874,2875
33.7368,-84.7011,4347
33.7376,-116.3641,4698
33.7377,-83.5139,1548
33.7378,-115.3666,5008
33.7385,-118.3697,3333
33.7387,-84.1671,2582
33.7387,-94.148,1027
33.739,-80.3586,931
33.7392,-102.3278,957
33.7396,-80.462,940
33.74,-81.1045,1312
33.7405,-86.4841,2816
33.7406,-81.8409,1031
33.7417,-89.3752,1081
33.7423,-90.7252,2605
33.7434,-116.8888,2384
33.7435,-116.2873,1559
33.7437,-93.9043,1458
33.744,-90.7285,2499
33.7442,-116.7307,3364
33.7451,-117.9848,709
33.7459,-117.1132,1876
33.7462,-86.8008,1702
33.7466,-88.4076,1612
33.7471,-88.4428,1712
33.7479,-83.85,1534
33.7482,-117.6285,2171
33.7483,-86.1359,3720
33.7485,-116.3466,11187
33.7486,-84.9235,3981
33.7489,-84.2598,2009
33.7493,-87.0469,2180
33.7494,-112.3367,2444
33.7505,-91.9985,1897
33.7516,-93.1012,1388
33.7523,-117.9939,2877
33.7533,-79.4463,844
33.7544,-118.0713,3053
33.7544,-116.9614,5530
33.7549,-83.1726,1401
33.7562,-92.2404,1625
33.758,-117.4672,3993
33.7588,-88.1143,2204
33.7591,-85.8094,1688
33.7591,-80.2249,1937
33.7593,-85.6885,3247
33.76,-118.3472,1570
33.7608,-85.872,3030
33.7618,-87.1994,2193
33.7622,-81.3595,2170
33.7629,-84.4227,10562
33.7635,-117.7947,2329
33.7638,-116.4304,4567
33.7642,-89.9732,1979
33.7648,-117.1571,1481
33.7648,-94.2622,1344
33.7654,-89.8084,2423
33.7664,-78.9135,3723
33.7669,-96.5807,4891
33.7672,-78.8533,13436
33.7687,-84.2647,1004
33.7696,-96.3544,388
33.7703,-96.6713,1613
33.7706,-117.2772,3042
33.7711,-84.2958,1949
33.7729,-93.6833,911
33.7741,-91.4737,640
33.7743,-118.4258,1984
33.7749,-92.4877,1260
33.775,-112.5251,892
33.7753,-96.4071,313
33.777,-86.8002,2457
33.7778,-113.606,5242
33.778,-79.0151,3006
33.7784,-118.3274,1717
33.7788,-117.9605,3847
33.7789,-110.0382,2070
33.7791,-116.2982,1485
33.7797,-89.0507,684
33.7805,-90.7232,846
33.7808,-118.1682,6463
33.7814,-89.8115,4974
33.7825,-84.6485,3334
33.7836,-97.7302,1523
33.7841,-84.3292,1568
33.7849,-81.2597,1742
33.7853,-81.9286,1889
33.7862,-112.308,12070
33.7866,-82.2174,775
33.787,-117.8613,4600
33.7875,-97.1392,1359
33.7882,-109.9586,1366
33.7887,-118.0803,1134
33.7898,-86.0291,2201
33.7898,-117.2222,5101
33.7901,-83.6174,1232
33.7901,-109.9886,960
33.7901,-78.749,724
33.7905,-90.9801,618
33.7907,-84.2058,442
33.7913,-82.9085,919
33.7922,-90.8591,356
33.7927,-82.4784,1702
33.7933,-118.3175,1256
33.7954,-84.266,1656
33.7964,-83.7159,3285
33.7969,-118.0612,1818
33.7975,-83.7187,3594
33.7989,-116.9959,4618
33.8002,-117.9934,1599
33.8005,-85.1798,1108
33.8011,-109.9461,823
33.8011,-117.1414,2362
33.8034,-116.5383,8828
33.8035,-118.1697,1343
33.8036,-78.7177,365
33.8042,-84.1714,1167
33.8043,-93.3912,2300
33.807,-86.5939,3663
33.8073,-84.2889,2012
33.809,-95.499,2450
33.8101,-85.7552,2999
33.8101,-90.5304,962
33.8107,-109.921,1304
33.8107,-102.1622,774
33.811,-108.6677,1451
33.813,-84.5769,5470
33.8135,-84.2418,1233
33.8142,-79.4443,1307
33.8143,-98.6896,1435
33.8143,-98.1928,2052
33.8143,-97.9424,1118
33.8149,-86.8157,2839
33.8149,-112.581,502
33.815,-116.3545,4413
33.8168,-80.3914,2596
33.8175,-108.9412,2141
33.8177,-83.8011,1003
33.818,-81.0997,2093
33.818,-117.8113,1309
33.8181,-93.8969,891
33.8182,-92.417,2355
33.8185,-118.0383,2335
33.8187,-86.7465,1504
33.8187,-83.4382,825
33.8189,-86.7147,803
33.8195,-84.3267,1801
33.8198,-84.6438,2292
33.822,-78.703,4300
33.8221,-87.0829,629
33.8231,-118.2937,1367
33.8232,-111.9133,2695
33.825,-117.3683,3624
33.8268,-101.8521,1625
33.8276,-90.2927,345
33.8283,-88.5547,3157
33.8285,-117.1233,1639
33.8288,-83.5016,1412
33.8291,-94.1233,1797
33.8292,-98.5403,723
33.8305,-118.3566,4113
33.8305,-118.0735,883
33.8308,-94.3542,926
33.8325,-113.5432,3510
33.8331,-93.126,439
33.8333,-117.2852,3967
33.8334,-81.8048,1470
33.8339,-90.8895,243
33.8341,-80.3489,2492
33.8345,-79.0492,4775
33.8349,-84.3377,45879
33.8352,-86.27,3980
33.8353,-96.3888,606
33.8355,-116.4631,4305
33.8362,-111.9821,5576
33.8365,-83.8961,2470
33.8382,-117.5222,1465
33.8391,-90.7264,894
33.8398,-109.9608,3596
33.8404,-118.2496,3930
33.8409,-94.657,1149
33.8411,-116.2485,4245
33.8433,-111.3016,5146
33.8452,-84.2021,4083
33.8453,-81.6612,1225
33.8455,-109.1437,683
33.8464,-89.4159,967
33.8466,-93.7208,520
33.8467,-84.1322,2185
33.8468,-112.127,2555
33.8471,-118.1219,2783
33.8472,-80.7656,3080
33.8477,-96.8149,1532
33.8486,-97.6349,2071
33.849,-82.2638,781
33.8495,-118.4008,2260
33.85,-81.6099,754
33.8506,-118.0396,1212
33.8509,-87.2631,3711
33.8511,-87.2683,4923
33.8546,-113.9129,4683
33.8554,-96.557,1398
33.8555,-85.6691,2188
33.8555,-117.7587,6438
33.8559,-112.6129,895
33.8573,-81.7313,800
33.8574,-118.0074,2946
33.858,-92.2978,962
33.8584,-96.5076,1059
33.8589,-89.2878,1208
33.8592,-84.4678,1605
33.8593,-89.3146,1394
33.8597,-83.4048,1650
33.8602,-91.0435,2113
33.8602,-84.0063,2941
33.8603,-108.615,2600
33.862,-117.5655,5735
33.8626,-84.5161,3651
33.8631,-84.3375,3177
33.8637,-81.1918,2374
33.8644,-84.6812,2561
33.8655,-96.6635,2037
33.8663,-77.9809,1796
33.8667,-103.1252,1757
33.867,-82.7421,1507
33.8672,-79.76,2140
33.8676,-118.0806,1156
33.8677,-79.7539,2118
33.8677,-118.0695,2682
33.8698,-118.4053,1084
33.8701,-83.1102,672
33.871,-101.5973,817
33.8713,-93.5782,905
33.8725,-117.4625,2442
33.873,-109.9763,1340
33.8745,-96.1552,1840
33.8753,-98.3492,900
33.8759,-117.611,707
33.8767,-116.953,5001
33.8768,-86.6471,1792
33.8773,-97.4291,471
33.8777,-93.9214,1326
33.8779,-80.6949,1001
33.8783,-117.5115,1123
33.8789,-117.3687,3066
33.8799,-86.8247,2172
33.8806,-78.6405,2939
33.8807,-90.7279,850
33.8809,-80.5159,2648
33.8811,-84.3017,2518
33.8812,-117.8548,2356
33.8822,-89.1778,1058
33.8826,-112.0861,6801
33.8832,-83.1554,980
33.8834,-91.4856,1548
33.8837,-85.4141,3682
33.884,-91.4867,1601
33.8848,-88.2366,681
33.8853,-80.3376,1388
33.8857,-117.928,4299
33.8862,-79.3718,1031
33.8876,-78.4621,1766
33.8878,-118.1273,2246
33.8882,-93.2062,528
33.8884,-118.3531,1275
33.889,-117.7721,4056
33.8892,-117.2777,3139
33.8895,-80.0161,1051
33.8897,-108.5202,2640
33.8901,-79.0505,1294
33.8901,-97.2924,3774
33.8902,-118.3357,954
33.8906,-84.1369,2359
33.8908,-83.9581,1419
33.8908,-84.7505,1801
33.8908,-94.8266,1854
33.8908,-86.018,3969
33.8911,-81.2362,2246
33.8912,-88.1266,2541
33.8912,-116.355,4478
33.8914,-110.1957,3748
33.8918,-106.8799,1194
33.8921,-87.7327,2320
33.8923,-78.5073,2360
33.8927,-80.442,1730
33.8937,-91.2571,406
33.894,-118.2275,2875
33.8944,-118.3075,2192
33.8945,-86.7442,1883
33.8946,-86.4226,1160
33.8948,-118.1956,823
33.895,-87.5221,2131
33.8962,-89.0035,2466
33.8966,-97.9382,592
33.8985,-113.9964,10596
33.8989,-118.1666,1974
33.8992,-100.8561,936
33.9002,-80.8568,3689
33.9009,-118.4207,1801
33.902,-92.4332,1777
33.902,-118.009,2540
33.9023,-81.0926,1930
33.9028,-87.5566,915
33.9043,-118.2678,1809
33.9044,-98.5188,6472
33.9053,-91.4984,315
33.9059,-78.0487,1565
33.9059,-78.0487,3563
33.9066,-96.2217,615
33.9067,-98.5258,7715
33.9074,-94.8222,3705
33.9076,-118.0835,2829
33.9076,-86.5161,949
33.9079,-96.534,1175
33.9079,-78.5731,1546
33.9081,-78.5438,2452
33.9083,-84.2699,2030
33.9088,-81.5291,2144
33.9095,-81.1375,1647
33.9104,-118.4251,2120
33.912,-78.3208,1581
33.9123,-90.7529,493
33.9127,-116.7828,2009
33.9128,-82.2876,1828
33.9133,-78.1198,3986
33.9133,-81.5281,2600
33.9148,-118.3481,2240
33.915,-83.2184,1188
33.9156,-84.8416,2605
33.916,-93.1539,1414
33.9162,-106.87,611
33.9162,-98.4014,1325
33.9167,-102.3339,1572
33.9167,-118.3693,912
33.9172,-92.85,1032
33.9173,-79.7441,808
33.9179,-116.4796,2548
33.9192,-102.3348,2276
33.9195,-93.6368,780
33.92,-84.5444,1268
33.9208,-118.2369,1176
33.9223,-116.4401,1367
33.9231,-87.6229,1091
33.9233,-117.2057,6504
33.9235,-118.3033,1050
33.924,-118.2017,1998
33.9241,-81.391,1495
33.9244,-117.9887,948
33.9246,-81.4226,1108
33.9252,-117.8651,3229
33.9255,-117.552,3380
33.9259,-103.3385,1462
33.926,-102.1542,1242
33.9269,-80.2929,1653
33.9275,-80.3944,6894
33.9276,-85.6153,2846
33.9279,-117.9516,2497
33.9288,-86.0842,4598
33.9295,-81.2339,3215
33.9308,-96.4291,2090
33.9315,-84.3689,5576
33.9321,-78.284,4025
33.9331,-118.0308,2098
33.9333,-78.0085,1829
33.9336,-118.0626,2702
33.9345,-96.6364,597
33.9347,-87.7913,3829
33.9354,-88.0218,1945
33.9356,-116.6872,2854
33.9362,-97.1247,1463
33.9362,-79.9318,911
33.9365,-95.5179,1244
33.9374,-84.2056,2250
33.9374,-113.1673,1160
33.9376,-98.5981,1466
33.9379,-83.71,1458
33.9381,-118.3585,949
33.9381,-117.3932,8179
33.9382,-118.1309,3199
33.94,-89.3373,899
33.9408,-91.84,1989
33.9408,-80.3955,5226
33.941,-86.4657,1899
33.9414,-86.1921,2353
33.9414,-84.3127,3273
33.9414,-86.902,1335
33.9417,-118.3018,1234
33.9419,-93.8517,2124
33.9427,-94.3562,1213
33.943,-117.7256,6067
33.9431,-90.9466,899
33.9442,-118.1928,2443
33.9443,-87.8704,1266
33.9444,-78.1003,2741
33.9444,-78.1003,2720
33.9446,-83.3961,8702
33.9458,-78.2327,853
33.9459,-116.899,4377
33.9469,-103.6531,918
33.947,-86.4898,3612
33.9476,-83.5337,1422
33.9477,-90.3463,590
33.9478,-116.4925,3404
33.9482,-80.0189,2837
33.9483,-85.9336,3744
33.9495,-80.4593,1221
33.9496,-83.3701,9798
33.9505,-81.0398,3730
33.9505,-90.7651,1500
33.9513,-109.2062,480
33.9529,-83.9922,3373
33.9536,-84.5425,4429
33.9561,-118.3443,2734
33.957,-98.6744,1590
33.9572,-94.931,1252
33.9576,-116.5423,4984
33.9589,-80.3291,1273
33.959,-117.949,2253
33.96,-92.1936,1643
33.96,-81.1121,1495
33.9602,-96.5711,875
33.9628,-98.6809,1875
33.9628,-83.6038,1821
33.9633,-117.5824,3233
33.964,-118.1826,985
33.9644,-118.1544,1424
33.9651,-82.4503,2216
33.9654,-81.0011,1239
33.9666,-83.2816,1475
33.9667,-92.0452,1393
33.9668,-118.0201,3475
33.9671,-84.2323,3645
33.9672,-80.9238,1148
33.9682,-118.2447,1701
33.9682,-118.2219,786
33.9688,-96.6548,297
33.9693,-90.3693,673
33.9703,-117.8906,3283
33.9709,-112.7517,1970
33.9717,-96.9238,1597
33.9729,-94.1796,1695
33.973,-85.5558,1367
33.9739,-81.0361,765
33.9749,-80.5259,1959
33.976,-118.0689,1441
33.9764,-118.4509,841
33.9765,-89.6845,1330
33.9771,-79.7506,1630
33.9773,-88.4184,1061
33.9775,-92.6242,746
33.978,-117.6577,4938
33.9782,-78.3808,2876
33.979,-83.6923,979
33.9792,-118.2174,1575
33.9794,-110.3311,2728
33.9796,-116.9694,2570
33.9797,-118.1792,1438
33.9798,-86.6206,1222
33.9814,-84.1856,1197
33.9818,-88.4826,3214
33.982,-83.9011,2074
33.983,-81.1514,2498
33.9832,-88.8972,797
33.9832,-87.9024,3514
33.9835,-101.3368,1295
33.9835,-84.9584,1615
33.9836,-99.7244,1247
33.9836,-88.4789,2150
33.9844,-87.4854,903
33.9849,-95.023,1155
33.9849,-80.2044,919
33.985,-118.1224,36746
33.9851,-89.8961,914
33.9852,-86.0276,7104
33.9858,-112.7683,4715
33.9862,-86.121,2402
33.9872,-91.564,1131
33.9874,-117.0542,3504
33.988,-117.3825,22400
33.9885,-118.1877,983
33.9894,-80.4959,749
33.9895,-118.0893,2618
33.9897,-85.8629,3136
33.9899,-96.2304,1440
33.9901,-81.0994,2786
33.9905,-106.8878,666
33.9909,-89.3455,1417
33.9916,-83.7236,3508
33.9919,-82.2979,812
33.9921,-114.4045,1065
33.9923,-87.8523,1669
33.9925,-96.398,3147
33.9928,-86.5003,1859
33.9929,-81.2218,3141
33.9945,-118.3478,1232
33.9945,-118.15,2321
33.995,-79.5706,1185
33.9952,-96.3925,4784
33.9959,-117.973,3032
33.9968,-118.37,1564
33.998,-96.5186,514
33.9993,-77.9076,852
34.0002,-79.2071,1219
34.0004,-96.7065,1345
34.0005,-93.3376,808
34.0009,-83.7687,6532
34.0011,-118.2109,2025
34.0012,-81.7716,1637
34.0013,-86.2302,3443
34.0015,-84.1505,2894
34.0016,-117.8176,3502
34.0022,-86.5614,2544
34.0026,-117.4676,5950
34.003,-83.814,946
34.0044,-97.1213,1025
34.0051,-88.7477,2433
34.0054,-96.0384,777
34.0056,-85.0575,2594
34.0056,-80.2861,997
34.0058,-109.4606,660
34.0058,-118.3968,2053
34.0066,-86.0161,5556
34.0074,-95.5082,1807
34.0075,-95.0849,1261
34.0077,-90.0552,1057
34.0082,-111.3202,1082
34.0083,-85.045,2110
34.009,-118.0419,599
34.0106,-109.9595,7127
34.0106,-117.3098,1629
34.0109,-118.4982,2633
34.0116,-95.5122,2281
34.012,-102.4148,868
34.0123,-117.9044,1111
34.0131,-98.2318,781
34.014,-100.3037,1114
34.0147,-86.7491,1364
34.0151,-100.8211,1037
34.0152,-83.8337,2363
34.0154,-96.1416,751
34.0154,-118.111,2620
34.0166,-85.2496,2808
34.0172,-90.4333,1511
34.0173,-95.2018,465
34.0176,-83.2936,513
34.0185,-82.5044,2752
34.0187,-95.3785,2658
34.0194,-118.4108,19695
34.0203,-80.4329,2196
34.0214,-97.9542,886
34.0217,-85.2475,2741
34.023,-85.8015,4406
34.0257,-87.769,2955
34.0257,-79.3524,881
34.0259,-118.7596,4045
34.0262,-117.9403,3115
34.0272,-84.6171,2837
34.0274,-88.1678,1046
34.0276,-95.87,790
34.0278,-81.0882,17410
34.0289,-94.7414,2247
34.0295,-93.5066,674
34.0301,-82.2393,2545
34.0304,-110.492,2219
34.0307,-94.903,817
34.0311,-117.3131,1704
34.0314,-95.2776,2153
34.0315,-118.1686,2479
34.0318,-93.9512,1184
34.0321,-95.6966,455
34.0323,-98.9202,1597
34.0323,-117.9535,1693
34.0327,-84.2038,5040
34.0331,-80.9732,1954
34.0332,-85.9264,2821
34.0336,-92.2806,1417
34.0336,-117.0429,4827
34.034,-114.2281,4257
34.0345,-93.4214,646
34.0357,-96.4745,655
34.0363,-89.0211,1006
34.0365,-98.5081,1251
34.0372,-117.8556,2722
34.0372,-86.1472,2479
34.0372,-83.2131,917
34.0376,-117.6044,6419
34.0379,-84.5826,569
34.039,-117.9982,1362
34.0395,-84.3509,5795
34.04,-86.3052,1948
34.04,-117.9301,1288
34.0405,-80.9061,10685
34.0409,-83.0425,911
34.041,-116.9623,3516
34.0418,-90.7459,869
34.0419,-94.5702,1975
34.0419,-77.8998,1422
34.0422,-94.3421,2235
34.0423,-118.7092,666
34.0433,-86.8855,1687
34.0433,-117.2466,2718
34.0439,-78.0749,4457
34.0454,-94.3447,1992
34.0462,-81.1409,2525
34.0463,-85.0567,947
34.0478,-118.0957,829
34.0484,-118.1332,2515
34.0504,-118.0484,1531
34.0511,-81.1056,2245
34.0511,-84.0659,3029
34.0516,-80.9631,678
34.0523,-117.9667,1241
34.0528,-96.3448,268
34.0535,-117.1705,5448
34.0545,-117.325,3589
34.0545,-106.9062,3452
34.0559,-117.9099,3636
34.056,-78.9397,834
34.0569,-86.1029,823
34.0575,-78.8884,1937
34.0576,-89.9132,1123
34.0576,-87.5486,2963
34.0585,-117.7611,4353
34.0587,-96.5924,1025
34.0592,-80.9306,1498
34.06,-80.077,966
34.0601,-117.4012,2237
34.0606,-117.115,2245
34.062,-84.6811,2746
34.0625,-83.1273,1634
34.0639,-93.0957,567
34.064,-86.7644,1906
34.0646,-86.2872,2036
34.0661,-101.8463,1088
34.0663,-95.007,854
34.0664,-106.8987,2114
34.0664,-102.5242,918
34.0675,-77.8923,1240
34.0676,-99.0331,1828
34.068,-88.3982,1106
34.0688,-111.3518,1228
34.0689,-118.0827,2063
34.0692,-98.1909,905
34.0699,-78.1474,724
34.0703,-93.6941,1741
34.0709,-84.2726,4709
34.0714,-112.1224,4505
34.0715,-117.6981,2135
34.0724,-116.5627,4560
34.0725,-91.6976,1560
34.0726,-90.4892,469
34.0726,-92.5553,903
34.073,-86.4142,2155
34.0733,-85.8746,2655
34.0735,-83.5281,2761
34.0746,-118.0291,2807
34.0749,-98.5673,3061
34.0755,-80.9552,2345
34.0758,-86.5839,2114
34.0759,-86.1651,2725
34.0762,-87.2178,1789
34.0772,-86.0345,1714
34.0792,-118.4024,2169
34.0806,-80.2249,1868
34.0825,-97.9788,437
34.0826,-99.3738,1574
34.0828,-117.9713,2338
34.083,-84.4136,617
34.0831,-88.6263,1821
34.0831,-98.5685,2312
34.0836,-118.1364,2508
34.084,-96.616,573
34.0851,-84.9856,1109
34.0856,-83.7599,2201
34.086,-84.034,3051
34.0871,-96.7747,1908
34.0883,-118.3718,1247
34.0898,-90.7226,901
34.0903,-79.7695,1251
34.0905,-117.8821,2408
34.0922,-109.8514,2163
34.0922,-87.601,661
34.093,-82.5965,1671
34.0932,-96.8024,1086
34.0942,-79.3214,1049
34.0943,-109.9344,3167
34.0946,-118.0985,1848
34.0968,-118.606,3971
34.0978,-111.3543,648
34.0983,-117.9238,1102
34.0989,-78.9858,1490
34.1013,-106.8974,333
34.1018,-111.288,1536
34.1022,-118.058,1817
34.1025,-117.8563,875
34.1026,-81.1959,2372
34.1029,-118.0239,592
34.1031,-84.513,3272
34.1037,-80.5305,1778
34.1049,-82.8728,1992
34.1068,-109.3012,3181
34.1076,-83.8129,3310
34.108,-117.8085,3521
34.1086,-85.3397,1739
34.1088,-82.8663,2035
34.109,-118.1566,1676
34.1091,-79.1557,1495
34.1092,-86.241,2990
34.1095,-107.2318,2265
34.1097,-117.4629,5974
34.1101,-109.0228,3166
34.1107,-86.8671,2550
34.1109,-80.171,1236
34.1119,-117.9636,2697
34.1126,-83.5971,2968
34.1134,-117.8913,850
34.1135,-117.1657,3913
34.1144,-88.6931,1827
34.1145,-86.1241,3655
34.1151,-80.588,2382
34.1159,-116.417,3057
34.1159,-85.9655,3544
34.1159,-118.0096,752
34.1161,-117.6599,3584
34.1162,-118.0799,1340
34.1162,-86.3909,2163
34.1164,-109.891,2355
34.1166,-83.4251,1806
34.1174,-117.3892,4457
34.1186,-83.9886,3960
34.1192,-91.3791,906
34.1197,-114.3963,1946
34.12,-94.0173,1258
34.1205,-117.7699,2635
34.1207,-81.2654,2139
34.1227,-118.1129,1762
34.123,-80.2968,1716
34.1231,-101.4425,1130
34.1233,-116.4216,5730
34.1234,-117.9959,672
34.1236,-116.3129,5454
34.1241,-110.9383,6277
34.1246,-96.5688,1036
34.1249,-117.7139,3316
34.1256,-96.2637,1181
34.1256,-83.2161,1156
34.1262,-93.0689,2260
34.1269,-77.8889,2351
34.1274,-93.0709,2524
34.1277,-82.2307,1136
34.1288,-78.972,1206
34.1294,-99.1442,608
34.1296,-116.3215,1771
34.1303,-117.5661,6192
34.1312,-84.7454,2684
34.1318,-118.8847,1608
34.1318,-109.948,3459
34.1327,-118.0363,3001
34.1331,-79.941,1526
34.1336,-90.6776,1257
34.1337,-86.228,3186
34.1343,-118.6665,3362
34.1362,-83.6022,4355
34.1364,-83.9745,339
34.1367,-118.8174,2068
34.1368,-118.0775,1042
34.1385,-117.9123,2822
34.1387,-87.9708,5602
34.1389,-107.8413,1242
34.1392,-118.1025,458
34.1396,-116.0645,2371
34.1398,-114.3621,2988
34.1411,-117.2946,7156
34.1423,-77.9089,1426
34.1436,-84.9328,2111
34.1443,-84.3142,5640
34.145,-117.8478,4011
34.1455,-107.8782,983
34.1466,-80.1914,2136
34.1477,-99.3004,2550
34.1478,-116.066,6959
34.1484,-109.966,3032
34.1484,-81.3381,2284
34.1489,-118.7639,2535
34.1496,-87.3894,2054
34.15,-96.3644,906
34.1516,-99.2976,2185
34.1526,-109.9943,1808
34.1531,-85.6717,3106
34.1532,-117.9688,1272
34.1534,-112.8656,5578
34.1545,-78.8732,1665
34.155,-106.9122,1063
34.1552,-117.3477,1583
34.1564,-117.6587,1420
34.1588,-90.7749,1375
34.1598,-80.2974,1497
34.1606,-118.138,4351
34.161,-117.9504,2352
34.162,-89.6301,2404
34.1621,-119.2042,1908
34.1636,-97.5964,705
34.1637,-118.6612,1180
34.164,-117.9846,3352
34.1646,-84.8017,4864
34.1653,-81.3393,1321
34.1657,-94.7716,2999
34.1659,-83.6789,1773
34.1672,-84.4845,2458
34.1677,-86.6121,1796
34.1683,-86.3234,1675
34.1686,-94.313,846
34.1687,-97.4254,2157
34.1688,-118.0502,1560
34.1688,-86.8423,4209
34.169,-119.2285,590
34.169,-86.0585,3796
34.1695,-82.023,1262
34.1695,-80.0651,1000
34.1701,-92.5914,839
34.1702,-80.7931,945
34.1704,-114.2629,1309
34.1713,-83.9187,2452
34.1715,-92.1321,2135
34.1715,-82.9427,1173
34.1719,-109.3069,3080
34.1724,-86.1191,2546
34.1729,-90.1377,613
34.1737,-83.2931,797
34.1748,-89.4518,1001
34.1754,-114.265,929
34.1767,-82.3829,2018
34.1769,-86.8407,4338
34.1773,-97.5915,803
34.1773,-103.3551,2573
34.1773,-98.4639,719
34.1777,-97.1374,3529
34.1783,-79.3903,2116
34.1785,-82.3777,2264
34.1786,-85.7779,2279
34.1787,-79.3957,1921
34.1789,-79.7922,4523
34.1794,-83.7174,1587
34.1795,-89.0381,2332
34.1802,-102.137,1058
34.1803,-111.343,638
34.1807,-93.0846,1598
34.181,-97.2533,4526
34.1813,-89.1616,1143
34.1814,-118.2458,5013
34.1831,-96.8889,1582
34.1833,-103.3373,2079
34.1837,-98.0263,3135
34.1847,-118.9445,624
34.185,-118.7669,2089
34.185,-86.749,1101
34.1877,-85.1807,2125
34.1878,-111.3018,1986
34.1897,-88.7205,1740
34.1901,-118.3264,3778
34.1902,-96.9988,3393
34.1911,-101.7235,3385
34.1912,-86.7923,870
34.1922,-118.1356,2642
34.1933,-118.8742,6749
34.1933,-101.7178,3117
34.1938,-90.5686,3936
34.1952,-118.8554,8131
34.1954,-82.1537,3710
34.1954,-98.5882,640
34.196,-95.4045,1806
34.1965,-97.1318,6409
34.1969,-81.4124,1120
34.1975,-110.0271,1445
34.199,-86.1552,3464
34.1994,-119.2075,4678
34.1997,-114.2127,1710
34.2003,-90.5738,2473
34.2006,-90.2845,835
34.2007,-82.1699,5411
34.202,-106.9172,894
34.2026,-84.8174,6052
34.2027,-87.178,1762
34.2028,-79.2595,1818
34.2034,-96.8921,498
34.2043,-79.809,7491
34.2043,-79.255,1623
34.2053,-80.316,1424
34.2054,-83.0311,1603
34.206,-96.5393,599
34.2061,-84.1338,2497
34.2081,-118.6876,1732
34.2082,-88.6654,1314
34.2092,-117.114,1733
34.2092,-77.8858,6507
34.2092,-80.9953,2960
34.2097,-118.2001,2668
34.2099,-82.6476,799
34.2114,-117.1046,1862
34.2116,-92.0176,6035
34.2119,-80.6976,4333
34.213,-77.7979,1072
34.2134,-81.5284,1280
34.2137,-78.0432,4839
34.2143,-83.4757,3332
34.2155,-90.9447,855
34.2158,-89.9448,1093
34.2163,-101.6945,1363
34.2166,-77.9035,10829
34.2167,-77.9988,1185
34.2169,-90.5432,630
34.2174,-96.0797,528
34.2177,-81.7146,1661
34.2183,-106.9151,604
34.2183,-83.4643,2919
34.2196,-110.9714,1152
34.2201,-80.2474,1388
34.2214,-85.5886,1991
34.2218,-119.0322,4029
34.2221,-83.8849,2223
34.2223,-93.8774,1581
34.2235,-80.685,5343
34.2243,-98.1087,631
34.2243,-93.0037,766
34.2254,-119.0374,4305
34.2269,-93.3783,1088
34.2279,-116.0559,1512
34.228,-79.7359,1040
34.2282,-112.7629,2705
34.2286,-103.5761,1593
34.2287,-102.7334,1488
34.2292,-102.7284,1682
34.2298,-84.3527,2061
34.2307,-98.6873,829
34.2312,-85.7704,2045
34.2315,-97.4872,3639
34.2316,-102.3057,921
34.232,-84.9445,1019
34.2327,-92.049,6060
34.233,-118.2358,1681
34.233,-95.6228,1601
34.2337,-88.2489,2011
34.2337,-83.8626,11087
34.2338,-102.4092,995
34.2338,-87.6176,2629
34.235,-92.9195,698
34.2352,-79.1491,1050
34.2356,-86.864,864
34.2358,-96.2172,789
34.2359,-93.7392,970
34.2363,-81.3288,532
34.2364,-110.0479,3223
34.2372,-89.3684,1772
34.2387,-96.5524,622
34.2387,-86.964,1784
34.239,-96.6824,2086
34.2402,-94.322,2557
34.2411,-89.9433,954
34.2412,-96.7568,684
34.2421,-99.0781,630
34.2429,-116.8939,2270
34.2431,-97.9661,442
34.2438,-111.319,3994
34.2442,-116.8541,3624
34.2454,-119.1568,1289
34.2459,-118.9018,2439
34.2472,-84.4907,3916
34.2479,-109.6899,683
34.2491,-111.319,3385
34.2499,-92.9734,1704
34.2499,-117.5044,2227
34.2501,-105.597,920
34.2502,-86.6777,1271
34.2509,-89.0083,3036
34.251,-117.2284,3727
34.2518,-82.1052,1176
34.2519,-106.9158,995
34.2535,-90.2722,1028
34.2536,-88.7302,5974
34.254,-117.1781,3818
34.2541,-117.2867,3386
34.2541,-116.7964,5137
34.2543,-93.6549,3455
34.2547,-111.2207,5459
34.2549,-106.9023,758
34.2551,-83.5531,1962
34.2553,-89.2213,2640
34.2555,-87.7134,3352
34.2557,-99.5141,917
34.2559,-113.5003,6019
34.2586,-118.6643,1018
34.2588,-79.3117,541
34.2589,-80.6092,3026
34.2591,-119.2091,7946
34.2609,-86.6088,2082
34.2617,-90.675,1034
34.2629,-88.4019,2646
34.2631,-86.2107,4715
34.2634,-77.789,1932
34.2647,-96.4206,1775
34.2649,-88.5769,1518
34.2651,-110.0383,7349
34.2651,-85.1903,6085
34.2653,-118.9984,1663
34.2659,-77.861,1933
34.2661,-85.1861,5123
34.2662,-93.4634,1627
34.2669,-118.7485,5852
34.2672,-85.8686,1661
34.2674,-85.5612,1069
34.2678,-119.2542,4247
34.2687,-80.5681,1718
34.2687,-81.4178,929
34.2694,-77.9375,1096
34.2694,-87.8304,3549
34.2695,-86.2174,5360
34.2696,-110.1364,4990
34.2697,-89.5837,1554
34.2701,-118.7459,5107
34.2706,-88.7325,7286
34.2707,-114.1297,1606
34.2721,-98.2346,1030
34.2729,-114.1322,1626
34.273,-116.4145,5283
34.2752,-92.1006,2413
34.2772,-112.7653,3533
34.2788,-78.7177,759
34.2791,-101.8967,594
34.2799,-81.6003,2750
34.2807,-81.6445,1081
34.2819,-78.1588,1088
34.2822,-84.748,929
34.2825,-119.1428,555
34.2826,-79.4723,743
34.2827,-85.9997,2626
34.2834,-83.1461,1340
34.2834,-78.0387,3315
34.2847,-81.6148,2931
34.2856,-83.0007,1195
34.2859,-111.2952,512
34.2859,-118.877,3181
34.2865,-80.1185,1476
34.2866,-83.1108,1649
34.2874,-91.3383,1571
34.2876,-77.9301,3029
34.2887,-118.4362,1399
34.2887,-77.8038,1396
34.2888,-82.25,802
34.2899,-82.5857,2188
34.29,-82.2087,699
34.2901,-83.8291,5280
34.291,-85.1878,1004
34.2913,-111.0674,362
34.2916,-77.8423,2665
34.2932,-77.7706,2112
34.2954,-99.7429,1693
34.2956,-97.1175,3507
34.2962,-82.5603,1788
34.2983,-111.3646,1437
34.2987,-77.8913,1418
34.2996,-86.5499,1266
34.2997,-94.3273,1384
34.2999,-95.9896,2560
34.3014,-79.8672,1971
34.3029,-89.1717,2925
34.3045,-81.9836,1620
34.305,-98.7713,431
34.3065,-80.9601,632
34.307,-111.0165,1346
34.3072,-92.4075,1913
34.3078,-77.8775,1191
34.3081,-82.6634,944
34.3086,-90.8533,649
34.3093,-111.3347,1186
34.3093,-83.6309,1601
34.3103,-112.1073,2987
34.3111,-81.2867,271
34.3126,-79.0331,1395
34.3144,-97.0422,1826
34.316,-78.1448,2431
34.316,-84.5436,1187
34.3174,-78.4014,1623
34.3182,-78.5112,1521
34.3185,-92.5431,1155
34.3186,-96.1673,790
34.3188,-78.2267,1115
34.3189,-78.5934,1644
34.3193,-89.9411,2275
34.3198,-111.1393,525
34.3199,-111.3052,1203
34.3207,-110.2599,2825
34.321,-89.9249,4056
34.321,-111.0072,1609
34.3211,-111.0839,985
34.3211,-79.337,1293
34.3213,-88.5026,1884
34.3216,-92.4431,3192
34.3218,-93.1781,1097
34.3222,-90.4543,565
34.3226,-78.9287,808
34.3242,-92.642,502
34.325,-95.6511,740
34.3252,-78.825,1464
34.3254,-78.7072,2017
34.3265,-86.7653,1876
34.3267,-77.9146,2403
34.3273,-95.4977,779
34.3274,-91.8473,1300
34.3283,-93.5273,2710
34.3295,-97.6806,465
34.3299,-110.8107,2947
34.3304,-86.5008,2677
34.3305,-78.7014,2141
34.3324,-86.5012,3315
34.3342,-87.9232,1845
34.3348,-82.3903,1161
34.338,-83.4948,2843
34.3389,-79.4336,950
34.3401,-78.2204,1594
34.3403,-85.0841,2026
34.3404,-108.1766,6871
34.3406,-108.5061,1215
34.3408,-79.1664,1186
34.3409,-98.8711,470
34.3417,-83.1118,1604
34.3417,-84.3669,2301
34.3429,-111.2999,1113
34.344,-109.9868,4452
34.3441,-96.7134,856
34.345,-106.8467,879
34.3452,-112.1592,917
34.346,-117.6276,2215
34.3461,-111.1428,702
34.348,-89.0256,2344
34.3496,-82.928,2135
34.35,-98.988,2019
34.3513,-89.537,4684
34.3513,-119.0716,2023
34.3515,-87.7074,1885
34.3546,-82.9296,2363
34.3549,-119.0663,2135
34.3555,-77.9099,1982
34.3558,-81.0697,1420
34.3562,-82.0572,1213
34.3567,-117.6264,1069
34.3579,-97.495,688
34.3584,-98.3569,2579
34.3591,-86.0026,1775
34.3591,-90.2754,1494
34.3593,-110.3043,1532
34.3598,-91.7938,532
34.3612,-88.8387,1198
34.3625,-77.7543,4085
34.3625,-97.9799,2045
34.3645,-89.5322,4477
34.3648,-92.7762,891
34.3655,-89.5379,762
34.3657,-85.5321,1967
34.3658,-101.7484,677
34.366,-80.0833,2227
34.3663,-90.522,402
34.3664,-77.6476,1902
34.3666,-90.637,952
34.3674,-101.0556,772
34.3676,-78.3038,1613
34.3679,-86.2523,4597
34.3682,-79.1249,960
34.3685,-92.8101,2350
34.3686,-81.0914,1794
34.3687,-84.9363,2100
34.3691,-111.3618,1067
34.3708,-81.0882,1783
34.3708,-84.9212,2777
34.3727,-111.2812,595
34.3728,-80.0882,3237
34.373,-91.1374,855
34.373,-81.9774,1535
34.3735,-96.4251,739
34.3736,-92.8213,2825
34.3745,-82.3432,828
34.3747,-83.0839,1358
34.3762,-88.0606,1990
34.3765,-84.369,1151
34.3768,-83.2345,1723
34.377,-86.9095,1875
34.3779,-82.6953,1111
34.3798,-94.3649,487
34.3803,-88.6962,2804
34.3803,-111.4605,5169
34.3818,-78.3233,1347
34.3821,-103.3169,2199
34.3851,-91.9518,329
34.3852,-119.5008,1461
34.3856,-103.0373,821
34.3858,-102.115,780
34.3864,-96.1311,2604
34.3871,-91.0696,560
34.3877,-118.5844,2294
34.3878,-82.2433,1644
34.3892,-103.0507,826
34.3899,-117.4031,4496
34.3909,-111.5027,3082
34.3911,-90.2556,568
34.3917,-85.9756,731
34.3928,-88.8833,1921
34.3929,-87.7296,875
34.3939,-100.8953,821
34.3957,-80.1684,1368
34.397,-117.3152,7741
34.3981,-83.6619,1944
34.399,-118.9175,1650
34.3998,-97.0515,560
34.4004,-111.271,1470
34.4012,-118.9186,1473
34.4013,-79.3568,657
34.4025,-93.6179,573
34.4026,-96.8252,562
34.4026,-80.0723,1932
34.403,-119.299,1676
34.4034,-85.4041,787
34.4036,-119.7137,4008
34.4038,-79.9085,2404
34.4053,-85.0315,772
34.4053,-92.8086,1840
34.4057,-118.8051,1619
34.4057,-91.4108,565
34.4062,-86.4517,677
34.4082,-112.6156,3596
34.4093,-97.9542,1200
34.4094,-110.5605,2757
34.4122,-77.6063,5092
34.4122,-119.8607,674
34.4129,-103.2009,3639
34.4141,-110.5696,2379
34.4142,-80.3487,953
34.4145,-110.0649,1556
34.4149,-78.9114,1778
34.4159,-81.8002,1608
34.4165,-118.5007,7791
34.4172,-119.5875,1073
34.4178,-119.8467,1035
34.4183,-96.4948,745
34.4184,-107.5125,5683
34.4186,-119.6331,2751
34.4209,-86.5633,854
34.4212,-90.8133,2031
34.4224,-91.7025,1038
34.423,-119.5607,2782
34.4233,-112.2407,4076
34.4236,-106.284,2567
34.4239,-98.654,657
34.4244,-79.3676,2092
34.4259,-79.3627,2277
34.4267,-100.2129,1630
34.4294,-97.1744,2766
34.4295,-103.6294,1180
34.4296,-93.0764,1307
34.4297,-119.7278,6722
34.4298,-118.5231,8011
34.4301,-78.9426,1596
34.4311,-119.2872,1992
34.4322,-86.9367,3393
34.4326,-90.2212,664
34.4337,-84.1244,2815
34.4339,-83.108,1927
34.434,-78.0172,1288
34.4354,-119.8589,2544
34.4355,-100.2824,2610
34.4355,-93.2882,1129
34.4355,-89.9114,1284
34.4361,-88.1365,2835
34.4373,-77.5349,2517
34.4386,-103.1942,4413
34.4386,-84.6994,1227
34.439,-94.4223,1148
34.4393,-92.1885,1597
34.4395,-91.9519,822
34.4398,-117.5248,7039
34.4404,-86.9404,3709
34.4409,-82.9137,4430
34.4412,-92.5859,1823
34.442,-88.4855,1687
34.4421,-96.6297,1285
34.4427,-116.9021,9332
34.4427,-110.0985,5189
34.4439,-119.7855,3698
34.444,-77.8909,2385
34.4448,-88.6663,2290
34.4449,-92.9015,1623
34.4456,-117.6236,5146
34.4476,-82.395,1702
34.4479,-85.7838,1048
34.449,-85.9052,2024
34.4492,-92.8377,1319
34.4492,-119.2467,1895
34.4504,-118.6718,1454
34.4514,-85.7197,2670
34.4524,-97.5174,962
34.4525,-92.6664,2154
34.4545,-90.4779,587
34.4553,-119.2702,1418
34.456,-93.7131,606
34.4563,-119.717,1221
34.4564,-97.6638,1056
34.4573,-85.6894,6819
34.4577,-83.6009,1285
34.459,-93.6768,963
34.4603,-98.5794,460
34.4605,-90.7867,1000
34.4627,-85.8776,1326
34.4631,-81.8773,2642
34.4636,-105.3807,1967
34.464,-78.311,3091
34.4642,-82.6588,1970
34.4643,-93.1338,1643
34.465,-83.5726,972
34.4652,-106.8138,1008
34.4662,-84.4359,2662
34.4667,-79.0089,628
34.467,-80.2571,1041
34.4671,-86.7912,1692
34.4686,-84.4442,2602
34.4691,-79.3899,1422
34.4696,-96.0555,2107
34.4698,-106.7708,892
34.4714,-101.304,910
34.4728,-94.6465,949
34.4729,-99.6496,778
34.4738,-109.6083,615
34.4739,-81.8609,2935
34.4745,-79.3254,2039
34.4745,-87.8617,1006
34.4747,-96.2217,1138
34.4752,-79.037,612
34.4761,-93.0791,6436
34.4766,-85.3525,2633
34.4774,-118.6327,2447
34.4775,-117.3018,10423
34.4776,-97.4646,1285
34.4776,-98.0594,2771
34.4787,-85.3491,1820
34.4801,-83.7704,1582
34.4807,-95.2103,639
34.4808,-99.3521,590
34.481,-96.4394,2552
34.4816,-118.6667,2175
34.4816,-97.9605,5950
34.4831,-98.3877,1109
34.4835,-85.4776,803
34.4845,-94.3799,1049
34.4858,-83.1975,1439
34.4866,-88.1863,692
34.4869,-104.2177,1652
34.4883,-87.2827,2223
34.4885,-77.4375,2264
34.4886,-78.6558,1013
34.4888,-96.629,939
34.4894,-93.0503,5565
34.4913,-82.2959,802
34.4923,-89.0217,3877
34.4923,-89.0217,2602
34.4935,-77.5631,1867
34.4944,-85.8365,4134
34.4944,-91.5497,2200
34.4946,-114.3174,5278
34.4948,-79.1132,1509
34.4952,-110.0944,1769
34.4952,-91.5486,2472
34.4961,-118.1839,5689
34.4968,-117.2676,1579
34.4969,-84.9366,4100
34.4971,-83.1982,1207
34.4976,-117.3472,1144
34.4978,-83.5426,2146
34.4989,-83.093,3334
34.4994,-99.1363,983
34.4995,-82.0158,2825
34.4996,-84.7118,873
34.4998,-84.9331,3713
34.4998,-114.3109,6181
34.5,-88.4726,1211
34.5004,-109.3769,4622
34.5016,-96.9865,2227
34.5017,-118.3207,4340
34.5027,-82.0214,2901
34.5029,-93.1444,2316
34.5034,-89.5025,1689
34.5041,-81.6142,1015
34.5042,-96.2222,658
34.5047,-90.1946,582
34.505,-88.2083,1975
34.5055,-88.6428,3092
34.5057,-87.7281,3325
34.5064,-80.5107,613
34.5072,-98.981,509
34.5075,-87.727,2394
34.5081,-82.9868,2362
34.5092,-92.6419,2008
34.5096,-97.9626,3350
34.5098,-79.6525,734
34.5098,-79.8535,1331
34.5104,-92.2095,918
34.5114,-96.9775,1639
34.5136,-89.9399,1248
34.5147,-106.7679,830
34.5157,-102.8847,986
34.5162,-81.9855,1368
34.5166,-77.9174,2156
34.5166,-83.5315,1850
34.5172,-97.3454,1147
34.5174,-112.2497,3936
34.5182,-86.2604,1235
34.5212,-106.2393,1142
34.5215,-110.0912,5274
34.5215,-82.6435,3633
34.5235,-83.4972,1411
34.5238,-82.4927,1775
34.5248,-93.3336,1357
34.5251,-117.9816,1233
34.5271,-82.4985,1939
34.5275,-78.1697,903
34.5277,-117.3536,7795
34.5283,-82.7167,2206
34.5292,-84.492,1304
34.5296,-86.8822,2302
34.5298,-83.5362,4016
34.5299,-83.9796,2705
34.5314,-90.6201,3288
34.5321,-90.4484,1287
34.5323,-96.2212,1224
34.5325,-94.0797,1567
34.5326,-85.8976,1990
34.533,-92.4067,1232
34.5334,-117.2104,7968
34.5355,-83.0765,1342
34.5361,-79.2929,931
34.5379,-101.7744,1713
34.538,-86.4124,2672
34.5397,-92.2225,1893
34.5399,-91.7839,414
34.5403,-83.9784,1611
34.5405,-91.8713,745
34.5409,-78.7947,1351
34.5419,-102.1023,547
34.542,-90.6334,2245
34.5422,-91.7597,509
34.5433,-80.5872,1291
34.545,-92.8106,577
34.5451,-86.0934,2015
34.5454,-91.9674,1248
34.5465,-114.378,1884
34.547,-100.4399,777
34.5478,-99.4241,829
34.5479,-102.3068,1612
34.5484,-85.3108,1829
34.5492,-93.6299,1137
34.5509,-106.7399,2133
34.5514,-112.4676,6340
34.5515,-77.923,1977
34.5522,-90.8542,1058
34.5531,-82.6963,8893
34.5537,-79.1763,459
34.5545,-92.5058,1682
34.5545,-92.3275,4067
34.5547,-96.2032,738
34.5552,-77.3776,1770
34.5553,-88.4153,1457
34.5562,-85.623,1764
34.5563,-90.9153,1088
34.5565,-96.8534,659
34.5571,-112.2648,1735
34.5589,-88.2303,1058
34.5595,-117.9568,2984
34.5595,-83.049,1465
34.5605,-89.1179,1311
34.5607,-87.4138,1048
34.562,-85.8047,2650
34.5632,-85.5897,1880
34.5635,-83.5423,1360
34.5662,-85.6403,1999
34.5665,-78.8511,1104
34.5687,-83.3137,3222
34.5694,-111.857,5909
34.5696,-93.1715,1170
34.5706,-82.6843,1846
34.5714,-114.3926,528
34.5721,-80.9053,1869
34.573,-86.9899,6709
34.5753,-80.0445,896
34.5761,-79.1909,317
34.5762,-91.4617,464
34.5772,-113.1768,2578
34.5773,-89.3289,1788
34.5774,-92.5726,4365
34.579,-79.5461,840
34.5792,-106.7285,1593
34.5794,-84.9438,1512
34.5809,-117.4395,6602
34.5816,-85.9849,1942
34.5818,-94.2365,2392
34.5821,-83.3272,2779
34.5836,-78.2517,2035
34.5837,-88.6025,1266
34.5855,-86.455,2551
34.5861,-95.3557,1177
34.5867,-94.2477,2397
34.5875,-87.0073,5987
34.5878,-86.7485,1520
34.5903,-118.1535,603
34.5907,-97.3256,4114
34.591,-118.1054,9351
34.592,-81.4645,1080
34.5922,-112.4467,6371
34.5933,-80.675,1157
34.5938,-120.1397,1414
34.5949,-106.0323,872
34.5951,-87.6707,2025
34.597,-83.7607,1788
34.5974,-87.0814,2048
34.5979,-112.3185,5774
34.5982,-90.7519,582
34.6015,-91.2003,910
34.6016,-106.2922,1067
34.6025,-82.7509,1539
34.6027,-96.4208,585
34.606,-97.4899,5330
34.6062,-85.9119,844
34.6067,-111.887,2071
34.6072,-105.2126,2148
34.6072,-79.2308,2098
34.6081,-118.3013,3915
34.6083,-82.1151,1249
34.6084,-97.8175,7126
34.6086,-89.981,3581
34.609,-96.6405,940
34.6093,-92.0116,2015
34.6093,-83.5275,1424
34.6097,-92.9204,1898
34.6098,-117.8303,2834
34.61,-120.1083,2126
34.6104,-92.316,2847
34.6104,-96.3437,455
34.6121,-106.781,1324
34.6136,-89.9707,1798
34.6143,-98.0886,6604
34.6151,-92.4913,4113
34.6155,-106.7606,2681
34.6155,-120.1942,1142
34.6155,-120.1942,1146
34.6159,-90.1526,1715
34.6159,-89.1914,889
34.6163,-82.7707,1034
34.6171,-79.3463,1885
34.6172,-98.4214,8206
34.6174,-118.405,3250
34.6175,-120.0964,1996
34.6176,-92.4022,1475
34.6186,-92.4512,1364
34.6191,-82.4804,1776
34.6196,-79.8895,1121
34.6197,-98.4251,6214
34.6199,-98.752,479
34.6207,-92.2196,1324
34.6215,-78.6063,2095
34.6215,-79.6848,2481
34.6216,-82.4924,2901
34.6231,-93.7836,819
34.6236,-104.4022,7165
34.6247,-82.3848,870
34.6259,-86.88,454
34.6269,-99.1373,427
34.6276,-98.6195,1734
34.6282,-79.686,2257
34.6289,-96.8415,872
34.6293,-97.394,899
34.6295,-86.2836,2337
34.6297,-95.2826,1366
34.6304,-93.735,660
34.6306,-79.0186,3875
34.6306,-85.7309,4317
34.6309,-92.5615,1604
34.6311,-91.386,384
34.6311,-97.9567,2411
34.6369,-111.8009,3083
34.6377,-79.0145,4098
34.638,-88.8431,1792
34.6383,-88.2291,839
34.6388,-94.2001,1810
34.6394,-102.7231,1077
34.6399,-120.111,1518
34.6407,-111.1074,3968
34.6422,-90.4479,288
34.6422,-82.7791,2011
34.6426,-87.1785,1245
34.6428,-97.1625,1132
34.6429,-82.4605,917
34.6437,-106.3671,1180
34.6438,-79.5867,865
34.6439,-90.3494,617
34.6442,-83.743,1606
34.6442,-81.858,799
34.6446,-86.0482,6462
34.6449,-82.4748,718
34.6452,-106.7158,2519
34.6492,-89.3064,895
34.6494,-89.4575,895
34.6495,-103.9038,868
34.6498,-96.5268,626
34.6502,-78.4911,919
34.6512,-77.9576,1059
34.6512,-80.3841,1219
34.6518,-105.4586,1281
34.652,-118.2159,1761
34.652,-86.0339,3191
34.6534,-108.6738,1573
34.6546,-96.0309,900
34.6552,-92.9515,4074
34.6554,-98.9534,997
34.6558,-90.7347,353
34.6562,-78.7231,599
34.6565,-118.3798,2261
34.6571,-99.309,3875
34.6571,-99.309,3593
34.6574,-90.8208,912
34.6576,-96.7669,2487
34.6581,-92.9686,6893
34.6584,-86.4807,2972
34.6603,-88.2605,862
34.6605,-81.9625,1130
34.6609,-86.334,603
34.6611,-88.5559,2292
34.6615,-120.1174,1469
34.6621,-95.0994,441
34.6627,-120.4708,3096
34.6628,-99.5696,599
34.6644,-88.568,4608
34.6644,-77.0314,2015
34.6652,-84.4908,1645
34.6658,-80.7209,2001
34.6662,-120.4663,2844
34.6665,-79.5442,930
34.6666,-83.0907,1686
34.6674,-92.2463,1791
34.6691,-99.7736,548
34.6699,-87.3279,1560
34.6713,-87.4078,1487
34.6728,-100.6972,413
34.6731,-84.5226,3301
34.6739,-89.0262,1164
34.6756,-82.8352,1321
34.6756,-79.1909,1729
34.676,-82.9221,967
34.6766,-79.1934,1619
34.68,-87.3057,739
34.6803,-106.7589,1361
34.6811,-82.9656,2626
34.6824,-118.4519,2959
34.6825,-78.9888,1370
34.6836,-82.8106,2559
34.6844,-85.846,1989
34.6856,-76.8982,685
34.6858,-77.0815,1358
34.6878,-86.6612,4240
34.6881,-90.3809,740
34.6888,-120.4398,998
34.6888,-83.6831,1723
34.6889,-79.5177,530
34.6897,-99.9153,1106
34.6904,-89.9755,1399
34.6904,-80.7763,1866
34.6914,-84.4835,1721
34.6917,-77.0285,1505
34.693,-91.3063,1201
34.693,-113.5995,1913
34.6935,-77.1696,4582
34.6936,-118.1753,8816
34.6936,-77.1343,1357
34.6937,-87.5243,1334
34.6939,-80.8223,1569
34.6943,-77.0602,1442
34.6948,-92.5861,2284
34.6966,-82.2021,2662
34.6972,-76.8319,1349
34.6977,-92.0939,1615
34.6977,-86.6767,13626
34.6978,-99.2287,352
34.6979,-79.914,2216
34.6979,-79.914,2462
34.698,-76.5555,1359
34.6988,-118.1946,8360
34.6988,-98.9523,788
34.7002,-80.8991,1070
34.7002,-90.1216,1823
34.7005,-92.2284,950
34.7008,-82.9447,5060
34.7014,-86.3803,1742
34.7019,-76.7423,1401
34.7022,-81.2392,735
34.7023,-80.7732,4294
34.7026,-85.669,2116
34.7031,-90.3797,684
34.7047,-94.8735,1643
34.705,-81.2132,1650
34.7056,-82.4667,2662
34.706,-85.2829,2291
34.7061,-88.6676,1214
34.7064,-106.7318,1569
34.7078,-89.8075,1222
34.7083,-112.5337,6924
34.7084,-83.7276,1312
34.7088,-85.2815,2582
34.7102,-97.224,2620
34.7105,-86.7623,5021
34.7113,-81.2075,2280
34.7116,-95.8502,627
34.7117,-120.4619,2084
34.7119,-111.9941,2391
34.7161,-81.5847,2147
34.7166,-81.0196,850
34.7173,-85.9656,2738
34.718,-81.1929,1021
34.7185,-87.7026,2756
34.7187,-82.4296,2182
34.7198,-90.898,523
34.72,-114.4788,463
34.7227,-76.6512,2056
34.7231,-79.8403,2328
34.7233,-95.9029,1012
34.7234,-82.7747,1638
34.7238,-81.6249,2594
34.7239,-80.7857,2436
34.7242,-106.3008,2613
34.7244,-81.6844,1821
34.7248,-81.6263,2750
34.7248,-82.9146,493
34.7254,-92.3586,9998
34.7258,-83.3875,2610
34.726,-99.3867,456
34.726,-76.5136,725
34.7267,-100.5417,1360
34.7278,-78.2015,1611
34.7279,-76.7391,2472
34.728,-120.5065,4297
34.7284,-77.0713,1727
34.7285,-82.2564,2829
34.7291,-76.8622,6220
34.7291,-112.0168,3733
34.7297,-77.3937,6343
34.732,-98.489,1350
34.7321,-76.5386,1088
34.733,-80.078,1834
34.7335,-106.7611,3070
34.7339,-78.7909,437
34.734,-91.1068,778
34.7341,-76.919,1600
34.7349,-106.665,912
34.7354,-97.2274,1609
34.7358,-79.2252,1800
34.7359,-88.936,3070
34.7365,-79.3527,1491
34.7376,-86.1976,1734
34.7379,-77.9906,1623
34.739,-106.7252,2134
34.7392,-111.9068,3320
34.7397,-78.7186,2052
34.7399,-112.4061,7176
34.7399,-102.5092,357
34.7404,-76.83,815
34.7409,-86.6615,13307
34.7416,-101.8571,935
34.7418,-120.2746,863
34.7427,-87.6338,3729
34.7451,-82.0375,2045
34.7471,-112.1075,805
34.7471,-117.3455,1320
34.7478,-117.345,2077
34.748,-112.0587,2896
34.748,-80.6285,1371
34.7482,-80.1791,1427
34.7494,-98.1725,823
34.7508,-95.7736,735
34.7508,-111.984,4818
34.7511,-106.6531,1477
34.7527,-77.4124,7897
34.7528,-95.0436,904
34.7531,-96.7088,1441
34.756,-83.0441,808
34.757,-92.3263,14859
34.757,-87.6971,2400
34.7577,-87.9656,1352
34.7578,-96.8712,1000
34.7595,-79.6069,897
34.76,-106.301,1493
34.7621,-79.4774,3216
34.7621,-79.4774,3292
34.7622,-88.4276,849
34.7633,-88.534,904
34.7638,-82.3516,935
34.7643,-106.0386,2255
34.7654,-100.0204,709
34.7655,-77.301,3352
34.7656,-96.0709,405
34.7661,-82.7525,1246
34.7666,-106.8085,3961
34.7666,-82.7788,649
34.7667,-82.2559,9134
34.7668,-112.4678,3363
34.7673,-106.7154,5701
34.7679,-84.9728,4191
34.7679,-96.6691,3998
34.7687,-106.6447,2202
34.7694,-89.4447,2094
34.7695,-83.0554,1790
34.7695,-83.0554,2168
34.7697,-80.2264,791
34.7701,-80.3857,2001
34.7707,-76.8791,2546
34.7708,-78.006,932
34.7709,-80.5502,1283
34.7736,-90.7675,1726
34.7747,-84.7933,3624
34.7751,-96.6738,3428
34.778,-89.4458,3246
34.7789,-97.9573,979
34.779,-84.9751,6885
34.779,-86.9508,5873
34.7795,-96.7755,1632
34.78,-82.4976,3368
34.7802,-99.3334,627
34.7805,-106.6957,1871
34.7805,-98.5296,453
34.7808,-92.345,483
34.781,-82.3042,3199
34.7811,-84.7825,2056
34.7813,-111.7606,2082
34.7813,-111.7606,2082
34.7814,-91.5581,1703
34.7818,-92.2351,6613
34.7819,-114.4777,2590
34.7842,-83.2564,1250
34.7851,-84.381,968
34.7851,-104.9421,535
34.7859,-91.4611,949
34.7859,-78.3949,942
34.7859,-98.2966,1755
34.786,-77.3642,1022
34.7871,-82.4013,2840
34.7881,-94.0494,1391
34.7905,-91.9074,1991
34.7909,-76.4686,1341
34.7913,-82.6963,2015
34.7919,-110.0259,2181
34.792,-90.988,892
34.7925,-92.196,1139
34.7953,-96.9605,913
34.7954,-91.7405,1999
34.7961,-81.467,515
34.797,-79.256,842
34.7976,-86.9624,4071
34.7985,-86.1224,1812
34.7989,-98.3811,482
34.8009,-106.7887,4097
34.8016,-80.6918,1320
34.8031,-106.5704,3097
34.804,-81.2372,1614
34.8053,-106.6869,1279
34.8061,-79.1811,1699
34.8074,-88.1969,2827
34.8092,-78.9766,1158
34.8093,-82.8116,1296
34.8095,-79.5455,1406
34.8099,-82.2229,2498
34.8107,-97.6053,380
34.812,-81.8505,1352
34.8134,-114.6266,5021
34.8141,-79.0791,953
34.8142,-118.955,2074
34.8143,-82.4718,1950
34.8147,-85.2389,1545
34.8148,-79.9766,871
34.8152,-87.6716,6707
34.819,-78.2153,2815
34.8193,-82.423,1137
34.8194,-91.4102,887
34.8198,-82.5822,3293
34.8209,-82.9123,1691
34.8213,-89.2381,749
34.822,-103.3153,469
34.8226,-102.4002,2283
34.8236,-102.398,2346
34.8237,-98.2314,1264
34.8242,-90.3212,4863
34.8245,-79.5921,895
34.8247,-98.3752,512
34.826,-78.0259,1091
34.827,-97.2623,550
34.8271,-77.9251,1144
34.8271,-118.9973,1708
34.8277,-78.3518,2067
34.8277,-87.2841,1581
34.8282,-84.7678,1027
34.8284,-106.686,1915
34.8292,-77.8246,1070
34.8297,-104.6222,3420
34.8298,-77.4591,2473
34.8298,-87.6622,4725
34.831,-90.1488,1801
34.832,-88.3187,1983
34.8331,-82.4276,783
34.8339,-81.6824,915
34.8341,-89.1777,1226
34.8343,-81.8663,1085
34.8347,-89.5634,1481
34.8357,-96.2889,456
34.8361,-95.8357,1096
34.8367,-88.5639,1285
34.8368,-98.3213,456
34.8369,-82.363,4998
34.8378,-120.531,372
34.8388,-95.5619,1638
34.839,-89.6154,2463
34.8393,-88.9484,2044
34.8396,-80.8999,2865
34.8404,-94.6339,788
34.8405,-97.6099,1382
34.8409,-119.1685,3727
34.8446,-118.8992,3554
34.8452,-114.6089,2139
34.8461,-83.4326,826
34.8461,-82.6406,1939
34.8477,-79.1396,918
34.8483,-99.0223,637
34.8496,-89.9924,4593
34.85,-82.453,2371
34.8507,-118.1876,2151
34.8508,-79.0469,782
34.852,-92.2045,4136
34.8521,-86.5204,3347
34.8523,-92.4,3197
34.8536,-106.701,1801
34.8538,-100.214,1066
34.8542,-95.5786,923
34.8548,-114.5893,1145
34.8551,-86.7586,3190
34.8554,-85.0368,1281
34.8556,-80.8293,2932
34.8582,-88.4176,1960
34.8585,-111.7931,3880
34.861,-87.5293,1292
34.8618,-120.2944,1356
34.8625,-82.4258,564
34.863,-114.1461,1358
34.8638,-82.397,14701
34.8643,-80.0,920
34.8645,-80.7503,842
34.8647,-97.3736,1126
34.8656,-118.2148,6555
34.8657,-96.6678,2319
34.8658,-106.6671,818
34.8658,-82.1106,1205
34.8665,-84.3219,1485
34.8665,-98.8759,653
34.867,-117.043,5835
34.8674,-100.659,768
34.8692,-89.69,2420
34.8692,-120.4217,2987
34.8694,-88.6433,892
34.872,-97.0542,1124
34.874,-111.8157,3206
34.8741,-87.6237,1916
34.8741,-85.5096,1628
34.8743,-92.4978,1508
34.8746,-96.5927,689
34.8749,-86.5806,3581
34.875,-84.2443,804
34.8761,-87.6982,2186
34.8766,-83.4033,1674
34.8768,-85.8144,2519
34.877,-81.2316,1672
34.877,-83.952,997
34.8775,-85.2883,1532
34.8776,-96.4129,880
34.878,-97.7087,441
34.8785,-82.4662,2519
34.8786,-99.5039,1179
34.879,-81.9644,1881
34.8798,-83.014,980
34.8805,-92.1306,4863
34.8813,-76.3433,871
34.8819,-106.0559,4382
34.8827,-82.3317,2690
34.8833,-95.4724,1706
34.8838,-80.9486,2236
34.8857,-82.7102,1588
34.8858,-120.3137,1021
34.8861,-117.1078,1310
34.8867,-117.0328,3195
34.887,-82.7082,1974
34.8879,-82.9752,869
34.8891,-79.3652,1096
34.8892,-79.7106,2084
34.8897,-112.4937,6874
34.8897,-89.9048,1337
34.8898,-91.1898,2165
34.8899,-79.0723,743
34.8908,-82.423,1652
34.8909,-90.7927,536
34.8919,-95.952,1309
34.892,-94.6078,2012
34.8922,-108.4224,1707
34.8923,-86.4258,3802
34.8942,-98.3587,1345
34.8943,-95.6505,516
34.8946,-94.978,1041
34.8962,-78.0533,939
34.8966,-86.0892,1689
34.8974,-106.2331,905
34.8978,-76.8984,3601
34.8985,-98.2029,687
34.9002,-77.5428,1167
34.9006,-95.6894,694
34.9011,-96.0994,475
34.9016,-84.9651,1810
34.902,-100.7662,856
34.9022,-92.2408,1980
34.9022,-92.5175,2580
34.9024,-117.9219,3758
34.9024,-114.5714,3400
34.9028,-79.0113,802
34.9033,-94.0948,2155
34.9043,-106.699,776
34.9046,-110.1672,3781
34.9054,-81.7637,2183
34.9067,-116.8233,731
34.9069,-79.6933,853
34.9071,-77.232,840
34.9088,-81.8636,1478
34.9089,-76.8995,3755
34.9093,-108.4965,3272
34.9096,-81.7528,441
34.9116,-111.4481,1072
34.9119,-79.7648,1679
34.9122,-89.3151,683
34.9137,-85.1215,2033
34.9138,-90.3077,355
34.914,-120.4406,4723
34.9142,-84.2776,1078
34.9143,-82.3139,2951
34.9144,-100.3809,1620
34.9147,-79.8158,1325
34.9148,-85.4186,1467
34.915,-81.9387,1460
34.9152,-79.7415,4367
34.9157,-87.2743,1032
34.9169,-97.3165,560
34.9172,-88.0644,785
34.918,-85.4814,1674
34.9184,-95.304,1601
34.9189,-97.1851,254
34.9212,-91.1063,1591
34.9215,-83.3811,1224
34.9221,-95.2087,962
34.9225,-95.7497,3572
34.9226,-88.4461,2294
34.9228,-77.7713,1129
34.9228,-97.7763,2341
34.9237,-86.5674,2876
34.9241,-85.3431,2473
34.9247,-79.1575,1042
34.9248,-95.5476,454
34.9259,-90.1677,3121
34.9261,-95.7736,3831
34.9277,-114.6266,2017
34.9295,-85.294,2491
34.9298,-95.7186,1998
34.9302,-82.0891,945
34.9303,-88.5121,3248
34.9311,-119.6149,611
34.9318,-85.246,3385
34.9324,-82.1437,2336
34.9326,-86.977,1164
34.9327,-88.8705,793
34.9328,-95.9517,1355
34.9331,-120.4436,4337
34.9333,-82.2308,4402
34.9343,-82.5605,1345
34.9343,-76.8112,973
34.9346,-83.8477,883
34.9346,-81.8754,1174
34.9358,-79.3,1653
34.9361,-104.675,2030
34.9362,-98.1363,632
34.9369,-100.8921,1571
34.9375,-80.74,3170
34.938,-111.6282,4283
34.9382,-81.0192,6056
34.9386,-79.7603,2510
34.9386,-107.1665,2389
34.9407,-91.0036,1930
34.9422,-111.6411,992
34.9431,-119.682,722
34.9442,-80.6864,2602
34.9449,-114.5906,785
34.9451,-81.8364,419
34.9456,-81.9259,4086
34.9462,-83.7463,1159
34.9468,-96.5253,420
34.9471,-82.0182,1313
34.9481,-90.4714,1366
34.9484,-88.5136,4986
34.9489,-111.7504,4345
34.9493,-85.7238,1889
34.9496,-94.6403,1107
34.9497,-88.9245,2115
34.951,-89.9777,5835
34.951,-84.3808,922
34.9512,-99.3684,1667
34.9513,-95.0794,982
34.9518,-93.409,1693
34.952,-81.3435,1039
34.9521,-90.0492,3635
34.9538,-81.9992,12215
34.954,-89.5256,1405
34.954,-91.1797,614
34.9552,-96.3368,498
34.9552,-85.7279,2134
34.9553,-84.9672,2127
34.9557,-78.5141,1092
34.9558,-89.8412,6784
34.9564,-102.1094,921
34.9571,-79.4331,1032
34.9579,-96.7538,1041
34.958,-82.0953,1943
34.9594,-87.3728,1633
34.9598,-77.966,1321
34.96,-82.445,2268
34.9606,-85.159,1453
34.9607,-114.5714,918
34.9611,-81.9931,1271
34.9611,-81.9693,1401
34.9614,-106.2326,1371
34.962,-94.9112,4351
34.962,-90.1071,1263
34.9637,-110.329,2471
34.9638,-80.0747,2332
34.964,-97.9447,2897
34.9645,-77.7032,2101
34.9649,-120.5731,1040
34.9649,-120.5731,970
34.9651,-76.9443,1614
34.9657,-80.0763,2216
34.9662,-92.4267,1926
34.9664,-96.2499,862
34.9665,-85.3619,1462
34.9669,-85.4215,1632
34.9675,-92.9813,1360
34.9675,-79.9845,905
34.9692,-78.9599,2730
34.9697,-94.7206,1248
34.9703,-90.9082,1675
34.9709,-106.3396,2571
34.9715,-83.3812,1205
34.9746,-97.0288,1163
34.975,-82.1241,2346
34.9751,-92.0283,4136
34.9755,-81.9585,1227
34.9758,-85.2896,1220
34.9762,-81.9026,1075
34.9764,-83.5515,921
34.9771,-85.2536,1369
34.9773,-81.4194,1182
34.9782,-106.7795,4188
34.9784,-91.5068,1317
34.9791,-79.7479,738
34.9813,-79.2296,1879
34.982,-84.3712,1114
34.9821,-81.9909,1714
34.9828,-87.1555,1255
34.9828,-80.9718,10933
34.9829,-110.032,5101
34.9832,-106.1398,2170
34.9836,-81.9224,1586
34.985,-83.334,1582
34.9861,-81.8204,940
34.9862,-80.369,1323
34.9865,-76.8241,1692
34.9875,-80.4476,1470
34.9878,-86.829,1298
34.988,-90.1365,409
34.9884,-96.9254,796
34.9888,-97.994,515
34.9899,-93.2979,1096
34.9903,-101.919,2580
34.9904,-99.2456,655
34.9906,-79.0701,2021
34.9926,-110.7068,3765
34.993,-101.9233,2457
34.9931,-80.266,912
34.9931,-92.6189,405
34.9937,-94.5155,1074
34.9945,-85.3516,1052
34.9946,-85.4868,1806
34.9948,-81.2334,2318
34.995,-78.1842,572
34.9957,-81.8431,754
34.9963,-81.0807,2576
34.9965,-78.6412,656
34.9972,-79.2292,1110
34.9973,-85.2285,2613
34.9978,-92.6312,879
34.9983,-81.2331,2645
34.999,-84.3913,1208
34.9994,-85.6684,2919
34.9996,-78.0927,1628
34.9996,-80.8167,2225
35.0004,-78.3315,2518
35.0004,-114.5749,3710
35.0016,-80.5613,5151
35.003,-80.1963,1587
35.0034,-106.0444,2391
35.0044,-86.8507,1968
35.0046,-108.3979,1307
35.0048,-78.3289,2738
35.0049,-85.0097,3652
35.0052,-84.7276,559
35.0057,-78.4019,1651
35.0058,-107.3163,2482
35.0058,-80.6934,2831
35.0059,-91.9896,1598
35.0059,-91.252,925
35.006,-80.94,4020
35.006,-77.2222,509
35.0066,-81.9689,2068
35.0086,-106.6822,4890
35.0112,-85.7182,2603
35.0113,-88.8025,1845
35.012,-92.8029,1876
35.0128,-97.3576,1988
35.013,-90.7857,2405
35.0131,-96.4404,1612
35.0135,-78.7001,1181
35.0136,-90.7932,4085
35.0138,-91.9577,1932
35.0138,-78.5027,932
35.0142,-80.9889,1009
35.0144,-81.0281,1474
35.0147,-85.8048,1845
35.015,-118.1902,6937
35.0152,-88.5349,3064
35.0154,-79.3513,2613
35.0176,-97.335,1410
35.018,-90.7311,1431
35.0181,-106.3508,2108
35.0186,-81.8041,1376
35.0197,-97.6271,2481
35.0198,-117.6659,3362
35.0207,-120.5,2895
35.0209,-88.6427,1052
35.0215,-76.826,1338
35.0219,-86.9989,1072
35.0221,-80.7354,3801
35.0226,-87.5855,755
35.0234,-94.3794,1218
35.0235,-90.6819,670
35.0237,-97.3737,3539
35.0242,-110.7093,3272
35.0246,-99.0876,1666
35.025,-93.0455,960
35.0261,-86.7177,1721
35.0272,-80.9779,1081
35.0274,-114.3839,398
35.0289,-120.5524,1167
35.0304,-110.7018,1724
35.0307,-120.4978,3525
35.0309,-89.562,2296
35.0309,-76.6808,1086
35.0313,-79.5491,1675
35.0314,-93.224,1184
35.033,-87.5008,1762
35.0332,-97.9489,2835
35.0333,-95.6756,1553
35.0348,-100.9078,1292
35.0349,-92.6945,914
35.0349,-85.247,374
35.036,-84.3848,1476
35.0361,-107.6162,2537
35.0364,-108.3378,3316
35.037,-77.0819,2544
35.0375,-82.4909,1885
35.0375,-101.9064,1386
35.0383,-78.7854,1749
35.0393,-81.0106,1941
35.0398,-90.3403,251
35.0399,-92.8991,885
35.0404,-88.2717,1117
35.0405,-97.9472,4301
35.0409,-82.1024,943
35.042,-81.4094,763
35.0437,-86.7533,2202
35.0444,-107.4682,2144
35.045,-81.9779,2374
35.045,-83.8179,724
35.0454,-76.9981,2520
35.0458,-82.0885,1206
35.0462,-92.7944,761
35.0469,-85.674,2092
35.0473,-117.8094,3242
35.0474,-107.4017,2806
35.0476,-82.0958,3359
35.0476,-89.2409,1286
35.0478,-106.561,2119
35.0479,-88.0641,2178
35.048,-120.5759,1373
35.0488,-89.0883,706
35.0489,-89.6971,5501
35.0497,-120.5386,928
35.05,-89.1889,989
35.0501,-100.2814,1161
35.0508,-107.5396,2313
35.0509,-119.4066,1136
35.0513,-95.9556,756
35.0515,-99.5099,465
35.0517,-85.2053,15509
35.0525,-93.3912,1878
35.0526,-78.9768,12710
35.0528,-89.6096,4735
35.0533,-107.5723,981
35.0534,-101.8184,1254
35.0535,-85.048,3207
35.0538,-83.1976,2270
35.0546,-91.1229,714
35.0547,-97.4907,1099
35.0547,-88.8019,1301
35.056,-101.7819,963
35.0562,-77.7436,619
35.0566,-87.1607,1239
35.0579,-86.2689,1121
35.0589,-101.8005,680
35.0602,-86.4165,2095
35.0604,-88.4257,2153
35.0612,-106.4572,2094
35.0613,-107.6635,1626
35.0619,-78.1084,1059
35.0624,-107.7414,897
35.0624,-89.3823,1026
35.0628,-86.8958,1281
35.0633,-77.3546,448
35.0635,-104.2715,947
35.0636,-118.973,438
35.0639,-81.5445,306
35.0639,-94.2343,1380
35.0651,-82.3699,1047
35.0653,-106.2569,2748
35.0653,-98.2445,2420
35.066,-85.2484,10833
35.0667,-94.6103,4683
35.0673,-107.5648,1786
35.0683,-85.6212,2849
35.0686,-80.6512,4340
35.0688,-92.4474,5207
35.0689,-107.6146,1797
35.0689,-77.1499,1439
35.0693,-88.8942,1313
35.0694,-108.8558,3226
35.0695,-79.757,1041
35.0695,-93.4201,1596
35.0695,-76.9584,1540
35.0704,-91.8925,1920
35.0711,-98.2416,1317
35.0712,-98.8743,806
35.0719,-88.6149,1215
35.0723,-85.0545,714
35.0724,-91.9011,2888
35.0732,-75.9985,2662
35.0736,-81.6615,2735
35.0744,-92.467,6201
35.0748,-90.8095,1621
35.0749,-85.9259,865
35.0768,-81.6519,3565
35.0775,-82.1346,910
35.0779,-86.5841,2122
35.0785,-80.5171,4910
35.0787,-92.2154,2564
35.0809,-120.545,1439
35.0809,-108.7982,1200
35.081,-87.4395,1766
35.0813,-96.8598,2790
35.0815,-88.3267,997
35.0817,-94.2663,745
35.082,-89.7826,4060
35.082,-77.092,1565
35.0828,-78.9735,11056
35.0833,-96.3948,1436
35.0833,-98.0861,566
35.0835,-96.4014,2034
35.0836,-96.2376,1805
35.0841,-89.9153,20122
35.0845,-80.6344,778
35.0848,-94.6232,2297
35.0854,-81.6243,1579
35.0857,-81.8535,1583
35.0862,-106.3776,966
35.087,-106.2878,1505
35.0877,-88.5517,2054
35.0882,-84.8477,3146
35.0887,-113.8739,1180
35.09,-79.3739,1358
35.0905,-107.5261,2809
35.0915,-93.4458,1241
35.092,-118.6576,3346
35.0924,-94.353,534
35.0924,-111.696,983
35.0927,-77.0718,5834
35.0936,-118.4327,1841
35.0937,-80.8935,2340
35.0938,-111.6452,2901
35.0942,-96.1248,3144
35.0943,-84.0249,1455
35.0946,-97.2828,5643
35.0953,-78.7862,3056
35.0967,-77.0726,4863
35.0982,-107.9049,3610
35.0985,-81.0722,2548
35.0985,-97.5627,3514
35.0995,-98.7497,685
35.1006,-92.7736,1426
35.1016,-120.6082,1125
35.1017,-106.2236,1909
35.1026,-107.5975,1863
35.1027,-98.5996,1048
35.1038,-97.1056,3965
35.1042,-80.1097,1101
35.1044,-98.3413,688
35.1048,-106.6468,12425
35.105,-90.3055,1571
35.1066,-97.7342,1125
35.1071,-82.6184,1101
35.1074,-101.3629,1190
35.1079,-83.098,1838
35.1085,-81.2216,2068
35.1087,-80.6249,1374
35.1088,-84.9853,1099
35.1089,-79.4715,1469
35.1092,-89.9685,15456
35.1093,-84.9097,3405
35.1098,-93.526,704
35.1098,-88.3645,1111
35.1103,-80.6601,2639
35.1111,-95.1119,1610
35.1112,-107.4651,1564
35.1113,-86.5718,3202
35.1113,-103.3363,1554
35.1115,-85.5966,924
35.1116,-81.2203,1975
35.1117,-85.2962,2325
35.1136,-91.8262,745
35.1147,-106.3801,1605
35.1148,-88.2582,1206
35.1153,-98.4453,766
35.1153,-92.0812,1844
35.1157,-93.1715,1612
35.1158,-86.8035,1366
35.1165,-78.1363,845
35.1182,-95.6778,1300
35.1198,-95.2382,720
35.1198,-80.7097,3756
35.1209,-120.6197,1381
35.1211,-78.2984,3035
35.1221,-81.5181,1242
35.1231,-91.645,672
35.1235,-84.7167,877
35.1239,-120.6046,3752
35.1239,-97.4866,4650
35.1241,-107.8075,1254
35.1241,-120.5845,2213
35.125,-85.1471,2358
35.1258,-82.1494,1518
35.1259,-97.1704,1280
35.1261,-95.3665,862
35.1264,-108.5063,3180
35.1267,-91.4539,488
35.1267,-119.4242,3548
35.1274,-114.556,6996
35.1276,-94.6685,1456
35.1278,-77.0126,1299
35.1281,-86.1881,627
35.1293,-119.4575,942
35.1312,-114.1266,1125
35.1313,-106.2202,6843
35.1318,-93.7167,937
35.1318,-106.6238,14727
35.1329,-90.8129,1019
35.1335,-96.778,930
35.1337,-119.4711,494
35.1343,-114.534,5402
35.1346,-79.4355,2989
35.1349,-87.5376,859
35.1349,-97.3711,3243
35.1351,-82.0004,449
35.1364,-114.6242,1119
35.1364,-118.4976,3000
35.1369,-113.9685,3599
35.1375,-94.5393,1108
35.1388,-76.7415,1186
35.1393,-93.9175,1803
35.1395,-82.436,2308
35.1404,-114.6166,3671
35.1414,-77.7162,1530
35.1425,-91.7792,807
35.143,-118.446,2910
35.1432,-119.4636,1718
35.1435,-76.8085,1311
35.1439,-85.3415,2627
35.1441,-96.4968,1998
35.1449,-76.8447,1782
35.1458,-82.8202,671
35.1462,-81.863,940
35.1466,-117.8693,12957
35.1466,-113.9058,1113
35.1473,-96.6693,1752
35.1477,-118.491,2578
35.1479,-97.0087,271
35.1493,-76.7694,1238
35.1496,-90.1993,4959
35.1497,-92.5504,1367
35.1502,-86.5623,2737
35.1506,-94.9672,955
35.1523,-97.6652,5010
35.1525,-84.8542,1014
35.1532,-120.6739,1698
35.1533,-91.3342,1946
35.1539,-93.8079,1224
35.1542,-105.9763,2256
35.1542,-107.8323,3500
35.1544,-84.319,1097
35.1546,-78.1044,908
35.1549,-89.126,511
35.1555,-92.7389,2698
35.156,-80.5244,4972
35.1564,-107.4007,2004
35.1564,-99.0596,416
35.1568,-96.34,392
35.1569,-88.4302,964
35.157,-99.1735,716
35.1575,-106.3475,1420
35.1581,-90.4188,1367
35.1581,-87.3465,1251
35.1585,-89.3754,1167
35.1594,-92.6431,921
35.1597,-92.7411,2172
35.1602,-97.8821,1804
35.1604,-106.2988,1520
35.161,-96.5184,694
35.162,-106.6457,1916
35.1621,-107.8546,2251
35.1632,-86.0138,1320
35.1634,-95.7759,513
35.1634,-78.7397,1200
35.1635,-85.3099,1707
35.1636,-114.0897,2330
35.1647,-119.4584,1125
35.1648,-106.3657,773
35.166,-92.277,2356
35.1692,-101.57,891
35.1692,-83.1204,1050
35.1698,-79.7232,681
35.1699,-107.3639,760
35.1701,-78.4041,1939
35.1702,-103.7257,1777
35.1703,-103.705,2800
35.1706,-88.5951,2806
35.1712,-94.6684,1365
35.1715,-82.1811,2110
35.1717,-81.4581,888
35.1722,-84.8605,6733
35.1725,-107.407,1859
35.1729,-95.7421,932
35.1731,-106.6228,2393
35.1737,-96.5981,624
35.174,-95.6494,789
35.1743,-106.4884,1233
35.1745,-87.7441,1514
35.1749,-84.6517,1581
35.1751,-82.1857,1477
35.177,-83.9265,948
35.1772,-106.1669,3244
35.1779,-83.3808,3393
35.1779,-119.5472,757
35.178,-97.9592,1496
35.1784,-118.6696,5661
35.1785,-80.6557,4502
35.1785,-79.563,2416
35.1794,-83.3807,2019
35.18,-84.8713,5064
35.1827,-79.4324,6257
35.1846,-78.9947,4413
35.1848,-85.4848,2009
35.1849,-94.4826,3168
35.1852,-111.6207,7377
35.1865,-85.3302,1858
35.1879,-98.2591,369
35.188,-94.4103,1090
35.1881,-105.1163,1255
35.189,-77.3205,725
35.1901,-108.4764,3629
35.1904,-94.7904,672
35.1905,-86.1079,3057
35.1907,-85.1975,2837
35.1911,-79.4698,3713
35.192,-101.8469,8322
35.1924,-85.5215,1701
35.1927,-76.6617,1120
35.1933,-87.0336,2540
35.1944,-118.8306,1993
35.1944,-86.8568,882
35.1948,-78.6539,1078
35.1949,-105.1439,1213
35.1949,-86.0925,3257
35.195,-79.4021,3891
35.1954,-81.534,843
35.1959,-92.2066,1496
35.1959,-85.2594,2033
35.1968,-107.8924,1907
35.1968,-91.7152,1023
35.1979,-85.9215,1790
35.1981,-101.8331,9243
35.1981,-106.7024,918
35.1982,-78.4826,2531
35.1989,-91.9645,1996
35.1989,-107.3827,1484
35.199,-87.0372,2040
35.199,-83.8258,1164
35.1994,-120.7208,2240
35.1998,-78.0661,1503
35.1998,-106.3337,2187
35.1999,-92.4502,1532
35.2008,-85.3685,2310
35.2016,-111.6184,4912
35.2021,-95.8892,445
35.2027,-85.1412,1198
35.2029,-102.059,2219
35.2032,-118.8328,1390
35.2033,-91.6099,595
35.2042,-76.6458,923
35.2042,-90.2067,4088
35.2048,-88.1939,2218
35.2061,-114.2328,8057
35.2077,-101.1055,783
35.2087,-119.4107,1844
35.2088,-82.2379,1283
35.209,-80.831,16028
35.2092,-102.2095,1392
35.2092,-109.3191,1461
35.2097,-96.9611,1567
35.2108,-120.606,1003
35.2112,-106.5859,1117
35.2112,-107.9183,869
35.2113,-94.2394,3072
35.2117,-95.557,1134
35.212,-100.7326,616
35.2127,-97.4419,6157
35.2127,-79.6298,1147
35.2127,-120.628,1543
35.2146,-79.4917,1054
35.2154,-88.2298,2709
35.2154,-100.2461,1299
35.2155,-77.4338,889
35.2156,-99.8687,882
35.2159,-86.0747,1993
35.2159,-119.375,1741
35.2164,-80.005,1696
35.2169,-99.5036,662
35.217,-114.0105,5564
35.2171,-94.2613,2335
35.2171,-78.6843,741
35.2172,-112.4913,1379
35.2199,-75.6879,1140
35.2204,-114.0723,1655
35.2208,-114.5613,1765
35.2209,-88.2351,2371
35.2213,-81.0411,3174
35.2225,-99.993,711
35.2236,-92.124,913
35.2236,-77.6333,1094
35.2238,-107.721,1883
35.224,-90.2056,465
35.2244,-80.2235,1638
35.2248,-89.5148,2554
35.2248,-95.3769,1020
35.2248,-77.8451,528
35.2249,-88.3308,2047
35.2257,-107.8761,1759
35.226,-114.0155,4310
35.2261,-89.5382,2938
35.2263,-93.1659,1733
35.2265,-95.9386,2174
35.2267,-90.3242,679
35.2273,-118.8233,234
35.2275,-80.8066,23284
35.228,-106.1847,2837
35.2285,-80.3342,1445
35.2287,-88.8296,931
35.2288,-92.3836,2560
35.23,-81.0733,1958
35.2306,-93.0608,3340
35.2307,-105.163,770
35.2315,-90.786,2119
35.2318,-118.6131,2790
35.2318,-94.4161,1516
35.2322,-89.3754,3344
35.2323,-100.6001,977
35.2327,-97.1,5457
35.2327,-88.3848,1963
35.2328,-81.5161,920
35.2328,-80.1108,1955
35.2335,-97.7347,1139
35.2336,-111.4728,2013
35.2337,-80.4302,1920
35.2341,-88.6131,1357
35.2342,-89.8203,5160
35.2345,-106.334,3286
35.2347,-119.0829,1220
35.2348,-96.6493,3417
35.2352,-91.6713,1240
35.2352,-90.7885,2723
35.2358,-81.3504,3468
35.2358,-85.8502,2731
35.2359,-118.9096,1712
35.237,-82.7229,3376
35.2373,-81.3598,3163
35.2375,-82.3469,1133
35.2379,-96.6707,2105
35.2388,-84.9139,2422
35.2396,-106.6271,2982
35.2403,-91.7233,4195
35.2405,-94.6243,1391
35.2406,-97.3453,12136
35.2409,-92.9496,2248
35.2411,-91.7352,3886
35.2419,-96.2368,1246
35.2424,-95.5186,4640
35.2424,-97.5953,7037
35.2425,-111.8138,2666
35.244,-78.5602,3705
35.244,-119.6038,1718
35.2451,-118.9588,909
35.2453,-102.4292,1050
35.2466,-112.1833,6011
35.2468,-87.3287,2823
35.2474,-108.7671,1241
35.2477,-116.6834,2396
35.2478,-82.7285,2104
35.2479,-75.5987,1998
35.248,-91.036,1406
35.248,-81.7653,1385
35.2482,-79.3719,1768
35.2488,-81.1864,6656
35.2491,-118.8442,265
35.2492,-80.5301,3316
35.2497,-87.3325,3231
35.2512,-82.2098,1760
35.2512,-78.3537,1594
35.2515,-94.4679,4999
35.2518,-76.5731,2046
35.2521,-81.6636,1922
35.2525,-89.6611,4425
35.2527,-114.1415,850
35.2533,-75.5383,2543
35.2537,-106.5706,967
35.2539,-79.2846,1667
35.2543,-95.2448,1186
35.2546,-78.7476,673
35.2563,-118.9181,1518
35.2565,-84.5617,1777
35.2573,-91.1973,1397
35.2574,-94.9223,557
35.2578,-81.8044,694
35.2585,-81.1302,10134
35.2589,-95.1168,1492
35.259,-91.235,965
35.259,-116.6868,1727
35.2592,-86.1337,1997
35.2612,-90.5535,1452
35.2614,-101.9519,508
35.2616,-85.1721,4371
35.2628,-89.725,4403
35.263,-85.7557,1959
35.2632,-84.2882,1257
35.2635,-120.6624,3408
35.2637,-106.223,2355
35.264,-89.0119,2586
35.2642,-89.0005,1977
35.2642,-79.586,2630
35.2643,-96.9334,3519
35.2645,-114.0091,2024
35.2648,-95.3012,895
35.2651,-118.916,1989
35.2652,-78.0405,1508
35.2652,-80.3623,1754
35.2653,-119.0324,620
35.2654,-81.0799,1057
35.2656,-111.519,4135
35.2659,-105.3602,2446
35.2662,-120.6684,3353
35.2668,-82.4516,2583
35.2671,-119.1055,901
35.2686,-80.4367,2604
35.2693,-109.2234,5917
35.2694,-107.9854,2493
35.2695,-119.0095,1045
35.2702,-93.1331,4005
35.2712,-96.0278,730
35.2729,-92.555,1201
35.2734,-90.4643,1636
35.2736,-79.0456,2922
35.2736,-79.0456,3226
35.2741,-102.6672,623
35.2745,-108.7444,1281
35.2748,-112.4985,4317
35.2751,-77.5934,3882
35.2751,-85.2226,4083
35.2758,-81.1049,1741
35.276,-85.536,1596
35.2763,-93.1387,4830
35.2764,-91.6416,1543
35.2769,-116.0717,1489
35.2771,-78.9602,4086
35.281,-82.4166,1861
35.2811,-81.7914,955
35.2813,-108.131,1568
35.2818,-99.1336,690
35.2843,-89.6651,2538
35.2843,-81.2829,2166
35.2851,-106.6989,9231
35.2852,-111.9672,11835
35.2857,-84.7608,973
35.2865,-91.3609,1307
35.2867,-81.4774,1089
35.2877,-90.2305,503
35.2889,-86.3587,10322
35.2899,-81.1291,1303
35.2903,-81.1453,765
35.2904,-81.5456,4293
35.2906,-77.6,3843
35.2908,-93.7342,2132
35.2921,-95.5864,2331
35.2925,-93.4191,1147
35.2926,-81.523,4583
35.2939,-82.4927,1383
35.2942,-94.5714,2320
35.2945,-94.0483,1778
35.2952,-92.7754,1423
35.2956,-78.0294,1352
35.2957,-99.6282,2108
35.2958,-83.1954,639
35.2964,-79.7325,1292
35.2966,-111.0036,3343
35.2969,-98.9838,1362
35.297,-90.2103,3071
35.2973,-95.2386,2228
35.2974,-93.6394,1249
35.298,-119.6249,1469
35.2987,-119.3577,660
35.2992,-81.6986,1207
35.2996,-114.8777,1371
35.3004,-106.7985,7507
35.3018,-84.7415,989
35.3018,-93.8678,1054
35.3019,-108.1034,811
35.3023,-118.9143,789
35.3029,-76.7893,875
35.3031,-77.1567,1189
35.3036,-105.3913,1324
35.3044,-82.5887,3817
35.3051,-118.997,655
35.3054,-98.5562,465
35.3065,-78.7591,2499
35.3065,-77.7899,1378
35.3069,-93.8886,1223
35.307,-120.6673,1126
35.3071,-120.8245,3244
35.3075,-80.6456,3219
35.3078,-108.0966,453
35.3083,-93.9554,1605
35.3084,-82.4412,900
35.3086,-81.1134,633
35.3094,-77.8747,1324
35.3096,-94.784,867
35.3097,-83.1815,1772
35.3105,-98.3431,843
35.3114,-97.0451,4828
35.3115,-82.5036,1524
35.3116,-78.613,2416
35.3124,-106.5541,2075
35.3125,-91.5713,2021
35.3139,-97.7536,4930
35.3139,-88.3558,1471
35.3144,-81.0066,3048
35.3153,-90.7711,917
35.3154,-81.6602,919
35.3156,-97.9514,3181
35.3163,-77.5066,1167
35.3168,-111.5507,2847
35.3173,-86.6406,912
35.3176,-78.6364,3027
35.3178,-120.8371,1777
35.3179,-89.1497,1474
35.3179,-81.1832,1592
35.32,-83.192,2242
35.3206,-82.3611,2710
35.3209,-89.6085,2189
35.3212,-92.0765,2231
35.3215,-83.8095,740
35.3218,-87.3013,975
35.3222,-78.6735,1884
35.3223,-79.4109,2370
35.3226,-106.4429,4927
35.3227,-111.7398,7729
35.3233,-108.2034,3188
35.3234,-82.4558,2551
35.3235,-87.7593,1879
35.3252,-79.0379,2162
35.3256,-112.8572,2300
35.3259,-79.2542,1000
35.3261,-92.3376,2425
35.3272,-105.4354,1225
35.3276,-93.2435,1617
35.3285,-97.4748,4268
35.3292,-96.8029,2768
35.3292,-92.4057,1948
35.3302,-94.1829,1354
35.3302,-94.4483,1692
35.3308,-77.9226,2321
35.3308,-78.057,1937
35.3309,-81.7613,1021
35.3313,-94.2752,2910
35.3319,-85.2,3779
35.3324,-82.5627,2480
35.3337,-89.8995,4298
35.3341,-85.8703,3704
35.3347,-81.8708,2662
35.3357,-108.6709,2396
35.3364,-94.238,1354
35.3367,-75.5121,1368
35.3376,-89.8839,3234
35.3381,-107.6461,1512
35.3381,-84.5282,1526
35.3389,-84.5282,1927
35.3389,-81.8977,4708
35.34,-96.9229,3949
35.3401,-113.7256,3808
35.3403,-96.136,737
35.3407,-96.4596,699
35.3424,-88.8099,742
35.3432,-118.9987,566
35.3442,-85.7138,2235
35.3456,-118.9859,569
35.3463,-101.3805,1323
35.3464,-119.0298,786
35.3469,-118.9338,886
35.3473,-118.8698,913
35.3476,-119.0794,579
35.3478,-119.0469,713
35.3485,-98.6715,872
35.3493,-94.3709,7275
35.35,-83.219,907
35.3523,-106.5154,2469
35.3526,-82.4887,1156
35.3529,-110.3072,3696
35.3532,-119.0379,11130
35.3545,-107.9389,1874
35.3547,-99.175,845
35.3547,-81.0918,1587
35.3547,-109.0528,536
35.3548,-104.1954,2620
35.3555,-103.453,2956
35.3564,-88.9539,929
35.357,-88.617,1138
35.3571,-95.2634,858
35.3576,-85.5656,2016
35.3579,-95.5118,5721
35.3581,-80.1912,3852
35.3589,-79.7797,1549
35.3597,-81.9232,2111
35.3604,-93.5397,646
35.3615,-112.1721,4969
35.3621,-81.6201,1205
35.3621,-91.5099,414
35.3625,-81.836,877
35.3626,-81.4293,831
35.363,-98.3641,466
35.3635,-91.8295,566
35.3635,-118.965,1084
35.3636,-86.8578,2193
35.364,-83.8664,400
35.3641,-81.9613,1849
35.3643,-96.3886,2494
35.3646,-79.8919,1737
35.3648,-92.9642,1761
35.3651,-119.0492,10437
35.3662,-94.7925,3036
35.3665,-84.2981,1269
35.3668,-120.8683,2098
35.3671,-92.4107,1239
35.3675,-85.3898,2984
35.3683,-108.0749,3376
35.3683,-118.9225,2121
35.3685,-89.5718,1741
35.3686,-95.7008,162
35.3687,-117.6603,1253
35.3689,-108.5277,1201
35.3694,-96.9564,5635
35.3697,-86.2141,3491
35.37,-105.4441,1440
35.3703,-82.502,1763
35.3706,-83.2526,628
35.3707,-106.4889,2454
35.3719,-117.6418,1422
35.3726,-85.6374,3233
35.3733,-86.2183,4396
35.3746,-90.2704,2099
35.3748,-83.2169,2439
35.3754,-83.2185,1617
35.376,-94.3622,7809
35.3764,-80.3113,2164
35.3773,-87.9912,2141
35.3775,-93.3618,1620
35.3776,-88.3661,1151
35.3781,-87.0054,529
35.3782,-77.9719,4855
35.3782,-77.8922,1446
35.379,-118.9579,1066
35.3791,-98.7817,536
35.3799,-77.983,6620
35.38,-80.1888,3706
35.38,-77.4425,1487
35.3805,-88.2536,1591
35.3807,-118.8171,1917
35.3807,-92.5756,2794
35.3813,-82.5889,4295
35.3817,-92.2147,1250
35.382,-93.5189,1051
35.3824,-81.9448,591
35.3832,-119.1184,1253
35.3832,-118.9744,806
35.3842,-97.0434,782
35.3846,-81.3789,2187
35.3853,-81.3748,2257
35.3854,-98.9892,653
35.3864,-85.0824,4985
35.3866,-81.4127,305
35.3871,-78.5409,1570
35.3877,-94.6936,461
35.3881,-120.8591,2092
35.3885,-113.6591,1147
35.3886,-119.2057,4912
35.3894,-120.6082,653
35.3895,-84.6989,1340
35.3896,-99.4287,3638
35.3899,-118.9409,790
35.39,-81.2021,1465
35.3903,-91.2299,478
35.391,-93.1142,1527
35.3911,-88.4303,1091
35.3918,-97.7251,3143
35.3921,-80.6355,7303
35.3923,-96.0623,355
35.3943,-81.1231,1276
35.3943,-80.4318,1729
35.3956,-105.4758,465
35.3972,-118.9893,929
35.3978,-82.4213,2576
35.398,-78.8158,2426
35.3982,-95.0142,2302
35.3982,-96.187,558
35.3984,-105.9572,1667
35.3985,-95.4166,2213
35.3987,-95.1647,3409
35.3991,-79.7833,1032
35.3995,-97.9067,6802
35.4026,-82.3343,2975
35.4027,-97.4814,464
35.4028,-90.7536,795
35.4028,-90.9945,731
35.4033,-106.1538,1071
35.4034,-94.5975,1869
35.4044,-85.9541,1843
35.4047,-94.4557,899
35.4057,-119.3142,908
35.4064,-78.6695,1128
35.4067,-89.297,1093
35.4068,-80.8687,5873
35.4072,-80.1183,1223
35.4076,-92.823,1056
35.4079,-78.7432,1579
35.4085,-99.4078,2726
35.4092,-119.4407,2390
35.4093,-110.1144,2928
35.4097,-114.1972,1115
35.4108,-92.8753,2060
35.4109,-113.8627,3140
35.4113,-78.9366,2232
35.4122,-97.1066,3854
35.4128,-89.5412,1278
35.413,-76.3197,1804
35.4131,-78.8117,2515
35.4132,-94.5085,1700
35.4138,-96.8493,1920
35.414,-90.2956,3338
35.4144,-81.5621,815
35.415,-99.9203,3616
35.4158,-120.614,949
35.4163,-81.644,1239
35.4169,-105.4985,1129
35.4174,-109.4996,568
35.422,-99.2779,721
35.422,-93.7288,629
35.422,-91.4552,845
35.4228,-113.6486,931
35.4229,-84.4883,1255
35.423,-113.8083,730
35.4231,-77.589,551
35.4235,-108.2001,5706
35.4241,-81.3012,967
35.4242,-108.0263,1984
35.4245,-81.0052,2367
35.4252,-93.7568,942
35.4252,-94.2361,2029
35.4259,-89.7844,3163
35.4261,-91.8394,670
35.4266,-83.4473,1342
35.427,-98.193,845
35.4272,-106.1212,1666
35.4277,-79.5829,1147
35.429,-118.9437,747
35.4292,-91.1107,969
35.4293,-119.0306,2554
35.4293,-96.3003,1599
35.4294,-81.5022,1336
35.4298,-110.8412,722
35.4307,-108.3302,1499
35.4328,-83.8248,717
35.4329,-82.5074,2285
35.4334,-101.1758,1198
35.4339,-85.7386,4043
35.4344,-87.3085,1287
35.4347,-83.3548,388
35.4349,-80.2198,1276
35.4353,-93.6282,1141
35.4362,-89.7772,2860
35.4369,-93.6652,1520
35.438,-94.6984,518
35.4383,-106.4132,3143
35.4387,-108.9946,2594
35.4396,-120.8898,1599
35.4396,-100.8039,567
35.4403,-118.9411,736
35.4411,-100.2752,1123
35.4417,-95.9864,2376
35.4418,-76.7934,933
35.4424,-88.2912,1436
35.4429,-89.8159,2795
35.4431,-88.6566,2537
35.4444,-93.3947,1951
35.4446,-120.6245,4970
35.4449,-82.4356,2392
35.4456,-78.4176,1522
35.4463,-88.6513,2112
35.4468,-93.7644,1249
35.4468,-95.9805,2074
35.448,-91.2316,449
35.4483,-97.4408,2490
35.4484,-82.2022,3295
35.4486,-118.8872,1369
35.4493,-85.0764,985
35.45,-99.1707,779
35.4503,-77.6763,1133
35.4503,-82.255,1664
35.4504,-86.7909,2781
35.4508,-97.457,152
35.4512,-94.354,3573
35.4516,-86.7907,3429
35.4521,-88.8627,905
35.4522,-86.2582,449
35.4525,-84.6095,3572
35.4539,-93.4816,3875
35.4539,-81.1547,1395
35.4554,-114.9204,1787
35.4568,-84.6045,3582
35.4573,-79.0572,1033
35.4579,-95.9491,913
35.4588,-97.3746,4485
35.459,-85.6688,1989
35.4591,-94.789,2117
35.4604,-94.8066,3381
35.4604,-105.2842,2153
35.4609,-94.5457,1382
35.4612,-90.2598,408
35.4613,-89.4014,652
35.4614,-94.4996,3256
35.4626,-92.401,1714
35.4629,-92.9791,1373
35.463,-94.4299,810
35.463,-79.1661,5320
35.4641,-86.0729,3556
35.4651,-82.5718,1195
35.4667,-78.1616,980
35.4671,-97.5137,22361
35.4681,-96.3916,1128
35.4682,-93.4693,2535
35.4685,-95.4115,3741
35.4689,-119.2687,162
35.4691,-88.5146,903
35.4692,-86.0721,2933
35.4693,-108.4396,1500
35.4694,-77.4166,1773
35.4696,-119.2615,273
35.4708,-80.5968,12843
35.4708,-108.5439,1289
35.4712,-76.8111,543
35.472,-97.1827,3280
35.4725,-80.2595,1413
35.4732,-80.8813,3235
35.4737,-94.819,763
35.4745,-89.0394,1198
35.4746,-105.566,1377
35.4757,-81.2392,2719
35.4758,-82.3504,1751
35.476,-109.1318,389
35.477,-80.286,1154
35.4777,-93.7647,1870
35.4788,-82.5023,1496
35.4788,-119.2771,425
35.4789,-110.4511,3532
35.479,-88.7413,1830
35.4792,-77.5902,932
35.4793,-80.638,5367
35.4794,-119.2013,5648
35.4803,-89.7347,1633
35.4804,-80.8209,2315
35.4813,-81.2293,4839
35.4824,-95.5228,2719
35.4843,-81.5274,3184
35.485,-97.2699,4737
35.4855,-105.8863,1460
35.4857,-82.9992,2719
35.4857,-120.6879,4636
35.4859,-83.3011,3157
35.486,-110.4056,3744
35.4868,-90.356,1132
35.4878,-108.8574,1036
35.4885,-86.4517,3294
35.4888,-95.8447,456
35.4893,-96.8976,1558
35.4899,-96.48,1154
35.4899,-85.0202,2742
35.4903,-108.8953,981
35.4904,-113.563,1764
35.4914,-90.9725,496
35.4916,-119.2725,1989
35.4917,-95.3089,1235
35.4918,-97.3243,1664
35.4922,-105.6715,2245
35.4924,-94.2139,2174
35.4932,-98.3547,1977
35.4938,-79.1765,5230
35.4942,-108.7206,2409
35.4944,-94.1388,1557
35.4954,-85.0087,2648
35.4968,-96.6999,1640
35.4969,-97.5356,18647
35.4969,-108.87,815
35.4972,-77.9878,789
35.4973,-80.9769,1740
35.4976,-77.0547,1393
35.4978,-94.5389,2505
35.4996,-92.0293,2738
35.5,-109.5305,525
35.5008,-92.0489,2532
35.5015,-86.4517,3990
35.5019,-93.8484,2557
35.5033,-78.2486,1213
35.504,-94.6668,3348
35.5042,-94.9698,1050
35.5054,-95.8716,964
35.5059,-78.3403,3745
35.5063,-98.9768,1892
35.5069,-95.0322,4660
35.5071,-98.9705,2864
35.5072,-97.6417,2076
35.5074,-90.1507,712
35.5084,-96.5671,603
35.5084,-76.9871,2418
35.5085,-94.0748,2540
35.5088,-91.8884,906
35.5092,-76.0095,1631
35.5096,-97.6499,319
35.5098,-82.5225,14316
35.5099,-97.4471,1244
35.5105,-108.6397,1693
35.5108,-97.3716,2106
35.5111,-82.617,1350
35.5113,-95.9565,836
35.5119,-78.7399,1947
35.5127,-81.6168,1201
35.5138,-108.7437,4080
35.5146,-77.1015,906
35.515,-93.3321,1848
35.516,-108.4877,2804
35.5161,-84.361,2431
35.517,-95.1642,1859
35.5171,-120.5181,682
35.5172,-84.5499,1377
35.5183,-88.2523,1738
35.5184,-97.7662,4677
35.5186,-80.3475,1432
35.5189,-89.8846,1092
35.5198,-95.7517,302
35.5202,-80.6658,1814
35.5209,-97.9565,2680
35.5216,-108.7388,3359
35.522,-82.9844,4771
35.5224,-106.3676,1296
35.5225,-82.4013,2265
35.5232,-84.363,2225
35.5238,-78.3522,3236
35.5253,-86.3301,851
35.5258,-83.0619,1708
35.5261,-97.6181,1520
35.5272,-105.934,4139
35.5275,-94.2404,1158
35.5279,-90.4266,2181
35.5286,-109.8609,2098
35.5287,-77.4001,2016
35.5288,-96.3854,1802
35.5291,-84.7933,1769
35.53,-106.717,4721
35.5302,-82.9728,2089
35.5307,-82.8464,2705
35.5314,-113.432,2554
35.5315,-97.4474,459
35.5321,-82.8337,1758
35.5329,-77.0316,467
35.5331,-82.9108,845
35.5331,-94.8917,2811
35.5335,-95.4848,1173
35.5337,-100.4413,709
35.534,-86.0832,1779
35.5341,-89.8307,1494
35.5349,-82.5379,1549
35.5352,-102.2526,1148
35.5352,-98.6856,2278
35.5352,-105.8389,2858
35.5356,-90.1294,449
35.5374,-98.6843,2514
35.5387,-82.8647,1053
35.5395,-79.7814,972
35.5397,-78.2917,2112
35.5406,-95.1122,1396
35.5414,-77.8763,531
35.5418,-97.9613,8100
35.5424,-85.8596,633
35.5429,-94.5512,2551
35.543,-76.6231,1145
35.5437,-77.9751,1057
35.5441,-77.0396,3710
35.5443,-80.9299,2885
35.5452,-100.9656,2608
35.5456,-81.0447,2211
35.5457,-90.5123,2097
35.5464,-97.5433,1275
35.5471,-91.9675,2889
35.5476,-98.3775,665
35.5479,-100.965,2727
35.5481,-98.5801,758
35.5481,-87.1869,3220
35.5485,-75.4682,894
35.549,-108.6643,595
35.5496,-80.6105,1679
35.5504,-76.2265,2409
35.5515,-87.5539,2084
35.5521,-121.0841,2634
35.553,-80.4092,1234
35.5545,-91.6272,911
35.5558,-95.6525,511
35.556,-120.7182,2554
35.5565,-106.2436,378
35.5569,-89.7846,931
35.5576,-79.2808,865
35.558,-94.8505,1989
35.558,-77.0542,2598
35.5589,-121.0905,1502
35.5606,-106.7735,1388
35.5616,-94.7475,4631
35.5624,-78.2035,588
35.5632,-91.1094,303
35.5638,-90.7216,1414
35.5639,-95.0241,3150
35.5647,-94.6762,4324
35.5653,-90.9346,335
35.5659,-75.4655,746
35.5659,-89.6485,3070
35.566,-90.0418,929
35.5664,-92.2052,632
35.5664,-108.0165,3302
35.5667,-97.2889,3357
35.5671,-77.1982,749
35.5682,-94.4954,2985
35.5687,-84.2365,1035
35.5692,-108.573,3889
35.5692,-89.6478,2224
35.57,-108.7641,888
35.57,-94.9728,1647
35.5703,-97.5575,1449
35.5709,-106.332,2383
35.571,-82.5527,6123
35.571,-101.173,662
35.5725,-80.5748,1936
35.5734,-118.4864,2602
35.575,-92.166,2439
35.5753,-79.5346,1624
35.5753,-77.279,552
35.5757,-105.6784,1210
35.5766,-105.65,1722
35.5775,-95.4779,474
35.5776,-105.7339,2516
35.5778,-98.9593,759
35.5779,-77.3658,7398
35.578,-105.7908,1130
35.5785,-95.3063,4031
35.579,-92.4557,3284
35.5794,-106.1131,3101
35.5819,-88.1195,1167
35.5837,-80.8278,4750
35.5839,-94.8174,579
35.584,-106.0584,470
35.584,-105.7629,2511
35.584,-94.3619,2634
35.5852,-94.447,889
35.5854,-95.0895,2538
35.5862,-78.363,2294
35.5874,-76.6594,813
35.5878,-89.7531,670
35.5889,-91.7589,783
35.589,-89.2579,2851
35.5893,-90.2133,890
35.59,-80.4583,930
35.5905,-114.2852,6922
35.5908,-86.3538,648
35.591,-79.3238,934
35.5912,-77.5127,1239
35.5915,-81.2315,2341
35.5925,-75.4664,888
35.5925,-119.3443,1686
35.5927,-105.8598,1742
35.5935,-88.536,905
35.5938,-119.3671,2782
35.5947,-77.5914,1559
35.595,-77.5906,1625
35.5951,-78.7766,4001
35.5953,-89.2576,2468
35.5957,-105.921,1759
35.5961,-77.698,579
35.5964,-77.3753,5622
35.5972,-84.2345,2695
35.5984,-80.9875,4461
35.5998,-105.9335,355
35.6007,-92.1964,550
35.6007,-84.4709,2417
35.6008,-78.1279,1245
35.6008,-82.3872,2292
35.6011,-92.2662,3528
35.6014,-98.1248,1021
35.6017,-88.5702,1642
35.6019,-117.7042,706
35.602,-82.5958,947
35.6024,-94.5629,3654
35.6026,-84.4734,2720
35.6046,-88.6292,1904
35.6047,-110.08,6097
35.6048,-105.217,2666
35.605,-87.0805,4983
35.6052,-77.8191,716
35.6052,-95.8608,1003
35.6059,-105.2276,2399
35.6066,-106.7322,1298
35.6069,-103.1043,2411
35.6071,-85.9074,1570
35.6071,-108.4257,2915
35.6073,-95.0731,680
35.6085,-90.333,1135
35.61,-118.4796,1425
35.6103,-105.945,1617
35.6104,-106.3501,801
35.6109,-96.8185,574
35.6109,-99.6764,902
35.6111,-76.8558,916
35.6118,-86.5739,2729
35.612,-100.1115,1296
35.612,-94.9921,423
35.6123,-87.843,910
35.6129,-90.083,348
35.6131,-80.4487,1558
35.6135,-95.5656,493
35.6147,-82.3255,2359
35.6154,-85.1934,1419
35.6158,-81.9828,1153
35.6164,-91.2593,1943
35.6175,-118.4047,1218
35.6182,-121.1374,810
35.6188,-108.8345,3221
35.6197,-90.9053,1061
35.6206,-95.1433,2163
35.621,-94.9054,3311
35.6238,-91.2317,3342
35.6252,-95.954,3767
35.6252,-95.9631,2468
35.6255,-117.6763,3434
35.6256,-87.0442,5485
35.6258,-79.0747,1975
35.6267,-94.8,1890
35.6272,-96.4172,1398
35.628,-105.8981,2612
35.628,-86.6969,1778
35.6285,-120.6504,4052
35.6285,-117.664,4147
35.6287,-105.9423,1253
35.6291,-108.7927,1683
35.6292,-91.4612,434
35.6302,-78.3727,5468
35.6303,-82.178,1003
35.6311,-108.9641,927
35.6323,-99.3832,777
35.6327,-119.6779,2139
35.6338,-91.9418,1189
35.6343,-95.2012,2503
35.6348,-84.2537,1226
35.6357,-95.2378,2778
35.6364,-99.1864,592
35.6368,-77.9326,764
35.6371,-98.317,1848
35.6371,-118.4826,4231
35.638,-80.1102,1317
35.6384,-88.2261,2630
35.6385,-93.4473,834
35.64,-117.7665,2072
35.6411,-118.4046,846
35.6415,-94.5105,872
35.6421,-88.3753,3114
35.6422,-91.3079,557
35.6431,-101.5964,1156
35.6438,-92.3135,1409
35.6441,-118.3091,4688
35.6449,-78.0074,710
35.6461,-82.5944,2776
35.6466,-109.0071,2369
35.6474,-84.1682,2618
35.6478,-106.3425,1012
35.648,-82.2992,1500
35.6486,-86.1354,2176
35.6488,-91.2589,2209
35.6494,-95.6541,589
35.6496,-94.1624,1101
35.6498,-99.9236,638
35.65,-105.9984,6212
35.6504,-80.276,1939
35.6512,-88.1231,1826
35.6512,-109.6757,556
35.6524,-82.019,1106
35.6528,-88.267,2517
35.6533,-78.8408,4004
35.6536,-120.3831,1559
35.6537,-77.7756,722
35.654,-91.0755,683
35.6542,-88.8353,6958
35.6544,-117.8195,3001
35.6555,-106.6545,2743
35.6563,-120.5081,1040
35.6575,-88.3923,2342
35.6581,-78.446,3720
35.6594,-101.4024,2729
35.6606,-109.0962,1774
35.6616,-106.0148,1414
35.6619,-88.8228,6276
35.662,-105.9818,6562
35.6622,-81.2323,3372
35.6633,-95.1983,508
35.6638,-98.8869,708
35.6639,-101.6027,833
35.6655,-97.3255,1119
35.6662,-80.4926,4364
35.6663,-91.8606,1593
35.6668,-101.3996,2780
35.6673,-119.2307,2286
35.6678,-91.2538,1185
35.6682,-97.1905,3605
35.6696,-95.4207,897
35.6698,-99.6004,641
35.6702,-118.2272,3073
35.6705,-109.063,2088
35.6718,-106.7527,3644
35.6721,-77.6317,871
35.6738,-97.4131,8342
35.6742,-90.0968,594
35.6742,-90.5193,1877
35.6748,-97.7535,5982
35.6752,-112.1529,17512
35.6759,-90.3445,554
35.6761,-82.0011,2366
35.6763,-83.753,1282
35.6766,-119.2312,1239
35.677,-90.5261,2196
35.6778,-94.1778,648
35.679,-84.3999,1132
35.6798,-106.0399,2759
35.6799,-80.4236,1421
35.6815,-82.0144,3354
35.6819,-94.7025,2873
35.6819,-102.3322,904
35.6823,-78.3704,2734
35.6831,-81.369,1960
35.6834,-108.7709,2727
35.6839,-97.0634,1193
35.6846,-89.5743,1426
35.6852,-85.7838,3301
35.6863,-85.7812,3020
35.6864,-84.8642,1511
35.6895,-78.6146,4033
35.6902,-89.9883,3073
35.6903,-97.005,1504
35.6919,-109.5557,2746
35.6923,-100.6416,982
35.6947,-89.9703,1912
35.695,-93.575,561
35.6954,-91.5923,1277
35.697,-80.885,2650
35.6979,-84.2636,2479
35.6984,-84.2642,2383
35.6985,-77.5129,433
35.6989,-94.7402,3548
35.6993,-82.5557,1805
35.6997,-81.7003,1881
35.7,-80.4211,1673
35.7009,-107.0431,2613
35.7026,-101.5318,332
35.7031,-91.4822,712
35.7031,-81.3445,710
35.7038,-109.9382,517
35.7076,-81.0695,1955
35.7076,-91.4434,1164
35.7081,-118.8144,1824
35.7094,-96.7642,927
35.7094,-81.1547,1553
35.7105,-77.2676,1913
35.7111,-77.4699,1276
35.7112,-105.8866,1323
35.7114,-95.9889,616
35.7128,-96.8362,2813
35.7138,-79.8133,4012
35.715,-118.4727,2297
35.7152,-81.2168,3073
35.7158,-90.2307,2213
35.7158,-81.9139,2090
35.7158,-106.0581,2933
35.7179,-114.8314,1989
35.7182,-81.421,1527
35.7193,-86.4129,2702
35.7197,-89.0854,1398
35.7202,-91.6302,2850
35.7213,-94.9155,3258
35.7231,-81.3855,1821
35.7242,-118.7152,1248
35.7242,-114.4004,6543
35.7249,-97.9757,1347
35.725,-83.4937,2934
35.7251,-85.9197,873
35.7255,-81.4585,1776
35.7256,-78.8799,4710
35.7256,-79.4582,2063
35.7256,-91.2021,1485
35.7258,-118.5452,915
35.7271,-79.4637,2358
35.7282,-94.7581,2001
35.7284,-79.1559,2710
35.7291,-98.3775,342
35.7297,-94.5679,1969
35.7305,-91.6856,1367
35.7307,-81.7826,1330
35.731,-120.8695,2941
35.7315,-77.9308,5102
35.732,-83.8068,1121
35.7331,-80.6815,1131
35.7343,-108.1554,7435
35.7345,-79.812,4754
35.7371,-79.6548,1285
35.7372,-84.3621,3229
35.7374,-105.9819,3085
35.7381,-77.9339,4779
35.7388,-94.8733,2677
35.7392,-85.4561,2325
35.7397,-81.3202,5160
35.7408,-81.7003,3981
35.7413,-79.6912,1180
35.7414,-96.0665,1860
35.7421,-86.6528,1620
35.7438,-95.3564,5951
35.7448,-98.7397,1083
35.7461,-90.5521,1595
35.7461,-89.5341,3257
35.7461,-89.5341,2480
35.7465,-94.6439,3080
35.7466,-86.9168,4908
35.7466,-86.9168,4387
35.7468,-95.3562,5026
35.7473,-106.0309,2844
35.7475,-109.068,2298
35.7478,-83.9802,3835
35.7479,-92.55,4249
35.7486,-105.9209,2160
35.7493,-97.1182,531
35.751,-96.5592,723
35.7516,-91.5003,1021
35.7517,-87.7975,1759
35.7517,-81.527,1379
35.7521,-94.8484,2315
35.7523,-77.6697,668
35.7526,-109.8506,1415
35.7534,-109.6248,2765
35.7534,-120.6924,1177
35.7549,-81.4211,13509
35.755,-81.497,2028
35.755,-118.4309,3228
35.7555,-81.5727,2546
35.7564,-84.132,1530
35.7568,-81.6088,1067
35.7574,-90.0601,510
35.7577,-89.9295,838
35.7593,-78.0603,429
35.7595,-83.3885,2226
35.7602,-90.3221,1378
35.7603,-95.546,1131
35.7608,-120.9828,2048
35.7639,-94.8828,482
35.7646,-81.2729,2735
35.7647,-94.5749,1553
35.7655,-81.4322,990
35.7662,-119.243,2464
35.7663,-86.5216,1866
35.7664,-77.1289,457
35.7664,-119.2642,3483
35.7672,-91.5708,966
35.7682,-110.1278,2113
35.7686,-91.6227,3092
35.7689,-96.6501,3119
35.77,-117.3967,2942
35.7703,-92.8823,1772
35.772,-88.8572,1924
35.7731,-106.691,1989
35.7737,-94.9768,3041
35.7743,-103.9544,907
35.7767,-88.3561,1178
35.7768,-88.9861,961
35.7788,-96.2648,2401
35.7788,-78.6794,21386
35.7794,-91.6305,2543
35.7805,-81.3678,1109
35.7806,-78.1129,761
35.7813,-78.8234,7090
35.7819,-82.4555,1706
35.7822,-95.2601,3318
35.7826,-108.8039,2402
35.7829,-89.1169,1345
35.7844,-92.2996,2120
35.7853,-96.7755,348
35.7855,-80.873,4810
35.7871,-91.7927,1097
35.7878,-94.6425,919
35.7882,-83.9362,1578
35.789,-94.6853,3236
35.7892,-104.9825,685
35.7894,-88.3906,1767
35.7894,-78.2048,928
35.7903,-94.7713,3546
35.7905,-108.6299,3667
35.7906,-95.9981,2120
35.7906,-94.4888,1091
35.7911,-77.6378,920
35.7912,-105.9432,1038
35.7913,-80.8872,5565
35.7917,-78.4965,2817
35.7925,-78.3772,1856
35.7932,-107.2124,3383
35.7934,-105.9111,1487
35.7936,-78.3511,2786
35.794,-119.1896,288
35.7951,-83.2457,2136
35.796,-94.5681,1414
35.7966,-95.0551,2677
35.7966,-119.1069,610
35.7967,-97.487,298
35.7972,-80.2743,3981
35.7972,-81.4244,2017
35.7979,-79.5517,978
35.798,-83.5638,3375
35.7983,-79.079,1214
35.7986,-82.68,1812
35.7997,-80.3764,3255
35.7999,-83.8685,1432
35.8009,-97.6757,1037
35.8012,-90.9316,550
35.8014,-96.5111,917
35.8015,-94.1318,1226
35.8025,-94.8523,3594
35.8028,-94.9414,2835
35.804,-77.8567,1332
35.8053,-118.6826,542
35.8059,-97.0155,1186
35.8068,-118.6271,626
35.8072,-77.3762,931
35.8086,-106.2081,2414
35.809,-119.1388,466
35.809,-105.9752,1346
35.8096,-118.6705,615
35.8097,-110.5334,1144
35.8102,-110.6568,3735
35.8112,-80.5569,788
35.8113,-118.6365,190
35.8122,-76.9002,1096
35.8123,-108.1709,879
35.8125,-86.91,4440
35.8144,-105.9197,1220
35.8145,-89.2239,964
35.8148,-83.9681,3503
35.8152,-94.6315,1706
35.8153,-89.9464,780
35.8158,-117.3473,2768
35.8158,-84.283,2667
35.8159,-79.8077,1844
35.8161,-98.6587,642
35.8168,-90.4962,1133
35.817,-88.7905,1839
35.8175,-81.3008,2507
35.8176,-81.4763,2334
35.8179,-77.4571,529
35.8181,-77.3143,977
35.819,-95.6804,2037
35.8193,-106.2071,1306
35.8194,-90.4539,1612
35.8198,-90.679,8130
35.8205,-91.907,1524
35.8206,-116.2051,3915
35.8208,-110.2037,3703
35.822,-118.6478,713
35.8222,-105.9009,739
35.8227,-84.0527,3508
35.8229,-90.6864,6191
35.8229,-117.8782,1841
35.8231,-101.4436,1279
35.8241,-95.5141,527
35.8242,-79.1168,1313
35.8244,-91.1294,668
35.8246,-95.0823,3020
35.8247,-77.2533,1000
35.8247,-86.0724,1277
35.8262,-87.4383,2978
35.8268,-93.7673,612
35.8269,-118.6354,235
35.8274,-88.9045,2925
35.8277,-88.908,2089
35.828,-93.2196,1517
35.8282,-82.5486,1317
35.8295,-92.556,790
35.8295,-78.3142,2338
35.8296,-94.84,3048
35.8317,-110.3689,3602
35.8319,-78.641,11155
35.8319,-115.4353,897
35.8336,-96.3944,1688
35.8343,-118.6165,283
35.8344,-83.9361,1675
35.8344,-94.9721,4525
35.8346,-77.1721,637
35.8348,-95.4469,1224
35.8362,-94.903,1785
35.8364,-78.839,2750
35.8365,-90.3676,587
35.8375,-94.6082,2005
35.8378,-78.3204,2245
35.8402,-75.6417,1961
35.8405,-89.4081,762
35.8421,-115.6305,6794
35.8422,-79.0475,1393
35.8434,-108.7516,2309
35.8437,-86.4066,8427
35.8438,-114.9116,13229
35.8438,-88.3372,1093
35.8438,-77.0695,1980
35.8439,-99.9261,433
35.8442,-97.2456,405
35.8447,-95.1512,5171
35.8447,-97.9393,1918
35.8464,-105.9949,1450
35.8465,-77.0661,1929
35.8475,-98.4027,1763
35.8477,-81.4867,1737
35.8483,-94.6533,1230
35.8493,-79.0403,1728
35.8499,-119.3892,1599
35.8507,-81.5362,1672
35.8508,-88.6527,1077
35.8514,-110.498,5751
35.853,-79.0255,606
35.853,-95.9862,2250
35.8532,-111.4286,3929
35.8539,-86.4212,7294
35.855,-79.5693,1617
35.8551,-83.5495,6185
35.8553,-85.5121,1009
35.8559,-98.9682,264
35.8563,-94.4306,1537
35.8572,-90.0341,871
35.8585,-76.7482,1823
35.8597,-79.0179,570
35.861,-94.7595,2838
35.8616,-92.1097,2453
35.862,-101.965,2134
35.8622,-95.2638,1320
35.8628,-120.8043,266
35.864,-81.5978,2585
35.8648,-106.0096,981
35.8649,-101.9653,2018
35.865,-95.3077,809
35.8658,-91.7781,1834
35.8664,-77.8303,914
35.8678,-90.9458,527
35.8678,-81.0441,1567
35.8684,-95.516,1188
35.8684,-99.3449,609
35.8685,-97.665,570
35.8687,-94.6994,878
35.8694,-106.6485,1165
35.8701,-84.6749,2571
35.8703,-85.0606,2697
35.8705,-88.3937,1433
35.8714,-76.3991,683
35.8719,-88.1449,1104
35.8721,-80.3861,1542
35.8722,-97.42,2374
35.8727,-84.5045,2452
35.8729,-97.5005,1285
35.8743,-88.8439,710
35.8754,-118.6438,908
35.8759,-96.0661,1361
35.8762,-84.18,3629
35.8765,-97.4087,3850
35.8768,-80.0104,3731
35.8771,-96.9696,1313
35.8786,-76.6171,840
35.8803,-84.5748,1924
35.8807,-117.3357,2966
35.8811,-89.4087,1742
35.8811,-94.8703,4556
35.8813,-80.0815,3729
35.8827,-83.7616,3634
35.8827,-83.7616,3381
35.8838,-119.2703,1055
35.8844,-90.1656,1812
35.8856,-106.0611,745
35.8862,-109.158,2252
35.8871,-95.5873,831
35.8876,-118.655,862
35.8876,-77.529,1114
35.8883,-106.1292,1908
35.8887,-106.0386,836
35.8888,-97.6032,1179
35.889,-119.4858,587
35.8897,-83.5799,4480
35.89,-117.3864,2907
35.8905,-94.5559,1930
35.8907,-94.7406,2097
35.8914,-119.2721,1547
35.8925,-106.3,2650
35.8927,-119.047,678
35.8928,-106.0856,1315
35.8929,-91.0834,597
35.8932,-90.3441,2160
35.8936,-82.8294,1537
35.894,-106.29,3026
35.8949,-96.8702,569
35.8962,-106.0105,1898
35.8971,-90.5717,2560
35.8976,-97.6028,545
35.8982,-102.3966,2397
35.8982,-83.412,1195
35.8984,-105.9667,2677
35.8985,-75.7807,1814
35.8986,-75.6513,1244
35.8997,-80.5611,2552
35.8997,-80.5611,2297
35.8998,-87.3537,888
35.9003,-94.6066,2777
35.9024,-109.0321,1363
35.9037,-77.5475,2617
35.9046,-94.9731,3121
35.9047,-79.9598,2727
35.9052,-77.5572,3048
35.9066,-84.8847,3003
35.9066,-80.2548,2771
35.9077,-81.5248,4144
35.9077,-81.0811,1145
35.9084,-89.2414,1043
35.9085,-92.6465,1834
35.9086,-77.2764,469
35.9097,-100.3839,1035
35.9105,-94.9777,3244
35.9107,-96.5777,520
35.9111,-90.8008,1482
35.9112,-109.4747,2479
35.9115,-90.255,1905
35.9115,-94.6528,2535
35.912,-88.754,2717
35.9132,-88.7597,2224
35.9138,-94.3973,1340
35.914,-82.0697,1830
35.914,-86.8522,6060
35.9158,-78.4631,2404
35.9163,-82.2977,1149
35.9168,-81.176,1406
35.9194,-93.2596,1833
35.9194,-84.5379,5014
35.9195,-87.345,1469
35.9207,-110.6407,3113
35.9218,-94.8785,2638
35.9228,-95.801,1115
35.9234,-76.2405,1006
35.9242,-75.7032,2085
35.9256,-89.798,1072
35.9262,-93.0568,1648
35.9262,-79.087,2312
35.9268,-91.9389,678
35.9281,-87.3124,1971
35.9283,-79.0414,4229
35.9289,-119.2783,1342
35.9304,-84.5626,2942
35.9313,-97.2794,3144
35.9315,-85.474,2427
35.9316,-98.7031,442
35.9317,-95.1455,961
35.9319,-89.9175,3461
35.9333,-85.3701,1275
35.9338,-98.59,745
35.9341,-89.9051,4135
35.9345,-95.3054,2277
35.9347,-85.4726,2354
35.9349,-94.1811,1756
35.9355,-94.6021,2202
35.9365,-85.0382,4701
35.9382,-84.035,18870
35.9401,-121.0783,2994
35.9401,-94.8092,2718
35.9417,-80.0148,9116
35.9419,-106.0641,1916
35.9435,-81.4584,970
35.9438,-96.0531,1400
35.9441,-78.109,1117
35.9444,-77.2067,638
35.9451,-104.1963,1298
35.9456,-95.8783,4605
35.9458,-80.3922,2430
35.9475,-75.6257,2336
35.9478,-91.547,1421
35.9481,-110.1005,5515
35.9485,-95.0952,3222
35.9488,-94.4175,1537
35.9495,-96.0068,3019
35.9519,-97.2361,812
35.9519,-97.5944,958
35.952,-79.7547,3521
35.9525,-107.3445,733
35.9526,-86.0935,690
35.9526,-106.026,2057
35.9532,-114.0789,5058
35.9534,-85.0302,4106
35.955,-112.1202,3724
35.9552,-83.1977,2857
35.9554,-95.3824,2111
35.9569,-85.8234,1814
35.9571,-86.6719,2934
35.9573,-86.3678,1574
35.9577,-78.2524,709
35.958,-80.7744,1057
35.9584,-85.8214,2204
35.96,-78.0481,954
35.96,-119.0385,1343
35.9601,-77.8303,6082
35.9608,-79.3162,2067
35.9608,-105.9009,883
35.961,-96.7572,2771
35.9614,-107.6224,5056
35.9616,-83.1976,2136
35.9625,-77.3051,909
35.9635,-105.3313,2574
35.9635,-92.2334,1306
35.9644,-78.5133,4048
35.9646,-115.8972,788
35.9648,-94.9987,2412
35.9649,-78.1922,2317
35.9649,-89.9686,1154
35.9651,-78.1996,1627
35.9657,-95.3777,2873
35.9662,-95.3197,1382
35.9665,-84.2905,8383
35.9665,-91.3211,1390
35.967,-78.9377,12295
35.9671,-95.6559,2885
35.9672,-116.3088,4865
35.9677,-98.3497,351
35.9685,-77.4445,500
35.9685,-77.8083,6107
35.969,-96.1939,1352
35.969,-86.5286,5306
35.9692,-77.9567,1967
35.9706,-94.8928,2111
35.9707,-83.9493,9022
35.9708,-106.1021,1290
35.972,-89.3879,1313
35.9728,-98.1182,271
35.9732,-88.9452,2574
35.9734,-114.8407,2172
35.9739,-85.202,1159
35.9742,-90.8621,654
35.9747,-88.6689,1196
35.9751,-80.2204,2536
35.976,-94.6469,2812
35.9764,-91.0272,685
35.9768,-119.3002,2080
35.9778,-84.1091,1569
35.9779,-78.8981,9898
35.9797,-96.7618,2502
35.9798,-97.0313,1551
35.9802,-106.0352,884
35.9804,-94.7363,2971
35.9813,-97.9108,506
35.9814,-94.3123,1410
35.9814,-91.7774,1699
35.9824,-87.127,3854
35.9853,-94.6082,1610
35.9861,-94.3034,2773
35.9862,-88.5801,1348
35.9872,-94.4829,1417
35.9882,-106.0006,1529
35.9885,-79.708,1989
35.9895,-77.5801,801
35.9897,-94.5747,1246
35.9897,-80.9726,918
35.9899,-96.5974,2468
35.9908,-79.9927,6882
35.991,-92.7162,550
35.9917,-94.9359,1983
35.9923,-121.2349,1514
35.9927,-84.5567,849
35.9928,-106.0197,1062
35.993,-76.9399,1522
35.9939,-86.7708,5896
35.994,-106.0358,715
35.9949,-105.9069,941
35.9949,-95.2873,2425
35.9962,-94.1909,1821
35.9972,-95.0279,2281
35.9982,-95.9734,3784
35.9984,-79.9346,1572
35.9986,-105.945,2525
36.0006,-120.133,1730
36.0006,-95.1223,4404
36.0031,-92.0905,667
36.0034,-92.4102,968
36.0038,-84.8727,4354
36.004,-106.0701,2604
36.0042,-96.1233,4405
36.0043,-91.252,1381
36.0043,-80.4291,1434
36.0044,-113.8041,3765
36.0044,-91.6583,1311
36.0045,-85.9778,976
36.0047,-104.7092,913
36.0055,-86.2012,1414
36.006,-94.8414,3484
36.0061,-88.4172,3124
36.0076,-118.1099,2191
36.0082,-83.0915,782
36.0085,-80.5357,1157
36.009,-115.0268,9987
36.009,-119.9629,417
36.0091,-115.2278,7376
36.0095,-84.8857,2818
36.0109,-88.6206,1082
36.0117,-77.8571,2557
36.012,-106.0472,4075
36.0121,-93.1875,887
36.0125,-85.9426,788
36.0128,-105.8566,1171
36.0131,-80.1669,2147
36.0137,-100.2702,1029
36.0146,-106.968,1641
36.0153,-82.1582,792
36.0158,-96.9038,625
36.0165,-87.9695,2060
36.0171,-75.6714,2150
36.0172,-94.0235,1787
36.0179,-99.2885,453
36.0184,-101.8245,1187
36.0196,-76.5828,913
36.0198,-86.1206,851
36.0222,-81.9308,608
36.0222,-86.5594,4514
36.0228,-84.4425,4516
36.0237,-120.9073,609
36.0238,-96.4815,1038
36.0256,-95.3221,1052
36.026,-92.8013,1012
36.0267,-77.394,923
36.0278,-79.489,810
36.0288,-79.3561,1089
36.0293,-93.3624,710
36.03,-108.9892,1937
36.0301,-83.4298,2243
36.0302,-110.5042,2210
36.0311,-120.1162,4008
36.0325,-93.9186,1063
36.0332,-80.3867,3143
36.0341,-94.9564,3796
36.0349,-88.2466,1178
36.0351,-78.4817,1447
36.0353,-88.2692,1181
36.0357,-89.4799,1037
36.0359,-84.0297,2654
36.036,-90.9736,2344
36.0365,-95.781,7204
36.0366,-94.2525,2847
36.0367,-105.8125,2390
36.0367,-106.1004,1221
36.0379,-83.8258,792
36.0399,-84.3285,2182
36.0399,-115.4128,2439
36.0402,-90.1164,802
36.0402,-98.964,652
36.0418,-78.8069,1521
36.0444,-102.008,1326
36.0453,-106.0459,1779
36.0453,-94.5273,2483
36.0457,-89.3832,3271
36.0458,-96.9401,339
36.0459,-85.2069,1155
36.0461,-90.6705,1013
36.0464,-83.2782,1212
36.0467,-89.8092,493
36.0468,-89.378,3779
36.0475,-90.2909,721
36.0515,-90.186,562
36.0523,-90.5105,5118
36.0535,-90.2399,910
36.0541,-86.2382,1187
36.055,-98.5884,657
36.056,-97.6365,296
36.0564,-79.3894,3018
36.0567,-93.5147,1145
36.0569,-106.1178,1182
36.057,-89.8705,371
36.0572,-119.3135,1193
36.0574,-102.5122,1986
36.0577,-119.1502,1399
36.0578,-87.3204,1702
36.0582,-118.9749,1323
36.0586,-76.599,2105
36.0595,-112.1579,4681
36.0595,-102.5136,1698
36.0602,-87.3641,3683
36.0613,-77.9038,4013
36.0616,-85.0357,1373
36.0626,-108.68,1437
36.0627,-90.9681,2059
36.0633,-87.3688,4113
36.0635,-119.0336,3939
36.0637,-92.8622,1538
36.064,-91.8815,2394
36.0642,-90.5119,3653
36.0643,-83.6452,1858
36.0658,-80.255,16007
36.066,-101.4769,674
36.0663,-88.1046,2163
36.0673,-95.0718,3553
36.0675,-81.8714,1213
36.0675,-94.6463,2285
36.0679,-88.0071,1281
36.0684,-106.1301,1100
36.0684,-86.7931,2543
36.0687,-83.7639,2396
36.0693,-106.0938,1782
36.0693,-79.0924,3007
36.0699,-91.6219,1172
36.07,-86.8362,2759
36.0701,-75.7172,2587
36.0715,-94.1666,6719
36.0716,-76.617,1719
36.0716,-88.9939,1536
36.0719,-119.0292,3671
36.0722,-109.8901,359
36.0727,-106.0811,709
36.0738,-88.8163,1208
36.0758,-79.6177,1284
36.0761,-79.4683,5039
36.0763,-79.418,8710
36.0772,-86.0318,997
36.0779,-79.098,2180
36.0791,-94.9759,2008
36.0792,-79.5723,1459
36.0799,-91.3027,741
36.0802,-79.8339,11815
36.0804,-79.1713,1212
36.0806,-96.0624,2135
36.0817,-83.9344,2698
36.0817,-79.2767,3175
36.0819,-87.109,2879
36.0823,-78.0576,789
36.0827,-96.5814,965
36.0832,-119.1479,396
36.0838,-96.4268,756
36.0841,-119.5613,2480
36.0848,-90.9468,3710
36.0849,-91.071,1032
36.0854,-106.0575,652
36.0856,-119.5621,2276
36.0871,-115.1355,5913
36.0873,-91.1239,672
36.0876,-89.4973,1441
36.088,-81.9274,785
36.0901,-108.1642,2623
36.0905,-89.8915,558
36.0919,-79.3589,1598
36.0927,-119.2012,907
36.093,-81.8538,1130
36.0939,-87.7847,2686
36.0945,-90.0115,549
36.0948,-89.8621,1335
36.0949,-79.8236,10522
36.0952,-115.2636,5410
36.0954,-95.8932,16701
36.0955,-83.557,1868
36.0973,-84.1289,3096
36.0976,-79.6547,2249
36.0976,-89.1183,1035
36.0983,-78.3001,1600
36.0987,-93.7332,2110
36.0989,-110.2191,2312
36.0994,-86.8563,1591
36.1,-94.9309,3610
36.1007,-86.1394,1090
36.1008,-115.0379,2370
36.1008,-78.4532,1238
36.1009,-87.2119,2296
36.1011,-92.9546,942
36.1012,-106.0555,1058
36.1013,-83.2857,1539
36.1022,-79.543,1904
36.1023,-79.5088,1877
36.1025,-94.0016,3054
36.1028,-84.4503,1802
36.1029,-80.2608,10498
36.1033,-75.7173,5259
36.1037,-87.0565,2444
36.104,-84.5864,964
36.1047,-118.5319,818
36.1047,-96.8708,1462
36.105,-106.1527,1645
36.1052,-80.4246,3460
36.1055,-106.9419,3428
36.1057,-77.713,828
36.1058,-97.8986,1748
36.1062,-80.0819,3973
36.1062,-91.1075,1646
36.1065,-94.5739,662
36.1088,-81.1864,2055
36.1098,-87.6355,1233
36.1116,-76.9412,699
36.1121,-97.3428,819
36.1125,-111.2213,1115
36.1125,-94.7257,4607
36.1132,-95.5516,2346
36.1144,-106.0372,1163
36.1149,-77.1796,1270
36.1151,-96.7011,869
36.1157,-86.4315,1932
36.1167,-75.733,1804
36.1169,-89.2714,1933
36.1171,-98.3167,1366
36.118,-79.2959,1648
36.1183,-86.5147,1829
36.1196,-86.7675,864
36.1208,-83.4833,2404
36.1209,-118.8228,1119
36.121,-100.0274,956
36.122,-92.1259,1980
36.1221,-88.9929,1378
36.1223,-82.4203,1074
36.1226,-95.2889,2150
36.1228,-79.345,1112
36.123,-94.9804,2834
36.1232,-95.1731,2450
36.1241,-79.4673,1651
36.1242,-115.3324,2826
36.1243,-78.7021,2364
36.1249,-105.7845,1677
36.125,-78.678,2118
36.1251,-111.2467,2713
36.1259,-86.6912,21960
36.1264,-81.8647,1424
36.1264,-90.5034,1571
36.1279,-95.9023,12768
36.1283,-121.0217,570
36.1292,-81.6663,1635
36.1292,-81.6663,1624
36.1308,-77.4214,990
36.1311,-111.2347,2141
36.1315,-97.0745,4956
36.1315,-97.0745,4546
36.1316,-80.6593,1554
36.1329,-96.3304,2517
36.133,-120.339,2353
36.1334,-96.2091,118
36.1338,-98.5512,466
36.1339,-94.1743,1726
36.134,-90.1614,1259
36.1341,-95.2414,1844
36.1342,-115.1592,18944
36.1343,-78.7407,3372
36.1345,-99.7727,652
36.1365,-115.1371,2022
36.1365,-96.132,4042
36.1365,-88.5136,1905
36.1366,-88.5071,2291
36.1391,-119.511,537
36.1405,-118.6296,580
36.142,-118.6107,1010
36.1421,-95.1998,1739
36.1424,-81.1769,2331
36.1426,-95.3302,1373
36.143,-119.1353,434
36.144,-82.4087,2210
36.1446,-85.2643,1580
36.1447,-98.9254,989
36.1447,-83.6955,2801
36.1452,-85.9412,1120
36.1455,-118.5789,487
36.1458,-82.412,1844
36.1461,-119.0643,1079
36.1463,-120.3552,1877
36.1469,-85.5127,5430
36.1477,-93.8649,553
36.1484,-97.3748,568
36.1488,-99.2994,598
36.1495,-81.8132,1342
36.1497,-97.6232,724
36.1497,-80.1689,2350
36.15,-98.397,790
36.1509,-106.6076,1851
36.1511,-109.5787,3665
36.1523,-81.7765,2184
36.1529,-91.8397,680
36.1537,-106.0147,1360
36.1537,-85.6349,1610
36.1538,-92.9897,651
36.1541,-92.9095,625
36.1558,-94.911,2389
36.1558,-95.1352,1484
36.1582,-81.9808,755
36.1589,-81.8678,1249
36.159,-95.6907,2160
36.1592,-108.6905,2056
36.1593,-105.9588,1451
36.1604,-89.494,1069
36.1607,-96.7083,432
36.1611,-92.1065,1220
36.162,-89.439,1412
36.1639,-82.8197,4256
36.1641,-85.5103,6122
36.1651,-88.8073,1693
36.1663,-79.5169,707
36.1674,-94.2421,3843
36.1678,-105.9888,835
36.168,-82.8197,3743
36.1688,-81.1934,1708
36.1691,-92.4379,348
36.1697,-95.5741,1574
36.1698,-94.8529,841
36.1703,-105.6907,1001
36.1706,-119.3516,594
36.1708,-94.6852,1069
36.1715,-90.8183,917
36.1718,-86.785,19801
36.1721,-121.143,1658
36.1722,-81.1731,5242
36.1725,-105.746,1163
36.1727,-91.7697,1326
36.1728,-81.1389,2338
36.1741,-79.9922,3716
36.175,-82.7454,2002
36.1759,-82.4489,1052
36.176,-94.599,1803
36.1764,-106.4194,1847
36.1765,-106.1777,1615
36.1768,-76.4666,1536
36.1769,-94.7467,2291
36.1778,-84.1836,631
36.1783,-115.0487,5272
36.1786,-95.0937,2625
36.1796,-105.891,3084
36.1798,-80.3349,748
36.1799,-77.669,1036
36.1803,-95.7703,3137
36.1807,-83.7933,2291
36.1812,-77.2243,631
36.1813,-89.6669,2062
36.1823,-96.5692,675
36.1841,-89.6656,1637
36.1854,-94.53,3182
36.1857,-85.0096,2894
36.1859,-118.6256,918
36.1861,-85.9315,2421
36.1861,-87.3389,1829
36.1866,-75.7541,1412
36.1867,-82.0705,2337
36.1874,-109.4359,990
36.1876,-94.5339,2800
36.1876,-96.4918,361
36.188,-78.1144,1158
36.1885,-119.8222,758
36.1893,-116.0046,6573
36.1895,-95.3389,1665
36.19,-90.3851,1074
36.1909,-81.2356,1921
36.1914,-94.1551,6406
36.1916,-89.8842,493
36.1922,-105.72,931
36.1929,-105.6753,843
36.1929,-81.1515,1862
36.1934,-96.3371,1895
36.1939,-79.5066,1058
36.1949,-106.9459,2448
36.195,-106.5669,856
36.1957,-78.7222,1011
36.1959,-82.9667,2295
36.1959,-97.8979,934
36.1969,-79.8972,4665
36.197,-84.0331,1155
36.1974,-94.8378,2098
36.1978,-94.9099,2177
36.1982,-95.1689,1226
36.1982,-101.1943,1317
36.1983,-95.2167,891
36.1992,-86.5095,4647
36.1994,-86.3446,5791
36.1997,-91.1774,1024
36.1999,-93.047,716
36.2,-85.4468,1836
36.2001,-105.7235,614
36.2002,-119.3398,4135
36.2011,-88.4114,1029
36.2015,-77.2398,927
36.2016,-76.7664,466
36.2016,-86.3339,4997
36.2017,-106.3239,887
36.202,-89.188,730
36.2022,-89.018,1441
36.2031,-120.0968,1032
36.2038,-119.2803,483
36.2044,-83.3,4796
36.2044,-120.0951,1179
36.2046,-119.337,3822
36.2054,-94.7889,1297
36.2056,-96.3384,323
36.2062,-94.2379,2215
36.2066,-86.1676,1533
36.2078,-83.3303,7258
36.2082,-119.0889,1542
36.209,-91.9183,2323
36.2091,-119.0933,1550
36.2092,-90.5043,1294
36.2095,-92.2778,1354
36.2096,-83.7485,1800
36.2104,-81.887,2311
36.2116,-76.4567,1379
36.2124,-95.0381,2731
36.213,-121.1274,1574
36.2134,-78.9109,2282
36.2137,-84.0629,2621
36.2138,-81.6652,2294
36.2138,-81.6652,3872
36.2139,-76.7124,361
36.215,-95.0912,2404
36.2156,-81.7966,1912
36.2157,-98.9213,1812
36.2163,-121.132,1769
36.2174,-88.6106,1356
36.2175,-80.5089,1039
36.2179,-96.3123,168
36.2187,-91.7383,3319
36.2207,-119.0684,133
36.2215,-100.2621,1759
36.2217,-80.9432,945
36.2218,-82.3292,3653
36.2218,-78.4413,414
36.224,-115.9967,16464
36.2241,-107.5579,1789
36.2245,-80.2969,1533
36.2249,-84.1548,1155
36.2253,-76.9316,542
36.2256,-80.3588,2511
36.2257,-81.1652,2049
36.2271,-76.7029,710
36.228,-77.1136,1104
36.2281,-79.9774,3962
36.2288,-92.6861,1430
36.2299,-112.6926,1191
36.2304,-90.7257,956
36.2305,-99.168,468
36.2312,-89.7682,899
36.2319,-96.5679,871
36.2321,-86.5732,1693
36.2325,-89.7474,1376
36.2326,-96.7929,1841
36.2327,-88.0851,719
36.2331,-80.5712,1051
36.2335,-115.264,10815
36.234,-80.7093,994
36.2341,-96.9329,1175
36.2349,-106.8279,2278
36.2351,-88.8251,1023
36.2352,-75.8798,2363
36.2353,-80.8337,1542
36.2366,-91.6065,2291
36.2367,-87.4483,1346
36.239,-98.3264,1568
36.2391,-92.2775,1929
36.2397,-85.9575,1454
36.2402,-90.0472,2403
36.2402,-90.0472,2301
36.2419,-96.6805,448
36.2426,-93.1176,3032
36.2427,-84.68,1705
36.2432,-91.2513,1319
36.2451,-93.1191,3196
36.2456,-95.2517,262
36.2463,-107.7512,3409
36.2466,-115.0571,1503
36.2469,-95.9662,1729
36.2469,-81.1142,2253
36.247,-83.8057,2109
36.247,-98.1861,479
36.2474,-119.0904,204
36.2479,-93.2158,1069
36.2483,-95.5362,1840
36.2494,-96.2665,614
36.2501,-80.239,1202
36.2507,-92.8466,1018
36.2518,-91.3605,537
36.2522,-92.6883,997
36.2534,-82.5478,1426
36.2537,-95.6605,2167
36.254,-80.8946,1460
36.2543,-119.9098,2051
36.2558,-89.1826,1031
36.2559,-94.1534,2837
36.2562,-119.2169,160
36.2562,-87.0327,2966
36.2566,-85.9429,1547
36.258,-83.1968,925
36.2583,-77.9357,1802
36.2596,-94.4909,2160
36.2603,-94.4238,668
36.2605,-97.6666,458
36.2605,-101.4071,953
36.2607,-95.1211,1306
36.2616,-83.0788,1002
36.2625,-115.6139,4916
36.2627,-94.1843,12785
36.2632,-89.4806,1279
36.2633,-119.9048,1868
36.2634,-80.8471,2369
36.2634,-90.9712,2519
36.2642,-90.2935,1060
36.2647,-94.6923,1422
36.265,-99.8774,1345
36.2673,-89.8258,363
36.2678,-90.9764,2036
36.2681,-89.9113,410
36.2684,-94.2195,2526
36.2688,-117.589,1053
36.2694,-91.5198,2684
36.2698,-118.0013,2543
36.2706,-98.477,2425
36.272,-92.2821,1362
36.2739,-77.2839,1595
36.2744,-83.5327,2135
36.2744,-94.3239,3866
36.2747,-80.3569,2257
36.2748,-97.455,671
36.2755,-99.3381,335
36.2761,-84.9969,2996
36.2773,-82.1728,1896
36.2773,-92.5935,1246
36.2788,-95.7357,1539
36.2799,-88.6991,2213
36.2801,-97.3082,2371
36.2808,-109.1855,733
36.2812,-90.6608,922
36.2815,-95.6355,3566
36.2816,-101.0441,330
36.2819,-92.5208,1420
36.2837,-95.3193,2439
36.284,-92.9144,787
36.2841,-76.9901,1905
36.2849,-92.4868,1682
36.2852,-108.7116,2825
36.2861,-97.9027,1566
36.2865,-76.9835,1656
36.2872,-95.8354,3746
36.2874,-81.7864,2653
36.2878,-119.1154,235
36.2899,-115.0892,9320
36.2908,-95.5636,2704
36.2913,-87.4656,1124
36.2913,-91.5694,4104
36.2916,-95.1554,979
36.2917,-97.0348,1072
36.2927,-88.3081,3262
36.2927,-88.3081,2759
36.2927,-93.3036,1048
36.2932,-82.3089,1261
36.2935,-80.1409,1443
36.2938,-94.7544,3493
36.2941,-119.146,1429
36.2942,-76.2382,3118
36.2947,-94.5768,621
36.2947,-119.1482,1538
36.2953,-119.7973,2841
36.2954,-97.2893,1570
36.2957,-96.4172,507
36.2961,-82.4764,2121
36.2967,-95.999,1327
36.2974,-119.789,2345
36.2982,-76.2264,3689
36.2997,-95.3113,2889
36.2999,-91.3871,2397
36.3012,-94.9979,6095
36.3017,-76.7918,489
36.3017,-98.0358,475
36.3024,-109.2187,2233
36.3028,-119.6371,604
36.3033,-78.4059,1219
36.3042,-82.1948,1615
36.3046,-94.9008,2107
36.3047,-119.2086,1366
36.3052,-118.0272,982
36.3062,-90.0951,454
36.3073,-86.5989,5111
36.3075,-97.5864,644
36.3089,-119.2226,311
36.3096,-78.5838,2345
36.3109,-96.4722,1488
36.3111,-100.9683,1052
36.3117,-84.1997,2140
36.3122,-95.1072,2773
36.3127,-91.2233,980
36.3128,-93.0112,1037
36.3143,-95.7477,1610
36.3147,-106.0374,1477
36.3149,-85.5322,3026
36.3151,-95.6095,3522
36.3155,-107.0392,1732
36.3156,-78.4022,3663
36.3163,-87.7008,1792
36.3166,-119.7054,1301
36.3181,-94.1523,5663
36.3181,-87.7679,1758
36.3181,-99.7576,593
36.3183,-97.1179,346
36.3196,-91.4815,2067
36.32,-90.6023,589
36.3217,-78.5865,2297
36.3217,-110.9667,2861
36.3226,-121.2452,1328
36.3228,-80.4232,1725
36.324,-121.2437,1565
36.3243,-82.836,1156
36.3252,-76.1692,1141
36.3255,-77.5901,614
36.326,-78.4149,2666
36.3277,-119.6546,3844
36.328,-119.3285,5634
36.3284,-84.6091,1265
36.329,-119.3153,5575
36.3295,-94.0589,1898
36.33,-90.0276,322
36.33,-89.4686,977
36.3306,-77.2149,1016
36.3314,-90.8007,909
36.3314,-119.659,3877
36.3318,-89.8242,319
36.3326,-106.1741,1841
36.333,-86.7042,3445
36.3338,-82.2969,1704
36.3347,-93.431,1425
36.3351,-92.3841,3147
36.3351,-89.2983,931
36.3352,-84.1927,1459
36.3368,-82.346,9352
36.3376,-102.076,1379
36.3376,-92.3875,3647
36.3379,-88.8514,3198
36.3384,-83.2852,2209
36.3387,-94.9036,2034
36.3396,-82.2378,2806
36.3401,-105.5922,1040
36.3406,-90.2221,463
36.3406,-88.8582,2574
36.3413,-79.6738,3494
36.3418,-89.1584,1054
36.3423,-82.3809,6006
36.3429,-109.6376,2593
36.3439,-119.7075,726
36.3465,-95.9454,3363
36.3468,-79.6669,3254
36.3485,-94.458,1980
36.3492,-119.4574,743
36.3493,-119.4206,1524
36.3502,-77.3057,960
36.3507,-83.2352,1767
36.351,-75.952,832
36.3515,-96.8005,1609
36.3516,-90.0298,812
36.3527,-94.2312,5408
36.3537,-84.5839,1200
36.3538,-89.8153,483
36.3551,-94.9379,1599
36.3551,-94.2977,3430
36.356,-97.7055,443
36.3562,-89.0496,534
36.3567,-76.9105,1609
36.3571,-82.0356,793
36.358,-119.0646,306
36.3589,-84.1238,4431
36.36,-95.1214,221
36.3609,-90.759,913
36.3619,-105.6016,1705
36.3632,-85.6487,1133
36.3636,-96.0167,1850
36.3654,-104.6002,1348
36.3669,-88.3618,791
36.3672,-95.8452,1682
36.3683,-82.292,848
36.3687,-82.2211,1454
36.3692,-93.5633,1857
36.3693,-95.8618,2613
36.3703,-93.5683,2333
36.3704,-91.8217,1410
36.3717,-84.1256,2013
36.3733,-96.5966,493
36.3736,-92.5915,2010
36.3739,-92.5387,926
36.3742,-99.6222,693
36.3761,-89.4753,1653
36.3765,-103.0189,915
36.3767,-106.0432,1913
36.3772,-92.2189,2462
36.3775,-86.6168,2137
36.3781,-105.2589,4842
36.3782,-88.479,376
36.3787,-94.7266,1482
36.3795,-119.2956,1092
36.3797,-87.6399,2031
36.3797,-95.5968,2559
36.3805,-96.7039,334
36.3809,-119.0285,1049
36.3811,-84.8814,1763
36.3815,-86.467,5391
36.3817,-89.3524,625
36.3831,-81.4896,1332
36.3833,-94.1373,2488
36.3834,-119.2201,1039
36.3836,-98.24,829
36.3839,-80.4742,1296
36.3866,-85.3261,2316
36.3871,-105.5804,2233
36.3872,-90.1989,2109
36.388,-98.0903,417
36.3882,-98.1779,398
36.3893,-87.0455,3215
36.3894,-105.5978,3943
36.3894,-76.9347,833
36.3897,-93.9155,1632
36.3901,-77.4193,912
36.3912,-94.8522,2530
36.392,-100.8026,1811
36.3922,-92.4755,2179
36.3925,-90.7285,715
36.3926,-80.7237,1294
36.3929,-100.7977,1989
36.393,-86.1567,9709
36.3939,-95.0502,584
36.394,-79.976,1708
36.394,-79.976,1947
36.3946,-78.9773,2472
36.3947,-94.0658,1262
36.3956,-92.9062,367
36.396,-89.6668,457
36.3962,-78.9801,2584
36.3968,-86.7111,3373
36.3986,-97.8932,4930
36.3989,-78.3234,805
36.399,-78.157,916
36.399,-94.715,1567
36.3992,-91.987,1138
36.4012,-79.7569,3421
36.4012,-86.3068,2190
36.4012,-83.0055,2245
36.4013,-90.0248,693
36.4019,-82.1506,2296
36.402,-94.589,1393
36.4025,-77.2312,1191
36.4026,-119.7208,338
36.4037,-86.7677,1579
36.4038,-84.0479,1735
36.4042,-120.1343,1352
36.4049,-98.44,675
36.4067,-97.8699,7807
36.4074,-76.7566,577
36.4083,-83.0042,1760
36.4084,-88.5842,1540
36.4095,-109.8684,3242
36.41,-85.4421,1706
36.4102,-79.3294,2390
36.4108,-93.7449,2360
36.411,-80.2117,786
36.4112,-109.2255,4257
36.4123,-95.1347,482
36.4128,-119.1007,1533
36.4136,-77.6024,599
36.4136,-92.9072,690
36.4137,-90.5836,1740
36.4142,-86.9658,5104
36.416,-119.1022,1248
36.4162,-82.6242,1930
36.4165,-94.7839,821
36.4177,-84.5098,2616
36.4206,-81.4683,1320
36.4211,-82.4765,1107
36.4215,-90.9018,983
36.4216,-86.7902,2447
36.4219,-96.393,1273
36.4226,-79.9689,1540
36.424,-77.613,1550
36.4245,-89.0473,2594
36.4248,-99.4047,3289
36.4251,-82.4341,1933
36.4269,-99.4062,2736
36.4271,-89.0477,3159
36.4271,-94.7956,1657
36.4277,-116.8747,5093
36.4283,-94.3685,3551
36.4295,-89.6993,1297
36.4296,-90.2671,495
36.4298,-121.3215,1412
36.4303,-95.5205,826
36.4304,-119.8672,1799
36.4305,-108.863,1934
36.4308,-84.9356,1604
36.4314,-119.6976,1443
36.434,-100.1408,895
36.434,-88.2028,932
36.4342,-84.5534,1287
36.4343,-77.911,885
36.4345,-121.3178,1918
36.4364,-95.2734,2013
36.4365,-90.3907,553
36.4367,-97.581,646
36.4377,-99.2048,853
36.4377,-119.9322,1291
36.4379,-76.3307,1215
36.4381,-83.6052,2044
36.4382,-79.5334,1938
36.4389,-77.2287,1226
36.44,-118.8803,5054
36.4402,-78.0833,645
36.4414,-88.3324,884
36.442,-78.5733,1027
36.442,-77.0977,1368
36.4438,-80.649,1818
36.4438,-95.7089,1171
36.4444,-89.906,1215
36.4444,-82.4613,1836
36.4445,-94.6747,852
36.4449,-78.1952,902
36.4453,-100.3229,647
36.4458,-97.8634,1390
36.446,-103.1489,2537
36.446,-77.6486,2859
36.4468,-83.5922,2344
36.4469,-76.6127,1421
36.4479,-77.5604,882
36.4489,-86.5336,1701
36.4509,-77.6564,3611
36.4519,-92.2369,671
36.452,-89.9681,965
36.4526,-95.8929,808
36.4528,-94.1259,2575
36.4528,-94.1259,1788
36.4534,-77.7134,2246
36.4541,-119.4837,743
36.4543,-86.6641,3260
36.4545,-90.7226,429
36.4549,-90.1422,541
36.4554,-93.9759,1600
36.4561,-100.5402,932
36.4562,-99.0457,478
36.4572,-97.7255,3544
36.4576,-92.911,1524
36.4592,-95.1278,497
36.4595,-94.7468,886
36.4595,-82.2779,1200
36.4601,-97.1796,452
36.4604,-92.5718,991
36.4616,-93.19,567
36.4617,-95.5052,3506
36.4625,-83.567,1892
36.464,-95.0829,480
36.4649,-86.6685,3118
36.4653,-79.9064,1086
36.4657,-105.5634,3586
36.4663,-118.6495,310
36.4666,-94.2663,6111
36.4696,-81.8049,1667
36.4702,-93.4281,1526
36.4724,-82.8609,2173
36.474,-93.7773,509
36.4741,-95.0178,1011
36.4767,-89.1104,1024
36.4778,-94.8942,856
36.4786,-98.0172,1006
36.4803,-95.0572,1116
36.4805,-119.4449,821
36.4816,-87.8438,1783
36.4831,-91.049,1522
36.4835,-119.2259,476
36.4837,-106.424,1626
36.4837,-86.4395,1286
36.4841,-94.4601,913
36.4842,-93.7368,2446
36.4843,-86.3085,1046
36.4857,-119.2557,301
36.4867,-117.8733,975
36.4877,-82.5911,1435
36.4889,-93.9331,2325
36.489,-86.6057,1993
36.4896,-96.0463,935
36.4907,-77.442,891
36.492,-110.0492,4426
36.4924,-91.5411,1032
36.4924,-119.3361,408
36.493,-90.0761,1076
36.4933,-88.8837,1670
36.4936,-86.8722,3355
36.4937,-101.7938,1251
36.494,-88.7219,1240
36.4942,-86.875,2718
36.4945,-82.4906,1774
36.4952,-77.6464,1181
36.4967,-93.3977,249
36.4967,-80.6355,1115
36.4983,-76.9996,1610
36.4995,-81.5096,552
36.5,-120.3164,1769
36.5006,-121.7318,3956
36.5012,-76.1733,2933
36.5017,-94.7289,995
36.503,-81.1226,1392
36.503,-79.74,3424
36.5035,-96.7374,617
36.5042,-79.7483,3426
36.5043,-109.4632,3428
36.5044,-88.88,1613
36.5051,-120.3935,786
36.5054,-101.7874,727
36.5055,-88.3253,537
36.5056,-95.0278,332
36.506,-121.4429,1256
36.5061,-89.817,606
36.508,-80.5822,1466
36.5083,-104.9104,1321
36.5084,-94.8481,1982
36.5085,-80.6145,3108
36.5096,-121.4392,1128
36.5097,-98.4487,467
36.5116,-80.6127,4094
36.5133,-86.2853,1823
36.5138,-119.4465,331
36.5139,-86.5629,1250
36.5142,-77.1893,913
36.5145,-88.8824,1544
36.5157,-84.5108,2782
36.5172,-89.6058,954
36.5173,-94.6075,1098
36.5176,-95.0373,1307
36.5193,-93.3771,985
36.5194,-82.5434,6615
36.5196,-82.7141,2789
36.5199,-82.5446,8806
36.52,-92.6051,1437
36.5215,-105.5861,2372
36.5224,-91.5408,1419
36.5227,-119.5594,1798
36.5234,-93.939,1014
36.524,-86.0306,2090
36.5247,-119.2888,1004
36.525,-80.8712,968
36.5252,-119.5664,1757
36.5267,-92.148,1063
36.5295,-95.7011,609
36.5295,-86.0316,2094
36.5302,-85.8482,1201
36.532,-98.1513,554
36.532,-95.4346,1210
36.533,-82.3289,2017
36.5342,-93.7242,263
36.5346,-105.6666,1166
36.5357,-83.21,1376
36.5371,-93.6604,2096
36.5376,-95.9263,822
36.5376,-97.4417,745
36.5376,-95.2294,1372
36.5377,-79.2079,566
36.5387,-94.7406,1519
36.5399,-119.845,1291
36.5403,-94.3078,1566
36.5411,-104.543,625
36.5412,-94.4895,1292
36.5412,-86.6766,2676
36.5433,-119.2914,1457
36.5434,-116.4839,9019
36.5441,-93.6224,397
36.5443,-119.2937,1282
36.5451,-119.3988,2352
36.5455,-119.3377,556
36.5457,-78.7752,711
36.5458,-96.3264,673
36.5465,-98.2719,580
36.5466,-97.8323,458
36.5467,-105.1038,1673
36.547,-105.2607,1923
36.5471,-119.425,77
36.5473,-94.8769,1932
36.5476,-85.5038,1233
36.5481,-119.2599,452
36.5512,-87.0013,717
36.5517,-89.8187,680
36.5529,-121.9219,935
36.5541,-93.7436,1387
36.556,-82.4641,852
36.5563,-90.5137,974
36.5576,-77.8729,2162
36.5585,-82.217,5193
36.5588,-92.6416,1097
36.5592,-89.0343,1159
36.5609,-96.1558,901
36.561,-97.1528,474
36.5632,-84.4463,2367
36.5632,-97.9927,534
36.5634,-102.7948,658
36.564,-97.6625,440
36.5649,-82.6678,2340
36.5654,-86.244,1970
36.5656,-119.7405,504
36.5664,-87.3452,9083
36.5666,-89.184,1711
36.5679,-82.2657,1839
36.5684,-89.5971,434
36.5687,-88.81,664
36.5698,-77.2501,593
36.5701,-96.7079,795
36.5711,-121.5103,718
36.5716,-84.1162,2264
36.5718,-119.614,2213
36.5718,-115.7203,3857
36.5721,-99.5735,421
36.5722,-86.3781,1028
36.5736,-85.1342,1107
36.5738,-79.7281,2359
36.5742,-93.6708,768
36.5744,-118.0806,3961
36.5745,-90.6056,676
36.5752,-83.6462,2447
36.5755,-94.3915,1647
36.5759,-77.984,1897
36.5766,-87.7579,1191
36.5767,-87.3455,9656
36.5778,-77.1989,757
36.5782,-79.8583,888
36.5789,-94.6385,2332
36.5791,-98.4579,1121
36.5799,-92.6646,1063
36.5806,-80.6679,2557
36.5812,-78.1138,3274
36.5823,-82.5068,2838
36.5828,-87.0651,1404
36.583,-98.879,957
36.5833,-79.4081,5940
36.5838,-121.9467,2572
36.585,-94.7872,2798
36.5864,-89.5512,1926
36.587,-110.6625,1938
36.5888,-93.9657,862
36.589,-94.7867,2898
36.5897,-121.8295,932
36.5899,-94.4596,464
36.59,-105.4369,1533
36.5901,-96.2731,668
36.5905,-103.6146,559
36.5908,-89.6131,883
36.5912,-119.6329,2742
36.5916,-76.9293,486
36.592,-111.1071,3621
36.5932,-93.3971,230
36.5938,-86.7016,2331
36.5948,-101.622,1346
36.595,-94.9429,3126
36.5953,-90.2463,610
36.5958,-93.5966,2795
36.5962,-119.4431,2821
36.5974,-83.6658,521
36.5974,-91.646,384
36.5975,-86.5266,3533
36.5975,-86.5266,2993
36.5988,-79.4141,5472
36.5994,-119.4478,2151
36.601,-89.9975,2619
36.6011,-109.0645,980
36.6012,-121.8831,2670
36.6018,-89.622,377
36.6019,-121.8636,5827
36.6025,-90.679,1475
36.6027,-95.9751,734
36.6033,-119.9092,791
36.604,-114.4493,5999
36.6045,-78.9231,2659
36.6056,-120.1898,980
36.6061,-94.4517,880
36.6063,-92.4246,1538
36.6072,-93.232,2292
36.6074,-82.1467,7525
36.6089,-119.7526,560
36.6089,-119.5437,1442
36.6091,-95.2755,2214
36.6097,-88.3259,3124
36.6101,-95.4886,309
36.6101,-105.6318,2383
36.611,-89.706,554
36.6111,-89.8181,725
36.6114,-119.5381,1213
36.6117,-111.6475,2572
36.6123,-93.2918,4194
36.6135,-83.7225,2467
36.6142,-88.3221,3105
36.6148,-101.1937,430
36.6167,-99.7486,375
36.617,-82.1576,3257
36.6182,-78.5645,1549
36.6197,-95.6604,687
36.62,-83.7318,3118
36.6209,-86.3425,904
36.6214,-119.3187,1231
36.6218,-121.8477,672
36.6219,-81.0085,1623
36.6226,-121.9264,1537
36.6226,-119.317,1169
36.6234,-90.8219,1065
36.6234,-94.9135,820
36.6237,-82.5634,1188
36.6242,-119.6747,1474
36.6247,-121.6465,317
36.6251,-121.8178,2712
36.626,-96.2441,575
36.6262,-77.1248,642
36.6267,-97.0812,2200
36.6275,-81.1492,1390
36.6294,-93.1568,1075
36.6322,-79.9523,2819
36.6327,-81.7894,811
36.6342,-93.4333,2776
36.6343,-86.54,665
36.6343,-80.1985,3579
36.6374,-94.6517,2411
36.6375,-83.4295,1761
36.638,-91.9548,1701
36.6395,-95.1593,1974
36.6403,-85.7935,807
36.6404,-80.2686,1583
36.6414,-88.7411,897
36.6442,-95.0622,3187
36.6461,-82.5784,1812
36.6466,-93.3461,1519
36.6469,-93.2479,5354
36.648,-120.2525,713
36.648,-93.4242,1700
36.6486,-87.1648,1391
36.6486,-88.6014,988
36.6505,-108.2145,1916
36.6507,-91.6965,656
36.6524,-119.7908,1576
36.6531,-94.4441,1369
36.6539,-118.9588,437
36.6549,-82.4678,995
36.6564,-90.4789,1206
36.6565,-119.5981,1049
36.6596,-98.5635,657
36.6602,-87.6581,461
36.6631,-90.6045,2168
36.6632,-87.4765,2652
36.6638,-94.8271,2400
36.6642,-83.3737,1681
36.665,-98.052,523
36.6656,-84.4397,2298
36.6656,-80.9143,2606
36.6656,-80.9143,2336
36.6658,-88.9941,1153
36.6661,-78.3907,822
36.6665,-98.1816,473
36.667,-93.0524,2693
36.6678,-97.8024,837
36.6687,-79.4222,2154
36.6691,-96.3312,1745
36.6692,-88.5286,1124
36.6697,-97.2663,588
36.6706,-97.315,1845
36.6707,-93.9399,779
36.6713,-80.7011,1827
36.6717,-89.9707,1038
36.6731,-97.0359,1899
36.6738,-87.4225,2971
36.6744,-121.6621,4963
36.6748,-78.894,2588
36.675,-86.8582,984
36.6754,-90.2441,654
36.6767,-79.8084,2102
36.6783,-93.8681,1680
36.6792,-84.128,807
36.6794,-76.3018,16704
36.68,-82.7442,742
36.6803,-121.7894,2710
36.6816,-119.7318,475
36.682,-108.0438,2740
36.6824,-76.934,2304
36.6832,-98.4237,304
36.6835,-79.8636,3005
36.684,-76.9414,2612
36.6844,-78.2732,1330
36.6853,-93.1027,1670
36.6859,-76.8947,2238
36.6871,-83.1153,957
36.6882,-98.662,637
36.6885,-79.7866,1036
36.6886,-93.3931,1972
36.6889,-79.8896,5727
36.6898,-88.7064,1013
36.6899,-101.4758,1992
36.6901,-101.477,2525
36.6902,-121.6338,4403
36.6905,-85.1355,1369
36.6908,-91.3917,1137
36.6913,-97.5583,528
36.6925,-114.6356,3836
36.6941,-108.3704,1273
36.6946,-121.6745,688
36.6959,-84.476,1821
36.696,-81.4375,1605
36.6961,-96.7281,523
36.6962,-107.9036,2845
36.6962,-77.536,2338
36.6965,-94.9575,1310
36.6968,-109.6195,3416
36.6972,-76.6348,18141
36.6972,-77.5447,2329
36.6974,-98.7894,294
36.6993,-95.6375,1675
36.6993,-79.3789,1692
36.6993,-84.1419,767
36.7009,-79.9424,1131
36.7012,-119.5574,2265
36.7013,-85.693,1646
36.7014,-78.0945,1004
36.7022,-79.8946,889
36.7028,-119.5616,1991
36.703,-78.0319,762
36.703,-93.1582,721
36.7041,-76.8391,1625
36.7048,-108.0615,2917
36.7053,-99.8967,792
36.7055,-119.8515,1215
36.7059,-106.5651,1489
36.7067,-81.9716,2575
36.7071,-78.2318,1745
36.7093,-77.2013,369
36.7098,-105.4185,915
36.7104,-93.1753,2332
36.7107,-108.2063,687
36.7111,-82.3057,899
36.7118,-78.9134,3282
36.7123,-77.062,869
36.7124,-105.5992,2415
36.7128,-107.9172,1983
36.7133,-82.9122,1533
36.7135,-119.7609,683
36.7141,-80.975,725
36.7142,-78.9102,2257
36.7152,-93.2019,371
36.7156,-107.975,2269
36.717,-87.0686,971
36.7172,-110.2605,3295
36.7178,-97.0697,3874
36.718,-86.5576,3526
36.7191,-119.2027,7242
36.7196,-82.796,712
36.72,-108.3215,2512
36.7203,-97.7909,475
36.7209,-87.2622,685
36.721,-79.9116,2545
36.721,-97.0684,3892
36.7215,-93.1729,1118
36.7228,-84.4755,1379
36.7244,-78.1238,2265
36.7249,-120.0626,1661
36.7257,-78.1289,2851
36.7257,-86.5756,2622
36.726,-85.9562,1042
36.7263,-120.0621,1508
36.7263,-84.1564,2074
36.7276,-119.4588,2197
36.729,-80.9822,676
36.7295,-119.6944,1251
36.7308,-108.4345,1700
36.7309,-106.5368,1096
36.7313,-102.5095,1103
36.7315,-80.9942,748
36.7346,-118.9558,474
36.7361,-119.496,2586
36.7367,-107.7921,1953
36.7374,-91.868,3312
36.7375,-88.6445,2462
36.7376,-91.8702,2906
36.7377,-95.9485,4312
36.7377,-93.0354,612
36.738,-89.2695,342
36.7385,-106.5617,1071
36.7386,-80.3974,993
36.7387,-84.1657,1854
36.7388,-80.8095,3980
36.7388,-94.4092,1046
36.7393,-93.3806,1112
36.7394,-88.296,673
36.741,-88.643,2785
36.7424,-94.0903,676
36.7433,-107.9739,3910
36.7434,-108.3458,2206
36.7435,-108.3949,1270
36.7454,-120.3918,1868
36.746,-93.904,618
36.7465,-104.0021,1106
36.7472,-108.1624,5186
36.7475,-83.7069,1668
36.748,-108.0853,4128
36.7488,-82.4172,628
36.7493,-86.2076,2332
36.7493,-86.2076,1984
36.7493,-95.9439,4036
36.7494,-76.5769,4432
36.7507,-98.3577,1298
36.7514,-94.8473,961
36.7515,-79.9524,1519
36.7516,-78.9883,2660
36.7528,-106.5599,423
36.7538,-108.1805,5330
36.754,-89.6865,408
36.7543,-98.1561,431
36.7546,-101.0752,645
36.7554,-108.4695,2586
36.7565,-77.8539,974
36.7568,-114.132,2918
36.7568,-89.5675,1270
36.7576,-120.3805,1648
36.7577,-83.0353,1173
36.7589,-108.3675,1191
36.7592,-78.7912,781
36.7598,-89.1019,512
36.7608,-81.4012,1550
36.7612,-78.9276,1766
36.7613,-103.8341,847
36.7613,-101.3492,663
36.7615,-79.9866,1688
36.7616,-94.057,647
36.7616,-80.7367,2833
36.7618,-107.7702,2251
36.7622,-83.4743,1012
36.7626,-94.1911,367
36.7633,-90.414,3336
36.7637,-81.8835,1898
36.7648,-121.7534,918
36.7651,-88.3022,760
36.7667,-96.8618,1575
36.7675,-99.1123,568
36.7693,-119.7613,654
36.7735,-89.7614,411
36.774,-121.735,1669
36.7745,-87.3595,957
36.7758,-82.9441,2413
36.7769,-76.9899,1670
36.7782,-92.5675,2090
36.7789,-89.3841,1015
36.779,-95.6425,570
36.7795,-76.0291,14204
36.7798,-81.8274,1837
36.7805,-96.66,784
36.7823,-108.69,2075
36.7823,-90.2075,517
36.7827,-119.7934,9775
36.7859,-108.0577,2652
36.7869,-90.4058,3569
36.7874,-93.5031,492
36.789,-119.769,11455
36.7896,-98.6649,2280
36.7897,-90.0916,566
36.7898,-89.0132,557
36.7899,-81.7723,1001
36.7901,-85.3646,1457
36.7904,-121.3106,1723
36.7904,-95.9337,1491
36.7907,-91.5339,555
36.7907,-108.6961,3339
36.791,-89.8301,417
36.7916,-83.2325,1096
36.7921,-89.3716,464
36.7927,-89.9738,2527
36.7928,-89.963,2438
36.7936,-114.0128,3673
36.7941,-119.7012,805
36.7948,-79.9414,2237
36.798,-81.5936,2757
36.7988,-119.8051,1172
36.7997,-98.6655,1734
36.7998,-78.461,1343
36.7999,-120.021,730
36.8002,-81.6829,1445
36.8002,-97.2916,1782
36.8004,-95.074,599
36.8007,-88.7937,850
36.801,-94.9279,1847
36.8013,-97.3009,2145
36.8014,-99.4893,443
36.8031,-108.0902,2021
36.8032,-93.4695,784
36.8034,-97.7382,1131
36.8041,-97.4499,926
36.8051,-83.0573,380
36.8054,-121.7866,569
36.8061,-83.6421,715
36.8067,-97.5195,343
36.8071,-94.7293,1059
36.8076,-102.2517,545
36.8082,-121.3623,1456
36.8083,-96.7133,456
36.8084,-97.05,335
36.8107,-121.7187,1990
36.8109,-83.4,2281
36.8111,-114.1257,5117
36.8112,-76.7384,1819
36.8117,-121.655,6162
36.8118,-89.8626,488
36.8119,-79.4001,1293
36.8129,-99.9327,475
36.8151,-100.5235,973
36.8151,-114.0842,2867
36.8156,-81.6322,1023
36.8159,-107.9703,3751
36.816,-77.4689,1019
36.8161,-87.1611,1523
36.8173,-94.0866,623
36.8174,-88.6479,857
36.8182,-78.4775,781
36.8187,-81.5774,901
36.8188,-93.9206,729
36.8243,-89.3267,568
36.8247,-89.7819,916
36.8256,-93.2034,2095
36.8278,-119.6818,4653
36.8283,-83.4529,424
36.8284,-82.4681,542
36.8289,-108.0002,2365
36.829,-109.8757,2865
36.8292,-78.4653,937
36.8294,-99.6377,958
36.8296,-108.0616,2081
36.83,-83.4175,661
36.8303,-118.2079,2002
36.8309,-90.8213,575
36.8316,-84.1077,989
36.8335,-109.0038,2491
36.8345,-83.7616,1985
36.8348,-85.5031,1025
36.8374,-81.5157,1988
36.8375,-83.84,1055
36.8393,-87.4735,5201
36.8395,-86.8956,3010
36.8402,-78.7219,2404
36.8411,-84.8513,2241
36.8413,-83.3195,1059
36.8415,-86.5311,597
36.8421,-81.502,2429
36.8422,-87.3108,997
36.8432,-80.9687,1486
36.8436,-84.8489,2307
36.8445,-94.6092,1452
36.8448,-86.892,2352
36.8451,-121.5369,804
36.8455,-94.3764,3586
36.8464,-89.691,814
36.8473,-94.3834,2838
36.8478,-103.9176,733
36.848,-88.3616,2050
36.8499,-121.3911,3296
36.8509,-87.4882,4338
36.851,-80.9145,306
36.8513,-95.6357,583
36.8514,-94.9098,615
36.8517,-100.0552,456
36.8518,-88.3595,1845
36.8519,-120.4517,1444
36.8519,-83.349,493
36.8531,-83.1538,491
36.8537,-120.4537,1752
36.854,-77.894,1326
36.8553,-83.3445,1990
36.8556,-121.3986,2562
36.8586,-83.2709,413
36.8593,-76.357,5240
36.8594,-83.2416,678
36.8602,-83.8705,2090
36.8609,-111.4244,3702
36.8614,-101.2163,958
36.8615,-87.8172,1572
36.8625,-82.9137,1971
36.8627,-82.7761,1989
36.8629,-94.1863,519
36.8645,-86.7096,1229
36.865,-82.7649,2329
36.8651,-83.1925,562
36.8657,-82.7435,665
36.8657,-83.8832,1480
36.8659,-113.936,3118
36.8669,-93.2871,1652
36.867,-81.3986,2257
36.867,-108.0331,1335
36.8682,-121.8057,1454
36.8688,-121.7316,925
36.8691,-91.9111,1715
36.8704,-101.0177,905
36.8705,-100.8825,908
36.871,-107.9554,2753
36.872,-101.5747,238
36.8728,-96.5692,463
36.8729,-100.1924,405
36.8729,-107.6232,3154
36.8744,-95.0944,650
36.8748,-121.6307,1976
36.8754,-89.0089,844
36.8759,-81.7629,2571
36.8772,-86.4165,923
36.8787,-96.1197,405
36.8793,-82.7433,628
36.8793,-119.7612,324
36.8793,-94.1837,519
36.8794,-87.6637,445
36.8797,-112.7256,2307
36.8799,-120.1148,288
36.8801,-82.2953,2437
36.8818,-97.0553,1057
36.8819,-97.9239,507
36.8819,-90.8479,1731
36.8828,-88.7664,752
36.8837,-89.5872,3842
36.8839,-85.7119,1295
36.885,-104.4396,2562
36.8854,-89.5707,3292
36.8867,-97.1781,389
36.8876,-89.9298,1008
36.8877,-94.8709,3025
36.8901,-106.5842,1541
36.8909,-94.8759,2754
36.8955,-104.4394,1967
36.896,-77.819,1332
36.8964,-108.2008,4274
36.8967,-98.5776,299
36.8995,-82.0785,1993
36.8998,-81.7869,1472
36.9002,-98.4234,474
36.9005,-95.9253,932
36.9011,-76.8947,948
36.9011,-93.57,1181
36.9014,-98.2944,456
36.9017,-121.7417,875
36.904,-119.7966,704
36.9051,-81.2772,1370
36.9064,-102.9652,768
36.9067,-82.317,1066
36.9069,-89.5359,1949
36.907,-100.538,569
36.907,-113.9362,2646
36.9077,-89.4526,824
36.9098,-112.7545,795
36.912,-96.1277,409
36.9122,-80.3181,613
36.9123,-88.8872,930
36.9127,-82.795,1685
36.9143,-76.2911,19927
36.9147,-95.8047,376
36.9156,-94.6696,447
36.9169,-89.3339,1988
36.9174,-77.2719,1968
36.9184,-111.4501,2433
36.9185,-88.5255,1119
36.9196,-94.2629,1910
36.9201,-94.8797,395
36.9211,-93.9215,2178
36.9215,-93.9271,2692
36.923,-76.2446,6627
36.9236,-121.7724,2365
36.9236,-89.223,249
36.9236,-97.3358,402
36.924,-98.2936,456
36.9248,-97.657,281
36.9274,-121.8444,2090
36.9279,-119.8773,1466
36.928,-121.7773,3481
36.9293,-120.0481,756
36.9306,-93.4992,594
36.9312,-82.4842,686
36.9315,-82.626,2483
36.9316,-84.1008,2560
36.9328,-106.9354,628
36.9328,-90.7477,646
36.9333,-109.0641,3432
36.9342,-112.9118,2613
36.9349,-94.8615,1381
36.9352,-82.5307,622
36.9369,-80.7188,1649
36.9369,-76.5847,1839
36.9379,-96.6488,446
36.9385,-79.995,2746
36.9395,-93.2826,2014
36.9403,-121.7952,967
36.9406,-76.5211,2322
36.9418,-111.5133,5611
36.9437,-82.1526,322
36.944,-94.1858,201
36.9447,-80.9561,3339
36.9456,-82.4704,1268
36.946,-88.9636,415
36.946,-107.8835,2784
36.9465,-120.0212,1196
36.9469,-94.0035,1031
36.9477,-78.9333,1567
36.948,-77.4001,689
36.9495,-79.3626,1173
36.95,-94.7865,825
36.9505,-90.1588,742
36.9506,-121.7375,2843
36.9508,-81.0874,2222
36.9514,-87.7145,1451
36.9515,-82.8144,596
36.9522,-82.7899,716
36.9523,-91.1623,403
36.9534,-81.0884,3456
36.9538,-107.0003,3252
36.9538,-112.9813,1336
36.9557,-101.068,590
36.9562,-92.666,1655
36.9579,-121.8848,1573
36.9585,-78.2682,1327
36.9593,-89.4323,247
36.9595,-121.7817,1555
36.9597,-121.97,786
36.9603,-89.1695,983
36.9609,-78.1284,1379
36.9612,-100.8781,785
36.9614,-121.9917,755
36.9616,-112.5164,2705
36.9622,-93.7904,846
36.9631,-86.4408,6560
36.9635,-121.8352,2763
36.9642,-82.9143,497
36.9642,-82.9518,439
36.9649,-82.5955,3002
36.9656,-84.0956,1192
36.9656,-93.7204,2085
36.9658,-120.0862,4031
36.9662,-89.0819,1131
36.9674,-88.8324,645
36.9674,-93.7186,2280
36.9688,-119.8928,2726
36.9691,-76.9881,1013
36.9697,-79.8704,1498
36.9701,-112.9853,2711
36.9707,-120.6467,1126
36.9711,-109.3698,3254
36.9719,-80.6949,2059
36.9724,-76.6142,2832
36.9724,-82.5574,596
36.9733,-82.7459,138
36.9734,-120.0686,4157
36.9737,-90.5478,516
36.9744,-122.0353,3241
36.9755,-120.6335,1375
36.9761,-121.954,1147
36.9768,-86.4337,5884
36.9769,-82.5811,1583
36.9769,-119.6658,1271
36.9773,-121.9186,776
36.9785,-105.5353,1579
36.9789,-80.9618,1945
36.98,-107.5073,2352
36.9817,-91.575,903
36.984,-119.7081,1015
36.9842,-121.7894,2710
36.9847,-82.2836,2409
36.9852,-85.6223,1772
36.9854,-77.7219,875
36.9854,-120.6338,1055
36.986,-121.9804,1635
36.9866,-76.5994,2423
36.9868,-91.9616,1726
36.987,-82.9961,1602
36.9872,-86.9502,979
36.9872,-110.2096,3187
36.9879,-94.5902,1712
36.9906,-85.0644,1740
36.991,-89.6865,325
36.9911,-121.8935,2329
36.9921,-95.6218,780
36.9925,-79.6376,3036
36.9932,-94.0755,389
36.9933,-78.6009,1847
36.9937,-91.7019,1766
36.9944,-78.2243,1524
36.9945,-107.6064,678
36.9945,-98.0351,447
36.996,-111.5566,795
36.9962,-116.7235,3818
36.9967,-91.4917,1067
36.9971,-94.3154,803
36.9978,-121.9482,1947
37.0002,-80.7325,1335
37.0015,-79.8867,2360
37.0016,-96.2806,401
37.0018,-98.1825,507
37.0018,-93.0846,1010
37.0022,-93.6356,1213
37.0025,-85.9223,3119
37.0033,-122.0265,857
37.0038,-101.8944,1301
37.004,-89.5281,366
37.0041,-97.4076,677
37.0042,-91.327,1772
37.0043,-84.6437,1926
37.0044,-79.8848,2373
37.0047,-88.2318,1231
37.0048,-85.9259,3645
37.0063,-89.1829,2400
37.0063,-122.0424,479
37.0064,-121.5853,3692
37.0082,-88.527,1987
37.0117,-89.6003,594
37.0127,-120.0797,2430
37.0136,-95.9319,1057
37.0144,-98.6492,476
37.0144,-91.0069,1284
37.0154,-112.9998,2732
37.0155,-103.8838,449
37.0156,-81.9685,1176
37.0173,-94.4934,307
37.0174,-98.4848,956
37.0178,-122.1879,1531
37.02,-94.735,1611
37.02,-94.5165,407
37.0209,-107.4217,2062
37.0213,-93.8976,418
37.0216,-80.5794,1338
37.0221,-79.6808,3458
37.0228,-86.3801,661
37.0239,-96.1771,591
37.024,-89.8193,674
37.0244,-94.4752,825
37.0248,-88.311,916
37.0251,-94.5172,182
37.0254,-121.8559,3906
37.026,-112.5237,3574
37.0307,-110.2511,4893
37.0311,-94.5019,1008
37.0315,-93.4709,1159
37.0321,-88.6862,1826
37.0327,-95.6516,2794
37.0331,-88.6456,2098
37.0336,-93.218,3165
37.034,-95.6288,2477
37.034,-77.0956,1595
37.0349,-97.6088,944
37.0362,-94.5393,281
37.0364,-76.9241,1715
37.037,-94.5228,622
37.0374,-95.0922,1060
37.0386,-95.8243,614
37.039,-78.4804,985
37.0392,-122.0808,1956
37.04,-88.5729,2208
37.0404,-99.9876,964
37.0424,-96.9017,925
37.0433,-89.6122,813
37.0436,-122.137,3695
37.0451,-93.2959,2771
37.0461,-100.9277,3148
37.0461,-100.9268,2958
37.0462,-86.2469,1073
37.0464,-88.3955,3838
37.0465,-94.5044,187
37.0468,-120.6395,1136
37.047,-110.7899,5244
37.0479,-78.9539,1698
37.0479,-87.4835,723
37.048,-76.2973,6513
37.0495,-97.4013,908
37.0502,-86.2081,802
37.0502,-88.6305,5842
37.0507,-85.0805,1972
37.0508,-89.045,674
37.051,-122.0533,732
37.0513,-94.7027,509
37.0524,-88.4968,2381
37.0528,-80.7619,2579
37.0534,-95.6954,1117
37.0549,-95.2116,331
37.055,-84.6111,5663
37.0555,-122.0118,1951
37.0562,-78.6377,1807
37.0585,-95.3592,570
37.0605,-88.1144,1343
37.0623,-120.8441,2633
37.0628,-84.5986,1272
37.0632,-120.8403,2871
37.0634,-122.0004,7059
37.0641,-93.5556,898
37.0647,-81.75,2129
37.0647,-93.2531,678
37.0651,-90.6779,602
37.0656,-97.0405,2373
37.0658,-79.35,1808
37.067,-80.4406,1096
37.0673,-96.0145,553
37.0678,-96.9956,867
37.0682,-93.8493,211
37.0686,-94.1269,1096
37.0709,-94.4568,1266
37.0709,-88.6445,4096
37.0714,-76.6708,2844
37.0725,-97.0384,2772
37.0729,-111.6608,2223
37.0732,-94.707,1360
37.0749,-107.5933,3627
37.0749,-88.9751,707
37.0752,-94.6355,1948
37.0752,-94.5013,5603
37.0761,-97.8747,646
37.0761,-76.522,7542
37.0762,-86.986,1463
37.0762,-106.0103,593
37.077,-113.5765,7988
37.0774,-120.1939,2514
37.0774,-88.0749,2390
37.0782,-122.0881,2627
37.0786,-81.7122,1416
37.0801,-80.7222,3565
37.0803,-96.0961,517
37.081,-113.1034,5722
37.081,-77.3563,1306
37.0811,-78.7485,975
37.0817,-94.3096,893
37.0818,-78.0028,1925
37.0824,-120.9145,1898
37.0829,-121.5963,3092
37.0831,-79.6484,3395
37.0842,-81.7943,2614
37.0842,-88.8829,685
37.085,-77.5865,2046
37.0855,-89.6534,932
37.0857,-89.163,746
37.0865,-84.6054,3488
37.087,-81.7637,1313
37.0873,-106.016,632
37.0877,-121.6137,5922
37.088,-81.8104,2158
37.0887,-119.4508,6187
37.0892,-94.4093,1654
37.0892,-122.0409,1525
37.0894,-98.4015,699
37.0921,-95.9419,360
37.0935,-86.0481,1100
37.0938,-81.86,2323
37.0938,-89.5548,206
37.0943,-89.7747,369
37.0959,-81.8319,271
37.0964,-79.3033,1693
37.0974,-76.4246,645
37.0992,-119.3257,5159
37.0993,-89.5605,724
37.0995,-81.1158,1306
37.1001,-85.8154,776
37.1012,-94.4992,7068
37.1012,-121.0157,1965
37.1018,-93.9483,650
37.102,-85.2992,1670
37.1034,-85.3075,2004
37.1037,-89.9117,960
37.1047,-102.5788,345
37.1047,-113.5632,7093
37.1048,-93.8187,1846
37.1051,-96.5026,788
37.1055,-80.6897,1055
37.1057,-122.1106,1781
37.1065,-87.8849,2722
37.1072,-92.4189,1149
37.1074,-87.8838,2243
37.1098,-92.581,1245
37.11,-84.0817,3232
37.1112,-108.1263,331
37.1114,-97.1504,533
37.1125,-120.2468,1995
37.1131,-79.2917,2213
37.1146,-122.0528,1669
37.1148,-93.6788,606
37.1148,-93.0748,1769
37.1156,-79.9514,781
37.1161,-120.242,3085
37.1162,-89.2029,998
37.1165,-94.1682,355
37.1168,-104.5233,245
37.1178,-82.823,1607
37.1179,-101.6318,554
37.118,-107.6376,650
37.1186,-79.6979,3311
37.1187,-93.4683,2484
37.1193,-93.3683,1455
37.1201,-80.5591,2824
37.1225,-104.7397,756
37.1234,-79.2834,2102
37.1236,-77.2249,1507
37.1258,-104.6729,1152
37.1258,-88.626,734
37.1261,-82.6073,1466
37.1264,-95.8702,376
37.1265,-92.1032,1809
37.1267,-113.4878,5457
37.1271,-80.5034,1131
37.1271,-78.0711,1016
37.1279,-90.4479,746
37.1284,-76.3035,3558
37.1285,-96.1848,823
37.1289,-81.5066,2379
37.1289,-81.5066,2067
37.1314,-113.6566,2236
37.132,-89.5983,856
37.1324,-120.4986,1647
37.1325,-121.6419,3266
37.1327,-80.5602,3019
37.1334,-84.1192,6288
37.1341,-122.1272,2489
37.1342,-92.2638,1626
37.1342,-92.2663,1819
37.1347,-81.4268,2116
37.1363,-82.7746,1127
37.1371,-76.8333,826
37.1372,-82.9856,600
37.1388,-88.4048,646
37.1395,-85.9644,1909
37.1402,-94.0609,526
37.1405,-94.5162,1285
37.1407,-80.4045,3484
37.1413,-94.4676,2676
37.1428,-90.0817,413
37.1429,-80.5958,568
37.1442,-104.6216,411
37.1449,-88.9421,1247
37.1452,-80.5438,1611
37.1459,-104.8683,1598
37.1466,-94.4388,1466
37.1474,-92.7688,1695
37.1477,-82.6711,1378
37.1478,-113.0548,2641
37.1481,-83.7638,1553
37.1485,-113.3589,6594
37.1496,-88.6874,2228
37.1504,-90.6957,1332
37.1506,-109.9037,3756
37.1506,-94.3279,3158
37.1509,-91.3587,1247
37.1521,-89.273,760
37.153,-82.4599,1309
37.1533,-80.9418,627
37.1535,-81.1525,984
37.1546,-92.9419,955
37.1564,-95.5977,455
37.1568,-83.3758,1034
37.1574,-82.3545,1517
37.1579,-88.7287,1570
37.1582,-104.5501,983
37.1585,-98.0428,1630
37.1587,-93.28,10524
37.159,-85.9293,1745
37.159,-121.9888,1972
37.16,-89.447,534
37.1605,-105.0342,1258
37.1634,-82.7497,420
37.1642,-94.5427,2137
37.1655,-118.2963,1559
37.1661,-94.3203,2662
37.1668,-80.5097,1207
37.1676,-95.1121,1408
37.1686,-93.4131,3642
37.1693,-87.0391,1225
37.1694,-94.3855,307
37.1694,-87.3789,1637
37.1695,-82.648,2700
37.1699,-85.9172,1610
37.1701,-94.7064,1212
37.1704,-80.2544,1401
37.1716,-94.8441,1416
37.1718,-105.9854,439
37.1732,-104.4903,2782
37.1732,-84.6337,800
37.1734,-95.0027,844
37.1734,-104.5021,1979
37.1737,-92.8515,894
37.1738,-113.6808,2791
37.1738,-105.9373,876
37.1742,-87.6886,1780
37.1743,-109.8836,2602
37.1745,-101.3445,1314
37.1785,-91.6577,956
37.1796,-96.716,478
37.181,-78.1304,1288
37.1811,-76.7965,864
37.1812,-89.6612,1216
37.1812,-113.3169,2906
37.1817,-113.005,1947
37.1824,-89.084,1666
37.1832,-86.6349,343
37.1837,-89.3495,2791
37.1851,-87.4554,977
37.1852,-95.2919,1182
37.1853,-80.4132,5293
37.1854,-119.7721,4151
37.1858,-81.7874,584
37.1867,-99.7697,1181
37.1877,-81.3902,2481
37.1879,-78.1944,908
37.1882,-79.6134,1778
37.1905,-87.5497,905
37.1906,-81.6406,508
37.1917,-94.4639,1432
37.1922,-89.5504,508
37.1927,-84.1292,1320
37.1938,-94.1298,401
37.1942,-93.2926,8287
37.1945,-93.6291,417
37.1947,-113.2055,3120
37.1949,-80.422,1190
37.1949,-86.2653,1468
37.1954,-80.6124,888
37.1975,-89.7392,570
37.199,-82.7033,1154
37.2004,-99.4808,874
37.2024,-105.4225,684
37.2036,-119.2485,616
37.2045,-100.7017,441
37.2047,-77.3924,4328
37.2063,-80.4881,1290
37.2065,-109.1652,3015
37.207,-95.4048,728
37.2078,-88.0617,716
37.2086,-86.8924,619
37.2086,-105.5666,1018
37.2092,-88.847,633
37.21,-109.6091,4059
37.2105,-87.1776,2057
37.2108,-83.1385,790
37.2124,-89.4507,1200
37.2126,-108.7265,1719
37.2141,-80.6318,1652
37.2151,-93.841,795
37.2159,-82.2867,1737
37.2161,-83.0608,833
37.2169,-87.172,2122
37.2173,-87.0499,675
37.2174,-86.7002,1656
37.2209,-89.2066,1039
37.2209,-77.2683,2273
37.221,-89.5347,1976
37.2211,-82.668,2149
37.2218,-89.7555,357
37.223,-80.2157,949
37.2245,-89.5376,2005
37.2269,-80.0069,3137
37.2273,-76.9666,1447
37.2285,-83.171,409
37.2288,-120.254,970
37.2299,-121.9569,3086
37.23,-95.1835,429
37.2313,-80.4267,4040
37.2315,-113.2506,3354
37.2321,-95.7178,1948
37.2323,-77.4675,1456
37.2334,-80.2046,725
37.2335,-95.716,2485
37.234,-76.5182,721
37.2346,-107.5937,1289
37.2346,-119.521,5155
37.2352,-81.2747,2798
37.2353,-82.0963,1581
37.2354,-81.4601,1368
37.2356,-77.3325,2217
37.2365,-96.9843,2401
37.2368,-89.7978,420
37.2369,-90.9737,1098
37.2372,-94.4176,521
37.2372,-113.3471,2278
37.2392,-119.701,3769
37.2394,-87.1539,1135
37.2404,-121.9882,1161
37.241,-81.1075,417
37.2415,-89.2713,1386
37.2422,-87.4675,988
37.2426,-98.2276,723
37.2428,-96.9797,3031
37.2433,-94.4394,599
37.244,-78.4757,1788
37.2448,-88.3579,1053
37.2449,-122.3789,1822
37.2466,-104.4531,3024
37.2468,-93.3749,2673
37.247,-94.6003,460
37.2471,-103.3534,559
37.2473,-77.4308,1560
37.2497,-76.0142,1711
37.2497,-98.4177,482
37.2503,-92.5133,733
37.2514,-87.0906,715
37.2515,-109.3037,3139
37.2525,-120.9955,1245
37.2537,-121.004,980
37.254,-112.6574,2681
37.2542,-85.7933,721
37.2549,-94.4449,569
37.2561,-121.9288,690
37.2564,-89.0186,927
37.2574,-105.9008,1097
37.2575,-97.674,330
37.2595,-85.4934,1295
37.2598,-89.6465,1211
37.2601,-79.7917,1444
37.2604,-81.6558,488
37.2605,-83.1982,2479
37.2615,-94.3345,3449
37.2617,-77.3968,2490
37.2628,-81.2113,2720
37.2631,-97.5404,494
37.2634,-107.0036,2043
37.2642,-100.5898,907
37.2645,-83.2017,2528
37.2645,-107.8741,3817
37.2647,-88.2412,838
37.2653,-101.7828,909
37.2658,-122.3007,1195
37.2663,-78.6837,510
37.2665,-113.2951,4277
37.2672,-82.0946,2027
37.2675,-99.3234,1453
37.2679,-97.7629,759
37.2683,-122.0262,3246
37.2689,-93.118,1660
37.2691,-95.5534,1285
37.2692,-83.2157,515
37.2695,-76.7082,2715
37.2695,-81.2559,5649
37.2699,-107.0761,2269
37.2703,-76.4974,2784
37.2722,-79.1001,3211
37.2727,-97.3921,1903
37.2729,-83.6471,1298
37.2729,-94.6052,548
37.2735,-105.9597,580
37.2737,-97.1693,864
37.2742,-79.8882,1601
37.2752,-87.5061,1525
37.2757,-81.3856,1326
37.2762,-80.1264,1072
37.2773,-118.3916,2173
37.2773,-81.2392,1252
37.2781,-97.4067,2506
37.2784,-84.6526,836
37.2785,-79.9582,5921
37.2786,-81.6241,610
37.2789,-85.8987,1359
37.2791,-81.3062,851
37.2792,-94.8236,719
37.2802,-89.1758,1522
37.2802,-121.9533,2239
37.2805,-94.8438,776
37.2814,-104.3891,1600
37.2819,-106.1049,884
37.2826,-88.0862,959
37.2832,-90.6361,418
37.2836,-100.343,1098
37.2837,-76.746,7589
37.2839,-94.9268,527
37.2851,-98.0276,1157
37.2851,-98.5812,994
37.2853,-80.0552,3459
37.286,-97.8921,261
37.286,-78.391,2326
37.2872,-80.6219,825
37.2877,-107.8678,2791
37.2891,-95.9103,528
37.2902,-120.3216,1198
37.2903,-109.5961,5496
37.291,-77.2989,2922
37.2927,-87.1236,1878
37.293,-93.4171,2233
37.294,-89.4802,1271
37.2942,-88.9761,1220
37.2944,-75.9655,947
37.2953,-79.9634,10172
37.296,-121.8146,12112
37.2961,-78.4004,2515
37.2965,-120.3789,1204
37.2966,-120.4177,217
37.2968,-87.129,2090
37.2972,-84.2151,508
37.3007,-82.2792,1047
37.3018,-120.4695,5959
37.3025,-89.9818,1168
37.3042,-113.6659,2008
37.3057,-120.4779,4378
37.3086,-89.6739,802
37.3094,-89.5584,4912
37.3096,-94.7745,969
37.3097,-81.3458,685
37.31,-81.6763,857
37.3117,-121.9358,469
37.3126,-89.4316,1122
37.3143,-96.8897,550
37.3145,-120.5868,2229
37.3148,-81.2557,1925
37.3154,-121.0208,1311
37.3156,-96.7554,653
37.3161,-121.0214,1330
37.3171,-90.0281,219
37.3172,-79.2469,3044
37.3177,-122.2584,1873
37.3178,-96.6672,380
37.318,-84.9305,1242
37.3185,-93.58,1049
37.3186,-95.7155,1266
37.3194,-122.045,3058
37.3203,-82.3523,2541
37.3209,-91.9612,1733
37.3211,-121.9306,586
37.3219,-80.6365,946
37.3226,-88.9397,934
37.3247,-120.8497,965
37.3251,-101.2068,375
37.3261,-85.5368,1544
37.3273,-119.5653,1246
37.3273,-77.3217,1885
37.3275,-120.5321,1292
37.3287,-80.7273,1622
37.3295,-81.3077,676
37.3313,-80.8093,1022
37.3317,-83.9628,2569
37.3317,-88.0812,1731
37.3317,-87.4974,3645
37.3321,-80.9729,587
37.3323,-82.5824,919
37.334,-95.265,2961
37.3342,-112.6035,2402
37.3342,-82.8733,606
37.3347,-81.7339,970
37.335,-82.9819,1601
37.335,-99.2102,382
37.3353,-87.1402,456
37.3357,-94.3028,956
37.3359,-77.9866,1762
37.3365,-81.4406,689
37.3372,-121.9575,15340
37.3375,-113.693,1305
37.3378,-86.989,757
37.3379,-89.5856,5073
37.3391,-79.5249,2659
37.3392,-82.7186,1205
37.3394,-80.693,967
37.3398,-91.8365,1560
37.34,-79.5141,3024
37.3409,-92.9089,2097
37.3409,-89.2531,557
37.341,-87.5035,3838
37.3414,-119.6262,5251
37.3417,-95.2698,2272
37.3422,-81.7727,1007
37.3422,-92.911,2133
37.3432,-93.7027,533
37.3439,-85.3522,2497
37.344,-79.9522,2663
37.3448,-78.9829,2147
37.345,-94.8213,768
37.3466,-83.4698,527
37.3466,-108.2938,725
37.3483,-77.063,1493
37.3483,-94.6244,752
37.3486,-95.4031,1115
37.3494,-81.7973,799
37.3498,-108.5767,2266
37.3503,-96.4497,619
37.3503,-122.098,1071
37.3511,-75.9408,805
37.352,-77.4337,3294
37.3522,-81.2493,1501
37.3526,-85.3465,2646
37.3526,-82.1873,617
37.3529,-108.5738,1871
37.3538,-95.0192,512
37.354,-120.5972,2327
37.3561,-79.9036,1598
37.357,-98.8279,1408
37.3571,-84.3329,1523
37.3571,-89.165,947
37.3587,-78.8264,1353
37.3611,-90.6958,555
37.3621,-88.4867,648
37.3627,-81.4631,995
37.3628,-118.475,2687
37.3632,-81.5357,833
37.3636,-96.3024,526
37.3637,-87.2222,413
37.3639,-79.8601,1553
37.3641,-120.4188,733
37.3646,-121.968,3882
37.3652,-122.2327,2736
37.3654,-119.7166,3085
37.3657,-89.0189,788
37.366,-118.4159,2127
37.3664,-118.3958,1240
37.3666,-81.358,1173
37.3668,-122.1386,2734
37.3677,-89.8098,526
37.3684,-122.0966,2322
37.3688,-81.0962,1576
37.3694,-121.8238,846
37.37,-102.8587,438
37.3727,-80.8589,709
37.373,-96.1929,774
37.3737,-102.4474,325
37.374,-87.5755,737
37.3749,-79.2771,3350
37.3761,-93.8409,385
37.377,-115.1678,2288
37.3775,-96.0818,984
37.3777,-85.9015,688
37.3778,-86.9227,730
37.3785,-98.9168,347
37.3798,-79.8222,2240
37.3799,-89.6541,2977
37.3826,-121.8137,1324
37.3832,-87.6416,452
37.3833,-100.1958,625
37.3833,-93.1522,1621
37.3834,-94.7435,1615
37.3844,-120.7227,1475
37.3846,-80.8188,822
37.3852,-79.7255,1411
37.3854,-120.6174,1583
37.3858,-122.0263,4265
37.3861,-102.2799,607
37.3864,-118.4153,1664
37.387,-93.9599,895
37.3873,-120.7249,1741
37.3889,-92.8301,581
37.389,-97.1177,670
37.3899,-97.6429,902
37.39,-79.2013,8690
37.3904,-113.506,1680
37.3934,-97.2795,827
37.3936,-94.0951,924
37.3944,-121.0752,1168
37.3965,-122.1431,4453
37.398,-88.3754,232
37.399,-80.795,511
37.399,-79.1955,6350
37.399,-121.2635,1882
37.3991,-87.7517,2229
37.3997,-122.0793,3140
37.3998,-95.8424,1283
37.3999,-122.199,595
37.4031,-119.7293,1595
37.4035,-76.5235,2398
37.4036,-104.655,569
37.4038,-86.8736,1583
37.4039,-92.6068,992
37.4045,-120.8504,1799
37.4049,-102.6189,964
37.406,-77.4363,2186
37.4065,-84.4166,1200
37.4067,-86.8765,1675
37.4112,-93.548,715
37.4136,-94.698,3331
37.4136,-88.8866,1529
37.4142,-118.5723,3396
37.4145,-79.9138,1880
37.415,-113.6262,1440
37.4158,-81.4462,517
37.4161,-93.8429,968
37.4166,-87.2679,596
37.4167,-79.8781,755
37.4168,-94.697,3033
37.4168,-118.5391,1699
37.4172,-81.4922,547
37.4178,-86.996,508
37.418,-87.479,1338
37.4182,-81.2418,466
37.4196,-81.4274,891
37.42,-81.5149,706
37.4201,-77.6772,1413
37.4207,-81.0125,576
37.421,-120.6557,1204
37.4219,-104.6431,769
37.4222,-122.2586,3075
37.4228,-81.1967,786
37.423,-86.4997,1166
37.4242,-95.6846,1076
37.4256,-88.3523,1264
37.4262,-81.3313,1112
37.4265,-112.5103,1374
37.4269,-122.1677,1506
37.4277,-120.096,4412
37.4279,-105.435,556
37.428,-81.5914,2509
37.4287,-120.7798,1389
37.4288,-90.1674,443
37.4294,-89.7907,966
37.4302,-83.9856,1408
37.4305,-77.4745,2592
37.4306,-120.7759,1701
37.4331,-121.8909,3334
37.4337,-88.2448,535
37.4338,-122.2034,632
37.434,-77.6506,2254
37.4357,-96.767,628
37.436,-95.2199,905
37.4367,-90.9597,513
37.4378,-100.988,713
37.4384,-98.4228,411
37.4393,-105.5135,1229
37.4418,-97.0071,574
37.4418,-107.1684,3095
37.442,-100.0131,615
37.4426,-87.1472,527
37.4432,-97.7694,1913
37.4433,-76.3277,1279
37.4441,-98.282,429
37.4475,-77.4456,1539
37.4484,-98.1657,655
37.4499,-88.3035,763
37.4503,-79.1082,3976
37.451,-89.2666,1492
37.451,-81.7001,467
37.4519,-120.7037,1579
37.4533,-84.7587,590
37.4534,-86.8898,1529
37.455,-86.7364,630
37.4559,-82.8026,1494
37.4565,-85.7347,1297
37.4571,-122.2011,2034
37.4572,-97.8479,575
37.4576,-91.2116,739
37.4587,-85.9002,1058
37.4588,-94.7008,2094
37.4596,-109.46,3592
37.4602,-82.728,1429
37.4605,-122.4437,2622
37.4611,-89.2375,1745
37.4611,-81.7059,662
37.4619,-89.2481,1911
37.4623,-84.507,1200
37.463,-77.5744,2115
37.4645,-105.8752,2517
37.4653,-93.2744,1120
37.4657,-122.2654,987
37.4658,-110.6654,3330
37.4672,-98.5515,454
37.4673,-122.4405,2268
37.4674,-88.7579,658
37.4678,-122.1325,1444
37.469,-81.8113,891
37.4694,-96.263,763
37.4704,-121.1438,1906
37.471,-88.1658,555
37.4711,-88.9747,989
37.4722,-95.3564,375
37.4728,-82.5302,2837
37.4735,-83.6828,1096
37.474,-119.8838,1777
37.4745,-105.877,2562
37.4746,-108.4995,783
37.4754,-122.2035,993
37.4759,-87.8203,843
37.4759,-121.1539,2534
37.4763,-75.8592,739
37.4765,-97.2354,1880
37.4767,-105.8397,1638
37.4769,-82.5288,4137
37.4776,-81.6419,1024
37.4776,-75.8773,388
37.4777,-97.3695,540
37.4786,-94.579,1734
37.4786,-93.434,740
37.4797,-93.6737,904
37.4797,-122.1481,2870
37.4799,-119.6409,574
37.4799,-84.8141,780
37.48,-113.3093,724
37.4822,-100.8466,934
37.4829,-118.6022,1894
37.4829,-97.6444,368
37.4844,-77.6496,2658
37.4844,-86.2834,2121
37.4849,-94.762,788
37.4854,-77.4841,20553
37.4862,-86.2847,2978
37.4875,-90.295,1310
37.489,-95.4767,670
37.4891,-77.5439,2210
37.4893,-87.8612,450
37.4894,-94.6474,905
37.4896,-87.5053,435
37.4907,-81.3197,418
37.4912,-119.9732,1824
37.492,-87.1341,924
37.4921,-118.3904,4808
37.4929,-86.227,936
37.4939,-94.2784,2073
37.4944,-94.2934,804
37.4945,-121.9411,8024
37.4947,-85.145,472
37.4956,-76.2866,1390
37.4985,-98.683,385
37.4987,-78.2575,1853
37.4987,-89.7299,698
37.499,-122.2676,2112
37.5002,-88.5851,481
37.5005,-91.8611,1325
37.501,-80.111,369
37.5016,-79.8748,1299
37.5016,-89.6398,291
37.5016,-92.2184,556
37.5017,-108.6601,1601
37.5025,-120.2389,976
37.5043,-122.0319,3388
37.5055,-120.8593,3721
37.5061,-118.6427,1918
37.5063,-94.7699,1113
37.5068,-92.831,1226
37.507,-85.699,987
37.5086,-105.0085,1061
37.5086,-120.0421,709
37.5088,-120.8467,3728
37.5089,-94.8455,1387
37.5091,-82.1606,2567
37.5095,-76.9862,1924
37.5105,-97.4977,1294
37.5108,-98.8253,433
37.5131,-77.313,2852
37.5133,-122.4984,1358
37.5137,-87.6884,1015
37.5142,-122.4648,2012
37.5144,-122.2945,1954
37.5146,-89.906,727
37.5149,-94.3994,472
37.5153,-122.2137,3993
37.5169,-97.0104,936
37.517,-77.5703,2627
37.5179,-75.8069,636
37.5184,-95.1741,964
37.52,-94.6964,1187
37.52,-122.3459,1035
37.5209,-79.6911,1337
37.5213,-77.3749,1629
37.5245,-120.4363,667
37.5245,-101.8832,453
37.5245,-95.6615,663
37.5248,-81.3805,1604
37.5254,-120.7974,1164
37.5254,-85.8983,1165
37.5268,-121.0115,197
37.5292,-122.3416,671
37.5295,-75.8283,1464
37.5307,-84.657,1988
37.5314,-77.476,7029
37.533,-82.5544,2686
37.5331,-95.8223,1418
37.5333,-89.2544,1003
37.5334,-79.3632,824
37.5335,-82.8015,686
37.5356,-96.6425,423
37.5378,-113.181,606
37.5402,-100.6286,438
37.5403,-87.259,734
37.5405,-78.4612,729
37.5421,-77.9271,1308
37.5428,-94.7018,967
37.5447,-119.6387,942
37.545,-86.151,1089
37.5451,-90.2869,350
37.5462,-87.9874,1136
37.5469,-121.2009,529
37.5477,-75.7833,1617
37.5483,-122.4924,1788
37.5486,-99.6344,689
37.5487,-93.5511,344
37.5488,-118.6997,1719
37.5493,-93.8753,460
37.55,-92.5958,2887
37.5501,-75.7983,493
37.5511,-89.6555,698
37.5513,-76.3278,1829
37.5517,-77.3279,2564
37.552,-82.6247,1221
37.5523,-76.8018,2041
37.5526,-92.7895,811
37.5533,-75.7368,961
37.5534,-119.9288,1896
37.5536,-94.6723,696
37.554,-89.6245,693
37.5547,-75.8238,1123
37.5548,-112.0538,1727
37.5551,-88.9735,1488
37.5559,-78.5514,959
37.5561,-94.6234,623
37.5569,-94.6155,303
37.5572,-122.3585,2255
37.5573,-120.9114,1137
37.558,-95.3999,1186
37.5587,-90.2949,1642
37.559,-94.5172,834
37.5596,-97.2558,3026
37.5601,-120.9888,341
37.5603,-122.3106,3163
37.5607,-102.3966,452
37.5609,-101.5574,2037
37.5614,-87.4393,825
37.562,-82.1514,998
37.5623,-85.4363,859
37.563,-90.3035,1888
37.5634,-85.7312,1383
37.5639,-112.0019,1049
37.5646,-121.18,390
37.5648,-122.2508,1767
37.5654,-83.3762,1438
37.566,-85.256,2018
37.5661,-97.3535,1991
37.5668,-82.7603,777
37.5678,-95.9363,390
37.5683,-81.3635,552
37.5687,-118.7464,1543
37.5694,-118.6758,1246
37.5697,-81.8906,3089
37.5702,-85.2601,2374
37.5703,-97.136,1364
37.5704,-101.7448,1329
37.5707,-81.4094,902
37.5716,-113.743,2686
37.5717,-95.2418,1022
37.5727,-118.791,1818
37.5737,-89.3195,1326
37.574,-90.2932,543
37.5744,-81.4864,596
37.5747,-120.1361,1418
37.5773,-101.3549,1631
37.5775,-77.3868,2691
37.5782,-88.7733,928
37.5785,-106.1499,1475
37.5796,-85.3504,801
37.5805,-75.7549,1366
37.5807,-101.364,1510
37.5819,-79.052,2010
37.5825,-81.3862,1232
37.5836,-84.293,3076
37.5845,-81.5364,796
37.5852,-75.7838,732
37.5852,-84.7893,1286
37.5859,-90.6295,826
37.5859,-121.8805,4827
37.5863,-94.1582,186
37.5868,-83.7069,1376
37.5873,-77.5882,4105
37.5874,-95.4698,363
37.5886,-99.4756,727
37.5887,-94.2866,494
37.5893,-84.2945,3690
37.59,-122.3633,1903
37.5907,-80.54,607
37.5924,-100.4501,915
37.5939,-89.7107,315
37.5954,-86.9925,1702
37.5958,-90.6298,1052
37.5988,-120.9681,2798
37.599,-122.402,1642
37.6012,-87.5115,1556
37.6013,-81.6363,720
37.6014,-81.8337,1043
37.6017,-87.1124,930
37.6021,-121.0044,674
37.6021,-120.866,1254
37.6022,-121.0395,1095
37.6028,-122.0188,3999
37.6036,-95.0741,1102
37.6039,-75.8437,1454
37.6049,-99.2896,1214
37.6053,-76.5938,1638
37.606,-93.4147,2220
37.6064,-75.6893,429
37.6065,-89.8377,427
37.6066,-122.4772,3221
37.6067,-93.4167,2604
37.6071,-120.9804,331
37.6078,-96.0286,426
37.6084,-97.2985,665
37.6095,-81.305,508
37.6111,-97.9317,436
37.6116,-82.7291,384
37.6119,-77.5083,1247
37.6124,-75.7017,482
37.6131,-77.4771,1888
37.6142,-90.2965,1642
37.6149,-81.8704,906
37.6153,-96.3793,1748
37.6154,-94.8227,870
37.617,-84.5818,1442
37.6174,-99.1058,637
37.6175,-121.0328,1067
37.6178,-82.1706,449
37.6185,-81.1062,1028
37.6188,-93.2405,1288
37.619,-94.0152,751
37.6193,-120.7512,538
37.6194,-120.9813,670
37.6194,-82.2684,771
37.6195,-121.0084,443
37.6198,-88.8374,920
37.6203,-89.2371,2087
37.6211,-75.7644,531
37.6213,-87.3873,1233
37.6215,-88.7041,1095
37.622,-96.2275,636
37.6223,-82.1593,675
37.6229,-90.6448,858
37.6231,-109.513,3296
37.6234,-93.8036,226
37.6244,-118.9884,4528
37.6256,-122.4314,2127
37.626,-85.504,713
37.6267,-82.7313,709
37.6268,-122.104,6146
37.6269,-95.7435,347
37.6274,-77.4282,1661
37.6286,-75.8165,1465
37.6293,-84.7783,3350
37.6299,-77.3548,4833
37.6302,-98.9052,371
37.6304,-89.5859,930
37.6306,-104.7817,1570
37.6318,-79.4582,1123
37.6331,-112.088,2553
37.6336,-93.5772,593
37.6339,-120.972,379
37.6344,-97.2585,1849
37.6348,-86.7183,608
37.6353,-97.7797,1382
37.6358,-113.041,878
37.6361,-77.5071,2108
37.6367,-99.7538,591
37.6369,-118.9791,1761
37.6374,-81.313,443
37.6375,-121.003,5979
37.6376,-89.6198,863
37.6379,-120.7574,1273
37.6393,-84.776,3863
37.6393,-91.536,1612
37.6395,-87.2283,807
37.6396,-87.648,894
37.6396,-91.5349,1694
37.6399,-76.5751,613
37.6412,-94.624,595
37.6414,-120.3644,3897
37.6414,-115.7681,1891
37.6417,-89.5067,1014
37.642,-85.3931,1625
37.6423,-79.7919,766
37.6427,-120.7542,1394
37.6431,-120.907,981
37.6446,-98.4311,614
37.6447,-76.39,898
37.6452,-93.0966,1573
37.6452,-115.1891,4393
37.6458,-114.4929,6612
37.6473,-98.7318,1741
37.6477,-98.116,1721
37.6482,-119.7182,475
37.6488,-82.1316,2084
37.649,-75.7407,490
37.6492,-112.4349,1232
37.6492,-75.7999,1717
37.6502,-84.9508,802
37.6531,-100.2328,490
37.6537,-77.5765,1897
37.6546,-120.9771,7617
37.6547,-76.4546,667
37.6551,-122.3762,2755
37.656,-96.5318,676
37.6561,-118.028,5382
37.6566,-77.62,2719
37.6584,-94.2957,658
37.6592,-85.5891,691
37.6596,-75.8332,559
37.6617,-85.9488,1086
37.6623,-97.6773,964
37.6624,-76.42,1114
37.6629,-113.5644,1811
37.6632,-82.2878,1276
37.6634,-94.97,908
37.6635,-120.4631,277
37.6635,-81.5986,1699
37.6642,-97.5576,2157
37.6652,-76.8778,1006
37.6659,-77.4843,2693
37.6672,-121.8812,4461
37.6679,-78.6893,2228
37.6692,-106.6429,1448
37.6695,-92.6609,3198
37.6697,-95.4642,2419
37.6703,-89.7741,321
37.6721,-87.0561,2922
37.6721,-92.6597,3474
37.6732,-119.7877,1240
37.6741,-82.2711,1643
37.6742,-95.4622,2186
37.6746,-80.8811,1357
37.6758,-122.3833,1569
37.6759,-122.136,1585
37.6766,-81.2141,2280
37.6767,-122.4528,1248
37.6777,-122.0444,1566
37.678,-106.353,942
37.6783,-106.5752,994
37.6785,-90.3679,905
37.6786,-87.5346,1580
37.6787,-78.8948,2930
37.6792,-122.1038,992
37.6795,-87.1957,926
37.6816,-82.7659,3484
37.682,-112.1616,1663
37.6825,-75.7592,940
37.6831,-86.8698,596
37.6832,-77.0298,1950
37.6833,-87.8654,1471
37.6835,-97.3257,13676
37.6838,-113.0955,5464
37.6846,-97.2586,564
37.687,-121.7598,4680
37.687,-83.9502,507
37.6872,-95.8959,471
37.6878,-106.5861,931
37.6886,-88.629,998
37.6889,-87.8814,1523
37.6889,-97.135,2959
37.6891,-108.0317,748
37.6894,-83.9503,1512
37.6897,-95.1441,368
37.6897,-96.7838,772
37.6898,-114.449,753
37.6903,-121.829,7335
37.6906,-97.3458,11666
37.6909,-90.6217,1272
37.6909,-81.879,1033
37.6913,-75.7171,812
37.6915,-122.4813,597
37.6922,-77.6107,1738
37.6923,-87.3285,549
37.6934,-81.6299,1032
37.6937,-94.4686,485
37.6939,-85.2229,1842
37.694,-89.8674,1043
37.6942,-122.1159,1232
37.6944,-96.9732,1751
37.6964,-83.9683,1096
37.6969,-93.7959,1321
37.6971,-77.8937,1928
37.6971,-88.1389,649
37.6977,-112.8416,1735
37.698,-96.9732,1867
37.6986,-87.2863,294
37.6986,-98.7659,2523
37.6988,-119.7483,552
37.701,-113.6535,1227
37.7013,-81.5383,1591
37.7016,-81.092,2261
37.7017,-122.465,2511
37.7025,-113.0711,3884
37.7026,-91.8661,622
37.7034,-122.163,3314
37.704,-85.8789,4806
37.7052,-82.1861,1280
37.7062,-82.2737,1297
37.7073,-81.2536,759
37.7083,-122.0628,3727
37.7085,-81.9881,1227
37.7091,-95.6969,512
37.7091,-121.0848,1352
37.7097,-87.8151,469
37.71,-75.7437,929
37.7102,-82.7716,2308
37.7107,-76.3829,1676
37.7122,-117.2379,1105
37.7124,-75.697,938
37.7126,-120.1961,566
37.7141,-114.4667,1671
37.7151,-91.1308,1190
37.7153,-99.9268,1363
37.7156,-98.3202,291
37.7159,-88.1867,778
37.7161,-121.8962,3543
37.7179,-89.4779,1003
37.7192,-96.224,314
37.7196,-75.6678,580
37.7218,-81.8733,345
37.7221,-89.2237,3796
37.7221,-81.1301,1954
37.7234,-88.2377,825
37.7236,-88.8103,1073
37.726,-120.9448,1970
37.7263,-89.8765,2594
37.7267,-89.8691,2171
37.7272,-123.0322,6204
37.7274,-121.4522,4660
37.7276,-81.8183,1896
37.729,-98.7327,736
37.7291,-84.2994,4255
37.7293,-79.3581,2304
37.7297,-80.642,858
37.73,-81.2797,646
37.7304,-99.937,389
37.7305,-94.6244,420
37.7308,-78.8409,1488
37.732,-81.3027,643
37.7329,-81.1572,1895
37.7337,-92.8563,1854
37.7341,-85.0697,578
37.7344,-88.9412,3446
37.735,-82.7676,876
37.735,-88.5474,2089
37.7352,-83.5472,908
37.7352,-87.0004,1645
37.736,-79.3527,1826
37.7361,-87.3324,470
37.7361,-121.455,4723
37.7369,-88.3422,850
37.7377,-88.5458,2335
37.7393,-97.5591,898
37.7396,-87.7067,669
37.7398,-75.6797,906
37.741,-81.2308,1362
37.7414,-81.8815,963
37.7419,-83.0636,1427
37.7419,-122.2599,2928
37.742,-121.1304,2099
37.742,-121.1304,1863
37.7422,-85.9664,1940
37.7425,-119.5776,1303
37.7433,-89.2563,4226
37.744,-75.7787,1056
37.745,-75.6358,1349
37.7455,-90.4999,1410
37.7458,-121.9881,1725
37.7459,-87.2129,1977
37.7459,-121.0093,1283
37.746,-105.8777,456
37.7473,-77.1251,1993
37.7479,-81.2025,1548
37.7491,-95.1418,398
37.7496,-81.5765,1254
37.7511,-80.4698,1185
37.7512,-106.1106,844
37.7538,-89.0591,1167
37.7538,-78.1634,343
37.7548,-75.7129,1179
37.7551,-87.5284,729
37.7554,-94.3051,251
37.7555,-88.9979,5214
37.756,-87.1108,5478
37.756,-79.8218,594
37.7562,-92.1278,4357
37.7564,-93.141,619
37.7569,-92.127,4646
37.757,-120.1308,4437
37.7572,-87.1174,4190
37.7574,-81.1694,391
37.7575,-84.7607,1018
37.7576,-81.998,963
37.7577,-117.6386,904
37.7584,-98.5578,599
37.7587,-100.0149,3001
37.7599,-75.7527,704
37.7601,-76.4487,1346
37.7603,-75.6657,826
37.7604,-77.4724,2436
37.7607,-100.0179,3518
37.7616,-81.4164,2119
37.7617,-120.8464,2265
37.7618,-119.1147,2915
37.7628,-89.0845,2090
37.7636,-81.979,1089
37.7637,-75.7686,313
37.7639,-78.8597,1823
37.7646,-81.8515,1107
37.7647,-94.4509,366
37.7647,-81.8269,1631
37.7648,-90.7724,368
37.7649,-111.5984,1649
37.7652,-88.9239,514
37.7653,-121.932,4067
37.7663,-79.9725,738
37.7666,-113.0453,2569
37.7666,-84.8501,2320
37.7668,-88.5139,500
37.7668,-108.9072,687
37.7668,-81.9161,374
37.7671,-75.6054,977
37.7672,-89.3324,2080
37.7673,-121.5449,1938
37.7673,-90.6225,906
37.7681,-84.8488,2389
37.769,-81.2133,873
37.7692,-84.3115,4415
37.7698,-122.2257,6792
37.7702,-120.8337,2462
37.7707,-89.0239,993
37.7714,-86.4508,1688
37.7721,-77.375,989
37.773,-86.9115,755
37.7731,-81.1616,2798
37.7734,-87.9322,837
37.7749,-97.4591,2879
37.7752,-80.4587,1756
37.7753,-99.8905,1303
37.7759,-97.2466,2410
37.7766,-88.8502,1305
37.7766,-82.7479,1831
37.7794,-89.1194,1080
37.7798,-75.6803,792
37.7801,-98.0225,689
37.7807,-79.983,2458
37.7811,-79.9854,2123
37.7812,-85.6872,1272
37.7816,-75.6637,532
37.7818,-97.5363,1049
37.782,-81.2641,753
37.7821,-82.7872,947
37.7823,-79.4443,1435
37.7825,-90.4273,2798
37.7826,-81.8271,1571
37.7833,-81.9308,710
37.7834,-97.2031,324
37.7836,-89.918,1389
37.7838,-88.9307,847
37.7839,-120.7986,2109
37.7849,-81.7841,1573
37.785,-122.2701,20577
37.7863,-75.6539,713
37.7868,-81.9844,1389
37.7879,-98.8671,374
37.7881,-97.1078,1070
37.7881,-114.4005,1593
37.7889,-105.1645,1428
37.7892,-81.23,6651
37.7905,-121.2306,4236
37.7909,-121.8851,1026
37.7909,-75.5768,1562
37.7913,-97.6274,700
37.7913,-120.9996,1370
37.7921,-79.431,2087
37.7925,-96.9931,869
37.7926,-120.9957,1280
37.793,-87.0206,1206
37.7938,-81.1822,721
37.794,-80.4442,2403
37.7942,-95.1499,354
37.7947,-113.9275,440
37.7948,-97.2665,2229
37.7951,-93.577,1014
37.7955,-78.6976,1127
37.7976,-89.336,1318
37.7979,-88.2606,852
37.7979,-79.869,965
37.7984,-89.0306,2824
37.7985,-95.9498,547
37.7989,-79.7906,522
37.7993,-80.3009,1243
37.7998,-121.2299,4108
37.8015,-79.4165,1374
37.8028,-83.4198,942
37.8039,-93.5014,522
37.8041,-79.8499,599
37.8046,-81.993,717
37.8053,-112.9331,748
37.807,-120.0752,664
37.8073,-89.0785,333
37.8075,-98.4278,606
37.8084,-97.3253,2904
37.8087,-121.3178,4043
37.8094,-80.4326,1771
37.8096,-121.9132,2182
37.8097,-100.3453,975
37.8098,-80.089,1117
37.8103,-85.1196,752
37.8105,-89.1238,912
37.8109,-107.6647,830
37.8113,-78.4882,1120
37.8117,-88.4416,1437
37.8119,-85.9844,2379
37.812,-81.1449,1254
37.8121,-121.9698,3861
37.8124,-95.4361,1122
37.8132,-92.517,706
37.8144,-79.8178,1926
37.8146,-81.9893,614
37.8147,-120.6873,1774
37.8157,-89.227,867
37.8158,-96.625,1023
37.8167,-82.8053,1924
37.8169,-75.5611,697
37.817,-90.4999,4094
37.8177,-85.4553,3159
37.8188,-87.2406,830
37.8194,-96.8662,2478
37.8194,-82.0812,1755
37.8194,-92.2193,2428
37.8201,-85.9364,3321
37.8203,-82.806,2337
37.821,-88.9293,1321
37.8212,-120.6691,363
37.8216,-96.8622,2808
37.8224,-118.4877,4845
37.8225,-75.5895,1199
37.8225,-122.23,1184
37.8229,-112.4342,1634
37.8233,-79.8252,1578
37.8234,-75.9928,668
37.8244,-88.5312,1276
37.8249,-79.7981,446
37.8253,-92.152,2635
37.826,-96.289,1374
37.8261,-94.7027,2050
37.8272,-120.9143,974
37.828,-94.7041,2145
37.8285,-78.592,1732
37.8286,-81.9638,509
37.8286,-100.4533,463
37.8292,-75.6214,524
37.8307,-85.4593,3320
37.8318,-89.8833,797
37.8319,-84.7044,1341
37.832,-120.2416,2809
37.8321,-86.6314,1128
37.8326,-112.8296,2382
37.833,-97.3677,2584
37.8338,-96.0808,407
37.8343,-90.4807,867
37.8352,-85.7224,2157
37.8366,-94.882,345
37.8367,-87.5801,3547
37.837,-89.1474,855
37.8371,-89.6918,418
37.8374,-90.6701,663
37.8376,-94.3547,2245
37.8382,-81.1968,1424
37.8384,-87.581,3733
37.8385,-122.3017,1025
37.8387,-94.5077,290
37.8391,-82.4223,825
37.8397,-90.6035,857
37.8403,-81.9584,545
37.8408,-121.9565,1060
37.8409,-81.1277,1827
37.8419,-89.1299,612
37.842,-88.6165,1269
37.8425,-82.4086,569
37.8434,-75.5688,805
37.8435,-93.1676,891
37.8449,-94.3503,2736
37.8457,-122.1232,2793
37.8472,-94.9757,417
37.8481,-99.7547,719
37.8486,-106.9251,884
37.8491,-86.9779,790
37.8491,-81.9937,2300
37.8492,-83.8556,1370
37.8509,-82.023,2494
37.8519,-81.9881,973
37.8532,-98.3242,286
37.8539,-90.5125,3858
37.8548,-122.0136,2845
37.8552,-87.4193,623
37.856,-81.0862,1228
37.8561,-82.0581,1484
37.8563,-86.9936,1107
37.8568,-107.8312,440
37.8584,-122.4918,1206
37.8595,-120.1817,3954
37.86,-88.9999,574
37.8604,-80.8555,556
37.8608,-83.9297,934
37.8611,-92.3997,1367
37.8616,-122.5803,637
37.8617,-90.5892,977
37.8627,-90.0505,2248
37.863,-90.6144,722
37.8644,-84.6575,1202
37.8657,-122.2987,2933
37.866,-121.2742,1597
37.8664,-78.2576,1080
37.8675,-95.7548,1444
37.8679,-81.9906,528
37.8679,-81.2156,1865
37.8685,-109.3362,1662
37.8693,-82.5398,1192
37.8697,-94.02,1594
37.8702,-120.4442,860
37.8712,-122.5137,665
37.8726,-97.6552,1057
37.8736,-122.471,654
37.8738,-85.9493,6784
37.8738,-89.9497,703
37.8747,-122.0586,694
37.8751,-90.5191,1551
37.8756,-121.6421,2319
37.8774,-75.5895,441
37.8775,-81.9783,452
37.8776,-89.1136,959
37.8778,-84.6639,2026
37.8781,-86.2855,894
37.8791,-122.5379,1965
37.8801,-97.2119,451
37.8816,-122.1686,3255
37.8824,-100.6768,1302
37.8828,-79.2829,747
37.884,-81.9747,685
37.8843,-114.305,1767
37.8854,-112.7711,755
37.8867,-122.0368,931
37.8868,-97.5147,500
37.8868,-122.4626,1924
37.8878,-122.0761,967
37.8885,-89.4963,934
37.8894,-90.2173,931
37.8896,-93.6218,451
37.8897,-88.3064,783
37.8899,-81.993,309
37.8899,-122.0348,12037
37.8899,-87.0542,1169
37.8907,-122.3181,1215
37.8907,-99.5603,476
37.891,-122.1195,3519
37.8912,-93.5395,844
37.8912,-122.5092,1047
37.8914,-83.4435,854
37.8916,-85.9672,4090
37.8921,-86.7555,1157
37.8923,-84.5656,3541
37.8954,-84.565,3142
37.8958,-95.0731,607
37.8963,-98.1781,1008
37.8969,-81.1721,1233
37.8975,-88.9324,1967
37.8984,-88.1268,1013
37.8989,-94.2311,506
37.8991,-85.221,1068
37.8995,-88.9308,2027
37.8997,-81.9811,813
37.9016,-97.7831,800
37.9019,-89.3402,539
37.9025,-122.6501,858
37.9027,-122.0405,4036
37.9034,-75.5064,2205
37.904,-87.2207,983
37.9043,-90.6184,2400
37.9047,-122.0786,616
37.9051,-122.2842,891
37.9052,-121.6063,1861
37.9055,-121.9979,779
37.9055,-78.9302,2693
37.9056,-122.5187,322
37.9057,-89.0533,1058
37.9059,-122.0344,596
37.9072,-95.4057,235
37.9073,-75.5579,1677
37.9081,-122.5423,1986
37.9081,-121.5972,2147
37.9087,-81.9866,526
37.9092,-87.1134,1404
37.9094,-89.2372,795
37.9095,-82.447,648
37.91,-94.5575,470
37.9104,-81.2656,397
37.9106,-75.5845,914
37.9113,-88.765,1294
37.9115,-76.4786,1812
37.9115,-86.7387,1105
37.912,-121.2822,619
37.9124,-76.866,1483
37.9136,-85.3156,1090
37.9152,-78.3226,2284
37.9156,-91.9004,729
37.9164,-95.303,810
37.9165,-95.1714,588
37.9166,-89.8155,1807
37.9176,-88.9783,784
37.9177,-122.7095,2192
37.918,-83.2674,2011
37.9181,-97.4202,1161
37.9196,-122.3025,1740
37.9198,-78.3319,2700
37.9211,-90.5427,1831
37.9213,-89.9163,295
37.9213,-104.9319,278
37.9217,-95.5377,1809
37.9222,-94.8153,762
37.9224,-99.4114,1034
37.9226,-95.345,770
37.9226,-90.5466,1347
37.9228,-111.4319,4155
37.9235,-78.8935,2817
37.9253,-81.6146,643
37.9255,-84.8632,1232
37.9258,-89.8277,2181
37.926,-122.054,725
37.9262,-75.7236,577
37.9269,-90.242,1894
37.9271,-81.153,432
37.9274,-95.4007,1919
37.928,-95.395,1861
37.9284,-75.3698,1829
37.929,-121.2458,1000
37.9291,-75.4925,1880
37.9299,-121.0044,1448
37.9299,-87.9013,1997
37.9303,-86.1764,366
37.9307,-86.9028,886
37.9308,-75.5469,950
37.9308,-89.5514,617
37.9312,-85.3861,485
37.9318,-122.5077,1614
37.9324,-107.8577,1649
37.9332,-75.6687,1534
37.9337,-90.775,1385
37.9339,-88.4624,1248
37.9343,-86.7545,2044
37.9356,-121.719,3501
37.9359,-122.559,1580
37.936,-86.9834,889
37.9366,-85.9915,657
37.937,-87.8959,1540
37.937,-99.2547,509
37.9386,-97.0183,440
37.9391,-120.6251,3313
37.9392,-81.1527,735
37.9394,-104.8431,3518
37.9396,-89.2395,567
37.9399,-122.1027,1395
37.94,-101.2584,883
37.9402,-107.8182,1350
37.9403,-121.9301,1779
37.9404,-107.8726,2383
37.9405,-122.5302,1572
37.941,-93.2127,789
37.941,-93.3975,986
37.9417,-91.891,1515
37.9422,-84.6428,318
37.9451,-81.4374,309
37.9451,-122.3139,691
37.9451,-93.329,1034
37.9455,-97.8681,1491
37.9456,-90.7246,444
37.9459,-91.7612,3161
37.9466,-87.1697,652
37.9468,-91.7633,3089
37.9469,-92.2679,1009
37.9493,-87.4055,1109
37.9493,-75.3526,2763
37.9507,-99.0998,582
37.9511,-81.1706,744
37.952,-114.4435,2252
37.9523,-122.3606,4977
37.953,-86.7593,1933
37.9533,-121.2887,8731
37.9534,-83.6229,832
37.9536,-101.7968,1839
37.9542,-122.0758,2415
37.9549,-119.122,2072
37.9551,-93.5768,258
37.9552,-88.831,912
37.9564,-81.4511,538
37.9567,-94.1539,294
37.9572,-98.9689,907
37.9582,-120.4071,1573
37.9589,-98.4087,488
37.9604,-76.7609,1579
37.9609,-81.079,380
37.9624,-98.5993,869
37.9624,-121.6486,2625
37.9627,-120.242,1394
37.9627,-78.6311,1528
37.9629,-122.3426,1471
37.9635,-92.9669,1261
37.9636,-97.146,582
37.9637,-121.2296,1460
37.9638,-122.5616,1133
37.9648,-80.6868,795
37.9653,-122.3706,1070
37.9653,-122.3306,378
37.9661,-75.457,2084
37.9667,-122.136,1154
37.9669,-98.0923,506
37.968,-80.7708,958
37.968,-121.3405,1257
37.9696,-91.3546,1413
37.9697,-92.5895,1059
37.9702,-81.7177,702
37.9703,-90.0508,1608
37.9706,-98.203,470
37.9709,-82.0204,736
37.971,-89.053,1156
37.9716,-98.3096,431
37.9722,-122.0016,5020
37.9736,-122.3031,1598
37.9739,-89.1085,476
37.9742,-120.338,1420
37.9745,-83.8555,1504
37.9748,-81.1571,2827
37.975,-90.05,1794
37.975,-100.8534,3242
37.9751,-94.565,301
37.9755,-75.8545,1196
37.9759,-100.8509,3039
37.9762,-121.0438,1443
37.9763,-86.1079,1829
37.9766,-121.3086,7224
37.9766,-93.8175,1123
37.9772,-76.0288,1894
37.9773,-114.2289,1892
37.9776,-81.5315,430
37.9783,-121.7961,4904
37.9785,-79.6022,990
37.9786,-88.3278,983
37.9794,-103.5473,1623
37.9796,-121.2625,1018
37.9803,-90.3317,1806
37.9805,-96.0112,679
37.9806,-96.1638,507
37.981,-122.5069,3698
37.981,-89.0157,848
37.9814,-85.702,3668
37.9817,-120.3828,1615
37.9819,-101.1332,630
37.9821,-122.5699,1485
37.9824,-103.5407,1788
37.9828,-89.5898,567
37.9832,-75.5291,1249
37.9848,-85.9549,1482
37.9858,-121.7906,7776
37.986,-100.9936,1010
37.9866,-75.8458,1489
37.9866,-99.8847,1863
37.9873,-77.5195,1530
37.9877,-87.5347,6248
37.9879,-122.0698,787
37.9885,-122.5952,1355
37.9888,-93.6642,328
37.99,-79.5078,1194
37.9901,-78.9425,2414
37.9912,-89.0639,1338
37.9913,-120.2628,1575
37.9924,-80.357,652
37.9938,-122.3188,741
37.9945,-105.6962,563
37.9947,-108.0021,157
37.9953,-92.0959,928
37.9953,-78.3788,1498
37.9955,-84.1931,3448
37.996,-88.9489,1151
37.996,-81.8194,902
37.9961,-121.6936,3617
37.9963,-75.4259,1560
37.9968,-94.4425,323
37.997,-86.1803,1893
37.9974,-90.5499,1400
37.9976,-122.3301,515
37.9981,-122.1144,3228
37.9989,-86.9397,775
37.9995,-81.0402,305
37.9996,-103.5232,1059
37.9997,-83.8885,1343
38.0,-98.7611,1266
38.0009,-88.9196,2027
38.0013,-79.8239,2144
38.0013,-103.5549,663
38.0017,-122.3185,2051
38.0017,-89.2328,2399
38.0018,-97.5085,1102
38.002,-86.799,966
38.0024,-91.6134,1871
38.0024,-84.1906,2758
38.0035,-79.1539,1736
38.0044,-89.2343,1830
38.0046,-81.065,1128
38.0047,-92.7753,2704
38.005,-120.3136,4898
38.0052,-122.6383,1217
38.0053,-108.0398,798
38.0054,-82.0361,692
38.0055,-121.3338,778
38.0055,-122.5028,1738
38.0057,-105.9101,1323
38.006,-95.5553,646
38.0062,-122.3202,501
38.0067,-122.6633,1115
38.0071,-122.0873,1113
38.0072,-87.5262,9641
38.0076,-77.9062,856
38.0084,-89.6624,1121
38.0092,-122.1168,487
38.0098,-94.7197,398
38.01,-75.3854,653
38.0102,-89.9126,636
38.0104,-120.4412,2462
38.0105,-81.5593,205
38.0106,-87.031,763
38.0113,-120.309,3021
38.012,-122.5877,1564
38.0132,-88.9173,2127
38.0132,-92.7514,2128
38.0134,-120.27,1526
38.0141,-103.6282,480
38.0144,-90.2204,1158
38.0145,-78.3616,1282
38.0147,-89.6181,899
38.0157,-94.8841,639
38.0166,-77.9997,1224
38.0168,-121.8969,3817
38.0175,-77.5532,1931
38.018,-89.0437,963
38.018,-122.6913,1871
38.0181,-121.1016,2471
38.0188,-79.0347,4916
38.0191,-94.1168,716
38.0214,-122.2889,2299
38.0216,-107.3107,826
38.0222,-78.8334,1362
38.0231,-97.9448,1531
38.0234,-78.9498,2230
38.0238,-97.6714,861
38.0242,-95.1723,750
38.0243,-93.2294,607
38.0245,-87.5135,1062
38.025,-86.1993,406
38.0252,-82.8432,483
38.0254,-122.028,341
38.0263,-84.4964,8322
38.0275,-107.6733,843
38.0281,-121.6299,2081
38.0312,-120.4134,2217
38.0318,-86.0855,204
38.0321,-119.1474,2542
38.0323,-121.9622,2302
38.0323,-85.3495,879
38.0325,-89.5676,621
38.0326,-78.4448,1385
38.0339,-84.9047,2228
38.0348,-81.0733,589
38.0349,-89.2386,773
38.035,-78.5205,1212
38.0352,-88.0453,362
38.0365,-121.1846,2117
38.0366,-122.254,1758
38.0369,-120.2339,1746
38.0373,-87.3741,1550
38.0377,-78.4854,2906
38.0377,-97.345,3498
38.0386,-121.2459,1568
38.0387,-96.6387,530
38.0405,-122.5765,2174
38.0407,-84.4583,15298
38.0412,-85.5703,3274
38.0414,-81.2763,842
38.0415,-102.0085,596
38.0422,-97.3505,3072
38.0426,-85.556,2809
38.0429,-92.714,1034
38.0435,-119.2599,1091
38.044,-87.7147,1202
38.0445,-122.1849,361
38.045,-85.6906,561
38.045,-79.7787,1117
38.046,-93.6941,943
38.0461,-87.5617,1367
38.0466,-87.291,2174
38.0466,-78.4732,5514
38.0468,-87.2709,1527
38.0471,-82.1293,2751
38.0489,-84.903,2325
38.0491,-84.725,2313
38.0499,-103.7221,1176
38.0501,-85.6681,698
38.0519,-122.2201,936
38.0524,-81.273,600
38.0533,-77.3475,1150
38.0534,-97.1283,381
38.0543,-88.7033,474
38.055,-84.7235,2553
38.0556,-102.1246,776
38.0563,-85.6793,1005
38.0577,-120.1767,1529
38.0585,-80.7059,534
38.0606,-122.7008,1037
38.062,-85.6965,2353
38.063,-102.3116,752
38.0631,-94.6925,485
38.0632,-75.5592,1767
38.0636,-78.5992,1395
38.0641,-81.1087,2181
38.0642,-97.9119,4494
38.0642,-97.9086,4578
38.0649,-83.9318,3103
38.0649,-78.697,1909
38.065,-81.2277,1178
38.0651,-78.6973,1923
38.0651,-81.8022,2509
38.0654,-75.4084,1184
38.0655,-83.9488,1925
38.0657,-120.2739,2537
38.0665,-85.7165,1706
38.0669,-79.234,2472
38.0671,-91.4057,1622
38.0672,-78.9014,3513
38.0697,-103.2232,1158
38.071,-120.5517,1730
38.0725,-94.0804,521
38.0727,-104.9817,1456
38.0727,-122.1552,3250
38.0728,-92.76,288
38.0728,-95.3622,632
38.0744,-75.8533,1760
38.0756,-120.1593,1456
38.076,-102.6147,2074
38.0771,-99.2445,666
38.0776,-97.3463,867
38.0784,-85.6933,244
38.0784,-78.9114,5681
38.0795,-87.7631,1014
38.0796,-95.2431,236
38.0805,-78.4732,714
38.0807,-95.1562,642
38.0817,-87.1188,439
38.0817,-90.0976,686
38.0818,-81.8352,895
38.0822,-117.2246,2763
38.0828,-122.8549,2297
38.0832,-120.4683,1663
38.0836,-107.0307,4188
38.0846,-122.8092,1726
38.0851,-122.5483,4750
38.086,-95.633,824
38.0861,-89.327,1840
38.0862,-88.1721,1461
38.0863,-106.1411,570
38.0865,-88.1716,1477
38.0865,-79.3908,1305
38.0867,-102.6184,1873
38.0875,-90.5761,868
38.088,-92.4845,674
38.0887,-92.2962,852
38.089,-89.9325,806
38.0892,-107.6952,1625
38.0894,-95.0099,724
38.0894,-88.8522,912
38.0897,-96.8877,533
38.0903,-88.5386,1504
38.0903,-89.0508,931
38.0904,-94.5832,739
38.0907,-85.6092,668
38.0914,-87.5768,1930
38.0924,-76.8159,922
38.0926,-81.4484,559
38.0928,-85.7481,530
38.0933,-120.1347,1543
38.0934,-83.1226,900
38.0941,-81.322,2101
38.0948,-91.2953,597
38.0959,-94.3635,1061
38.0965,-75.5792,2785
38.0989,-75.4003,750
38.1001,-78.8502,1821
38.1004,-93.0528,815
38.1009,-88.3381,913
38.1011,-95.8815,594
38.1012,-97.9919,493
38.102,-86.2766,250
38.1023,-102.9697,1507
38.1023,-78.9862,4038
38.1026,-91.4534,1088
38.103,-79.3363,1758
38.103,-111.9823,2849
38.1037,-86.5828,514
38.1038,-87.7902,968
38.1049,-98.6607,321
38.105,-87.7,1182
38.1069,-122.2623,5009
38.1071,-78.0227,1063
38.1077,-103.511,386
38.1088,-103.8668,484
38.1098,-75.8206,3179
38.11,-87.034,570
38.1101,-82.6038,1731
38.1107,-122.5191,1501
38.1111,-122.2178,5717
38.1111,-79.0683,1244
38.1116,-82.6152,1360
38.1146,-120.4529,751
38.1152,-85.3716,2185
38.1153,-121.4896,898
38.1155,-76.477,806
38.1161,-86.9272,2312
38.1166,-81.0107,2032
38.1184,-85.72,318
38.1187,-97.2583,507
38.1195,-83.6157,803
38.1201,-86.4186,377
38.1204,-81.2534,853
38.1211,-102.2216,476
38.1214,-78.4365,2308
38.1216,-121.2908,3358
38.1222,-82.5913,824
38.123,-99.7127,471
38.1241,-85.9739,464
38.1265,-81.2352,584
38.1284,-108.2922,537
38.1286,-87.9309,820
38.1292,-105.3992,3570
38.13,-87.1619,510
38.1306,-90.0003,782
38.1306,-104.0261,679
38.1309,-81.2548,522
38.1315,-102.8504,1256
38.1317,-81.6102,910
38.132,-92.6699,3308
38.1333,-120.8618,2868
38.1336,-96.1372,694
38.1342,-105.4653,1009
38.1348,-90.4582,655
38.1354,-81.1035,1190
38.1356,-78.1874,884
38.1361,-120.4439,2115
38.1362,-92.647,2845
38.1363,-89.2293,889
38.1366,-83.7554,1439
38.1372,-83.543,906
38.1373,-90.5538,1905
38.138,-97.7706,784
38.1384,-80.2107,663
38.1385,-121.1988,1020
38.1394,-89.7305,3033
38.1395,-94.8212,976
38.1397,-81.6535,628
38.1399,-121.2793,3670
38.14,-93.7268,920
38.1401,-97.427,1716
38.1408,-81.2967,858
38.1411,-90.5608,1901
38.1425,-84.1102,524
38.1429,-88.0181,472
38.1436,-85.6316,214
38.1437,-81.2889,352
38.144,-120.8457,2438
38.1465,-84.6861,1087
38.1479,-76.5223,1112
38.1487,-81.2748,931
38.1489,-98.0883,1033
38.1491,-121.1543,2622
38.1499,-88.904,1408
38.1506,-91.2493,1050
38.152,-83.5043,340
38.1526,-85.6245,437
38.1528,-75.94,1581
38.1533,-78.5589,1284
38.1546,-78.4689,1590
38.1548,-102.7189,526
38.155,-81.2211,1060
38.1561,-90.5866,749
38.1572,-107.7546,1234
38.158,-79.0619,4053
38.1597,-96.562,342
38.1613,-121.605,602
38.1613,-120.0535,1196
38.1617,-87.4482,502
38.1617,-78.8438,1581
38.1621,-78.4111,973
38.1626,-88.0644,727
38.1628,-92.782,2188
38.1629,-119.3411,1854
38.1644,-90.2128,209
38.1644,-86.0507,170
38.1649,-77.1993,731
38.1654,-85.6474,14726
38.1655,-86.9269,915
38.1658,-81.2975,1090
38.1659,-97.9496,919
38.1663,-103.9445,445
38.1667,-94.5083,626
38.1668,-81.2096,1135
38.1681,-86.8321,1178
38.1682,-121.6904,1725
38.1683,-97.1043,1022
38.1684,-112.2716,3018
38.1698,-87.7833,729
38.1698,-76.5393,1056
38.1699,-78.2836,1359
38.1718,-120.3977,1805
38.1721,-121.3089,1576
38.1722,-95.2916,874
38.1725,-75.3904,1105
38.1729,-75.89,3129
38.1732,-91.2128,1011
38.1734,-81.3197,1156
38.1735,-121.2799,879
38.1738,-98.8945,185
38.176,-88.9663,867
38.1761,-108.4125,1964
38.1767,-121.7034,2333
38.1778,-98.7943,460
38.1779,-94.7053,1337
38.178,-85.693,145
38.178,-75.9388,1173
38.1786,-88.3552,337
38.179,-122.2596,2239
38.1791,-85.7112,391
38.1811,-87.8367,451
38.1822,-95.4904,405
38.1832,-99.1018,1311
38.1834,-99.1013,1410
38.1838,-89.8452,741
38.1847,-83.4526,2588
38.1849,-86.9704,1412
38.1851,-89.6043,685
38.186,-80.0152,966
38.1873,-87.7085,573
38.1878,-91.9506,938
38.1882,-84.8596,4291
38.1894,-120.8253,832
38.19,-83.4491,2824
38.1901,-120.3615,996
38.191,-81.3748,887
38.1911,-81.3937,380
38.1911,-94.0317,973
38.192,-91.1917,548
38.1925,-78.8947,2184
38.1927,-120.6732,2872
38.1933,-95.7454,1362
38.1935,-103.8597,431
38.1935,-99.5265,463
38.1942,-85.6676,726
38.1943,-79.0095,2515
38.1946,-79.413,1650
38.195,-84.8659,3490
38.1953,-85.6822,1089
38.1954,-99.4033,398
38.1957,-81.4928,593
38.1962,-92.7136,1957
38.1981,-88.6847,916
38.1984,-120.0103,656
38.1988,-85.8139,1941
38.1991,-87.3175,1198
38.1994,-77.589,2974
38.1994,-107.7753,2263
38.1998,-120.9642,1944
38.2001,-86.3501,851
38.2002,-84.2727,2560
38.2009,-92.63,2434
38.2014,-92.7288,3969
38.2017,-83.9251,403
38.2019,-97.5148,1137
38.203,-88.9068,1025
38.2032,-87.5747,767
38.2034,-75.6936,1574
38.2041,-92.6214,533
38.2043,-87.9149,237
38.2046,-85.2293,3077
38.205,-85.727,519
38.2051,-75.6964,1173
38.2055,-84.2615,2154
38.2055,-85.5697,2965
38.2056,-81.3978,257
38.2067,-112.1793,2102
38.2068,-120.3723,868
38.2074,-120.4602,669
38.2075,-90.0024,1471
38.2075,-81.4674,487
38.2076,-81.3873,486
38.2076,-85.2293,2868
38.208,-92.8254,2129
38.2083,-78.826,1140
38.2087,-121.1548,3270
38.2093,-98.2065,1240
38.2113,-85.7381,269
38.2117,-120.5311,1795
38.212,-89.6837,896
38.2125,-91.1696,2250
38.2127,-81.4192,620
38.2128,-91.1636,2593
38.2128,-121.265,2332
38.2129,-86.1256,1167
38.2134,-84.5503,3524
38.2148,-85.6145,345
38.2152,-85.3469,1565
38.2153,-81.4441,630
38.2161,-89.0382,1011
38.2166,-85.6703,274
38.2168,-85.5856,488
38.2169,-95.364,444
38.2175,-80.6993,1612
38.2183,-108.5666,712
38.219,-85.6836,216
38.2194,-90.4097,2206
38.2202,-85.5907,534
38.2207,-120.8591,1037
38.2208,-85.6779,293
38.2209,-103.7567,797
38.2214,-89.2127,931
38.2217,-85.617,214
38.2219,-85.6727,244
38.2224,-81.4379,769
38.2224,-80.538,1152
38.2226,-85.6873,18180
38.2228,-90.3815,1929
38.2229,-81.5362,630
38.2231,-85.6357,252
38.2235,-88.5557,601
38.2238,-85.6216,198
38.2241,-80.0875,1392
38.2247,-79.1614,560
38.2247,-85.7406,7118
38.2248,-86.1315,1720
38.2255,-87.4148,743
38.2276,-91.1496,721
38.228,-86.8625,1376
38.228,-85.6764,355
38.2281,-78.3775,1508
38.2287,-85.6168,539
38.2296,-95.0157,1231
38.2297,-121.4261,1326
38.2297,-90.231,494
38.2298,-82.4416,986
38.2299,-80.581,341
38.2306,-93.3535,640
38.2314,-92.6041,622
38.2317,-88.7405,920
38.2324,-97.7722,813
38.2328,-103.6633,563
38.233,-90.5672,1780
38.2337,-81.1878,335
38.2339,-76.5289,1982
38.235,-114.4503,1949
38.2352,-104.3482,720
38.2354,-81.5367,754
38.2361,-85.5532,1045
38.2361,-112.2246,3297
38.2368,-82.6039,955
38.2371,-92.46,533
38.239,-91.0687,565
38.2393,-85.5298,417
38.2394,-85.5914,1218
38.2394,-85.9821,881
38.2396,-75.7853,3277
38.2407,-104.5866,597
38.2421,-85.5207,2058
38.2423,-122.6288,3447
38.2431,-96.9292,795
38.2434,-85.5647,391
38.2435,-122.956,1568
38.2438,-98.3117,357
38.2442,-120.9539,1386
38.2444,-93.7227,316
38.2447,-104.4599,683
38.2457,-81.5754,1025
38.2458,-87.5732,947
38.246,-87.0383,555
38.2465,-78.111,1559
38.2466,-85.6465,257
38.2466,-93.4899,1308
38.2468,-85.5612,117
38.247,-122.9054,523
38.2471,-97.3457,559
38.2478,-78.1132,1665
38.248,-112.979,1339
38.2483,-122.0101,1817
38.2485,-122.6409,4157
38.2487,-75.9,636
38.249,-85.5747,248
38.249,-120.3493,2675
38.2493,-93.367,1433
38.2493,-85.6378,1906
38.2494,-76.4436,2236
38.2495,-88.3457,795
38.2497,-89.7714,2439
38.2498,-104.5687,832
38.2498,-78.4428,990
38.2506,-121.535,2900
38.2506,-104.261,559
38.2507,-122.7888,983
38.2509,-88.2583,250
38.2509,-81.1943,775
38.251,-85.591,492
38.252,-87.391,273
38.2522,-85.6109,311
38.2547,-85.6412,289
38.2548,-90.6026,1269
38.2548,-94.5873,420
38.255,-78.9713,1170
38.2551,-87.9969,1324
38.2552,-119.2104,4234
38.2555,-87.2595,380
38.2561,-92.2664,926
38.2567,-85.6296,479
38.2576,-90.3931,1851
38.2577,-76.9716,1194
38.2578,-122.4982,1144
38.2578,-77.9771,1169
38.2579,-75.9058,466
38.2582,-88.7898,660
38.2586,-93.9824,686
38.2592,-93.7751,836
38.2594,-94.3395,1831
38.26,-96.8237,237
38.2602,-84.5349,3819
38.2606,-120.7644,519
38.2608,-85.6594,258
38.2614,-85.6307,447
38.2621,-122.0324,5855
38.2621,-122.0324,5800
38.2629,-85.6659,249
38.263,-85.5879,1723
38.2637,-76.849,718
38.2638,-122.1625,2627
38.264,-95.7427,808
38.2644,-76.9937,1421
38.2647,-96.1651,762
38.2648,-89.5035,1142
38.2649,-85.6618,271
38.2649,-98.9824,483
38.2655,-75.887,1472
38.2658,-121.3076,2417
38.2659,-104.5964,6719
38.2664,-85.6532,181
38.2665,-120.9866,2117
38.2666,-81.5688,370
38.2667,-108.5487,756
38.2672,-87.1463,555
38.2681,-75.2886,2789
38.2685,-121.299,2540
38.2688,-90.4321,766
38.2689,-85.6708,438
38.2692,-104.6108,6832
38.2697,-78.8259,1297
38.2698,-75.7947,552
38.2698,-85.5376,1562
38.2703,-91.1059,1643
38.2704,-85.6793,413
38.2708,-77.9316,923
38.2709,-84.6798,696
38.2717,-85.6396,871
38.2719,-87.6918,685
38.2724,-85.5803,278
38.2732,-85.6166,781
38.274,-87.7481,1281
38.2755,-76.8427,721
38.2759,-112.6381,2356
38.2779,-82.102,702
38.278,-98.4143,506
38.2781,-85.5925,280
38.2782,-75.6548,2146
38.2783,-85.5743,150
38.2793,-85.6296,206
38.2794,-77.1843,2980
38.2796,-85.5842,316
38.2797,-87.3757,543
38.2798,-89.1921,930
38.2801,-78.9142,2332
38.2811,-91.0969,339
38.2816,-81.5654,617
38.2825,-85.5784,395
38.2831,-78.8132,1357
38.2833,-85.5725,425
38.2834,-85.5936,408
38.2836,-85.6619,414
38.2844,-77.4974,8589
38.2849,-82.1978,663
38.2851,-111.4724,1819
38.2851,-91.7215,1049
38.2858,-85.6363,623
38.2859,-95.2412,1594
38.2863,-89.8178,976
38.2864,-85.6104,354
38.2866,-85.5849,375
38.287,-80.8415,1923
38.2877,-85.5679,148
38.2877,-85.625,194
38.2881,-90.4,2042
38.2881,-86.0659,293
38.2882,-85.6709,1278
38.2884,-75.6931,598
38.2884,-121.2311,2549
38.289,-81.8386,2901
38.2893,-85.6131,330
38.2896,-97.6339,1985
38.2903,-122.4598,1504
38.2905,-75.8899,1143
38.2907,-85.6332,266
38.2909,-85.5876,330
38.2913,-86.4705,792
38.2915,-85.57,250
38.2924,-76.6442,2257
38.2934,-85.5896,226
38.2946,-77.3322,1296
38.2952,-85.6383,322
38.2954,-92.0255,576
38.2959,-85.5851,243
38.2965,-86.8663,954
38.2966,-106.1419,600
38.2969,-85.6101,404
38.2975,-122.4915,971
38.2975,-120.9174,1180
38.2976,-76.4921,3257
38.2977,-85.578,424
38.2979,-122.3007,3858
38.2979,-85.5882,213
38.2985,-122.4729,3408
38.2986,-85.6009,571
38.2988,-85.9631,1339
38.2991,-78.4368,546
38.2993,-77.4867,2935
38.2995,-92.825,782
38.3002,-85.624,287
38.3004,-91.6331,729
38.3006,-122.6706,1824
38.3008,-81.558,312
38.3009,-86.9619,2041
38.301,-86.9582,1739
38.3011,-109.2657,6262
38.3016,-85.6521,1084
38.3035,-76.5471,1526
38.3036,-85.593,433
38.3039,-76.6397,1782
38.3041,-77.7265,1316
38.3042,-76.4881,6202
38.3045,-120.2663,1830
38.3049,-89.9932,469
38.3052,-84.1432,581
38.3058,-93.5423,907
38.3058,-83.1682,1281
38.3058,-90.2983,1680
38.3062,-75.8806,1095
38.3073,-111.4271,1190
38.3081,-76.0107,538
38.3082,-85.5415,419
38.3084,-95.9566,571
38.3085,-120.7056,1593
38.3093,-85.527,460
38.3095,-122.2917,4095
38.3122,-85.4896,1262
38.3122,-85.824,3575
38.3123,-92.1658,538
38.3125,-93.8777,257
38.3126,-122.4887,935
38.3127,-86.6985,724
38.314,-86.1001,1277
38.314,-121.1596,2360
38.3142,-88.9175,3476
38.3143,-85.5263,426
38.3154,-88.9161,3250
38.3158,-84.0334,1048
38.3158,-104.785,6395
38.3161,-91.9223,829
38.3167,-85.6146,469
38.3187,-86.8231,640
38.3187,-89.7292,243
38.3189,-104.757,4265
38.3189,-89.8736,1320
38.3204,-75.6265,1761
38.3204,-75.8726,1083
38.3208,-95.4475,540
38.3216,-94.349,242
38.3217,-86.1557,1009
38.3217,-85.5232,566
38.322,-86.6124,995
38.3221,-122.8345,2590
38.3221,-85.7676,2877
38.3223,-80.6469,2237
38.3224,-82.4479,1466
38.3229,-90.9992,772
38.3244,-92.5824,595
38.3246,-122.9147,1476
38.3261,-88.7348,1144
38.327,-81.8574,1719
38.3275,-123.0299,2627
38.3275,-122.4871,1097
38.3275,-107.7793,223
38.3281,-81.5235,2056
38.3282,-77.2423,489
38.3283,-89.0345,838
38.3283,-89.189,964
38.3285,-122.71,1243
38.3286,-94.9892,481
38.3301,-82.2127,1590
38.3301,-75.3747,1139
38.3302,-77.4659,1604
38.3303,-90.6575,423
38.3304,-76.436,1172
38.3315,-75.2154,1670
38.3324,-85.6961,5300
38.3327,-87.448,709
38.3327,-86.2216,552
38.3329,-121.557,1218
38.3333,-85.8848,2300
38.3338,-77.7565,2021
38.3339,-122.5065,733
38.3339,-82.9358,1513
38.3339,-82.9358,2071
38.3355,-90.9681,616
38.3356,-86.5597,680
38.3356,-120.5501,3785
38.3363,-77.0285,1838
38.3366,-90.4031,2021
38.337,-76.2217,933
38.338,-87.3491,917
38.3386,-88.6419,327
38.3391,-76.4619,1281
38.3394,-85.6558,991
38.3406,-122.6729,587
38.3407,-111.5442,687
38.3408,-86.4592,1584
38.3408,-81.7108,2837
38.3412,-90.1527,2614
38.3412,-90.1527,2114
38.3419,-79.5053,917
38.342,-77.0643,1485
38.3421,-86.2754,1048
38.3437,-85.4777,1827
38.3441,-90.9846,1796
38.3448,-77.5029,1628
38.3452,-86.7563,972
38.3453,-77.7626,2406
38.3461,-98.2047,1479
38.3462,-123.0593,958
38.3466,-90.9935,1993
38.3467,-87.2443,757
38.3469,-85.6089,1777
38.3473,-75.1112,1858
38.3476,-122.7009,2451
38.3476,-88.5894,1194
38.3478,-94.7618,1122
38.3484,-91.4974,1463
38.3485,-120.7728,1719
38.3487,-81.6323,5088
38.3488,-122.9712,1547
38.3495,-94.5891,686
38.3502,-92.5769,1659
38.3512,-92.5767,1712
38.3515,-85.1112,632
38.3518,-87.8683,463
38.3523,-121.9077,662
38.3525,-90.3823,2079
38.3527,-97.1996,1418
38.353,-120.5733,2142
38.3533,-97.0078,1508
38.3536,-89.378,1594
38.3541,-87.5745,1871
38.3542,-120.7702,1995
38.3545,-87.5795,2125
38.3546,-120.9429,1182
38.355,-81.6657,8755
38.3553,-87.1055,524
38.3553,-98.3487,479
38.3553,-122.5433,1316
38.3557,-105.8131,5059
38.3563,-122.2563,1249
38.3571,-92.4019,525
38.3572,-85.9379,1484
38.3573,-98.5838,1055
38.3575,-90.641,1376
38.3576,-76.4174,1887
38.3586,-121.9686,4962
38.3589,-88.2047,256
38.3594,-90.0469,352
38.3598,-98.7995,2946
38.3609,-78.941,645
38.3618,-88.5355,987
38.3622,-105.1422,992
38.3624,-76.4379,1702
38.3629,-120.9477,1943
38.3631,-89.7181,894
38.3637,-85.1769,1532
38.3642,-121.9652,4219
38.3644,-105.1645,1301
38.3658,-90.3643,439
38.3659,-98.779,2268
38.367,-92.216,898
38.3673,-120.8072,1343
38.3674,-95.1263,532
38.3675,-121.4616,1318
38.3682,-96.5428,729
38.3685,-95.9919,645
38.3685,-75.5915,6316
38.3688,-97.6624,2669
38.369,-80.5975,518
38.3693,-121.5155,510
38.3695,-81.7361,1520
38.3698,-93.7666,2226
38.3699,-97.6645,2598
38.3712,-86.3428,938
38.3712,-93.7681,2741
38.3719,-85.604,441
38.372,-110.7135,1178
38.3721,-81.7558,431
38.3726,-85.9822,863
38.3728,-105.6855,489
38.3729,-78.7326,839
38.373,-96.646,369
38.3738,-100.9104,639
38.3744,-97.3024,515
38.3745,-123.0719,486
38.3749,-85.4078,4080
38.3753,-75.5859,3374
38.3754,-94.7109,1562
38.3759,-89.1803,973
38.376,-90.056,255
38.3765,-120.4868,2526
38.3766,-88.0576,1327
38.3771,-81.7869,525
38.3774,-92.6746,474
38.3775,-87.9832,489
38.3776,-81.8193,1726
38.3778,-89.7971,494
38.3784,-75.1632,4870
38.3794,-78.2586,441
38.3795,-81.7656,484
38.3796,-105.1002,1925
38.38,-75.755,1318
38.3804,-88.3699,1640
38.3806,-88.3725,1838
38.3808,-82.6964,1199
38.3827,-87.2122,753
38.3829,-84.3018,1938
38.383,-87.9106,518
38.3836,-97.5381,642
38.3837,-123.0731,780
38.384,-105.171,1706
38.3841,-97.9102,407
38.3845,-97.0664,891
38.3848,-91.403,847
38.3848,-75.148,2310
38.3851,-122.8194,3539
38.3856,-84.2952,1570
38.3859,-97.43,640
38.3865,-86.7732,589
38.3866,-85.2548,335
38.387,-75.2975,914
38.3878,-84.5513,945
38.3885,-78.9645,1442
38.3899,-85.4526,2669
38.3902,-118.1112,1409
38.3913,-89.4865,905
38.3917,-75.4796,1038
38.3924,-75.3494,969
38.3924,-120.799,1491
38.3931,-75.0712,1910
38.3932,-86.9406,3311
38.3935,-122.3655,1108
38.394,-75.4072,1122
38.3941,-93.3307,885
38.3945,-113.0123,1328
38.3946,-90.5898,691
38.395,-78.8316,1979
38.3952,-86.9407,3083
38.3954,-96.5367,672
38.3957,-82.5484,1041
38.3958,-95.6051,777
38.3963,-94.343,1175
38.3963,-87.5942,991
38.3966,-89.6456,482
38.3966,-111.5893,1220
38.397,-79.9199,771
38.3973,-85.3768,2439
38.3982,-98.0149,567
38.3993,-91.3309,1095
38.3995,-85.7743,2472
38.4,-122.8276,1246
38.4003,-95.2519,530
38.4004,-122.9349,2024
38.4019,-96.1917,3204
38.4022,-78.6175,1990
38.4022,-82.5821,1043
38.403,-120.6571,2484
38.4034,-85.5837,403
38.4038,-111.6451,885
38.4041,-94.5908,348
38.4064,-82.2953,1819
38.4064,-81.4772,1710
38.4068,-120.5426,1791
38.4084,-86.1091,993
38.4096,-96.1945,3037
38.4098,-105.8424,3715
38.4104,-92.53,378
38.4106,-80.5539,720
38.4107,-82.4347,3657
38.4107,-78.6161,1614
38.4111,-78.7279,2857
38.4114,-76.5488,774
38.4115,-82.5262,1072
38.4116,-79.5809,509
38.4116,-81.8078,2099
38.4121,-120.6071,2280
38.4128,-78.7977,825
38.413,-121.2127,4890
38.4135,-105.1909,625
38.414,-78.1847,2026
38.4143,-89.9901,1928
38.4144,-86.9988,476
38.4146,-121.385,5926
38.4149,-77.4157,1821
38.415,-83.8202,920
38.4151,-82.0707,1801
38.4152,-81.5318,1285
38.4154,-122.5388,2064
38.4162,-95.8625,888
38.417,-90.6799,3805
38.417,-82.603,1049
38.4173,-78.9411,921
38.4173,-87.31,850
38.4177,-91.2308,388
38.4189,-82.3211,1382
38.419,-120.8233,505
38.419,-87.7698,1991
38.4193,-121.5416,1293
38.4194,-78.8868,5064
38.4194,-87.7711,1882
38.4204,-121.9508,2310
38.4213,-105.0004,3836
38.4215,-94.8447,861
38.422,-80.6549,715
38.4222,-82.5791,1558
38.4243,-75.6872,1039
38.4246,-83.7405,1490
38.4248,-84.8714,460
38.4252,-105.2131,1767
38.426,-90.3693,3083
38.4267,-79.8344,1649
38.4269,-82.4562,625
38.4274,-76.7466,2069
38.4275,-82.0181,1750
38.4278,-83.8621,454
38.4298,-85.6704,3072
38.4315,-93.9339,626
38.432,-81.4742,1177
38.4334,-92.846,1406
38.4336,-85.1692,581
38.4338,-120.5861,1802
38.4344,-89.548,1292
38.4354,-79.8117,693
38.4355,-86.1962,941
38.4356,-81.7699,2270
38.4362,-82.136,1325
38.4363,-78.8733,3780
38.4366,-112.262,3849
38.4375,-122.866,1141
38.4376,-82.3821,443
38.4379,-90.9958,2738
38.438,-89.3704,478
38.4384,-122.4068,1059
38.4384,-89.1603,912
38.4386,-75.2095,1536
38.439,-90.5736,2059
38.4391,-89.9162,2372
38.44,-95.0821,439
38.4412,-90.7181,406
38.4415,-91.9987,554
38.4415,-120.8605,1638
38.4418,-92.9901,855
38.4419,-105.2209,3199
38.4419,-105.2209,3623
38.4421,-75.5604,1179
38.4425,-88.404,914
38.4428,-86.0249,606
38.443,-121.9833,2249
38.4439,-122.192,1528
38.4445,-88.946,1308
38.4449,-87.9976,693
38.4453,-85.6656,1822
38.4457,-89.2721,791
38.4458,-122.7062,5922
38.4461,-99.693,609
38.4463,-86.7975,1139
38.4464,-102.4412,311
38.4464,-78.9228,740
38.4473,-81.9244,2447
38.4475,-121.8242,2419
38.449,-82.3634,10312
38.4494,-121.8292,1903
38.4498,-90.3184,3618
38.4506,-120.6218,1074
38.452,-122.7287,8090
38.4525,-103.165,813
38.454,-99.0111,441
38.4541,-99.9047,1095
38.4548,-120.5323,2016
38.4551,-91.0098,2488
38.4554,-111.615,1202
38.4562,-87.096,1213
38.4575,-82.6986,801
38.4575,-90.0859,1712
38.4576,-75.7555,570
38.4581,-90.216,2949
38.4588,-76.4736,1173
38.4589,-122.4288,1177
38.459,-123.1275,1319
38.4592,-77.3801,1532
38.4595,-82.6451,2975
38.4596,-93.2021,1036
38.4603,-75.0533,523
38.4604,-93.999,577
38.4605,-80.3732,377
38.4608,-75.2056,1785
38.4608,-90.5338,1763
38.4615,-81.0849,678
38.4629,-121.5021,205
38.4649,-99.3108,545
38.4657,-90.8823,2013
38.4665,-86.2764,1295
38.4667,-102.2944,506
38.467,-90.5428,402
38.4674,-76.4986,1373
38.468,-97.0344,1075
38.4681,-93.6239,901
38.4682,-76.7826,2043
38.4689,-107.859,3947
38.4694,-99.553,462
38.4703,-77.9998,2494
38.4704,-102.0805,175
38.4711,-76.316,1848
38.4717,-120.8572,1478
38.472,-85.9482,1071
38.472,-101.7545,782
38.4721,-78.0017,2779
38.4723,-120.0518,2062
38.4725,-75.5439,1252
38.4728,-76.4897,824
38.4732,-99.178,326
38.4734,-84.9464,535
38.4736,-123.0262,1253
38.474,-121.324,3931
38.4743,-109.421,3422
38.4744,-81.8119,676
38.4768,-101.7905,449
38.4777,-80.4053,609
38.4779,-89.0444,560
38.4788,-91.845,980
38.4788,-82.6809,1755
38.4789,-100.9031,1496
38.4797,-90.7495,2382
38.4804,-101.806,25316
38.4809,-90.7756,2259
38.4809,-107.8761,4007
38.481,-90.5271,325
38.481,-100.4664,846
38.4811,-95.4675,897
38.4811,-94.3506,1112
38.4811,-75.8318,794
38.4815,-95.7513,456
38.4816,-102.7798,638
38.4825,-122.8899,2082
38.4829,-80.2977,418
38.4832,-121.4043,2676
38.4834,-101.3576,1042
38.4845,-97.2269,379
38.4845,-81.3515,1090
38.4852,-105.2261,2324
38.4862,-81.8193,545
38.4862,-95.2701,566
38.4867,-82.2823,2242
38.4867,-120.6034,2117
38.4871,-78.6165,1336
38.4876,-88.9,909
38.4884,-87.5394,534
38.4891,-101.22,1284
38.4896,-120.5333,2000
38.4897,-76.7007,1768
38.4901,-86.9059,1058
38.4909,-89.1479,1080
38.4914,-90.643,2774
38.4918,-85.4721,815
38.4918,-92.1825,1689
38.4919,-87.2823,1142
38.4921,-90.4859,1785
38.4922,-82.6359,1254
38.4925,-89.8687,506
38.4932,-87.2462,497
38.4937,-122.7734,1267
38.4943,-96.9615,430
38.4948,-85.767,1463
38.495,-77.89,738
38.4955,-80.7526,551
38.4966,-94.0721,533
38.4981,-89.8044,1627
38.4985,-90.6454,3033
38.4987,-82.6903,852
38.4993,-121.452,1409
38.4996,-90.8271,2519
38.4996,-84.6082,1321
38.4999,-94.9459,2062
38.5001,-92.0921,2302
38.5007,-121.074,3130
38.5009,-94.6038,1499
38.502,-81.6359,3243
38.5021,-86.0144,1402
38.5023,-90.3144,2483
38.5037,-77.3721,919
38.5037,-93.3235,349
38.5049,-76.154,527
38.5064,-96.2613,945
38.5069,-120.7601,1938
38.5073,-95.6378,542
38.5088,-89.615,823
38.5089,-76.2042,1625
38.5091,-82.3095,752
38.5107,-81.8414,338
38.5115,-76.6797,439
38.5117,-90.3509,2129
38.5123,-98.396,434
38.5123,-77.0205,390
38.5123,-92.4392,848
38.5128,-122.4681,2022
38.5128,-122.4681,1927
38.5129,-98.2676,397
38.513,-122.7536,2092
38.513,-82.696,1772
38.5134,-111.8819,830
38.5137,-85.2317,1044
38.5139,-88.4371,721
38.5146,-88.2324,562
38.516,-89.9898,4378
38.5161,-90.2176,2298
38.5163,-75.0581,644
38.5164,-98.9366,362
38.5166,-78.8351,685
38.517,-98.1545,695
38.5172,-122.9899,2829
38.5172,-121.4573,1163
38.5181,-98.7774,978
38.5181,-89.8,2819
38.5184,-84.3817,458
38.5185,-87.5241,394
38.5185,-119.4731,3165
38.5186,-77.4377,2378
38.5191,-95.9574,419
38.5198,-83.8461,725
38.5199,-99.1979,467
38.5201,-88.0093,1134
38.5209,-88.5382,419
38.5211,-106.0726,1594
38.5214,-75.2334,978
38.5221,-89.1235,2600
38.5224,-77.2901,240
38.5228,-77.3183,2401
38.5231,-82.7193,1713
38.5232,-90.3378,1039
38.5246,-98.5369,529
38.5253,-118.626,1204
38.5257,-121.9732,1162
38.526,-106.2194,3200
38.526,-90.3731,1405
38.5261,-89.1294,2844
38.5265,-75.1097,1513
38.5267,-81.8855,1394
38.5276,-87.7103,503
38.5278,-123.1098,2422
38.5285,-90.4507,2274
38.5288,-81.8552,813
38.5299,-105.998,1523
38.5309,-84.0339,826
38.5312,-90.4093,2721
38.5318,-99.3095,924
38.5323,-93.5229,1412
38.5326,-82.6781,1920
38.5326,-121.4558,698
38.5329,-106.0015,1533
38.5329,-82.3064,904
38.5333,-121.9755,1555
38.5335,-90.285,1836
38.5336,-83.9517,907
38.5346,-77.8082,427
38.5348,-99.0535,508
38.5352,-122.4702,2153
38.5368,-89.7072,1226
38.5368,-81.9243,1301
38.537,-75.1294,1449
38.5371,-90.24,985
38.5374,-82.7387,1430
38.5374,-76.7728,3032
38.5375,-90.3121,446
38.5376,-75.0643,973
38.5377,-121.7579,1193
38.5382,-75.719,590
38.5382,-89.4615,736
38.5386,-85.7663,1526
38.539,-84.8392,1253
38.5399,-90.3384,430
38.5405,-89.2643,646
38.5406,-106.9385,1736
38.5411,-123.2588,2159
38.5421,-122.8086,2476
38.5422,-79.7858,619
38.5426,-85.6658,573
38.5429,-92.3646,545
38.543,-89.8521,1891
38.5435,-76.9698,2565
38.5435,-76.9698,2273
38.5436,-89.6173,904
38.5436,-90.2854,325
38.5438,-76.5879,1738
38.544,-121.6852,696
38.5455,-120.7429,409
38.5456,-86.6191,1226
38.5462,-79.808,561
38.5462,-75.2458,1089
38.5465,-78.9144,844
38.5471,-80.0319,897
38.5472,-77.3185,1523
38.5474,-79.828,703
38.5477,-91.0133,2548
38.5477,-121.3554,1902
38.548,-106.9246,1999
38.5481,-97.1542,383
38.5484,-121.2838,2875
38.5484,-95.1009,348
38.5485,-89.1283,682
38.5488,-76.8422,1848
38.5492,-89.9131,3211
38.5493,-106.2893,530
38.5493,-75.0999,4402
38.5496,-82.779,1207
38.5499,-90.3264,1941
38.55,-90.4959,1928
38.5505,-97.4277,1822
38.5506,-86.2763,925
38.5507,-121.7354,3167
38.5511,-82.735,968
38.5511,-90.354,821
38.5518,-89.9875,2312
38.5519,-91.0155,2874
38.5523,-106.0084,347
38.5532,-90.3087,221
38.554,-109.5271,2336
38.5541,-76.0771,2963
38.5544,-121.5487,4207
38.5553,-89.5412,917
38.5558,-97.8344,630
38.5561,-121.7378,2867
38.5567,-86.4704,1756
38.5569,-90.3782,1720
38.5579,-93.9578,453
38.5589,-96.8472,911
38.5594,-92.6789,564
38.56,-76.0665,2671
38.56,-82.7276,677
38.5603,-86.9486,233
38.5621,-94.1952,1428
38.5626,-75.7158,440
38.5658,-90.501,471
38.5665,-82.8236,1318
38.5666,-96.9658,427
38.5673,-77.3224,1125
38.5674,-77.2863,2536
38.5675,-92.1753,5453
38.5676,-76.6871,333
38.5677,-92.797,404
38.5677,-121.4682,9018
38.5683,-90.3392,433
38.5685,-121.355,1251
38.569,-98.3173,456
38.5691,-92.2248,5330
38.5694,-86.6118,957
38.5695,-90.8811,856
38.5696,-85.5601,2072
38.5699,-77.0304,1503
38.5701,-109.5478,1991
38.571,-75.6195,603
38.5711,-77.7696,1898
38.5715,-75.5711,1511
38.5721,-90.1553,3607
38.573,-98.6167,1816
38.573,-90.9927,1985
38.574,-75.793,189
38.5755,-89.1268,751
38.5761,-94.8718,1606
38.5763,-96.3676,451
38.5768,-75.2809,2339
38.5768,-90.3849,705
38.5771,-90.6678,7414
38.5771,-121.2362,5338
38.5771,-97.674,1229
38.5779,-122.4512,1995
38.5789,-94.8604,2090
38.5794,-90.4209,2751
38.5802,-95.5266,605
38.5806,-119.5029,3985
38.581,-78.4994,1087
38.5814,-122.5827,1458
38.5821,-99.5684,907
38.5828,-122.5838,1374
38.583,-77.7788,2131
38.583,-75.7903,245
38.583,-90.5065,2039
38.5833,-93.6953,652
38.5859,-90.1531,1945
38.5866,-90.3282,1090
38.5866,-90.3544,2208
38.5867,-86.6164,846
38.5877,-98.4107,629
38.5886,-93.8562,545
38.5887,-75.3096,2057
38.5891,-85.7661,1456
38.5891,-88.0568,825
38.5896,-90.5262,445
38.5896,-90.5884,1897
38.5897,-82.2973,978
38.5899,-76.0916,787
38.5915,-76.6971,4037
38.5919,-87.6475,784
38.5935,-90.3826,1034
38.5942,-85.3174,524
38.5945,-77.1641,1752
38.5945,-83.3236,1093
38.5947,-90.55,2737
38.5953,-90.0047,3074
38.5957,-89.7497,656
38.597,-75.9231,574
38.5979,-97.0637,490
38.5982,-77.1323,941
38.5983,-92.3344,1265
38.5984,-90.4453,1887
38.5985,-77.719,1826
38.5986,-77.1557,1007
38.6,-89.9154,3610
38.6001,-95.2628,2917
38.6006,-121.3846,3620
38.6007,-89.8097,1491
38.603,-100.6176,1689
38.6032,-86.0967,1818
38.6042,-91.2181,1619
38.6044,-77.0923,3561
38.6046,-86.0975,1866
38.6049,-94.7794,603
38.6053,-89.29,422
38.6058,-89.4323,713
38.6067,-83.1819,1491
38.6068,-90.3912,684
38.6075,-95.2655,2279
38.6082,-75.947,490
38.6083,-77.2829,1949
38.6083,-89.6852,1246
38.6085,-78.8014,1400
38.6085,-107.9833,1115
38.6087,-106.5149,461
38.6091,-90.3673,954
38.6092,-76.9198,5466
38.6101,-85.0669,459
38.6112,-95.4544,882
38.6119,-95.6844,858
38.612,-81.9807,986
38.6121,-89.1193,906
38.6121,-90.3239,1136
38.6123,-76.6215,2580
38.613,-77.0047,3733
38.6131,-90.4091,904
38.6138,-77.3416,2226
38.6138,-89.5237,1484
38.6145,-87.353,471
38.6152,-89.5244,1390
38.6157,-77.8098,1608
38.6158,-78.7896,1723
38.6159,-89.0541,909
38.6164,-90.1305,3388
38.6177,-91.956,732
38.6178,-88.7883,778
38.618,-92.409,884
38.6194,-79.2406,636
38.6194,-90.3475,1269
38.6205,-94.6771,2006
38.6212,-90.4321,283
38.6213,-93.4099,595
38.622,-75.1621,1508
38.6222,-90.4554,320
38.6223,-89.3754,1680
38.6225,-122.8651,1909
38.623,-112.1196,1716
38.6248,-112.2198,847
38.6253,-94.5078,841
38.6253,-90.593,1491
38.6257,-75.8672,1483
38.6258,-88.9548,2009
38.6259,-82.8501,1393
38.6259,-86.035,600
38.626,-89.6134,1149
38.6269,-121.2492,1480
38.6271,-97.614,414
38.6273,-76.9607,6995
38.6275,-88.9594,2401
38.6285,-90.0926,1451
38.629,-90.0345,2451
38.6301,-90.419,1541
38.6303,-92.5671,1785
38.6306,-90.4772,3078
38.6308,-121.3256,3555
38.6309,-91.058,839
38.6309,-90.3332,1374
38.6321,-109.396,2692
38.6327,-78.7737,1050
38.6328,-90.7846,914
38.6341,-95.821,1611
38.6352,-77.6664,1945
38.6352,-75.6025,675
38.6356,-94.1005,300
38.6357,-120.5354,2338
38.6357,-90.2446,7133
38.6357,-96.6765,472
38.6357,-94.587,612
38.6358,-75.1696,4261
38.6364,-90.3414,27396
38.6364,-90.3851,2656
38.6365,-99.9327,538
38.6373,-88.6375,638
38.6374,-121.332,19634
38.6379,-92.1254,1977
38.6381,-119.5018,3168
38.6398,-84.5725,3726
38.6406,-77.2551,2727
38.6406,-99.7443,404
38.6407,-98.7745,286
38.641,-96.102,516
38.6411,-98.9578,541
38.6414,-75.588,4410
38.6427,-100.1698,448
38.6428,-96.2567,354
38.6435,-90.4335,720
38.6444,-90.3302,1438
38.6445,-77.4251,2710
38.6452,-78.6711,1291
38.6453,-79.3333,681
38.6455,-98.6737,2245
38.6458,-118.7563,1021
38.6465,-90.1002,2262
38.6469,-83.781,2718
38.6473,-92.113,1748
38.6485,-94.3505,2374
38.6486,-95.61,2002
38.6498,-77.3459,3425
38.65,-83.793,3955
38.6502,-121.251,2994
38.6502,-94.3505,3036
38.651,-77.1705,3380
38.6512,-88.044,867
38.6523,-86.2646,904
38.6532,-87.1667,2365
38.6537,-94.5058,358
38.6542,-90.1679,818
38.6545,-99.32,304
38.6547,-84.9467,493
38.6551,-92.7813,1313
38.6551,-96.1696,477
38.6555,-78.2361,857
38.6559,-80.216,1294
38.6559,-83.9642,318
38.6564,-77.6289,1628
38.6565,-77.2988,1872
38.6569,-76.822,3309
38.6573,-75.6134,2047
38.6581,-90.576,5123
38.6582,-87.1604,2345
38.6611,-86.4517,1187
38.6613,-92.6665,690
38.6614,-94.8569,1122
38.662,-90.443,2911
38.6629,-121.4017,1831
38.6631,-96.4918,1327
38.6632,-87.3063,581
38.6635,-76.0519,1488
38.6641,-121.8754,1813
38.6642,-78.4545,2001
38.6648,-87.0494,1154
38.6651,-78.4495,1838
38.6652,-86.2975,974
38.6655,-86.7937,1226
38.6656,-83.3825,513
38.6656,-88.4738,1966
38.6657,-90.3315,2202
38.6659,-120.9362,2600
38.666,-94.164,258
38.6666,-82.1717,1378
38.6666,-121.1416,4794
38.6667,-80.7704,976
38.6675,-91.3411,516
38.6678,-80.7135,800
38.6679,-86.9976,413
38.6682,-94.2307,519
38.6695,-76.7442,4770
38.6696,-92.8763,556
38.6701,-91.6325,611
38.6703,-91.5599,409
38.6708,-88.4805,1620
38.6712,-121.75,3553
38.6713,-121.3721,2695
38.6717,-83.7709,1055
38.6718,-84.3309,1059
38.672,-90.1693,1234
38.6724,-90.3786,1511
38.6738,-91.773,553
38.674,-120.9883,3042
38.6742,-121.7615,3244
38.6744,-91.8724,492
38.6744,-97.7511,956
38.675,-121.9703,1129
38.675,-90.294,877
38.6757,-86.9141,1136
38.6757,-90.0058,3564
38.6761,-121.0477,6321
38.6762,-87.5058,3124
38.6765,-77.0005,4755
38.6766,-87.51,2479
38.6778,-94.6,1107
38.6794,-84.0653,624
38.6796,-85.1658,1295
38.6796,-85.1658,1703
38.6802,-90.3081,996
38.6802,-97.6041,439
38.6807,-93.0924,498
38.6817,-77.2619,378
38.682,-85.1935,423
38.6821,-76.8853,4165
38.6823,-75.9494,443
38.6826,-89.5536,698
38.6838,-112.1401,1474
38.684,-119.8227,2320
38.6845,-85.7822,2137
38.6854,-84.6002,2063
38.6855,-90.3248,544
38.6858,-90.2869,531
38.6858,-88.3486,1212
38.6863,-90.1018,3415
38.6867,-97.2932,374
38.6867,-121.3475,1861
38.687,-77.3058,2742
38.6874,-76.1682,680
38.6874,-104.7489,4802
38.6875,-121.4417,2861
38.6881,-83.4921,226
38.6888,-90.3392,802
38.6888,-75.3837,2017
38.689,-104.6806,4292
38.6892,-83.6066,1022
38.6893,-120.055,1896
38.6894,-121.2231,3073
38.6895,-75.3872,2035
38.6895,-76.5544,1490
38.6909,-78.6824,605
38.6912,-97.0765,566
38.692,-120.8387,3704
38.6922,-90.2877,314
38.6923,-75.7725,1261
38.6925,-85.7855,1998
38.6927,-90.2828,233
38.6927,-85.1974,705
38.6927,-77.3556,1290
38.693,-77.5764,2810
38.6934,-122.024,1948
38.6938,-90.3125,398
38.6941,-90.2934,367
38.6948,-121.288,3423
38.6953,-90.2756,714
38.6954,-84.9061,2270
38.6957,-75.0752,522
38.6959,-90.3683,1902
38.6969,-96.8072,2005
38.6972,-92.307,421
38.6977,-91.4349,1451
38.6977,-83.1008,982
38.6979,-90.2901,272
38.6981,-90.3178,720
38.6981,-88.2188,916
38.6987,-119.5416,1011
38.6987,-77.2166,2096
38.6992,-93.2434,3749
38.6993,-112.0967,1318
38.6993,-85.9046,898
38.7009,-90.2964,162
38.7011,-104.8347,468
38.7012,-90.349,332
38.7029,-90.3427,472
38.7029,-93.0028,635
38.7032,-76.3363,1406
38.7035,-90.2824,759
38.7043,-90.6853,282
38.705,-107.6096,455
38.7052,-93.2358,3520
38.7058,-97.4266,555
38.7058,-80.1993,1223
38.7059,-77.2433,1912
38.706,-112.0586,733
38.7071,-90.3009,1236
38.7075,-85.4672,1353
38.7077,-76.5345,521
38.708,-76.5616,3285
38.7081,-98.1581,986
38.7083,-90.2921,418
38.7087,-105.1419,487
38.7094,-90.6525,2511
38.7099,-87.7586,940
38.7102,-75.9075,672
38.711,-90.2974,284
38.7117,-78.16,465
38.7119,-76.6037,1802
38.7122,-90.3121,529
38.7128,-90.3285,798
38.7128,-120.8128,3934
38.7129,-99.3323,320
38.7131,-77.1445,2701
38.7134,-77.1052,2075
38.7135,-93.9894,1410
38.7138,-79.9766,500
38.7141,-90.2895,318
38.7146,-78.7232,396
38.7148,-90.3463,1083
38.7153,-121.361,2374
38.7154,-87.8667,1074
38.7156,-77.447,4030
38.7158,-90.3684,813
38.7168,-90.4718,4247
38.717,-80.6525,735
38.7172,-92.0917,1143
38.7173,-122.9034,1929
38.7174,-90.2648,318
38.7174,-75.0806,984
38.7176,-87.9729,809
38.7176,-105.1253,341
38.7177,-95.0779,1190
38.7178,-77.7973,1900
38.718,-89.7633,835
38.7182,-76.6768,2330
38.7185,-121.4455,2700
38.7189,-90.8822,1181
38.7192,-86.8013,800
38.7195,-95.3494,525
38.7206,-85.6552,768
38.7209,-90.2751,392
38.7209,-94.7083,1284
38.721,-86.6709,572
38.7218,-90.0636,2867
38.7219,-82.9642,762
38.7221,-77.7487,3764
38.7223,-85.3803,1101
38.7227,-91.5174,527
38.7229,-88.9117,966
38.7231,-90.2644,1754
38.7241,-87.69,1465
38.7245,-94.4582,1986
38.725,-77.2632,1350
38.725,-84.8233,1205
38.725,-90.3058,615
38.7251,-75.6028,1997
38.7253,-123.4583,3645
38.7256,-75.085,459
38.7262,-89.8935,2267
38.7263,-87.6873,1336
38.7266,-90.3872,1613
38.7281,-88.0842,2390
38.7286,-90.36,799
38.7287,-75.1685,5619
38.7288,-89.9663,2185
38.7292,-88.0855,2250
38.7293,-90.1255,3959
38.7308,-83.8329,1280
38.7308,-94.4686,2734
38.7311,-120.7977,2194
38.7319,-77.0087,3372
38.7319,-79.9725,613
38.7325,-82.9098,4189
38.7325,-85.0637,766
38.7326,-98.2286,1405
38.7329,-77.1152,1374
38.7331,-93.5532,2347
38.7331,-93.5532,2454
38.7341,-77.1979,1943
38.7351,-90.3657,476
38.7355,-77.0577,2196
38.7357,-119.5008,3444
38.7358,-76.5878,1217
38.7359,-85.2453,289
38.7369,-122.1468,1884
38.7371,-86.4752,1721
38.7374,-85.5392,236
38.738,-77.2352,1653
38.7381,-97.6844,302
38.7384,-90.325,774
38.7386,-96.846,222
38.7389,-78.6509,1772
38.7398,-76.7552,5309
38.7399,-91.4452,634
38.7403,-85.8103,1617
38.7405,-121.8093,1064
38.7406,-85.0822,1094
38.7407,-97.5979,565
38.7411,-90.7154,2098
38.7415,-82.8455,2187
38.742,-77.7169,3147
38.7423,-120.6808,1456
38.7436,-94.0708,505
38.7442,-90.2111,827
38.745,-90.4535,812
38.7453,-87.3223,860
38.7454,-108.0619,2266
38.7455,-83.6103,1196
38.7456,-90.243,687
38.746,-93.8443,402
38.7462,-77.0796,1301
38.7463,-90.3362,2022
38.7464,-89.2738,771
38.7464,-120.8738,897
38.7466,-105.185,1120
38.7468,-77.4826,2849
38.7471,-86.3901,671
38.7481,-81.9545,514
38.7483,-77.2732,1444
38.7485,-89.6758,2092
38.7487,-106.0764,772
38.7488,-94.8211,1591
38.7488,-90.2958,2255
38.7489,-94.5246,445
38.7498,-77.1074,1893
38.7509,-76.9027,4541
38.7511,-104.716,3255
38.7513,-82.851,1262
38.7513,-82.9362,962
38.7516,-90.6578,1977
38.7519,-95.8358,854
38.7519,-122.6221,1233
38.7526,-77.576,3239
38.7528,-90.228,1905
38.7534,-77.1326,1028
38.7534,-82.9495,2974
38.754,-77.5247,1543
38.7541,-89.0958,959
38.7563,-90.2766,924
38.7567,-94.821,2864
38.7567,-83.8883,596
38.7568,-90.2485,708
38.7574,-108.088,3308
38.7576,-120.591,2666
38.7579,-90.1984,889
38.758,-87.4154,532
38.7582,-89.9831,2918
38.7583,-112.0909,1977
38.7588,-85.3971,2669
38.7599,-94.1648,400
38.7603,-76.967,2005
38.7604,-121.1682,4215
38.7607,-105.5098,2674
38.7609,-78.7215,607
38.7611,-76.7865,2211
38.7613,-112.0929,2257
38.7616,-91.0544,2874
38.7619,-122.1547,1152
38.7624,-93.7253,2785
38.7624,-111.9876,655
38.7628,-102.7955,698
38.7629,-77.1439,1538
38.7631,-90.0816,679
38.7633,-96.6609,325
38.7644,-93.7302,2644
38.7645,-88.3602,463
38.7652,-90.3116,582
38.7656,-78.1035,1197
38.7673,-93.5636,1541
38.7676,-76.8281,2751
38.7679,-77.1583,1694
38.7692,-92.4839,908
38.7693,-94.9651,2671
38.7694,-79.9279,1077
38.7694,-77.4423,1581
38.7694,-88.5069,826
38.7698,-89.6861,2429
38.77,-83.039,1969
38.7703,-121.3196,6029
38.7708,-76.0706,3033
38.7717,-93.4239,946
38.772,-104.7778,1477
38.7721,-88.8535,994
38.7726,-84.0002,991
38.7732,-86.3412,679
38.7733,-90.417,3464
38.7736,-97.8645,689
38.7739,-82.975,2177
38.7742,-85.3884,2982
38.7743,-87.3078,1056
38.7745,-82.204,1370
38.7751,-75.3099,1238
38.7752,-77.2247,1992
38.7763,-76.0705,3075
38.7773,-77.0574,1278
38.7775,-95.1875,1562
38.7777,-77.2626,2664
38.778,-95.7411,942
38.7786,-75.1437,1859
38.7788,-119.6154,2688
38.7788,-107.7804,1149
38.7792,-89.5918,778
38.7793,-119.8078,1834
38.7794,-95.557,670
38.7794,-79.8911,931
38.7799,-90.7856,2655
38.7801,-77.5204,1467
38.7801,-77.386,449
38.7807,-77.482,770
38.7816,-77.1839,2543
38.7826,-84.9258,334
38.7832,-77.0081,1025
38.7835,-90.6051,4308
38.7836,-84.8925,890
38.7847,-90.7207,5019
38.785,-97.4568,815
38.7861,-76.5407,2092
38.7865,-89.7786,762
38.7868,-77.499,1507
38.7869,-119.3687,9168
38.7869,-77.1088,2152
38.7875,-84.3712,396
38.7885,-76.2226,980
38.7885,-84.6019,1675
38.7885,-90.2078,2465
38.7888,-76.9719,2304
38.789,-77.4499,1393
38.7891,-95.9625,333
38.7897,-92.7987,882
38.7898,-83.967,455
38.7908,-89.9886,4061
38.7912,-77.3006,1607
38.7913,-77.0736,965
38.7917,-83.5441,1528
38.7927,-94.2489,250
38.7932,-77.6422,2887
38.7933,-96.735,1012
38.7942,-84.1378,409
38.7942,-78.7268,294
38.7944,-78.8161,455
38.7945,-85.84,978
38.7947,-90.396,3636
38.7948,-123.0147,1665
38.7948,-77.3385,2736
38.7949,-91.4829,1664
38.7951,-85.6527,247
38.7952,-76.7956,1966
38.7954,-97.7547,433
38.7956,-96.9593,362
38.7957,-90.5154,4559
38.7969,-79.8967,646
38.7978,-87.4614,1138
38.7978,-78.5891,1192
38.798,-121.7174,667
38.799,-90.2634,1460
38.799,-107.7134,874
38.7995,-94.261,1981
38.7997,-90.3271,3217
38.8,-81.3534,1015
38.8013,-77.3871,2869
38.8014,-89.0875,853
38.8014,-112.4374,798
38.8015,-122.5514,2845
38.8017,-97.1077,1165
38.8019,-76.8416,1527
38.8022,-77.2393,1036
38.8023,-86.963,839
38.8023,-123.0166,1667
38.8026,-120.8946,1663
38.8028,-77.2011,1122
38.8032,-77.2226,863
38.8033,-94.4583,3778
38.8038,-77.0117,1163
38.8048,-87.1515,533
38.8051,-76.9186,2516
38.8052,-84.6637,3176
38.806,-94.2723,2573
38.8069,-121.2497,4045
38.8072,-75.59,809
38.8087,-94.9225,3466
38.8089,-99.2675,1378
38.8094,-121.1954,2441
38.8094,-78.7695,2679
38.8098,-76.8692,2391
38.8101,-75.4249,592
38.8103,-119.8033,2005
38.8105,-76.9495,1077
38.8106,-90.0599,1334
38.8119,-106.1071,496
38.8122,-77.6363,688
38.8125,-92.2395,2266
38.8126,-87.2513,481
38.8127,-123.5703,1702
38.813,-84.2099,570
38.8131,-97.6145,4656
38.8131,-90.0921,2071
38.8131,-91.1221,1028
38.8133,-86.6513,1225
38.8144,-92.5906,525
38.8144,-90.959,2239
38.8144,-77.2958,1561
38.8149,-97.6149,4309
38.8149,-79.5451,590
38.8158,-77.1543,1977
38.8161,-91.1414,2230
38.8165,-90.8708,4233
38.8165,-76.7537,1102
38.817,-82.7325,1040
38.8171,-86.8937,778
38.8181,-107.9673,3082
38.8181,-76.9832,1380
38.8186,-87.5301,574
38.8187,-94.5296,3447
38.8191,-91.1379,2731
38.8192,-102.352,939
38.8193,-77.0837,3509
38.8201,-82.191,1722
38.8211,-76.9443,1294
38.8213,-94.3614,1383
38.8216,-90.0459,2427
38.8216,-81.7093,1630
38.8218,-95.6932,776
38.8229,-78.5627,781
38.8244,-89.5388,804
38.8246,-86.1711,501
38.8247,-77.243,1764
38.8253,-98.4749,702
38.8256,-104.3829,3001
38.8264,-89.6666,551
38.8266,-76.8896,684
38.8274,-122.1984,1553
38.8282,-94.5973,1198
38.829,-78.6813,615
38.829,-76.5196,2341
38.8298,-88.7809,1096
38.8303,-75.8515,465
38.8305,-90.7883,1537
38.8305,-77.27,1427
38.831,-82.1353,587
38.8311,-85.6467,815
38.8315,-77.3024,1446
38.8316,-106.133,2058
38.8319,-77.355,2293
38.832,-106.1387,1693
38.8321,-83.0603,691
38.8322,-91.0356,2235
38.8328,-77.1962,2544
38.8341,-88.6278,892
38.8346,-88.0855,743
38.8348,-120.0186,1435
38.8349,-91.2295,501
38.8349,-76.7688,1687
38.8349,-90.2851,3510
38.8352,-84.8303,483
38.8353,-122.7224,2026
38.8365,-76.9706,1432
38.8369,-93.2952,309
38.8388,-84.0985,466
38.8398,-77.4898,3448
38.8398,-76.9386,1050
38.8401,-76.824,2858
38.8404,-80.3375,1598
38.8406,-77.4385,3137
38.8408,-76.5544,1042
38.8417,-82.1505,489
38.8419,-76.712,2241
38.8421,-94.3335,2074
38.8423,-86.9885,875
38.8441,-79.8719,587
38.8452,-96.5922,546
38.846,-92.454,390
38.8463,-105.1521,1191
38.8469,-98.59,529
38.8482,-121.1698,1253
38.8483,-77.132,1300
38.8485,-86.1007,789
38.8486,-76.9225,1871
38.8488,-90.7405,2437
38.8494,-77.2265,1517
38.8501,-78.1316,1310
38.8502,-82.132,1411
38.8506,-82.9086,1298
38.8508,-91.9522,2674
38.8516,-77.1587,1416
38.8517,-76.8708,1799
38.8517,-77.2575,1397
38.8524,-88.0852,649
38.8529,-102.1789,478
38.8531,-77.3893,1397
38.8532,-77.299,2268
38.8537,-99.1472,710
38.8551,-91.9508,3189
38.8553,-76.7971,2255
38.8555,-80.6527,934
38.8559,-76.7424,2815
38.8564,-91.3032,1286
38.8575,-104.9129,1611
38.8589,-76.8884,845
38.8593,-104.7002,2204
38.8595,-96.1053,653
38.8599,-84.2283,550
38.8602,-86.4895,3173
38.8605,-85.643,719
38.8615,-82.8489,1199
38.8619,-119.6411,1519
38.8622,-77.7742,477
38.8624,-84.615,1980
38.8626,-86.4982,2648
38.8628,-117.9321,1111
38.8629,-90.2039,4874
38.8629,-96.4888,536
38.8632,-92.313,434
38.8633,-90.0776,2398
38.8633,-87.2219,608
38.8638,-90.8686,1503
38.864,-82.1352,2791
38.8642,-115.0099,1274
38.8649,-83.1882,380
38.8651,-77.3574,2029
38.8653,-101.9681,1475
38.8653,-87.3102,2142
38.8654,-85.3008,483
38.8655,-77.1448,749
38.8656,-77.1877,2029
38.866,-77.8371,1542
38.8662,-111.9631,939
38.8667,-121.132,1404
38.8669,-121.7071,1461
38.8673,-104.7607,12908
38.8673,-83.7878,775
38.8674,-81.8257,333
38.8676,-88.8504,655
38.8678,-75.4225,1525
38.8678,-106.9773,845
38.868,-75.9989,2004
38.8683,-83.8992,1850
38.8698,-107.5921,827
38.8699,-75.579,245
38.8708,-84.9881,626
38.8709,-94.1856,2210
38.8716,-77.3991,1133
38.8717,-87.4412,473
38.872,-77.2397,1492
38.8721,-78.5171,1773
38.8721,-78.5171,1789
38.8723,-76.921,1160
38.873,-104.7706,12853
38.8736,-92.9126,589
38.874,-82.9903,1692
38.8745,-121.2929,4497
38.8749,-78.6148,1049
38.8753,-98.6989,1069
38.8756,-76.8854,1573
38.8762,-87.0846,897
38.8763,-91.3807,616
38.8767,-76.9076,801
38.8783,-77.1007,4630
38.879,-97.5066,383
38.8791,-86.0477,1155
38.8791,-99.3195,2843
38.8794,-75.8245,2084
38.8794,-75.8245,1641
38.8802,-82.3794,1065
38.8803,-76.8293,1589
38.8806,-88.7127,503
38.8807,-99.0237,444
38.8814,-94.5227,3485
38.882,-94.8201,7287
38.8822,-99.322,2685
38.8828,-92.4565,397
38.8841,-90.1079,2094
38.8847,-77.1756,1299
38.8862,-112.4071,650
38.8862,-120.9797,3239
38.8866,-89.3894,2281
38.8872,-83.6126,499
38.8874,-89.7369,789
38.8875,-98.8514,2001
38.8876,-89.4027,1569
38.8878,-90.0732,1174
38.889,-76.9076,371
38.889,-94.6906,7878
38.8892,-77.3909,1058
38.8892,-77.4421,3146
38.8892,-77.204,1520
38.8894,-77.3022,2837
38.8895,-98.8574,1371
38.8896,-75.8388,489
38.8897,-76.7903,2128
38.8908,-84.2482,785
38.8913,-119.6833,1528
38.8915,-85.5167,912
38.8918,-76.3608,1022
38.8925,-89.8387,990
38.8926,-121.9742,2077
38.8927,-89.5721,357
38.8933,-122.2436,1420
38.8936,-86.5254,742
38.8938,-95.7049,2023
38.894,-76.8877,782
38.8941,-77.2292,1397
38.8941,-107.9255,1271
38.8943,-86.9013,315
38.8943,-101.7512,863
38.8946,-89.3399,876
38.8947,-76.8995,818
38.8951,-121.0767,2432
38.8957,-119.7492,2918
38.8959,-77.1831,32667
38.8968,-87.1846,567
38.8973,-82.5693,1023
38.8979,-82.4458,287
38.898,-94.3843,5567
38.898,-79.9637,584
38.8982,-121.5728,1603
38.8985,-90.1213,7013
38.8986,-77.2583,1905
38.8994,-93.3594,404
38.8997,-86.5122,604
38.8997,-81.4263,401
38.9016,-76.9153,467
38.9017,-90.0448,2502
38.9034,-97.1164,743
38.9037,-87.6734,840
38.9037,-76.9059,422
38.9038,-94.2584,2918
38.9039,-90.1512,3594
38.9042,-77.0165,7099
38.9044,-76.5128,2152
38.9045,-76.8683,1730
38.9065,-76.7063,2680
38.9066,-92.5214,222
38.9066,-77.3455,2628
38.9069,-80.2729,831
38.9073,-94.6252,3529
38.9076,-75.4258,3142
38.9078,-95.8156,758
38.9083,-106.9606,1306
38.9085,-91.4548,1575
38.9091,-86.9048,689
38.9092,-79.7089,313
38.9092,-77.6667,1204
38.9096,-76.8302,1815
38.9098,-75.4223,2851
38.9098,-77.3959,1979
38.91,-121.5443,1944
38.9105,-77.1991,1106
38.9114,-120.8346,3532
38.9117,-77.5133,2375
38.912,-92.4786,496
38.9122,-91.5298,558
38.9123,-123.6956,1061
38.9127,-101.593,575
38.9128,-101.1757,763
38.913,-122.607,1483
38.914,-84.4095,2436
38.9149,-115.0637,1032
38.915,-90.8023,389
38.9155,-80.7465,517
38.917,-75.9418,334
38.9171,-78.1768,2971
38.9172,-86.5556,1314
38.9173,-75.5039,562
38.9183,-75.3133,1082
38.9184,-84.2636,426
38.919,-83.9854,601
38.9191,-75.9536,337
38.92,-111.9336,878
38.9205,-119.9775,3990
38.9207,-81.0932,599
38.9209,-82.2854,1120
38.9211,-97.2208,1732
38.9211,-79.5246,516
38.9211,-77.8569,724
38.9214,-77.2276,1875
38.9215,-97.3692,843
38.9216,-94.3848,7258
38.9219,-77.4264,809
38.9219,-88.6641,914
38.9225,-75.5644,1665
38.9233,-83.242,418
38.9234,-76.7779,2323
38.9237,-79.8543,1745
38.9239,-87.0194,629
38.9239,-80.2635,737
38.9241,-86.7434,1235
38.9241,-75.5718,1499
38.9244,-76.8876,1816
38.9245,-97.228,1995
38.925,-78.1834,2910
38.925,-77.5555,1460
38.9252,-90.0264,425
38.9252,-111.2522,1006
38.9253,-89.2619,915
38.9258,-121.0808,3770
38.9259,-76.9135,1041
38.9264,-121.5148,2364
38.9267,-78.1051,1189
38.9267,-86.5263,727
38.9268,-76.9439,597
38.9271,-89.9389,1142
38.9278,-78.5509,852
38.9282,-119.981,2881
38.9288,-107.465,396
38.9292,-84.8521,2051
38.9293,-76.8577,992
38.9294,-77.4091,1512
38.93,-90.3407,689
38.93,-88.0277,956
38.9302,-86.3737,523
38.9302,-99.2144,1208
38.9307,-121.0811,2534
38.9309,-83.5677,938
38.9309,-119.724,3233
38.9311,-89.8402,767
38.9311,-76.467,217
38.9316,-79.9691,691
38.9318,-78.4643,1335
38.9318,-78.0862,1405
38.932,-78.5009,492
38.9324,-95.0968,1470
38.9342,-90.7491,546
38.9343,-92.7031,860
38.9347,-99.5568,1169
38.9347,-95.0941,1638
38.935,-105.0197,978
38.9358,-79.8559,2423
38.9358,-76.8442,1047
38.936,-97.1269,636
38.9364,-76.8082,2017
38.9366,-76.4981,2391
38.9369,-74.9654,493
38.9373,-77.2829,2840
38.9384,-76.9494,473
38.9388,-111.8652,2200
38.939,-119.7369,1989
38.9393,-85.2057,630
38.9397,-76.5514,1571
38.94,-83.7807,1876
38.9402,-80.8333,906
38.9411,-74.8984,1428
38.9421,-119.6932,2848
38.9422,-74.939,984
38.9424,-76.9646,725
38.9424,-76.9259,903
38.9425,-76.8945,551
38.9433,-92.3295,7443
38.9435,-83.6541,1469
38.9435,-90.9247,1615
38.9435,-77.1929,4521
38.9439,-76.957,562
38.9444,-77.5341,1373
38.9446,-105.2899,652
38.9448,-76.9507,305
38.945,-105.1619,526
38.9452,-76.5899,1423
38.9463,-83.4094,1001
38.9465,-78.44,322
38.9468,-85.8892,3309
38.9473,-92.3264,7463
38.9473,-91.9354,1265
38.9474,-104.9981,3317
38.9476,-84.6752,1781
38.9485,-90.589,679
38.9492,-93.9681,728
38.9493,-85.8863,3442
38.9498,-77.3462,3557
38.95,-76.9322,576
38.9503,-76.9003,971
38.9508,-94.2053,502
38.9511,-82.1143,797
38.9514,-122.7222,2088
38.9518,-121.531,2315
38.9522,-77.4136,1297
38.9529,-90.2225,5325
38.9529,-75.8827,1240
38.9536,-119.6511,2753
38.9537,-84.8533,1113
38.9538,-76.3006,3802
38.9538,-77.129,1040
38.9539,-122.6341,2589
38.9541,-90.3553,949
38.9543,-88.6271,1030
38.9547,-76.7388,4105
38.9547,-76.7765,1677
38.9555,-119.1101,4931
38.9563,-81.762,1224
38.9574,-84.5474,3824
38.9575,-76.1978,2135
38.9578,-82.8574,663
38.959,-94.4009,1097
38.9593,-74.8529,432
38.9595,-100.4871,447
38.9596,-95.2655,5342
38.9596,-95.2655,4967
38.9596,-86.5424,988
38.9598,-76.911,1154
38.96,-122.6332,2890
38.9601,-76.2876,2078
38.9608,-87.4014,654
38.9612,-76.9549,1493
38.9614,-92.7462,2612
38.9614,-92.7462,2197
38.962,-90.9627,2717
38.9621,-76.8392,1705
38.9622,-78.1402,895
38.9629,-84.0846,1088
38.9633,-77.0898,221
38.9634,-85.5779,407
38.9636,-109.7037,1621
38.9636,-104.6051,2643
38.9637,-77.4109,673
38.9643,-112.3387,2435
38.9643,-93.4165,1171
38.9644,-87.2475,553
38.9646,-119.7666,1747
38.9653,-94.8039,5300
38.9656,-76.8775,1136
38.9665,-89.9235,394
38.9666,-77.0963,477
38.9666,-94.9411,3578
38.9667,-76.9789,1668
38.9667,-76.9271,1144
38.9678,-84.3846,2389
38.9682,-77.1411,291
38.9684,-81.9106,680
38.9686,-89.7637,926
38.9687,-119.9445,770
38.9688,-89.6679,929
38.9688,-123.1169,1705
38.9688,-97.4575,614
38.969,-90.8493,326
38.9695,-78.4021,665
38.9698,-77.0793,588
38.97,-90.9675,2523
38.9702,-97.7591,383
38.9702,-122.8314,1542
38.9703,-77.7406,925
38.9704,-77.3871,1880
38.9713,-91.1306,585
38.9714,-85.7389,1428
38.9715,-74.8373,1034
38.9719,-76.9444,640
38.9722,-76.5053,2437
38.9731,-121.3509,4588
38.9737,-85.9629,784
38.9738,-84.2815,1706
38.9739,-91.5026,1668
38.974,-77.1638,1003
38.9744,-97.0233,877
38.9744,-123.691,1469
38.9744,-76.3185,2302
38.9746,-89.1107,2592
38.9749,-81.9366,2132
38.9752,-93.495,695
38.9753,-78.0476,3274
38.9761,-77.648,447
38.9764,-75.8081,941
38.9764,-122.7415,2355
38.9765,-90.4257,1749
38.9765,-76.2434,881
38.9766,-79.9526,509
38.978,-78.4534,496
38.9782,-92.5635,504
38.9791,-86.1301,756
38.9791,-121.5581,3124
38.9792,-92.992,520
38.9793,-77.0742,310
38.9794,-118.8334,3044
38.9796,-77.0692,338
38.9796,-89.1106,2310
38.9802,-77.5328,2178
38.9803,-84.4322,2088
38.9803,-77.0023,1313
38.9804,-82.3323,985
38.9805,-77.5092,1521
38.9808,-74.951,1286
38.9812,-77.3244,701
38.9813,-84.8268,1059
38.9815,-105.0496,2766
38.9818,-80.2281,2316
38.9819,-77.0832,619
38.9821,-76.8511,1592
38.9834,-77.4155,982
38.984,-77.074,297
38.9844,-76.8003,2428
38.9845,-89.7625,983
38.9848,-76.4826,664
38.9854,-85.61,413
38.9856,-85.8828,839
38.9867,-76.1633,1287
38.9868,-94.6362,2263
38.9872,-88.1644,1313
38.9873,-77.1186,3307
38.9875,-93.5692,1229
38.9875,-74.8182,1127
38.9879,-76.5527,2910
38.9882,-81.9673,953
38.9884,-87.0812,815
38.9886,-78.4035,595
38.9895,-76.9807,905
38.9909,-119.8837,4240
38.9917,-77.8815,594
38.9923,-90.7451,837
38.9925,-77.0749,1410
38.9927,-80.2282,1532
38.9929,-76.9135,757
38.9934,-84.6482,3035
38.9935,-110.1734,4731
38.9937,-84.6019,1472
38.9937,-82.0652,1218
38.9942,-104.8639,2870
38.9942,-88.9553,793
38.9943,-94.4615,2861
38.9945,-93.0308,523
38.9946,-99.7326,1149
38.9947,-76.8854,2269
38.9948,-74.892,1551
38.995,-81.9881,1010
38.9957,-79.1277,1154
38.9958,-88.0218,926
38.9963,-76.9356,2152
38.9965,-119.9175,2185
38.9967,-77.3703,1779
38.9967,-84.6804,1624
38.9968,-87.8336,877
38.9971,-76.9668,1498
38.9971,-93.9604,1520
38.9982,-105.059,2335
38.9983,-77.4927,968
38.9991,-84.4834,774
38.9994,-93.9664,1838
39.0006,-74.8236,486
39.0008,-89.5748,811
39.0012,-81.9707,852
39.0013,-77.9501,457
39.0016,-87.6126,807
39.0017,-121.0376,2087
39.002,-95.0371,697
39.0021,-77.0741,310
39.0023,-87.9105,946
39.0024,-122.7795,1029
39.0024,-77.0208,2549
39.0034,-78.3495,1832
39.0034,-78.3495,1836
39.0036,-121.5502,1263
39.0039,-91.3517,679
39.0039,-94.0634,945
39.0042,-82.0392,460
39.0045,-87.7334,1927
39.0046,-91.239,468
39.0047,-77.4054,2120
39.0053,-111.8672,879
39.0053,-120.8314,3037
39.0059,-74.7975,1193
39.0061,-122.0051,1555
39.0063,-85.6305,2053
39.007,-94.1284,2299
39.0071,-83.8021,1203
39.008,-75.4666,1198
39.0081,-85.3584,536
39.0086,-87.7334,1968
39.0087,-84.5599,1874
39.0088,-84.4995,2245
39.0113,-92.7549,436
39.0115,-123.374,2138
39.0117,-89.7907,1818
39.012,-94.2676,4334
39.0123,-98.3944,564
39.0124,-77.3019,4572
39.0126,-75.5766,806
39.013,-97.8783,564
39.0133,-119.9236,1323
39.0133,-77.1936,4555
39.0136,-77.517,1633
39.0138,-97.9755,405
39.014,-94.6176,1296
39.0142,-122.061,1204
39.0144,-76.68,2335
39.0146,-89.784,1590
39.0148,-92.7448,1045
39.0149,-85.6301,2515
39.015,-94.2164,2254
39.0151,-79.9409,1304
39.0156,-84.4345,1978
39.0157,-96.2871,694
39.0161,-77.0663,1314
39.0163,-74.936,1794
39.0165,-82.033,693
39.0171,-86.5541,1886
39.0175,-91.8956,789
39.0175,-94.8058,5883
39.0175,-93.6779,468
39.0176,-94.694,1887
39.0184,-85.0528,1057
39.0187,-114.121,863
39.0189,-77.0451,909
39.0191,-74.8779,1492
39.0192,-77.0811,470
39.0206,-122.6569,1277
39.0217,-87.3885,677
39.0218,-88.8514,1106
39.0223,-84.7216,2696
39.0224,-94.3139,514
39.0225,-76.5904,2049
39.0226,-105.8006,406
39.0233,-77.0102,1098
39.0234,-99.8815,1213
39.0235,-77.4135,1407
39.0236,-91.0419,883
39.0239,-86.9232,528
39.0243,-84.5699,1251
39.0245,-94.6287,965
39.0246,-84.4156,361
39.0256,-119.8309,2752
39.0261,-86.9374,1078
39.0261,-88.5686,949
39.0263,-76.9752,1248
39.0268,-94.657,1483
39.0268,-77.0737,644
39.0269,-84.2181,2136
39.0269,-97.2597,285
39.0272,-96.8523,3085
39.0273,-119.9192,1895
39.0273,-77.4713,3551
39.0277,-78.3371,505
39.0291,-78.2778,799
39.0293,-89.5244,548
39.0293,-83.9266,2825
39.03,-75.781,803
39.0304,-75.5186,1725
39.0305,-89.4756,553
39.0312,-121.39,2588
39.0319,-84.3707,830
39.0324,-91.4407,270
39.0326,-77.3666,1287
39.0326,-85.5129,554
39.0328,-96.7928,835
39.033,-104.4904,1376
39.0331,-97.5932,589
39.0332,-90.6534,1239
39.034,-76.9983,829
39.034,-104.3002,866
39.0342,-94.6106,269
39.0342,-84.5668,804
39.0347,-82.0324,1645
39.0347,-95.6962,7143
39.0349,-87.054,409
39.035,-95.5797,1715
39.035,-82.8257,567
39.0351,-84.5196,3294
39.0355,-84.4566,1470
39.0355,-87.1571,1643
39.0359,-94.6374,1156
39.0361,-77.0935,455
39.0362,-95.6935,8333
39.0368,-77.1203,2706
39.0373,-100.1183,439
39.0374,-108.5228,1732
39.0374,-87.1636,1567
39.0379,-85.6853,1452
39.038,-85.8373,843
39.0382,-119.9428,1095
39.0383,-122.9226,1588
39.0387,-119.7339,1848
39.0387,-121.0613,1443
39.0387,-121.0613,1382
39.0388,-80.4622,1266
39.0389,-94.6097,230
39.039,-77.4366,665
39.0392,-77.0716,1110
39.0394,-94.6156,582
39.0394,-84.6001,2630
39.0399,-104.8254,1386
39.0399,-76.9204,2437
39.0401,-84.4003,974
39.0402,-94.7685,1103
39.0409,-90.14,1259
39.0409,-87.4713,357
39.0411,-77.022,1438
39.0412,-95.3911,1008
39.0412,-94.6064,24264
39.0413,-82.1286,849
39.0413,-84.4815,1725
39.0415,-89.9511,1028
39.0416,-80.4698,1299
39.0417,-74.7688,1082
39.0423,-76.0625,1502
39.0425,-83.7522,630
39.0429,-75.5715,382
39.043,-98.1467,1016
39.043,-88.3188,689
39.0431,-77.5254,558
39.0432,-76.505,2986
39.0436,-76.4453,1284
39.0442,-76.9873,1605
39.0445,-82.6447,2732
39.045,-84.3406,1515
39.0454,-90.7408,402
39.0455,-84.5562,1598
39.0457,-82.6363,1823
39.0458,-84.5361,1674
39.0472,-74.8467,1120
39.0475,-77.3868,1743
39.0476,-84.8537,2275
39.049,-74.8718,1708
39.0492,-77.3548,1577
39.0495,-77.0582,2385
39.0504,-77.4548,723
39.0508,-90.3984,911
39.0513,-76.5749,1176
39.0514,-84.5199,210
39.0522,-77.4124,1455
39.0528,-93.8333,359
39.0533,-96.8231,4444
39.0547,-96.238,383
39.0559,-78.3705,436
39.0559,-85.1631,757
39.056,-87.5672,541
39.0561,-88.7469,1126
39.0562,-84.5798,1110
39.0568,-122.7703,2105
39.0581,-76.9508,1942
39.0581,-84.0483,1455
39.0582,-120.1421,1462
39.0587,-98.5377,708
39.0593,-77.2506,3623
39.0597,-86.5108,2973
39.0598,-85.8879,346
39.0599,-122.9158,2263
39.0603,-88.3814,1061
39.0615,-76.8462,2580
39.0617,-101.2449,463
39.0622,-75.4029,507
39.0623,-81.3973,624
39.0624,-77.4456,870
39.0628,-84.2808,1606
39.0635,-85.2566,1137
39.0636,-104.6796,9109
39.0638,-84.7083,2300
39.0641,-84.4706,1096
39.0642,-95.3323,310
39.0642,-119.7202,4246
39.0651,-119.9245,1202
39.0655,-84.598,1724
39.0656,-77.4985,1492
39.0657,-93.7268,1762
39.0658,-123.4451,1305
39.0658,-84.384,1158
39.066,-82.9971,1440
39.0661,-76.6938,3489
39.0666,-100.2347,910
39.0671,-84.5327,800
39.0673,-79.8143,719
39.0674,-78.9624,1483
39.0675,-75.5376,1189
39.0677,-76.5965,1085
39.0689,-96.167,346
39.069,-89.8551,888
39.069,-89.619,458
39.0695,-84.339,1746
39.0698,-84.9047,1648
39.0699,-84.367,1029
39.07,-92.9472,331
39.0704,-87.259,695
39.0704,-77.0466,1519
39.0706,-89.7697,1000
39.0711,-75.5677,372
39.0714,-75.476,402
39.0717,-107.1907,545
39.072,-83.8393,1106
39.0727,-89.7279,975
39.0728,-77.0006,2054
39.0732,-91.5689,1126
39.0739,-95.3875,786
39.0742,-121.8988,1365
39.0743,-85.715,973
39.0744,-104.8442,2397
39.0746,-93.7249,1319
39.0747,-83.3871,621
39.0749,-75.7661,321
39.0752,-85.3847,1222
39.0753,-84.1761,1615
39.0754,-94.8717,3590
39.0756,-79.6287,509
39.0761,-122.5845,2017
39.0765,-82.3266,462
39.0767,-108.4605,2220
39.0777,-84.5613,556
39.0782,-94.8188,2730
39.0788,-78.5903,517
39.0792,-74.8225,2672
39.0795,-121.5567,2634
39.0802,-84.322,966
39.0806,-95.5612,711
39.0808,-76.8996,2236
39.0808,-76.9525,2023
39.0819,-89.8045,902
39.0824,-96.1741,860
39.0824,-79.6465,428
39.0824,-84.4571,2163
39.0826,-86.7635,866
39.0837,-77.1556,3344
39.085,-108.655,3260
39.0853,-77.4837,1826
39.0853,-84.3609,943
39.0854,-96.028,447
39.0855,-94.3521,8018
39.0859,-89.8877,771
39.0861,-84.4869,1508
39.0865,-74.739,1876
39.0866,-122.9094,1772
39.0866,-76.5649,3692
39.0869,-94.4807,634
39.0871,-84.6176,1103
39.0876,-87.2773,422
39.0882,-89.3898,979
39.0885,-87.198,526
39.0885,-84.5951,758
39.0887,-77.3118,3675
39.0887,-84.5485,869
39.0891,-108.5675,5797
39.0891,-108.5675,7895
39.0897,-77.04,1144
39.0909,-84.4728,220
39.0916,-119.7975,3470
39.0916,-111.1336,1394
39.092,-76.4896,3327
39.0921,-86.6646,1203
39.0924,-85.8448,319
39.0927,-76.651,2502
39.093,-89.8023,935
39.0931,-78.2183,1414
39.0932,-78.0601,550
39.0933,-97.3202,364
39.0934,-108.4788,1528
39.0936,-77.082,2799
39.0938,-120.9532,1077
39.0941,-95.9429,300
39.0945,-79.6785,962
39.0951,-76.8612,1981
39.0962,-80.8562,525
39.0964,-93.5478,476
39.0968,-77.2385,2319
39.097,-89.7461,483
39.0973,-89.8337,1126
39.0973,-87.4073,1243
39.0977,-84.2951,1228
39.0992,-93.6389,542
39.0992,-75.5569,1757
39.0998,-95.8567,681
39.0999,-75.5063,1717
39.1001,-112.2704,695
39.1001,-119.9273,1768
39.1003,-80.1881,329
39.1007,-87.4074,1495
39.101,-91.6473,475
39.1012,-84.4775,864
39.1016,-76.8052,2522
39.1037,-106.319,2356
39.1039,-76.9948,2881
39.1041,-77.0689,964
39.1043,-88.1499,723
39.1046,-84.3311,1980
39.1048,-93.486,505
39.1048,-104.8436,2240
39.105,-101.0081,663
39.1057,-76.7433,2581
39.1063,-96.8125,2299
39.1064,-77.5592,3220
39.1067,-84.7277,2644
39.1074,-84.8758,2087
39.1074,-84.375,1564
39.1079,-95.0791,1830
39.1079,-108.3573,990
39.1081,-121.3512,2885
39.1087,-90.4996,409
39.1087,-89.779,867
39.1096,-87.6647,716
39.1108,-80.408,444
39.1109,-96.7024,1174
39.1117,-82.6109,676
39.1118,-100.3614,510
39.1122,-89.2137,475
39.1123,-84.4628,1035
39.1124,-75.5649,929
39.1126,-95.0814,1492
39.1129,-85.891,253
39.1129,-85.0891,595
39.1131,-75.7495,312
39.1133,-89.9585,620
39.1139,-93.1991,2370
39.1141,-77.1502,719
39.1143,-100.4684,617
39.1145,-98.9184,451
39.1147,-89.2789,740
39.115,-98.6922,523
39.1151,-93.2025,2889
39.1157,-76.8923,1365
39.1158,-104.9092,1597
39.1163,-75.5183,1109
39.1163,-75.483,787
39.1172,-90.3267,2078
39.1174,-82.5376,2397
39.118,-87.5557,347
39.118,-87.19,725
39.1184,-86.9798,798
39.1187,-84.2861,1304
39.1189,-90.3308,1983
39.1193,-111.708,861
39.1194,-92.2268,1149
39.1195,-90.0452,1043
39.12,-76.9835,1135
39.12,-98.7983,557
39.1201,-81.3874,881
39.1203,-88.0246,689
39.1206,-82.5391,1814
39.1207,-88.5509,2983
39.1208,-84.1361,714
39.1209,-76.9367,2542
39.1214,-104.1673,458
39.1218,-122.8461,1771
39.1225,-94.7418,10141
39.1231,-121.6041,4973
39.1235,-100.8452,1264
39.1238,-82.9998,1824
39.124,-84.3517,1306
39.124,-84.8611,3934
39.1241,-121.5422,2660
39.1243,-97.6997,1229
39.1252,-94.5503,16103
39.1252,-85.1201,1281
39.1254,-89.8173,1106
39.1254,-93.3945,293
39.126,-88.5317,3347
39.126,-82.9837,1853
39.1262,-121.0491,2619
39.1262,-122.8553,1193
39.1266,-100.6311,637
39.1267,-84.637,1527
39.127,-91.0579,488
39.1275,-111.8184,1254
39.1279,-79.4603,1286
39.1283,-75.5397,697
39.1285,-94.0888,1200
39.1286,-85.2926,1130
39.1287,-91.4138,515
39.1288,-76.8466,2312
39.1298,-121.6415,3696
39.1312,-123.1638,1145
39.1314,-111.0989,908
39.1315,-77.7672,550
39.1315,-89.8179,1530
39.1319,-89.495,933
39.132,-88.4796,1298
39.1322,-85.8609,574
39.1322,-75.5161,837
39.1325,-94.1968,1213
39.1329,-77.1454,2434
39.1331,-85.1786,675
39.1345,-91.7649,293
39.135,-77.664,427
39.1351,-85.8124,464
39.1352,-94.1281,705
39.1353,-94.929,2427
39.1355,-76.6956,3888
39.1358,-95.9496,676
39.1362,-103.4731,867
39.1364,-75.7668,212
39.1375,-77.7114,1670
39.1378,-89.8127,513
39.1381,-84.7128,836
39.1389,-77.7226,2489
39.1391,-97.5512,1073
39.1393,-77.8626,1114
39.1395,-94.4085,3017
39.1396,-94.5648,1899
39.1397,-84.7778,2300
39.1402,-84.5058,8015
39.1402,-92.4596,810
39.1404,-121.9079,2089
39.1405,-76.2405,1034
39.1407,-76.8826,2037
39.1407,-77.1745,527
39.1408,-104.0825,733
39.1418,-77.4105,1800
39.1424,-93.9863,948
39.1425,-85.9119,436
39.1425,-84.379,858
39.143,-87.8171,538
39.1432,-84.3972,801
39.1436,-96.3423,1057
39.1437,-77.4116,1541
39.1438,-84.3593,274
39.1443,-77.0714,3652
39.145,-75.9808,770
39.1453,-84.0062,374
39.1457,-85.206,1221
39.1457,-89.1103,957
39.1463,-75.5481,7721
39.1465,-75.8644,571
39.1465,-76.8216,1502
39.1473,-78.1443,5900
39.1473,-80.0504,1526
39.1473,-92.6857,1352
39.1475,-123.2049,2127
39.1477,-84.8299,2161
39.1477,-77.9802,1428
39.1481,-74.8461,1200
39.1483,-120.1709,1694
39.1486,-77.1951,2919
39.1487,-76.9991,2908
39.1489,-105.1623,1001
39.1491,-76.7764,2233
39.1492,-84.7353,949
39.1492,-84.6795,2710
39.1498,-122.139,2019
39.1508,-74.7027,1348
39.1511,-85.0076,1108
39.1514,-85.9252,330
39.1515,-121.5834,1690
39.1516,-86.0396,652
39.1526,-85.7259,454
39.1531,-119.7474,10916
39.1531,-85.631,324
39.1531,-76.9116,1767
39.1532,-79.4933,1696
39.1533,-122.1481,1296
39.1536,-89.4848,1792
39.1539,-76.2072,477
39.1545,-94.5452,334
39.1546,-90.1645,289
39.1551,-84.6359,1885
39.1553,-84.3765,279
39.1554,-119.754,4646
39.1556,-108.7296,2570
39.1556,-121.7493,1579
39.1557,-76.5598,3508
39.1559,-88.1491,532
39.1561,-94.4931,516
39.1563,-76.607,3778
39.1569,-111.8135,1987
39.1577,-84.6139,981
39.1585,-82.5255,673
39.1586,-84.3122,989
39.159,-90.6231,1325
39.1598,-89.4668,684
39.1605,-84.4536,1610
39.1606,-75.5217,4431
39.1611,-91.8476,507
39.1615,-87.1996,1022
39.1622,-91.8728,3168
39.1622,-97.8859,1447
39.1627,-84.8041,856
39.1627,-80.3484,895
39.1628,-96.4279,1060
39.1637,-86.5243,4378
39.1645,-76.5274,1473
39.1646,-84.7414,1129
39.1651,-122.9052,1189
39.1652,-84.2848,1749
39.1659,-75.4481,286
39.166,-88.378,725
39.1661,-86.5529,5957
39.1666,-79.6968,933
39.1674,-91.8869,2352
39.1676,-94.4501,681
39.1676,-90.7882,1116
39.1676,-84.7151,1779
39.1683,-84.845,1870
39.1683,-75.7124,216
39.1683,-103.977,1189
39.1684,-77.1844,1314
39.1688,-87.673,331
39.1702,-74.8044,2263
39.1717,-84.4941,1125
39.1721,-97.3291,342
39.1722,-94.6325,2135
39.1726,-81.8466,1224
39.1729,-96.9104,687
39.1735,-89.6585,2005
39.1736,-83.3485,168
39.1739,-78.1764,2753
39.1743,-77.2638,3747
39.1755,-84.2275,986
39.1759,-94.2009,927
39.176,-89.6655,2717
39.1762,-89.4729,2683
39.1763,-85.575,974
39.1765,-90.1414,560
39.1791,-94.3881,1120
39.1791,-87.3971,755
39.1803,-107.2383,601
39.1803,-93.8691,2076
39.1808,-84.4606,24904
39.1812,-81.5136,1125
39.1813,-123.2017,3298
39.1821,-84.6066,2211
39.1822,-84.7699,1457
39.1825,-77.0597,339
39.1833,-75.8535,1119
39.1834,-88.6532,523
39.184,-91.0155,292
39.1845,-94.6055,441
39.1845,-86.0262,468
39.1847,-96.6042,4616
39.1851,-84.3731,1662
39.1852,-77.6119,546
39.1854,-83.932,624
39.1855,-84.4892,516
39.1859,-87.2989,766
39.1866,-74.7536,1401
39.1866,-88.7877,859
39.187,-76.6331,1806
39.1872,-76.9567,1408
39.1878,-84.447,692
39.188,-80.949,448
39.1883,-96.6059,4100
39.1884,-84.4009,958
39.1885,-99.0242,590
39.1885,-77.2051,1789
39.1886,-84.336,4000
39.1889,-83.4876,766
39.1892,-98.0443,429
39.1895,-95.5681,796
39.1896,-84.2206,1301
39.1896,-87.2195,1112
39.1896,-120.1094,1161
39.1899,-84.4344,259
39.1901,-94.6202,314
39.1905,-90.3512,670
39.1906,-83.971,1347
39.1915,-84.6601,2271
39.1924,-121.0576,4944
39.1926,-96.4183,729
39.1933,-111.6904,516
39.1936,-81.7421,593
39.1938,-84.2903,592
39.194,-93.3635,456
39.1941,-93.6895,407
39.1942,-96.0642,986
39.1948,-74.6604,659
39.1952,-106.8368,1785
39.1952,-84.7212,1892
39.1953,-121.1942,1322
39.1954,-99.1701,787
39.1955,-76.7411,2625
39.1955,-94.0521,667
39.1959,-78.3458,2502
39.1964,-95.2086,689
39.1967,-83.4656,706
39.197,-94.572,273
39.1975,-89.5322,701
39.1975,-84.2511,1150
39.1982,-106.8411,2073
39.1986,-94.4788,1464
39.1991,-94.0234,606
39.1998,-77.7226,468
39.2,-122.0095,1896
39.2005,-94.5705,403
39.2005,-122.0083,1557
39.2011,-76.859,5131
39.2013,-74.7437,1548
39.2035,-84.4283,1695
39.2039,-84.3978,839
39.2041,-81.4578,850
39.2042,-82.8122,642
39.2044,-85.3283,441
39.2045,-80.4033,664
39.2047,-94.5738,235
39.2049,-93.4426,299
39.2053,-96.3101,1474
39.2053,-121.2929,769
39.2055,-89.4052,860
39.2066,-74.8184,1904
39.2069,-120.0949,943
39.207,-93.5181,1020
39.2071,-96.3088,1390
39.2072,-74.716,1645
39.2073,-81.1537,624
39.2075,-108.805,2996
39.2076,-76.0439,1367
39.2077,-84.3751,1411
39.2077,-88.2431,910
39.2077,-86.2362,1149
39.208,-120.8345,699
39.2085,-83.6133,1995
39.2085,-94.5704,380
39.2087,-85.9191,4861
39.2087,-77.1353,929
39.2096,-76.6647,2122
39.21,-91.7252,385
39.2101,-117.0679,1831
39.2106,-84.6062,2263
39.2108,-84.3573,539
39.2108,-92.1343,1549
39.2118,-83.8844,1264
39.2119,-81.0485,1143
39.212,-85.4342,862
39.2121,-84.3003,528
39.2123,-83.6112,2124
39.2126,-77.8107,2636
39.2127,-106.943,1358
39.213,-94.559,2581
39.2137,-87.6666,1221
39.2137,-94.1262,1087
39.2139,-84.7133,1051
39.2144,-94.7043,3510
39.2152,-74.9494,943
39.2153,-84.3888,666
39.2153,-84.4555,465
39.2157,-120.7985,1402
39.216,-84.5146,1813
39.216,-95.3147,905
39.2161,-76.7621,2978
39.2162,-81.7996,899
39.2163,-76.0647,1905
39.2163,-96.179,318
39.2164,-97.0188,640
39.2168,-96.7074,616
39.2169,-106.944,4787
39.2171,-84.552,1225
39.2172,-94.4809,1017
39.2173,-84.403,858
39.218,-76.2321,709
39.2182,-87.5229,378
39.2184,-76.074,1540
39.2188,-75.5882,1231
39.2194,-104.5397,672
39.2195,-76.6209,1863
39.2196,-88.9848,549
39.2197,-94.4515,473
39.2203,-121.0527,2223
39.2207,-76.4564,2993
39.2216,-76.1918,1101
39.2217,-111.0227,1366
39.2229,-77.2661,2820
39.2233,-93.0653,1092
39.2237,-74.9915,769
39.2239,-77.3761,635
39.2242,-84.4333,1543
39.2243,-105.9984,973
39.2246,-111.8542,570
39.2249,-84.8623,3215
39.2253,-123.7576,1223
39.2255,-88.4947,481
39.2259,-76.1663,1768
39.2263,-85.8192,357
39.2264,-83.2697,648
39.2265,-82.1947,1056
39.2274,-84.5664,700
39.2274,-75.6647,381
39.2279,-84.4565,1002
39.2283,-87.0443,547
39.2283,-74.8096,2571
39.2285,-84.1507,1236
39.2285,-92.8377,1054
39.2289,-94.6521,567
39.229,-84.5959,1555
39.2292,-84.3229,434
39.2293,-84.6781,2658
39.2294,-77.2982,2186
39.2296,-104.8857,1145
39.2297,-84.4816,1542
39.2302,-81.6124,1874
39.2304,-120.0022,610
39.2308,-111.0592,1085
39.2323,-99.4347,385
39.2323,-86.6241,2076
39.2323,-90.7156,656
39.2327,-94.6378,489
39.2327,-93.0041,453
39.2332,-75.922,880
39.2332,-121.1977,1588
39.2336,-74.6858,1602
39.2337,-123.1938,1449
39.2338,-84.5467,1110
39.2339,-80.1277,719
39.234,-85.5685,356
39.234,-121.138,1617
39.2341,-99.3008,993
39.2344,-94.6961,920
39.2347,-92.282,849
39.235,-98.3961,416
39.2352,-120.0782,1035
39.2353,-95.4658,495
39.2356,-76.6646,1370
39.2359,-76.6374,1196
39.2365,-84.5229,542
39.2365,-76.6425,23237
39.2365,-85.7452,905
39.237,-75.1705,489
39.237,-93.9384,701
39.2373,-85.0931,982
39.2379,-91.0132,1002
39.2383,-94.3027,951
39.2385,-84.744,1899
39.239,-85.9229,4793
39.2394,-95.965,308
39.2394,-74.6639,11588
39.2395,-83.786,872
39.24,-107.9635,678
39.2405,-75.5155,495
39.2413,-94.4194,4945
39.2427,-76.6921,2319
39.2428,-91.6426,762
39.2429,-94.8979,3184
39.2435,-84.457,783
39.2452,-81.6588,1871
39.2461,-84.3868,2500
39.2465,-97.343,205
39.2467,-84.5796,1262
39.2468,-120.0586,1496
39.2472,-82.4783,1179
39.2473,-106.2935,984
39.2473,-114.8751,1598
39.2475,-120.0199,1535
39.2479,-88.16,1201
39.2491,-112.1044,925
39.2492,-88.8594,576
39.2494,-95.7079,622
39.2499,-96.3145,641
39.2501,-80.3054,837
39.2507,-78.0609,683
39.2509,-84.4267,1983
39.2512,-84.348,2092
39.2513,-106.3,1434
39.2525,-87.3807,783
39.253,-84.5927,1443
39.2532,-99.5635,470
39.2533,-91.2235,1043
39.2538,-89.3488,1010
39.2539,-84.6434,1844
39.2541,-119.5616,1926
39.2556,-84.4711,1451
39.2563,-84.7846,2479
39.2563,-80.294,933
39.2565,-81.6309,2026
39.2566,-84.7862,2098
39.2566,-90.0668,668
39.2578,-74.8749,2460
39.2578,-84.8223,427
39.2584,-119.9569,4171
39.2585,-81.703,585
39.2587,-74.6574,1287
39.2596,-121.0333,1361
39.26,-106.3113,1421
39.2601,-87.2553,473
39.2604,-80.3265,856
39.2605,-104.9678,2655
39.2613,-81.5434,3117
39.2614,-75.8426,883
39.2623,-90.8287,224
39.2624,-75.0465,2293
39.2625,-90.9003,466
39.2626,-74.9819,1205
39.2628,-78.3282,850
39.2631,-82.9659,1246
39.2638,-88.6301,711
39.2639,-119.6357,893
39.264,-77.8813,2199
39.2645,-76.7417,3393
39.2649,-87.1193,512
39.2649,-114.8709,2507
39.2651,-103.6859,1615
39.2651,-123.5897,975
39.2656,-84.5546,1677
39.2657,-119.9463,4211
39.2665,-111.6353,1629
39.2666,-80.1285,501
39.2668,-76.4965,3285
39.267,-84.5194,1013
39.267,-85.6992,517
39.2673,-81.5609,5735
39.2676,-93.8313,728
39.2677,-84.2688,2090
39.2678,-86.2963,1021
39.2685,-123.2028,1505
39.2686,-80.3349,4183
39.2692,-80.3051,916
39.2692,-92.7042,822
39.2693,-90.2066,779
39.2693,-76.1572,909
39.2695,-74.5998,2360
39.2698,-77.6404,858
39.2699,-74.9713,635
39.27,-81.0557,963
39.2703,-123.7817,1174
39.2703,-85.091,672
39.2703,-80.3618,2831
39.2705,-75.1002,1004
39.2707,-76.0918,872
39.2707,-84.4585,1163
39.2709,-106.8883,711
39.271,-77.1968,3427
39.2711,-79.3662,506
39.2712,-84.5699,778
39.2716,-119.5449,5364
39.2724,-84.6657,1064
39.2725,-93.9711,1905
39.2726,-75.2344,280
39.2728,-88.2422,856
39.2732,-87.4981,427
39.2741,-75.6315,1267
39.2742,-91.5767,486
39.2746,-97.7649,699
39.2749,-121.6635,1172
39.2753,-84.3269,958
39.2754,-93.9726,2252
39.2767,-76.834,4974
39.277,-87.1127,667
39.2771,-122.1947,1331
39.2772,-74.6349,1325
39.2775,-89.8761,1666
39.2782,-77.5291,961
39.2782,-103.4987,506
39.2784,-84.1121,365
39.2788,-121.6624,1604
39.2793,-114.99,534
39.2795,-89.8803,1569
39.2797,-92.3595,702
39.2797,-84.3532,736
39.28,-84.7467,926
39.2805,-81.5923,1695
39.2805,-91.2118,477
39.2806,-84.4075,2844
39.2817,-85.7498,430
39.2819,-82.3943,577
39.2821,-80.4621,548
39.2822,-76.0992,821
39.2826,-85.8691,270
39.2829,-83.1596,644
39.2841,-80.9661,1491
39.2841,-89.3029,699
39.2843,-85.169,737
39.2843,-103.274,641
39.2849,-80.5645,1050
39.2861,-106.0689,598
39.2862,-90.554,332
39.2862,-84.526,2306
39.2863,-89.1066,542
39.2867,-86.7726,1186
39.2874,-80.3158,1099
39.2876,-112.6511,1591
39.2876,-75.2351,367
39.2883,-94.8285,976
39.2892,-84.3471,533
39.2892,-74.7497,927
39.2906,-84.4758,2026
39.2915,-75.1698,1324
39.2916,-80.4413,1058
39.2923,-119.7768,2038
39.2923,-112.629,561
39.2924,-75.0075,1320
39.2927,-74.7705,993
39.2927,-84.5757,1307
39.2927,-79.3528,1017
39.2945,-90.4069,1252
39.295,-83.973,1836
39.2953,-75.6087,2299
39.2958,-84.264,1032
39.2962,-84.6385,2320
39.2965,-85.9503,937
39.2966,-103.0646,1084
39.2968,-80.776,545
39.2972,-90.6129,917
39.2975,-94.9202,4227
39.2977,-85.2135,2254
39.298,-102.8695,532
39.2992,-96.8278,647
39.2993,-85.766,886
39.2995,-84.9665,2372
39.2999,-77.8498,3064
39.2999,-86.6499,302
39.3,-76.6105,8169
39.3003,-89.2852,1020
39.3008,-85.2157,2124
39.3014,-76.4444,2763
39.3016,-84.5493,936
39.3016,-84.0904,300
39.3017,-74.7056,2519
39.302,-78.4328,763
39.3021,-102.7434,427
39.3024,-93.676,731
39.3029,-102.6035,651
39.3032,-75.9942,649
39.3034,-80.2429,2956
39.3035,-77.9806,961
39.3037,-119.5276,1779
39.3038,-102.4234,365
39.3042,-102.2714,1330
39.3043,-122.5059,1671
39.3054,-87.9853,1470
39.3055,-76.7478,2804
39.3063,-92.5132,572
39.3069,-83.9108,542
39.3069,-86.1238,1483
39.307,-77.4693,937
39.3073,-96.0576,401
39.3075,-119.6483,845
39.3075,-78.3252,1673
39.308,-81.8975,494
39.3081,-91.4895,1361
39.309,-84.897,613
39.3096,-85.3269,507
39.3099,-74.9714,1111
39.31,-108.205,1513
39.3101,-77.883,2585
39.3108,-96.9504,595
39.3113,-74.527,571
39.3121,-86.9543,638
39.3125,-123.7924,1364
39.3128,-76.3823,1610
39.3139,-84.6601,1605
39.3143,-94.6653,303
39.3151,-81.5088,683
39.3153,-94.2738,1363
39.3156,-94.3071,1237
39.3171,-84.2763,1293
39.3171,-123.1099,1822
39.3172,-74.6064,1818
39.318,-77.6253,1643
39.3181,-85.6398,258
39.3192,-99.5845,396
39.3195,-84.1851,1144
39.3198,-89.5745,1018
39.32,-89.288,1117
39.3201,-77.6222,1732
39.3203,-121.4038,3904
39.321,-120.4383,890
39.3216,-88.4503,1076
39.3225,-93.2259,679
39.3227,-94.925,4480
39.3227,-95.2692,521
39.3228,-81.5298,1809
39.323,-83.8123,551
39.3235,-88.8982,573
39.3241,-77.4281,868
39.3242,-77.7517,598
39.3245,-82.2171,568
39.3248,-120.3787,527
39.3252,-77.7414,664
39.3254,-79.5546,1318
39.3258,-83.6928,813
39.3258,-77.3415,2532
39.326,-76.0424,391
39.3263,-82.1002,2863
39.3263,-75.0306,1197
39.3272,-76.5084,2379
39.3281,-106.6563,394
39.3285,-77.7051,422
39.3301,-110.9628,1365
39.3309,-80.334,872
39.3309,-74.5068,1080
39.3314,-84.5427,4144
39.3323,-82.1049,2792
39.3326,-121.5388,1869
39.3327,-81.3813,1117
39.3336,-112.6735,2032
39.3337,-77.6228,677
39.3349,-101.5495,759
39.3352,-84.4035,543
39.3362,-85.9761,403
39.3365,-102.0373,464
39.3366,-77.0705,1103
39.337,-78.9222,1005
39.3372,-80.0312,1695
39.3372,-83.3071,385
39.3384,-87.8809,1291
39.3386,-75.2145,1359
39.3386,-95.7218,389
39.3388,-85.2048,595
39.3393,-95.4612,762
39.3395,-98.4709,456
39.3395,-76.4287,3243
39.3395,-77.3447,1697
39.3399,-94.241,2990
39.3405,-82.9961,2942
39.3406,-80.0161,1740
39.3417,-94.163,1371
39.3418,-83.552,981
39.3418,-77.2403,3754
39.3419,-120.2113,3995
39.342,-74.4826,1270
39.3425,-75.8789,549
39.3431,-92.4098,545
39.3432,-80.3164,639
39.3434,-89.2185,514
39.3436,-104.4581,840
39.3437,-74.571,1773
39.3439,-83.6001,374
39.3443,-94.7714,2215
39.3445,-90.2082,1189
39.3445,-78.7558,933
39.3446,-101.715,1519
39.3448,-91.2025,1489
39.3448,-84.438,1990
39.3455,-95.1171,373
39.3457,-91.3415,475
39.346,-94.2381,2168
39.3461,-83.0047,3676
39.3463,-94.0649,521
39.3479,-76.7272,2147
39.348,-76.7694,2393
39.3485,-101.7138,1926
39.3486,-84.1205,1296
39.3488,-79.6767,913
39.3489,-77.8368,914
39.3489,-85.5018,2686
39.349,-100.0744,628
39.3493,-110.8554,860
39.3496,-97.4523,786
39.3497,-88.6218,668
39.3502,-89.7839,724
39.3503,-83.3907,1184
39.3504,-85.6197,316
39.3505,-120.1939,5163
39.3507,-86.6665,556
39.351,-85.5012,2778
39.3511,-86.1084,1050
39.3519,-85.9638,1652
39.3533,-77.6889,686
39.3535,-83.3883,1310
39.3538,-78.0552,1534
39.3539,-84.0989,1039
39.3539,-74.7751,6634
39.3551,-94.3586,3316
39.3557,-90.0374,549
39.3558,-100.4398,842
39.3559,-84.9371,353
39.3561,-100.7242,310
39.3566,-76.4779,2106
39.3566,-121.2104,2526
39.3576,-91.1837,189
39.3577,-89.5322,770
39.3578,-111.5824,1200
39.3583,-94.1866,951
39.3583,-84.2438,964
39.3591,-111.586,2055
39.3592,-120.7905,1252
39.3592,-121.6986,1811
39.3595,-77.2749,1361
39.3595,-99.6874,462
39.3597,-94.7563,1808
39.3607,-84.2959,4008
39.3609,-75.1365,2406
39.361,-97.837,523
39.3612,-86.0927,809
39.3615,-97.2664,528
39.3619,-85.8314,536
39.3622,-74.9145,1449
39.3623,-94.3648,2151
39.3629,-121.6975,1353
39.3631,-101.3771,462
39.3631,-123.8042,1571
39.3632,-94.2005,362
39.3633,-112.5438,2666
39.3633,-84.3767,864
39.3633,-84.2201,1684
39.3636,-93.4951,1854
39.364,-96.8596,502
39.3641,-76.5175,1577
39.3648,-80.307,800
39.3651,-104.6039,1327
39.3652,-82.1336,1371
39.3653,-77.5407,1516
39.3656,-119.3832,2623
39.3666,-87.1323,348
39.3671,-76.0725,902
39.3681,-74.5908,1450
39.3686,-107.0488,1291
39.3687,-99.8405,1177
39.3688,-81.4884,1718
39.3695,-122.5438,1076
39.3695,-90.9049,692
39.3718,-121.1061,1413
39.3719,-76.8019,2903
39.3721,-76.9717,1148
39.3723,-87.472,627
39.3729,-86.2586,558
39.3731,-74.5541,1719
39.3734,-75.2088,1538
39.3742,-80.3483,644
39.3742,-81.3905,796
39.3747,-77.1538,1847
39.3747,-112.3383,980
39.3751,-88.3507,399
39.3752,-88.245,225
39.3753,-81.6712,562
39.3761,-121.4117,3327
39.3762,-77.6843,433
39.3762,-104.8529,5352
39.3767,-77.734,493
39.3773,-74.4511,2978
39.3775,-94.7912,581
39.3775,-89.6526,449
39.378,-81.2638,580
39.3782,-77.6616,483
39.3785,-74.6503,1992
39.3801,-97.124,1440
39.3802,-87.0115,640
39.3802,-84.3598,1345
39.3811,-77.4202,2983
39.3812,-97.1274,1622
39.3813,-87.2039,413
39.3815,-76.4584,2092
39.3817,-85.2523,399
39.3825,-85.5613,379
39.3832,-76.5519,1879
39.3835,-119.2146,7684
39.3836,-107.0807,1733
39.3845,-89.066,1669
39.3846,-101.045,1741
39.3849,-93.2199,446
39.386,-97.934,460
39.3861,-99.6135,852
39.3862,-79.1556,461
39.3868,-88.9592,910
39.3869,-101.0473,1563
39.3875,-94.1441,1075
39.3877,-110.8156,762
39.3881,-101.1948,912
39.3886,-79.4685,761
39.3888,-77.353,1327
39.3888,-74.5143,2172
39.3889,-79.8536,804
39.3892,-79.1833,428
39.3892,-75.3444,832
39.3896,-112.6399,1338
39.3898,-87.3002,272
39.3899,-94.2082,445
39.39,-104.7424,1558
39.3901,-75.0548,5884
39.3912,-85.7175,508
39.3914,-77.2734,1208
39.3918,-76.6996,3191
39.3918,-79.3727,512
39.3923,-80.299,1174
39.3924,-84.6529,693
39.3929,-79.7466,525
39.3929,-120.0151,885
39.3935,-77.6278,612
39.3938,-95.6285,304
39.3942,-96.4137,637
39.3942,-76.6178,3416
39.3943,-84.5655,4207
39.3944,-81.2037,919
39.3946,-89.0908,1783
39.395,-86.5628,476
39.3956,-107.215,1308
39.3965,-87.302,482
39.3969,-94.571,3650
39.3969,-94.571,2376
39.3973,-92.2757,678
39.3973,-85.1781,587
39.3976,-92.9921,386
39.398,-81.2208,1155
39.3982,-86.3492,1194
39.3983,-81.4546,1109
39.3986,-104.6352,3450
39.3987,-76.9417,3893
39.3991,-80.305,1806
39.3995,-89.8077,619
39.3995,-87.6912,1739
39.3997,-104.865,5425
39.4,-79.3811,1256
39.4005,-82.1266,674
39.401,-107.2201,1474
39.4013,-81.9551,433
39.4016,-122.0194,1097
39.4017,-75.2787,617
39.4018,-83.9889,620
39.402,-77.6583,429
39.402,-114.7775,999
39.4023,-76.7518,1614
39.4038,-107.145,841
39.4041,-94.8913,1761
39.4042,-76.9526,5729
39.4043,-74.832,2194
39.4048,-75.6991,935
39.4048,-75.8674,631
39.4049,-76.5227,2403
39.405,-76.43,2196
39.405,-123.3489,1527
39.405,-77.3399,1490
39.4063,-83.1832,644
39.4063,-77.3634,8136
39.4064,-107.166,742
39.4067,-76.4778,2391
39.4068,-86.5018,611
39.407,-107.0942,2091
39.4072,-80.4911,1081
39.4074,-84.8755,190
39.4075,-97.9732,986
39.4081,-88.8088,1599
39.4085,-79.3882,1899
39.4095,-77.4936,2097
39.41,-75.342,1011
39.4102,-121.7133,859
39.4103,-88.7997,1849
39.4103,-85.3077,1425
39.4105,-76.7894,2803
39.4124,-86.1499,1453
39.4124,-75.3137,516
39.4133,-79.0129,1673
39.4137,-77.3012,2612
39.4139,-74.3779,2319
39.4145,-79.48,367
39.4147,-86.4317,2748
39.415,-118.7165,1531
39.4151,-77.7365,356
39.4152,-75.1912,1526
39.4154,-95.33,597
39.4158,-87.0756,781
39.4166,-76.3522,2355
39.4169,-123.3593,1893
39.4169,-81.4393,3343
39.4171,-79.4024,1495
39.4179,-88.2888,308
39.4181,-92.4365,3296
39.4196,-80.2834,1558
39.4203,-76.2968,3755
39.4209,-85.4801,422
39.4212,-92.435,3069
39.4212,-123.7956,2842
39.4217,-89.459,924
39.4218,-80.1857,931
39.4232,-81.4464,2636
39.4233,-85.0102,1073
39.4233,-92.8024,1050
39.4236,-74.493,2135
39.424,-79.326,907
39.424,-76.6177,1320
39.4242,-84.218,3332
39.4245,-86.4225,2256
39.4248,-76.5665,2215
39.4251,-99.2764,1168
39.426,-100.8972,525
39.4261,-121.3542,1561
39.427,-86.0039,735
39.4272,-93.1272,996
39.4278,-120.9997,1888
39.4282,-85.6287,491
39.4289,-94.5128,573
39.4291,-77.6749,593
39.4291,-83.8162,3266
39.4292,-75.2286,2266
39.4294,-96.7594,476
39.4301,-96.9999,401
39.4307,-121.5229,4903
39.4314,-92.9378,796
39.4319,-77.8047,575
39.4321,-96.616,447
39.4321,-84.5406,860
39.4328,-84.4847,801
39.433,-94.2203,1563
39.4336,-91.6623,1068
39.4339,-83.019,1369
39.4341,-77.4145,4445
39.4343,-85.5934,457
39.4345,-89.9959,907
39.4349,-77.6655,534
39.435,-85.3492,568
39.4358,-82.0958,684
39.4364,-92.5438,1382
39.4386,-90.4011,1458
39.4386,-92.6637,380
39.4389,-88.5954,721
39.439,-75.2296,3167
39.439,-74.8683,2601
39.4394,-78.9821,1276
39.4397,-104.9699,1060
39.4398,-123.8018,1543
39.4403,-75.2637,1033
39.4405,-98.6995,1126
39.4406,-85.8811,557
39.4407,-89.6525,764
39.4413,-77.5352,1321
39.4415,-91.062,1607
39.4418,-104.897,1916
39.4421,-90.7882,598
39.4421,-84.5298,379
39.4425,-108.043,1589
39.4425,-76.6586,1923
39.4426,-77.6873,717
39.4427,-74.4702,1269
39.4429,-83.8133,2796
39.4432,-75.3168,830
39.4432,-90.8729,794
39.4433,-123.3938,2446
39.4434,-75.7175,3336
39.4436,-78.6976,1051
39.4438,-74.6519,1993
39.4441,-104.751,2757
39.4443,-79.5436,988
39.4444,-120.736,1107
39.4446,-86.9543,657
39.4457,-76.6008,2172
39.446,-84.3658,3607
39.4466,-89.782,877
39.4467,-83.3594,788
39.4468,-108.0521,1373
39.4484,-104.7495,2925
39.4485,-85.1372,578
39.4485,-106.0368,1417
39.4496,-90.5386,820
39.4506,-105.0741,2759
39.4519,-76.4303,2877
39.4519,-97.5298,289
39.4521,-121.0487,841
39.4522,-75.2498,480
39.4523,-74.7075,2157
39.4525,-75.235,702
39.4528,-108.0039,3032
39.4528,-94.7502,714
39.453,-80.1554,1632
39.4534,-78.9731,1076
39.4536,-85.6629,1018
39.4536,-94.6403,1066
39.4539,-99.0983,420
39.4541,-76.816,2049
39.4542,-94.3385,654
39.4542,-76.1335,3030
39.4555,-87.9964,898
39.4565,-75.6596,647
39.4569,-75.2235,461
39.4576,-77.7493,428
39.4577,-80.264,693
39.4578,-77.9782,2338
39.4579,-93.5239,671
39.458,-87.4643,354
39.4583,-88.4963,564
39.4583,-80.2208,634
39.4587,-89.4079,906
39.4599,-79.2327,562
39.4602,-82.2214,1964
39.4602,-82.2214,1603
39.462,-87.3764,6215
39.4624,-75.2924,996
39.4625,-104.8706,2812
39.4627,-90.6197,1114
39.4633,-87.4239,353
39.4635,-76.2731,1509
39.4635,-82.1804,622
39.4638,-87.4506,788
39.4642,-87.376,5354
39.4645,-82.7461,475
39.4645,-80.1586,4080
39.4646,-121.2632,2829
39.4647,-76.2159,2119
39.4647,-98.1083,1798
39.465,-74.9971,7509
39.4659,-75.2036,1173
39.4666,-107.2599,1033
39.4667,-120.8411,537
39.4667,-97.2037,528
39.4671,-77.686,265
39.4673,-75.0237,6855
39.4678,-98.9486,505
39.4685,-75.2398,1086
39.4688,-74.5502,1515
39.4694,-105.0825,1776
39.4699,-95.7326,1485
39.4699,-93.3356,676
39.4704,-100.7439,464
39.472,-79.6822,1415
39.4723,-82.912,553
39.473,-92.0085,1021
39.4737,-118.7779,1749
39.4739,-82.7364,417
39.4743,-77.3634,1982
39.4746,-81.4714,2057
39.4751,-75.3178,427
39.4755,-92.2138,608
39.4759,-82.0795,445
39.4761,-94.5619,702
39.4766,-121.5439,1474
39.4766,-74.9057,2033
39.4769,-80.1491,2663
39.4769,-106.2011,5141
39.4771,-78.9452,712
39.4777,-90.1038,906
39.4778,-79.0465,561
39.4778,-88.3622,2916
39.4778,-88.3677,2623
39.478,-76.6308,3142
39.4787,-75.138,1477
39.4788,-79.0589,469
39.4788,-84.4664,2018
39.4789,-89.9803,679
39.479,-94.9847,424
39.4791,-88.8612,266
39.4794,-80.2723,827
39.4794,-86.3937,1304
39.4799,-111.4918,1078
39.4799,-105.0033,1141
39.4799,-82.3214,840
39.4807,-76.2419,1468
39.4807,-90.4868,805
39.4813,-79.0785,715
39.4814,-85.2483,757
39.4814,-89.1949,615
39.4819,-74.8383,1160
39.482,-74.4526,1140
39.4822,-84.3641,6649
39.4833,-75.2412,678
39.4841,-90.374,964
39.4841,-94.3172,1029
39.4847,-74.549,953
39.4848,-88.1776,2736
39.485,-88.1761,2528
39.4852,-111.6361,572
39.4856,-121.3202,1042
39.4859,-82.0816,749
39.4859,-84.5523,772
39.4862,-106.0393,3031
39.4862,-76.3939,1896
39.4863,-77.6976,835
39.4864,-87.1889,519
39.4871,-75.3246,564
39.4875,-79.0421,851
39.4877,-118.7923,3392
39.4891,-77.2569,1409
39.4893,-96.1702,735
39.4902,-123.7757,1146
39.4906,-74.4433,447
39.4907,-74.889,1658
39.4909,-83.6353,985
39.4919,-92.1343,464
39.4924,-78.7722,1652
39.4924,-91.3202,601
39.4925,-80.2547,852
39.493,-91.7906,294
39.4932,-105.0475,2135
39.4932,-74.6084,1230
39.4934,-87.2669,856
39.4936,-121.4838,4219
39.4937,-121.7508,874
39.494,-84.2851,1335
39.4944,-81.8682,667
39.4947,-79.6398,437
39.4949,-80.56,491
39.4949,-80.9106,545
39.4949,-74.4786,2139
39.4951,-79.8175,2023
39.4954,-86.0502,3593
39.4954,-121.5601,3385
39.4969,-75.6559,4463
39.4975,-84.669,1394
39.4975,-117.074,974
39.498,-121.539,4668
39.4981,-85.4676,739
39.4984,-93.1939,436
39.4989,-79.0516,477
39.4992,-77.7658,516
39.4995,-106.0432,2232
39.5002,-98.3065,599
39.5005,-85.2859,553
39.5012,-75.2204,1337
39.5017,-80.1698,754
39.5018,-94.7994,397
39.502,-85.1879,443
39.5021,-82.2427,577
39.5022,-96.3186,356
39.5023,-94.6296,964
39.5023,-82.0841,1039
39.5029,-83.9906,905
39.503,-84.3649,4646
39.5043,-87.2257,697
39.5046,-98.5473,961
39.5053,-75.4593,433
39.5056,-84.7443,2532
39.5058,-83.1543,362
39.5059,-104.7758,4302
39.5061,-89.7711,1248
39.5064,-84.7511,2441
39.5081,-76.3094,4187
39.5086,-112.3934,1617
39.5086,-94.1546,245
39.5088,-82.1691,512
39.5089,-85.0686,899
39.5089,-121.6011,3234
39.5093,-106.3699,448
39.5094,-95.8557,457
39.5094,-91.5293,580
39.5095,-98.4331,911
39.5101,-87.1873,592
39.5102,-78.9175,970
39.5102,-76.2867,9401
39.5102,-77.5714,978
39.5103,-79.8005,733
39.5106,-77.6647,1586
39.5112,-92.441,497
39.5112,-115.9658,1032
39.5112,-96.0764,346
39.5122,-87.4645,1011
39.5122,-80.2504,585
39.5132,-85.021,559
39.5137,-81.0618,289
39.5144,-74.5908,1471
39.5146,-91.9447,218
39.5147,-104.8222,778
39.5148,-122.1992,1529
39.5148,-77.757,205
39.5152,-75.5814,577
39.5161,-86.3957,316
39.5162,-119.923,1095
39.5164,-75.244,1203
39.5164,-76.1745,2396
39.518,-89.0477,903
39.5184,-81.0733,535
39.5185,-106.6587,428
39.519,-80.299,531
39.5208,-92.7362,615
39.5212,-85.6379,600
39.5212,-86.7987,1696
39.5214,-119.9839,1653
39.5215,-86.6424,496
39.5216,-78.6354,1346
39.5223,-88.7546,873
39.5224,-87.1245,1743
39.5229,-95.3969,714
39.523,-84.0654,521
39.5231,-87.117,2333
39.5248,-85.7732,2823
39.5249,-122.1995,1488
39.5251,-94.772,821
39.5254,-87.0891,925
39.527,-120.0234,1855
39.527,-111.5831,937
39.5272,-75.8117,661
39.5276,-121.2662,2274
39.5281,-104.8258,649
39.5286,-104.8172,646
39.5286,-77.7437,619
39.5287,-80.3405,949
39.5288,-121.4663,1268
39.5292,-74.9452,2499
39.5292,-119.7957,11679
39.5294,-81.5076,433
39.5306,-88.0201,814
39.5309,-104.871,2844
39.5312,-85.9716,155
39.5313,-112.2852,1136
39.5314,-78.4553,661
39.5319,-84.0909,1396
39.5322,-80.1206,657
39.5323,-79.0168,413
39.5324,-121.1666,1197
39.533,-110.4295,3051
39.5334,-83.4322,2461
39.5337,-87.0731,823
39.5338,-104.7998,1228
39.5338,-86.3788,279
39.5338,-76.4385,3397
39.534,-77.3099,764
39.5343,-94.5618,588
39.5348,-74.4761,2480
39.5349,-76.3463,1582
39.5357,-106.3818,2568
39.5357,-77.7463,996
39.5357,-77.6462,577
39.5359,-110.7344,2053
39.5359,-80.6387,1105
39.5359,-95.0515,710
39.5366,-82.4033,1887
39.537,-87.3653,1718
39.5372,-95.9656,349
39.5376,-107.7703,2403
39.5379,-93.4413,515
39.5379,-83.4278,2725
39.538,-82.4291,544
39.5381,-75.1763,1433
39.5383,-79.0097,450
39.5384,-82.4064,1987
39.5384,-84.5033,128
39.5387,-81.6442,623
39.5391,-91.0127,595
39.5392,-78.8868,858
39.5402,-77.4206,726
39.5404,-89.758,709
39.5407,-111.4559,1553
39.5408,-80.1442,350
39.5408,-104.9711,4473
39.5414,-100.5672,500
39.5423,-90.3303,936
39.5426,-97.9523,456
39.5426,-86.2032,3927
39.5427,-105.2963,1425
39.5429,-77.0992,780
39.543,-104.8226,907
39.5431,-107.7776,1816
39.5438,-107.3349,2122
39.544,-87.2992,585
39.5445,-86.3699,903
39.545,-78.6147,553
39.5453,-85.7795,3360
39.5457,-104.8533,1453
39.5458,-91.172,330
39.546,-89.2873,2122
39.546,-77.7245,554
39.5466,-76.1136,2213
39.5471,-107.3426,2193
39.5475,-75.4109,854
39.548,-107.6527,1178
39.5487,-91.8567,824
39.5487,-90.48,913
39.5489,-81.7944,520
39.5491,-119.8499,9479
39.55,-81.6358,750
39.551,-75.0102,1197
39.5512,-79.8003,479
39.5516,-78.9977,352
39.5517,-94.036,712
39.5519,-83.7857,299
39.552,-86.2627,1118
39.5522,-77.6409,620
39.5524,-120.8931,1300
39.5528,-83.2568,1139
39.5534,-76.3729,3628
39.5536,-95.5204,524
39.5537,-76.9738,4665
39.554,-77.6219,1016
39.5542,-94.4634,1723
39.5543,-82.7781,563
39.5544,-77.9945,329
39.5545,-87.9396,918
39.5548,-77.8016,718
39.555,-84.2957,2787
39.5551,-78.8711,1096
39.5551,-86.0744,2125
39.5557,-104.8958,704
39.5562,-111.8606,816
39.5574,-78.9911,359
39.5583,-88.5387,709
39.5591,-75.6487,1066
39.5594,-90.4336,673
39.5595,-84.1868,1303
39.5597,-107.2928,384
39.5598,-80.9987,658
39.5608,-93.9262,444
39.5608,-80.1779,659
39.5611,-89.3603,569
39.5616,-75.3453,2376
39.5617,-86.0994,1094
39.5618,-94.3199,1859
39.5622,-84.2336,2758
39.5626,-95.1366,2571
39.5627,-89.3083,2916
39.5629,-85.9121,541
39.5633,-74.8559,1615
39.5635,-80.6848,539
39.5637,-74.5959,2991
39.5637,-98.6916,464
39.5638,-77.8875,1018
39.5638,-84.6393,466
39.5646,-90.6499,564
39.5648,-119.1894,10059
39.5651,-81.3925,220
39.5652,-97.6555,1605
39.5653,-78.7053,730
39.5656,-78.9788,546
39.5656,-74.3824,2389
39.5658,-95.1328,2107
39.5664,-85.0934,879
39.5669,-97.6468,1927
39.567,-80.7295,875
39.5673,-97.2936,420
39.5677,-75.4795,1592
39.5681,-97.2806,580
39.5682,-75.4726,1390
39.5689,-97.451,593
39.5689,-84.8114,454
39.5694,-74.7079,1622
39.5694,-84.819,469
39.5699,-87.4258,1461
39.5702,-82.9467,547
39.5704,-89.6536,793
39.571,-77.1728,967
39.5712,-95.3037,405
39.5714,-87.2456,922
39.5717,-86.883,1307
39.5727,-120.6276,1332
39.5727,-85.622,431
39.573,-76.0649,1622
39.5738,-75.5946,1239
39.5738,-77.7482,2232
39.5739,-105.3944,1070
39.5739,-105.9347,5842
39.5743,-119.7152,5485
39.5749,-104.8324,1607
39.5758,-104.8654,965
39.576,-74.2518,899
39.5761,-107.5343,1353
39.5763,-89.744,1844
39.5767,-105.1137,2847
39.5776,-107.5265,1435
39.5783,-82.2288,1035
39.5784,-107.4549,883
39.5784,-85.5774,440
39.5785,-106.091,1173
39.5786,-120.8164,1619
39.5787,-106.0938,1332
39.579,-84.321,1713
39.5792,-77.0067,2361
39.5792,-89.4081,316
39.5797,-75.0564,1327
39.5802,-87.588,671
39.5808,-83.7233,369
39.5809,-87.4609,626
39.5813,-78.8555,752
39.5815,-105.8676,255
39.5815,-77.6513,973
39.5817,-83.1205,1210
39.5818,-90.2518,640
39.5821,-75.9867,982
39.5822,-120.3621,2034
39.583,-77.6139,671
39.5833,-78.9511,293
39.5842,-91.3989,757
39.5848,-85.8624,970
39.5862,-82.5262,558
39.5868,-89.4165,821
39.5872,-86.4754,1217
39.5874,-95.0238,404
39.5878,-74.4545,835
39.5878,-92.4729,301
39.5879,-95.6112,911
39.5881,-84.5598,694
39.5881,-104.7857,1045
39.5883,-89.4486,429
39.5883,-94.9236,459
39.5886,-105.0692,2339
39.5896,-85.7559,527
39.5896,-78.9487,361
39.5902,-93.7959,698
39.5904,-105.0201,3225
39.5905,-74.3491,3271
39.5906,-93.1339,385
39.5909,-104.8638,4986
39.5912,-104.4608,2182
39.5918,-97.4002,745
39.5919,-89.4258,238
39.5922,-74.3331,1665
39.5923,-75.1746,856
39.5925,-82.1524,554
39.5926,-89.9528,924
39.5927,-80.2468,480
39.5934,-83.5878,287
39.5935,-78.835,1480
39.5937,-89.5846,1048
39.5952,-88.6089,1511
39.5952,-74.8884,727
39.5957,-88.6088,1512
39.5967,-74.8432,2610
39.5973,-77.818,900
39.5976,-80.0191,673
39.5987,-122.5323,1103
39.5989,-77.6128,1079
39.5992,-87.1077,350
39.5995,-97.8613,491
39.5996,-105.0309,901
39.6002,-94.7975,902
39.6004,-74.2116,1223
39.6005,-90.8101,1986
39.6007,-76.4724,2668
39.6012,-82.9325,2438
39.6015,-78.945,190
39.6015,-75.7473,2861
39.6016,-82.0876,595
39.6025,-86.3687,2352
39.603,-119.2356,2955
39.603,-95.7189,893
39.603,-80.9354,835
39.6034,-86.1052,4863
39.604,-110.8004,2037
39.6047,-88.3201,532
39.6047,-87.4229,871
39.605,-82.8234,976
39.605,-87.5182,354
39.6051,-93.3433,673
39.6051,-82.9374,2466
39.6052,-110.8424,937
39.6058,-75.8217,2730
39.6061,-104.3358,4229
39.6062,-79.8829,2760
39.6067,-77.7051,678
39.6079,-83.3953,752
39.608,-75.9417,1297
39.6083,-78.9501,403
39.6095,-104.8645,1173
39.6102,-78.9631,568
39.6103,-119.7771,3466
39.6106,-82.2019,1361
39.6109,-100.0014,630
39.611,-76.099,1384
39.6111,-84.0079,469
39.6111,-110.8033,2881
39.6118,-106.6197,4686
39.6119,-78.9404,360
39.6126,-78.8083,564
39.6132,-94.5948,913
39.6134,-74.6508,1714
39.6134,-83.6106,489
39.6137,-85.4474,1542
39.6143,-77.5943,525
39.6143,-78.2857,841
39.6143,-87.6924,2013
39.6145,-102.5914,358
39.6146,-76.8548,1660
39.6151,-87.6891,2164
39.6152,-78.7614,1541
39.6152,-78.9084,903
39.6157,-77.7711,1898
39.6159,-104.9117,2610
39.617,-104.0439,1024
39.6174,-77.387,628
39.6178,-119.8231,1726
39.618,-75.073,1685
39.6186,-85.4459,1682
39.6189,-75.6808,2184
39.6192,-105.1351,2783
39.62,-77.4077,1603
39.62,-77.4077,1769
39.6202,-90.6759,455
39.6202,-106.9564,2700
39.6205,-90.0477,827
39.6223,-78.9429,805
39.6225,-87.2816,571
39.6225,-87.4553,545
39.6228,-90.9917,913
39.6228,-100.419,862
39.6232,-82.0893,507
39.6234,-77.5916,504
39.6237,-78.9567,486
39.6239,-83.265,530
39.6247,-78.2275,526
39.6251,-78.0162,298
39.6256,-85.3024,397
39.6257,-79.32,638
39.6258,-89.0214,1300
39.6259,-106.0437,1106
39.6259,-77.9396,339
39.6265,-77.6627,1771
39.6266,-105.0509,739
39.6269,-77.8139,462
39.6269,-110.8333,2146
39.6269,-105.4097,1766
39.6269,-77.8561,777
39.6269,-80.9058,1020
39.6271,-78.805,891
39.6271,-99.8199,370
39.6273,-76.8601,2550
39.6274,-85.9167,546
39.6274,-90.2256,570
39.6277,-78.7897,1040
39.6277,-84.3683,1514
39.6281,-111.6413,1014
39.6284,-90.6128,477
39.6294,-121.7908,8206
39.6298,-90.456,965
39.6299,-105.2475,2115
39.6299,-120.4373,1299
39.63,-111.4369,1019
39.6304,-78.024,350
39.6304,-82.5448,503
39.6305,-78.3958,1012
39.6305,-106.0519,3028
39.6306,-74.9692,1414
39.6309,-84.2707,3179
39.6311,-81.4568,422
39.6314,-92.4722,530
39.6318,-121.4056,6862
39.6319,-78.9515,756
39.6322,-119.289,1749
39.6325,-84.3645,1866
39.6329,-97.1404,505
39.6332,-122.1898,1541
39.6338,-79.99,1584
39.6343,-84.1457,3008
39.6344,-77.8944,367
39.6349,-84.9273,806
39.6356,-95.8114,565
39.6356,-105.3381,3082
39.6364,-105.206,1166
39.6366,-86.633,554
39.6367,-84.6447,1012
39.6371,-91.0983,852
39.6372,-74.7932,2610
39.6374,-104.9475,2262
39.6375,-79.9469,2897
39.6376,-94.321,619
39.6378,-106.3625,1970
39.6382,-95.3512,243
39.6384,-84.0854,1608
39.6385,-89.192,614
39.6391,-106.5538,3093
39.6402,-77.7227,3264
39.6405,-106.9461,2182
39.6407,-106.3824,2043
39.6411,-85.5771,811
39.6412,-79.9264,5792
39.6413,-78.7729,489
39.6416,-98.0456,379
39.6418,-86.8463,2073
39.6418,-86.8463,1981
39.6419,-106.5158,2619
39.642,-78.8889,310
39.6424,-76.2035,928
39.6426,-94.0384,654
39.6426,-120.2154,1063
39.6426,-74.6896,1476
39.6427,-77.5932,1253
39.6432,-78.8063,5112
39.6432,-106.8213,2195
39.6433,-111.1548,411
39.6442,-88.7409,897
39.6442,-91.2697,892
39.6448,-87.8615,345
39.6449,-78.9223,355
39.6451,-106.8224,1676
39.6454,-74.183,766
39.6455,-87.1764,564
39.6456,-80.8627,1484
39.6456,-105.3363,2793
39.6456,-80.8639,1783
39.6456,-78.0074,310
39.6463,-98.8473,459
39.6468,-87.369,916
39.647,-104.9945,2326
39.6476,-107.0499,1057
39.6478,-105.0175,1355
39.6483,-75.5003,2973
39.6483,-84.5287,894
39.6484,-82.6645,1408
39.6484,-77.6312,830
39.6487,-79.1835,525
39.6488,-79.9992,1034
39.6497,-83.7883,1487
39.6501,-82.7417,511
39.6502,-75.3262,1139
39.6505,-78.9268,1660
39.6509,-121.5336,1201
39.6511,-81.8632,532
39.6512,-77.8271,1972
39.6513,-78.758,2890
39.6532,-76.8867,1410
39.6533,-104.137,3369
39.6534,-83.5516,1184
39.6543,-93.7026,360
39.6544,-91.7325,1581
39.6545,-82.4655,1466
39.6547,-77.5799,984
39.6547,-93.0611,403
39.655,-119.6688,6768
39.6551,-85.1364,2468
39.6552,-78.8941,1120
39.6555,-94.7483,1743
39.656,-110.8461,1674
39.6561,-77.9304,316
39.6561,-93.2434,432
39.6571,-96.0288,501
39.6571,-98.9402,383
39.6572,-77.165,1367
39.6572,-83.7538,980
39.6575,-77.169,1664
39.6578,-88.0279,803
39.6579,-89.3901,718
39.658,-85.1417,2530
39.6591,-87.4714,492
39.6592,-79.9866,635
39.6593,-81.4744,371
39.6593,-80.0069,387
39.6594,-105.3049,1246
39.6594,-79.6406,214
39.6596,-102.6785,784
39.6597,-93.4393,787
39.6599,-106.0891,1830
39.66,-86.1171,719
39.6607,-81.8405,1216
39.6608,-74.767,5796
39.661,-87.4047,1362
39.6611,-81.067,291
39.6611,-105.4268,866
39.6617,-99.5673,1112
39.662,-85.6491,427
39.6623,-123.495,2104
39.6624,-79.4044,908
39.6626,-98.344,896
39.6633,-81.1746,911
39.6634,-120.4393,765
39.6636,-79.8481,3438
39.6638,-95.5325,1209
39.6641,-75.0744,2415
39.6641,-95.9318,412
39.6642,-102.8451,1217
39.6643,-74.1716,783
39.6644,-85.9386,590
39.6648,-85.0034,450
39.6652,-87.4088,1607
39.666,-78.0482,697
39.6662,-75.7066,1789
39.6671,-79.6277,564
39.6677,-104.9216,692
39.668,-91.8589,713
39.6681,-87.5206,591
39.6688,-121.6459,3883
39.6689,-105.2432,478
39.6696,-86.1312,445
39.6697,-86.7532,1267
39.6697,-86.4794,958
39.6697,-84.2555,2302
39.6698,-91.5404,1272
39.6698,-99.1218,869
39.67,-75.5665,1693
39.6713,-93.6341,1039
39.6716,-98.1524,582
39.6716,-74.2349,1156
39.6716,-78.8268,2741
39.6718,-80.8741,959
39.6722,-95.6453,1263
39.6725,-120.9852,1917
39.6735,-95.6842,786
39.674,-78.9131,1115
39.6741,-89.8479,913
39.6745,-89.6933,2471
39.6747,-105.4134,685
39.6763,-99.421,351
39.6766,-77.5469,661
39.6769,-120.2448,541
39.677,-95.4248,437
39.6776,-75.7575,2795
39.6781,-119.976,1691
39.6784,-96.6589,1279
39.6787,-84.4274,768
39.6793,-97.0868,529
39.6798,-77.6921,1341
39.6802,-78.6905,1147
39.6803,-110.8145,787
39.6805,-100.2932,470
39.6807,-104.8879,1492
39.6808,-77.5615,577
39.6815,-80.0655,1710
39.6821,-87.4143,849
39.683,-83.9456,3065
39.6831,-83.9408,3282
39.6836,-88.3009,1291
39.6836,-80.4576,643
39.6837,-99.3116,470
39.6842,-74.9687,2474
39.6848,-88.1347,471
39.685,-77.7265,9978
39.6857,-75.2773,1285
39.6858,-90.346,253
39.6858,-75.5849,1161
39.6863,-78.755,961
39.687,-84.6888,1535
39.6874,-119.8332,3625
39.6878,-77.7173,1908
39.6879,-105.2712,2336
39.6879,-76.3884,1978
39.688,-75.3563,1872
39.6884,-86.5219,732
39.6884,-86.6694,734
39.6889,-86.6127,710
39.6893,-76.0845,2066
39.6895,-95.6713,647
39.6896,-110.8596,1221
39.6899,-74.2427,1233
39.6909,-105.4132,824
39.6917,-96.7468,637
39.6918,-95.6905,506
39.6922,-85.7296,1778
39.6926,-119.9773,2687
39.6928,-77.6206,1202
39.693,-92.0397,1388
39.6932,-86.372,4712
39.6937,-77.7472,1421
39.694,-85.782,852
39.6946,-90.4233,148
39.6946,-78.7973,546
39.6954,-105.727,461
39.696,-83.1137,652
39.696,-84.1504,3928
39.6965,-97.7738,1367
39.6967,-78.8768,889
39.6969,-79.1528,925
39.6975,-84.2427,2766
39.6983,-91.0399,1087
39.6984,-104.5772,4517
39.6988,-86.4664,507
39.6989,-105.1176,5987
39.6991,-77.7763,407
39.6994,-90.224,1366
39.6994,-77.4573,1174
39.6996,-74.1415,680
39.6997,-105.4921,931
39.7001,-75.1114,2772
39.7006,-89.1185,695
39.7007,-121.5147,2229
39.7014,-76.0602,1168
39.7017,-78.952,1802
39.7027,-78.8425,190
39.7029,-95.6495,839
39.703,-102.294,274
39.7031,-104.9362,684
39.7035,-78.5758,579
39.7036,-106.6793,552
39.7037,-77.5064,896
39.7038,-91.1526,816
39.7041,-96.4178,911
39.7045,-80.5159,736
39.7046,-78.1633,1567
39.7047,-111.8333,2125
39.7052,-77.3213,1155
39.7053,-75.468,2628
39.7054,-90.5604,168
39.7055,-85.8199,939
39.706,-82.4299,843
39.7066,-97.4322,378
39.7072,-90.6494,471
39.7076,-90.8479,930
39.7078,-90.7276,955
39.7087,-88.9967,1022
39.7091,-91.3894,2957
39.7092,-77.5689,488
39.7094,-104.2128,3072
39.7095,-111.8313,1702
39.7095,-104.7205,11630
39.7096,-87.5199,1026
39.7102,-91.394,3633
39.7108,-91.2008,1227
39.7111,-77.8406,416
39.7116,-96.8734,374
39.7116,-80.171,707
39.7124,-81.2766,529
39.7125,-77.6793,321
39.7133,-83.2735,1180
39.7136,-77.4946,1195
39.7137,-78.7762,872
39.7142,-82.9745,1772
39.7144,-75.6043,620
39.7145,-95.6484,642
39.7145,-88.4696,1050
39.7149,-90.4157,180
39.715,-83.8844,1594
39.7151,-88.6337,670
39.7154,-87.9336,687
39.7156,-80.2147,497
39.7157,-86.087,1919
39.716,-75.1725,2702
39.7167,-82.2091,1338
39.7168,-82.2067,1267
39.717,-88.807,663
39.717,-82.9933,1816
39.7175,-92.9474,1645
39.7177,-77.7239,283
39.7179,-105.6945,908
39.7189,-96.2651,414
39.7191,-90.496,754
39.7197,-105.4349,2277
39.7198,-111.1623,872
39.7202,-84.1733,1345
39.7206,-120.5536,1460
39.7207,-75.2101,1758
39.7207,-104.3182,4141
39.7216,-82.3001,728
39.7218,-90.0368,901
39.7226,-95.5058,368
39.7229,-94.6406,697
39.7243,-82.9575,1402
39.7244,-96.131,611
39.7252,-82.6052,3962
39.7252,-120.9591,2871
39.7256,-77.4688,778
39.7256,-80.2602,683
39.7261,-89.9144,965
39.7263,-77.516,780
39.7263,-90.2371,3174
39.7267,-96.9798,611
39.7267,-76.3271,465
39.7271,-87.3317,569
39.7277,-75.469,858
39.7279,-105.1565,272
39.7292,-90.2322,2951
39.7292,-86.9298,461
39.7293,-75.6979,1538
39.7294,-85.8943,1298
39.7295,-90.9094,623
39.7298,-74.8805,1189
39.7306,-78.848,817
39.7312,-76.4521,1165
39.7319,-105.1784,1125
39.7319,-95.2695,346
39.7321,-104.9594,23052
39.7322,-84.176,16240
39.7329,-77.7247,1502
39.7331,-75.1297,1352
39.7331,-84.968,530
39.7332,-84.0596,4682
39.7332,-83.4766,463
39.7332,-80.082,1481
39.7341,-77.528,736
39.7352,-82.605,4066
39.7353,-76.6967,1310
39.7356,-79.9005,578
39.7357,-75.5321,2997
39.7361,-79.4519,495
39.7364,-82.0775,347
39.7368,-96.0007,446
39.7369,-100.1765,589
39.7369,-85.5714,685
39.7371,-86.7072,1576
39.7373,-83.6126,440
39.7381,-104.6732,328
39.7382,-84.293,1342
39.7384,-75.5946,902
39.7399,-92.4691,2046
39.7403,-120.5649,968
39.7407,-77.5492,3007
39.7412,-84.8518,423
39.7417,-104.4287,2386
39.742,-89.7784,1276
39.742,-74.2811,2192
39.7422,-92.4706,2236
39.7425,-105.2106,2819
39.7425,-74.9902,3783
39.7427,-122.0109,581
39.7428,-89.5217,1487
39.7432,-92.2601,977
39.7435,-94.0024,1100
39.7435,-95.1811,1123
39.7436,-122.1938,1927
39.7437,-85.4288,358
39.7439,-94.2373,1928
39.744,-84.3942,1298
39.7445,-94.2323,2379
39.7445,-121.7071,4113
39.7451,-84.5361,847
39.7451,-77.0833,1688
39.7452,-79.3343,669
39.7455,-77.0857,1228
39.7455,-77.5436,1327
39.7456,-93.6286,841
39.7459,-75.3109,776
39.7461,-122.1857,1585
39.7464,-81.513,856
39.7465,-107.3401,904
39.7467,-93.7209,384
39.7475,-105.173,1831
39.7478,-76.0316,1634
39.7484,-83.8122,1039
39.7487,-75.695,1489
39.7493,-90.5353,858
39.7493,-105.5038,1402
39.7495,-101.5328,1367
39.7499,-94.3569,685
39.7499,-84.6355,1925
39.7501,-84.6345,2302
39.7502,-77.3869,2105
39.7508,-105.0626,757
39.7511,-78.1889,520
39.7512,-99.321,1184
39.7513,-74.1068,828
39.7514,-92.5639,925
39.7515,-94.8934,1549
39.7524,-77.5823,1682
39.7525,-120.6454,3021
39.7525,-75.7349,2368
39.7528,-76.5925,834
39.7531,-75.3595,1199
39.7535,-79.0844,562
39.7535,-90.6069,706
39.7536,-88.7186,565
39.7539,-75.5055,1258
39.7539,-74.2217,1491
39.7542,-121.6064,3886
39.7542,-120.5667,694
39.7546,-89.6517,743
39.7555,-121.841,5278
39.7565,-94.499,903
39.7569,-89.9024,857
39.7584,-76.3684,1607
39.7588,-86.4953,2880
39.759,-121.8177,5323
39.7592,-76.6729,2246
39.7594,-105.6817,490
39.7595,-94.8211,6025
39.7595,-80.4267,684
39.7596,-76.6961,725
39.7603,-79.9848,713
39.7607,-86.3941,3992
39.7611,-94.9275,1390
39.7613,-99.1194,453
39.7613,-94.8347,6047
39.7613,-120.5191,2240
39.7614,-86.8113,575
39.7615,-93.8052,673
39.7617,-95.634,336
39.7619,-104.8811,11234
39.7624,-86.7229,956
39.7624,-92.6233,653
39.7627,-120.5771,1481
39.763,-81.1168,1289
39.764,-83.2068,1047
39.7644,-82.4303,445
39.7644,-82.4498,231
39.7644,-89.0467,974
39.7654,-89.2593,906
39.7662,-98.9197,390
39.7664,-75.4076,1198
39.7664,-75.062,1113
39.7665,-87.2295,1109
39.7666,-105.6067,801
39.7667,-99.0328,526
39.7668,-95.2492,340
39.7669,-90.4027,907
39.7669,-75.4982,382
39.7671,-81.2182,553
39.7678,-89.6784,617
39.7679,-82.0949,1157
39.7692,-75.1447,1282
39.7697,-120.6998,3368
39.77,-74.8617,2826
39.7703,-121.5135,4753
39.7713,-76.6799,1221
39.7715,-101.8014,840
39.7727,-105.1048,2776
39.7734,-75.9993,2328
39.7738,-121.9549,1318
39.7739,-98.7835,1007
39.7748,-105.0567,277
39.7748,-75.604,1518
39.7752,-120.6108,668
39.7762,-88.9776,829
39.7767,-86.1459,17252
39.7767,-92.7513,745
39.777,-76.1839,1185
39.7771,-120.5447,1733
39.7772,-85.8559,355
39.7785,-97.9929,451
39.7787,-89.6839,719
39.779,-76.1087,1093
39.7791,-105.0578,393
39.7805,-120.4823,2527
39.7809,-80.865,971
39.7814,-91.3032,213
39.782,-94.1025,576
39.7822,-90.7473,564
39.7823,-85.844,533
39.7826,-84.1239,2832
39.7827,-75.0555,791
39.7832,-86.0517,611
39.7832,-97.8962,471
39.7835,-93.0769,1627
39.7839,-75.6807,2877
39.784,-88.885,1873
39.784,-92.8881,987
39.7846,-87.3918,665
39.7847,-84.1996,6783
39.7847,-101.3702,425
39.7848,-91.1816,440
39.7852,-95.0941,896
39.7853,-93.078,1894
39.7856,-75.9797,1272
39.7857,-74.9808,2003
39.7859,-76.9685,1550
39.786,-95.3214,228
39.7861,-93.386,514
39.7865,-85.1562,472
39.7868,-85.9446,1522
39.7868,-76.992,887
39.7872,-93.2981,667
39.7873,-98.2083,897
39.7874,-93.1697,1015
39.7877,-89.649,8208
39.7888,-81.5565,579
39.789,-77.3698,745
39.7898,-74.1933,873
39.7904,-83.0184,1870
39.7907,-77.7267,1144
39.7909,-85.6119,720
39.791,-87.3694,707
39.791,-75.2462,1298
39.7911,-89.6446,7107
39.7918,-84.3218,5013
39.792,-75.1482,906
39.7921,-74.937,1721
39.7921,-79.913,299
39.7926,-105.1712,2239
39.7933,-85.7725,3425
39.7935,-76.7307,813
39.7937,-86.2475,1986
39.7946,-90.99,1065
39.7954,-105.509,1513
39.7955,-85.5308,929
39.7959,-88.2755,1559
39.7961,-93.5506,2221
39.7961,-93.55,2425
39.7968,-81.3353,553
39.7969,-97.784,623
39.797,-87.9877,711
39.7972,-88.4246,298
39.7972,-83.8254,374
39.7972,-89.4107,924
39.7975,-88.7145,734
39.7978,-92.9956,777
39.7978,-91.5265,1599
39.7981,-87.8685,683
39.7982,-120.6644,1810
39.7984,-83.892,1506
39.7992,-75.0638,1003
39.7993,-88.4627,714
39.7994,-88.1684,1020
39.7995,-99.4547,738
39.7996,-84.0085,3466
39.8002,-123.2526,2419
39.8004,-87.8078,700
39.8009,-88.2798,1578
39.8009,-75.3469,405
39.8012,-78.9216,1895
39.8016,-105.4935,1604
39.8022,-79.8087,768
39.8023,-97.4574,488
39.8026,-82.7062,720
39.8026,-84.2461,1049
39.8027,-74.9838,1249
39.8028,-85.4366,320
39.803,-76.9898,4604
39.8032,-75.4605,1332
39.8034,-88.5946,790
39.8035,-77.0199,650
39.8044,-87.6749,770
39.8048,-120.5883,3141
39.8052,-88.8473,1526
39.8052,-79.9401,545
39.8056,-75.4862,271
39.8063,-75.1588,758
39.8065,-75.9279,485
39.8065,-82.0756,753
39.8066,-105.0288,1722
39.8066,-85.3531,460
39.8066,-82.2996,980
39.8067,-120.1389,3300
39.8067,-83.1518,355
39.8071,-81.4695,373
39.8073,-87.4945,491
39.8073,-92.0399,800
39.8077,-104.98,2070
39.8079,-77.1842,1236
39.8079,-77.0052,523
39.8082,-79.5629,1448
39.8084,-75.481,439
39.8084,-85.2908,341
39.8089,-82.9873,804
39.8097,-74.9413,982
39.8098,-82.5224,473
39.8099,-101.0419,936
39.8099,-79.3559,1149
39.81,-75.2147,674
39.8102,-98.5573,516
39.8104,-77.1363,893
39.8107,-83.1684,357
39.8113,-85.1885,396
39.8113,-75.4885,453
39.8118,-76.9836,1746
39.8118,-111.8415,1482
39.8121,-85.1708,912
39.8123,-76.843,707
39.8125,-85.2052,652
39.8129,-75.4162,956
39.8132,-85.137,310
39.8133,-120.4897,1510
39.8133,-75.1506,1014
39.8133,-79.0277,820
39.8135,-87.1359,261
39.8138,-94.5508,517
39.8141,-91.1158,621
39.8146,-82.8174,1368
39.815,-86.1441,24396
39.815,-84.2323,1797
39.8153,-79.3325,861
39.8155,-95.4116,434
39.8156,-90.3704,453
39.8158,-97.0484,895
39.8165,-86.3207,742
39.8165,-105.6471,1089
39.8169,-91.2443,982
39.8175,-89.618,526
39.8188,-121.6077,3401
39.8188,-74.99,1794
39.8194,-91.027,419
39.82,-76.5728,1224
39.8202,-75.8285,733
39.8205,-75.0054,610
39.8208,-120.4743,2111
39.8209,-78.7215,649
39.8218,-98.4337,481
39.822,-84.9993,1700
39.8227,-105.004,1163
39.8228,-84.0485,2853
39.823,-100.5307,1255
39.824,-75.4048,933
39.8243,-97.6339,1302
39.8245,-75.2781,1164
39.8248,-83.6437,1008
39.8251,-79.754,989
39.8254,-75.4252,732
39.8258,-74.1808,1502
39.8262,-75.7813,631
39.828,-119.359,2284
39.829,-75.0155,1138
39.8303,-80.5701,841
39.8306,-87.2502,692
39.8306,-77.2341,1170
39.8312,-77.2256,2611
39.8313,-81.1648,245
39.8315,-90.5572,844
39.8319,-77.9029,862
39.832,-99.5733,349
39.832,-75.7557,1304
39.8321,-84.8909,4472
39.8325,-86.2002,363
39.8326,-74.9669,1332
39.8327,-121.6037,2201
39.833,-84.8909,4534
39.8337,-105.1503,5670
39.8344,-86.3857,3744
39.8346,-86.1926,297
39.8348,-100.1888,906
39.8351,-91.7412,790
39.8357,-75.4453,1014
39.8362,-99.8916,1254
39.8365,-75.022,428
39.8379,-75.1515,1290
39.838,-96.0696,1214
39.8383,-105.0023,1422
39.839,-84.4163,1838
39.8396,-95.7281,532
39.84,-75.24,1260
39.8402,-104.9655,1745
39.8404,-77.5557,681
39.8405,-84.414,1833
39.8408,-104.9163,1201
39.8408,-76.6174,1411
39.8409,-75.0672,926
39.841,-96.5194,1807
39.8417,-82.5484,577
39.8429,-89.0611,1222
39.8431,-85.4261,1096
39.8437,-96.6389,1939
39.8438,-75.7113,937
39.8439,-120.414,3103
39.8441,-77.3605,404
39.8447,-88.9346,6742
39.8453,-97.1728,344
39.8454,-75.0217,1071
39.8456,-75.3719,1996
39.846,-82.6046,1357
39.8461,-89.5364,1629
39.8466,-82.8213,2588
39.8467,-94.8239,1794
39.8471,-76.0834,1353
39.8472,-84.8912,500
39.8472,-74.9937,1518
39.8473,-79.5895,1118
39.8475,-78.1432,612
39.8477,-87.1868,459
39.8478,-79.6182,822
39.8484,-86.1731,500
39.8487,-82.1193,575
39.8487,-79.9087,1110
39.8488,-93.7762,319
39.8489,-81.0354,547
39.8492,-86.8005,646
39.8498,-89.2521,747
39.8499,-89.4091,533
39.8501,-96.1927,999
39.8506,-84.5435,946
39.8516,-90.1979,818
39.8517,-95.5378,1467
39.8519,-81.0959,446
39.8524,-120.4584,2117
39.853,-89.4619,808
39.8533,-81.6587,633
39.8534,-75.0755,1300
39.8536,-83.962,1225
39.8536,-74.8117,969
39.8541,-89.1653,926
39.8545,-76.7667,948
39.8547,-75.1987,1663
39.8548,-75.3371,905
39.8553,-97.3043,531
39.8557,-82.1408,276
39.8557,-85.7683,776
39.8558,-83.1749,906
39.8559,-76.7079,908
39.856,-88.9337,6002
39.8562,-75.0364,898
39.8562,-75.3796,731
39.8565,-86.1691,595
39.8566,-100.9584,557
39.8567,-84.7919,779
39.857,-86.9832,408
39.8571,-76.5611,721
39.8573,-82.8914,2679
39.8575,-105.0391,747
39.8589,-84.1129,4278
39.86,-86.6437,532
39.8604,-95.2653,663
39.8605,-81.069,580
39.8606,-77.7015,1281
39.8613,-81.9088,650
39.8623,-85.2627,436
39.8623,-80.8096,1101
39.8624,-96.4178,435
39.863,-77.0555,714
39.8635,-123.7252,1493
39.8638,-94.6798,278
39.8639,-75.4257,1256
39.8641,-79.4947,587
39.8644,-79.0618,646
39.8644,-82.9446,2191
39.8645,-88.1597,1113
39.865,-105.0153,1210
39.865,-83.933,1033
39.8651,-84.3095,2326
39.866,-85.9896,4076
39.8661,-86.1625,231
39.8662,-89.5451,786
39.8664,-75.0947,1569
39.8668,-95.9398,435
39.8672,-83.9453,810
39.8673,-75.1856,912
39.8673,-75.0289,1086
39.8674,-75.378,412
39.8676,-75.6516,303
39.868,-79.9228,649
39.8683,-94.4347,377
39.8684,-120.6904,2728
39.8689,-75.0514,1142
39.8692,-75.1313,919
39.8695,-84.3254,3907
39.8699,-94.1417,504
39.8703,-98.3057,824
39.8709,-91.1998,1358
39.8711,-75.3913,1187
39.8711,-86.4655,1878
39.8713,-96.2569,657
39.8735,-77.3302,1092
39.874,-106.3042,433
39.8747,-89.9183,1049
39.8759,-75.6082,1361
39.8762,-74.9721,2100
39.8762,-75.0083,1548
39.8763,-75.0298,474
39.8768,-85.6849,232
39.8772,-79.7313,1234
39.8773,-79.7017,1247
39.8774,-75.3445,1175
39.8775,-93.1866,937
39.8776,-87.0455,504
39.8778,-92.0227,337
39.878,-75.3255,943
39.8785,-85.464,302
39.8787,-105.7829,3746
39.879,-84.1922,3190
39.8791,-75.0659,1136
39.8794,-75.1204,635
39.8795,-75.0918,854
39.8796,-121.1991,2920
39.8797,-91.1066,568
39.8801,-105.0615,5106
39.8805,-90.3705,796
39.8808,-80.2692,565
39.8809,-76.864,803
39.8818,-76.9928,671
39.8821,-79.8877,565
39.8825,-76.7121,876
39.8825,-81.9137,1011
39.8828,-104.7949,5489
39.8833,-122.5458,944
39.8836,-86.5422,777
39.8837,-84.0136,627
39.8839,-90.659,877
39.8841,-87.4071,848
39.8843,-79.9301,961
39.8844,-77.3507,1113
39.8848,-77.155,1192
39.8854,-79.2107,407
39.8854,-85.6081,409
39.8856,-94.369,972
39.8858,-83.097,3941
39.8859,-88.0662,451
39.886,-75.2958,801
39.8861,-75.3074,777
39.8862,-82.3197,305
39.8874,-86.1567,1103
39.8875,-82.7641,2899
39.888,-94.087,460
39.8881,-84.0394,1099
39.8882,-75.2758,1013
39.8883,-84.023,630
39.8885,-90.0079,785
39.8886,-75.9298,960
39.8892,-88.7345,775
39.8894,-94.8923,551
39.8901,-75.0724,1105
39.8903,-89.6045,1609
39.8909,-85.5799,546
39.8913,-99.7096,706
39.8915,-85.0392,340
39.8917,-75.1167,1381
39.892,-120.7866,734
39.8924,-96.7089,880
39.8924,-75.3287,1015
39.8926,-75.469,1351
39.8928,-83.4389,2631
39.8929,-96.1029,1090
39.8932,-79.9667,1091
39.8932,-96.8751,703
39.8938,-92.7407,436
39.8939,-79.7466,612
39.8944,-92.182,515
39.8945,-79.7166,4715
39.8945,-74.7095,1305
39.8946,-82.4202,662
39.8948,-75.3852,777
39.8952,-121.6705,3389
39.8954,-75.0344,1518
39.8955,-76.162,1032
39.8957,-87.652,1587
39.8957,-78.5173,366
39.896,-79.6976,1282
39.8964,-82.542,876
39.8968,-75.0888,352
39.8972,-80.1614,1826
39.8973,-85.9174,2628
39.8976,-79.975,369
39.8978,-96.7955,1180
39.8982,-92.4803,531
39.8983,-80.1855,815
39.8984,-83.4407,2046
39.8986,-76.6077,1040
39.8987,-74.9617,1958
39.8993,-79.7245,1300
39.8996,-75.292,896
39.8997,-76.6409,805
39.9001,-80.2006,415
39.9002,-86.1502,523
39.9005,-75.7304,839
39.9007,-80.1678,1127
39.9009,-75.3274,343
39.9012,-75.0008,1169
39.9013,-84.9428,525
39.9013,-84.506,613
39.9015,-83.0882,696
39.9019,-75.5714,723
39.9019,-74.9293,1649
39.9022,-121.7454,4544
39.9023,-75.0806,719
39.9023,-75.3487,1074
39.9025,-85.769,378
39.9027,-84.0907,893
39.903,-120.759,2352
39.9033,-81.5438,381
39.9033,-84.6263,473
39.9036,-82.0179,814
39.9037,-76.7913,624
39.904,-84.401,469
39.9043,-84.6753,434
39.9046,-82.8664,1248
39.9047,-105.3721,2782
39.905,-121.5373,985
39.9063,-85.5221,591
39.9066,-84.2933,2623
39.9069,-74.707,1644
39.9074,-75.2678,798
39.9078,-75.0541,1354
39.9079,-91.2493,521
39.9087,-87.9971,516
39.9087,-85.6353,358
39.9092,-100.7865,510
39.9093,-94.2422,312
39.9096,-76.6366,430
39.9097,-87.8236,874
39.9102,-95.7928,1657
39.9104,-93.964,1505
39.9111,-79.663,921
39.9111,-80.4322,1621
39.9112,-88.2769,685
39.9114,-77.5651,1641
39.9116,-75.3268,543
39.9116,-104.9821,2463
39.9118,-75.2531,462
39.9121,-77.2165,701
39.9125,-76.6863,1459
39.9126,-97.5384,391
39.9144,-106.7257,492
39.9146,-85.1543,1042
39.9147,-81.2835,432
39.915,-74.5635,960
39.915,-85.3696,2515
39.9151,-75.2776,847
39.9153,-79.7213,1353
39.9153,-75.0784,1228
39.9154,-83.943,512
39.9155,-95.6275,268
39.9158,-79.1573,525
39.9161,-87.9353,748
39.9163,-76.584,672
39.9164,-120.9189,3160
39.9165,-75.0955,424
39.9166,-86.799,665
39.9169,-81.5204,636
39.9172,-82.8319,269
39.9173,-77.5995,1130
39.9179,-82.4806,735
39.918,-85.4163,727
39.9181,-74.9902,977
39.9188,-78.3838,513
39.9194,-75.4415,1101
39.9197,-111.8257,1189
39.9198,-85.3701,2457
39.9199,-75.0093,864
39.92,-75.3883,793
39.9204,-104.9414,5487
39.921,-75.2611,833
39.9212,-82.4276,996
39.9215,-78.9509,869
39.9219,-77.9072,1874
39.9219,-93.4776,383
39.9221,-80.7421,1548
39.9224,-75.2881,701
39.923,-88.5724,801
39.9232,-105.5135,1079
39.9233,-105.8053,1688
39.9233,-77.2999,815
39.9239,-97.8245,438
39.9244,-77.0499,1207
39.9246,-122.1857,1585
39.9248,-85.8463,1726
39.9253,-105.7884,1916
39.9261,-88.9641,1598
39.9264,-74.0787,735
39.9265,-74.1348,609
39.9271,-87.7402,566
39.9272,-85.2528,325
39.9282,-122.182,1710
39.9283,-122.4458,2197
39.9284,-74.2022,1509
39.9286,-75.0388,1526
39.9289,-83.7942,4686
39.9292,-95.6943,405
39.9293,-83.6139,733
39.9294,-86.626,888
39.9295,-77.2468,733
39.93,-79.8391,365
39.9301,-79.826,978
39.9301,-75.2958,721
39.9303,-84.5091,368
39.9305,-80.0577,394
39.9305,-76.7011,893
39.9305,-80.74,1916
39.931,-120.9549,1866
39.931,-84.6247,250
39.9312,-105.1591,1801
39.9314,-77.6556,2389
39.932,-89.0628,775
39.932,-77.9958,535
39.932,-74.9528,1672
39.9322,-94.0667,2548
39.9323,-121.0831,2650
39.9325,-75.2527,1148
39.9337,-91.3793,3623
39.9342,-122.0517,1056
39.9342,-75.5306,469
39.9344,-98.0351,310
39.9348,-81.4595,626
39.9353,-89.6788,454
39.9356,-80.0745,851
39.9358,-121.2965,2063
39.9361,-74.1698,724
39.9363,-74.7512,669
39.9364,-82.4814,1276
39.9366,-91.3731,4328
39.9368,-75.1066,2712
39.9368,-76.9795,761
39.9376,-89.4016,280
39.9377,-84.5533,160
39.9378,-88.8685,621
39.9382,-75.0124,1734
39.9388,-94.8266,1643
39.9388,-94.828,1638
39.9391,-74.207,977
39.9391,-82.4324,1507
39.9393,-105.2491,1459
39.9393,-83.8036,6096
39.9396,-102.3069,966
39.9396,-74.2572,2036
39.9398,-76.336,1308
39.9399,-80.0095,1056
39.9401,-76.731,1311
39.9406,-76.6874,690
39.9408,-75.276,987
39.9408,-83.4055,929
39.9411,-82.5919,1217
39.9412,-82.2492,857
39.9418,-76.0811,1833
39.9418,-74.1438,709
39.9423,-79.1917,342
39.9423,-84.0299,1119
39.9426,-77.6315,5347
39.944,-75.2608,412
39.9444,-83.339,2044
39.9444,-84.0277,1487
39.9448,-84.8311,255
39.9449,-74.0783,713
39.9449,-79.9982,809
39.9457,-89.9366,662
39.9458,-88.4558,768
39.9461,-119.6305,2871
39.9461,-87.6396,1115
39.9461,-99.5339,582
39.9464,-80.7554,837
39.9471,-77.1496,759
39.9473,-87.4646,914
39.9475,-75.975,849
39.9479,-79.9666,975
39.948,-75.6771,613
39.949,-74.5379,969
39.9494,-83.3084,2871
39.9495,-75.3039,1624
39.9499,-76.7011,802
39.9502,-93.1645,503
39.9502,-75.0503,699
39.9509,-85.4869,345
39.9511,-84.9972,509
39.9511,-111.9008,825
39.9511,-76.244,994
39.9515,-82.2168,333
39.9518,-82.0183,4830
39.952,-81.9573,1628
39.9526,-86.9215,474
39.9529,-90.2104,997
39.953,-83.132,1227
39.9534,-76.761,658
39.9536,-105.0508,5213
39.9537,-74.4003,757
39.9541,-74.2373,1244
39.9545,-75.9973,659
39.9547,-84.9191,466
39.9549,-74.0817,716
39.9551,-74.3521,1877
39.9552,-82.6861,712
39.9558,-111.9569,956
39.956,-82.0135,3115
39.9561,-89.5436,1130
39.9576,-84.3281,1270
39.9579,-92.6488,457
39.9579,-74.6749,893
39.9583,-105.585,1851
39.9587,-112.1151,1093
39.959,-85.8058,1574
39.9591,-84.3262,1672
39.9594,-83.4901,925
39.9598,-97.4267,363
39.9599,-75.6054,1234
39.9601,-75.9162,1023
39.9613,-82.7889,3056
39.9614,-95.9711,484
39.9615,-74.3121,1141
39.9617,-74.2359,619
39.9618,-85.9684,5462
39.9619,-89.7216,1178
39.9621,-87.4726,615
39.9622,-83.2196,1689
39.9628,-74.2796,2218
39.9632,-96.599,291
39.9635,-86.9599,1461
39.9637,-84.4148,606
39.9637,-75.2526,247
39.9638,-105.5059,1105
39.9639,-83.0723,343
39.9639,-75.8051,533
39.9645,-84.1864,2593
39.9646,-86.7142,496
39.9648,-75.8829,619
39.9648,-76.7318,2089
39.9652,-82.4865,1563
39.9654,-82.9345,1413
39.9655,-86.1484,6362
39.9656,-82.4098,1051
39.9657,-104.7942,4232
39.9661,-74.9616,2407
39.9663,-87.2782,737
39.9664,-79.8769,774
39.9669,-88.3451,920
39.967,-89.1623,475
39.9671,-84.7081,625
39.9687,-76.6755,1513
39.9688,-75.3541,1616
39.969,-82.8839,2088
39.9695,-74.0719,820
39.9696,-105.1433,2563
39.9697,-81.2974,658
39.9698,-77.5844,824
39.9699,-111.7944,2949
39.9702,-75.8553,614
39.9705,-76.7188,9655
39.971,-76.5214,513
39.9717,-86.3717,3615
39.9717,-75.8118,1197
39.9719,-80.751,913
39.9722,-74.6866,697
39.9731,-74.5692,2105
39.9732,-76.792,1875
39.9738,-122.1732,672
39.9741,-81.3366,400
39.9741,-81.5462,994
39.9743,-95.299,773
39.9744,-80.0439,283
39.9746,-93.8026,680
39.976,-76.5847,376
39.9763,-85.6167,678
39.9769,-105.4796,372
39.977,-95.5651,308
39.9773,-85.0868,272
39.9774,-87.6354,1154
39.978,-76.7309,501
39.9783,-79.6147,690
39.9787,-77.2273,875
39.9787,-104.8683,2855
39.9788,-105.844,1996
39.9793,-83.0401,1041
39.9794,-94.5982,465
39.9808,-105.1852,1176
39.9809,-76.2719,2122
39.9809,-92.0836,1027
39.9811,-96.9919,246
39.9811,-76.6306,1254
39.9813,-77.2493,610
39.9823,-75.8939,497
39.983,-95.1883,898
39.9832,-81.4601,520
39.9834,-87.0552,227
39.9835,-78.7723,535
39.9839,-82.9849,13514
39.9842,-77.0374,1044
39.9843,-89.8562,1220
39.9843,-83.8765,636
39.9845,-76.1862,888
39.9846,-81.7922,252
39.9852,-75.819,1221
39.9852,-76.8307,2265
39.9853,-79.8731,745
39.9855,-88.8197,734
39.9855,-83.0613,481
39.9859,-90.7646,992
39.9861,-95.1433,875
39.9862,-81.9923,1711
39.9865,-91.145,425
39.9865,-80.7335,686
39.9867,-75.2715,936
39.9869,-75.8441,1073
39.9871,-87.1471,343
39.9872,-84.4878,374
39.9872,-75.2885,39559
39.9873,-97.3536,428
39.9873,-105.4558,1071
39.9876,-99.4316,1287
39.9893,-83.944,563
39.9899,-76.0212,1592
39.9901,-81.1725,1300
39.9901,-80.0022,806
39.9913,-88.2625,1304
39.9915,-86.3217,7443
39.9924,-84.5544,1028
39.9925,-79.5755,1177
39.9929,-76.6428,609
39.9934,-87.3091,664
39.9935,-74.0707,871
39.9936,-76.2453,1189
39.9937,-81.7381,1221
39.9944,-91.9736,516
39.9948,-105.0997,2762
39.9949,-74.1878,5670
39.9951,-84.4084,470
39.9956,-86.6199,697
39.9966,-85.4399,761
39.9969,-96.3493,533
39.9971,-83.777,1589
39.9971,-75.7829,814
39.9973,-87.3383,406
39.9974,-85.2513,344
39.9976,-75.2692,700
39.9981,-84.3392,384
39.9985,-84.793,316
39.9996,-83.6219,436
39.9997,-79.7774,1134
40.0005,-86.7984,558
40.001,-75.7517,1239
40.0012,-76.7057,1061
40.0016,-74.259,1430
40.0019,-80.0092,893
40.0024,-76.6042,741
40.0031,-75.0359,1235
40.0032,-75.2947,1273
40.0033,-76.8484,669
40.0033,-78.5908,642
40.0033,-88.1564,827
40.0036,-75.2501,1047
40.0037,-85.3862,412
40.004,-122.4283,3104
40.0041,-78.3732,944
40.0044,-81.5802,3008
40.0046,-80.7306,1038
40.0047,-97.7688,359
40.005,-79.0779,1500
40.0053,-76.3518,1263
40.0056,-74.6111,2902
40.0059,-93.9878,430
40.0059,-120.9524,736
40.0062,-76.1223,980
40.0064,-77.2082,618
40.0066,-90.8737,654
40.0066,-76.469,1260
40.0068,-121.2482,709
40.0077,-75.2635,644
40.0078,-79.91,1193
40.0079,-105.0872,5372
40.008,-76.7303,1063
40.0083,-75.7022,1343
40.0085,-85.7608,3337
40.0085,-111.7506,1162
40.0087,-97.497,507
40.0087,-91.7147,717
40.0088,-83.4148,716
40.0088,-91.2578,333
40.0089,-79.8177,1008
40.009,-86.7978,433
40.0091,-104.7265,1743
40.0093,-75.3074,501
40.0093,-77.1159,404
40.0094,-75.1333,10523
40.0101,-89.2838,967
40.0101,-90.4311,1737
40.0102,-97.6181,695
40.0103,-74.2809,999
40.0104,-111.678,1553
40.0108,-80.0009,677
40.0109,-78.3559,899
40.0111,-75.0141,739
40.0114,-97.9238,707
40.0114,-90.4253,1328
40.0116,-75.2279,1374
40.0116,-88.7254,387
40.012,-111.848,3367
40.0121,-74.6715,991
40.0121,-101.9386,447
40.0123,-79.0763,2387
40.0123,-89.4761,1243
40.0125,-92.2072,481
40.0128,-80.1121,1270
40.0131,-74.3204,859
40.0132,-80.8829,1004
40.0134,-111.656,1455
40.0139,-83.8384,427
40.0143,-89.8453,1135
40.0147,-84.2111,4218
40.0151,-78.503,946
40.0151,-105.3498,688
40.0153,-76.1536,969
40.0159,-79.5896,1341
40.0165,-80.7473,1167
40.0166,-81.0726,717
40.0172,-91.3049,655
40.0174,-78.9069,403
40.0181,-74.2896,856
40.0189,-79.89,898
40.0189,-105.4077,1340
40.0198,-82.7199,4886
40.0205,-82.9708,20628
40.0208,-82.4421,3078
40.0208,-75.3162,888
40.0209,-81.5855,2291
40.0211,-76.1365,885
40.0216,-77.2062,759
40.0216,-80.0883,392
40.0216,-82.4499,6029
40.0217,-84.6632,662
40.0217,-98.0618,1347
40.0218,-122.1269,809
40.0219,-79.8231,1041
40.0234,-79.8983,2233
40.0235,-85.1835,394
40.0237,-91.1986,490
40.0239,-76.5312,735
40.0239,-105.2438,4581
40.024,-92.4908,1144
40.0244,-105.2513,4707
40.0252,-90.638,559
40.0253,-94.9731,339
40.0254,-88.0722,717
40.0256,-74.6319,1235
40.0261,-93.448,476
40.0267,-79.2941,942
40.027,-105.3831,1192
40.0271,-122.098,1339
40.0272,-120.1154,2245
40.0273,-80.0334,2812
40.0275,-92.685,411
40.0276,-83.0707,2842
40.028,-81.0409,469
40.028,-74.5878,2109
40.0284,-76.1761,745
40.0292,-74.6157,3780
40.0296,-82.6566,1712
40.0299,-75.6331,1606
40.0305,-109.1884,1523
40.0306,-90.958,854
40.0306,-75.327,822
40.0309,-74.7005,1645
40.0315,-79.8917,1035
40.0321,-78.1926,645
40.0325,-91.1604,330
40.0325,-79.9595,3302
40.0327,-78.5088,1779
40.033,-87.9578,899
40.0331,-86.4482,3777
40.0331,-75.5154,1019
40.0334,-85.8406,2924
40.0335,-88.5741,1823
40.0336,-121.0026,524
40.0336,-105.2078,461
40.0337,-105.3307,635
40.034,-79.6628,390
40.0346,-95.5181,217
40.0347,-83.1578,3424
40.0348,-88.5737,1798
40.0348,-96.0472,601
40.0349,-76.4959,1411
40.0349,-93.1603,657
40.0355,-121.0404,2435
40.0358,-111.7315,2778
40.0359,-111.7388,3294
40.036,-86.1522,5188
40.0362,-76.2045,687
40.0364,-76.1058,1250
40.0364,-91.0641,1026
40.0365,-88.9562,1206
40.0366,-97.023,438
40.0367,-76.1895,677
40.0367,-82.8799,3201
40.0368,-86.0051,5393
40.0374,-75.5555,1320
40.0376,-81.4442,744
40.0377,-100.4051,517
40.038,-76.887,855
40.038,-74.2858,935
40.0384,-105.3075,1580
40.0388,-75.3739,1128
40.0388,-75.4421,1239
40.039,-124.0558,2192
40.0392,-80.8155,1813
40.0396,-75.3927,1323
40.0403,-105.0383,4198
40.0404,-74.1689,1131
40.0405,-75.341,1312
40.0407,-94.8232,491
40.0407,-76.4349,842
40.041,-84.2224,3227
40.0411,-86.9036,2846
40.0413,-86.8976,2905
40.0418,-78.8669,1714
40.042,-75.4903,1289
40.0421,-76.301,2441
40.0432,-80.6183,745
40.0434,-105.3724,1096
40.0436,-101.7251,381
40.0437,-74.5477,1435
40.0438,-74.1864,1037
40.044,-87.6389,1176
40.0449,-79.0028,1610
40.0455,-85.1262,292
40.0456,-87.8293,512
40.0465,-80.6809,1705
40.0468,-101.5402,994
40.0469,-91.5023,1133
40.0469,-92.8983,641
40.047,-90.1513,809
40.0472,-79.6569,378
40.0472,-85.3926,315
40.0482,-78.6434,457
40.0483,-78.0274,692
40.0487,-96.5736,449
40.0487,-84.9425,682
40.0487,-77.5232,1293
40.0488,-100.2759,364
40.0489,-75.4268,711
40.05,-107.8946,1720
40.0502,-84.7443,347
40.0502,-77.5089,2850
40.0503,-96.8016,473
40.0503,-86.4742,2625
40.0506,-94.5252,1067
40.0506,-76.2102,1012
40.0506,-84.3462,720
40.0511,-105.1074,401
40.0513,-76.9407,344
40.0515,-82.5452,2241
40.0517,-95.4306,719
40.0518,-111.7834,2951
40.0519,-95.3176,252
40.0523,-76.3597,355
40.0528,-84.1285,283
40.0532,-87.4359,460
40.0537,-75.6448,1429
40.0537,-89.1871,319
40.0553,-111.6674,3158
40.0556,-106.176,496
40.0561,-80.7254,5514
40.0562,-75.1146,836
40.0565,-106.3782,1039
40.0567,-74.0482,564
40.0567,-84.0255,443
40.0568,-82.5041,1991
40.057,-76.5517,785
40.0573,-81.2349,575
40.0587,-120.8387,1636
40.0587,-82.7206,1163
40.0588,-120.9803,1232
40.0588,-77.6082,229
40.0591,-88.2545,1646
40.0594,-75.6807,1052
40.0594,-85.5428,977
40.0597,-105.4189,1308
40.0598,-97.3359,455
40.0603,-85.2398,306
40.0603,-123.7654,2006
40.0608,-87.6328,598
40.061,-94.7644,314
40.061,-79.7656,984
40.0612,-76.7194,798
40.0614,-122.1482,874
40.0617,-76.7052,657
40.0617,-77.5228,480
40.0619,-80.0302,1415
40.0622,-95.599,1657
40.0622,-95.599,1660
40.0631,-81.0705,720
40.0631,-75.0935,427
40.0632,-105.1717,2269
40.0635,-104.9468,2766
40.0637,-105.3696,1194
40.0639,-75.1275,685
40.0646,-80.7489,1061
40.0648,-105.9194,3233
40.0648,-74.9219,668
40.065,-76.6711,484
40.0651,-74.5271,1809
40.0661,-86.4652,434
40.0667,-79.912,3013
40.0669,-89.4428,385
40.0673,-84.8523,482
40.0678,-76.5713,1607
40.0678,-80.9977,710
40.068,-87.7084,837
40.0683,-74.9721,709
40.0688,-94.1088,707
40.0689,-80.7808,632
40.0689,-81.8826,211
40.07,-79.9012,306
40.0703,-75.3188,834
40.0703,-74.0482,695
40.0704,-75.4551,1133
40.0709,-80.7608,378
40.0715,-82.4242,4159
40.0715,-85.8605,366
40.072,-80.8086,764
40.0721,-122.1573,543
40.0727,-95.3504,1168
40.0728,-82.167,1433
40.073,-105.5148,664
40.0732,-121.1657,366
40.0735,-83.556,899
40.0737,-98.3288,643
40.0738,-80.696,3348
40.0738,-82.3029,850
40.0742,-91.3724,754
40.0746,-79.8918,696
40.0747,-99.1386,436
40.0749,-106.1032,796
40.0761,-80.7924,482
40.0761,-77.0296,459
40.0762,-122.1776,1086
40.0762,-82.9431,730
40.0762,-75.6847,602
40.0769,-95.7285,715
40.0771,-74.9516,626
40.0772,-75.3041,910
40.0775,-75.128,1198
40.0777,-74.0699,1696
40.078,-77.8981,506
40.0782,-79.864,387
40.0783,-80.8992,1413
40.0788,-74.8525,1582
40.0794,-83.6369,334
40.0797,-85.3893,463
40.0799,-102.2286,1688
40.0804,-83.025,353
40.081,-75.9435,855
40.0811,-93.6898,940
40.0813,-93.6024,2305
40.0818,-102.1019,352
40.0818,-79.8817,480
40.0819,-82.2769,1227
40.0822,-97.0954,615
40.0823,-75.0898,530
40.0828,-104.8033,3304
40.083,-93.6,1886
40.0831,-79.8508,461
40.0831,-104.8049,1386
40.0836,-76.5664,1742
40.084,-75.1107,853
40.0848,-91.8134,643
40.0849,-89.7405,842
40.0853,-121.5427,1330
40.0856,-105.3344,2088
40.0856,-75.1941,1165
40.0857,-96.4831,395
40.0861,-75.789,1048
40.0862,-85.6762,6558
40.0863,-80.577,671
40.0863,-79.1279,683
40.0864,-98.5222,920
40.0865,-74.9445,675
40.0868,-88.5116,531
40.0868,-79.7526,1099
40.0869,-105.3715,1017
40.087,-108.7833,1901
40.0873,-79.5687,4121
40.0873,-75.3334,1275
40.088,-87.0655,606
40.0888,-79.8594,1325
40.0889,-86.1564,478
40.0892,-91.2858,840
40.0897,-98.7596,569
40.0898,-78.165,359
40.0898,-85.6894,5861
40.0898,-76.6551,1212
40.09,-82.7763,4113
40.0901,-76.4053,1026
40.0903,-82.6125,449
40.0903,-74.8967,1429
40.0906,-79.587,422
40.0915,-75.1463,823
40.0915,-75.1652,290
40.0916,-82.9175,929
40.0917,-104.5937,2206
40.0923,-98.6484,525
40.0926,-74.0452,1083
40.0929,-76.4282,1218
40.093,-76.189,2226
40.0936,-75.9107,629
40.0938,-99.0384,810
40.094,-74.2115,2416
40.095,-87.6421,1771
40.0956,-112.4458,2578
40.0959,-76.3121,12233
40.096,-75.3791,2646
40.0963,-75.1298,695
40.0965,-98.9514,904
40.0969,-111.729,2654
40.0969,-83.0202,2124
40.0976,-105.1583,1815
40.0979,-89.0861,482
40.0983,-79.8801,1622
40.0987,-99.2223,518
40.099,-92.4166,452
40.0993,-89.5904,531
40.1,-80.0655,538
40.1003,-123.7943,1486
40.1007,-79.8383,428
40.1007,-120.9217,1870
40.1009,-89.9653,453
40.1013,-76.0901,1266
40.1013,-85.9667,261
40.1017,-80.9773,494
40.102,-75.3323,311
40.1028,-74.8523,1183
40.1032,-85.7375,814
40.1032,-78.9546,396
40.1032,-75.1519,1024
40.1034,-76.3497,998
40.1034,-79.5898,980
40.1036,-99.3657,974
40.1041,-75.3435,737
40.1043,-80.7291,1386
40.1047,-84.6214,2342
40.1047,-84.6214,2342
40.1052,-105.4776,710
40.1052,-75.2069,1079
40.1053,-74.0644,1203
40.1053,-80.0226,781
40.1055,-94.0065,414
40.1057,-83.2747,1590
40.1058,-85.3908,545
40.1059,-104.9745,3541
40.1063,-88.2476,6193
40.1068,-88.4271,277
40.107,-80.5092,1004
40.1073,-86.7767,525
40.1075,-92.546,315
40.1084,-78.6431,218
40.1085,-104.7606,1011
40.1088,-96.9378,590
40.1088,-87.1576,508
40.1091,-83.755,2618
40.1093,-77.1829,1059
40.1093,-79.8441,368
40.1095,-83.7484,2309
40.1096,-79.8588,662
40.1096,-78.8043,667
40.1097,-75.2804,1795
40.1098,-95.2894,281
40.1098,-93.7235,1071
40.11,-79.0699,439
40.1101,-88.1973,3125
40.1101,-87.7769,875
40.1102,-76.026,880
40.1103,-91.0192,728
40.1104,-76.715,496
40.1106,-85.7292,114
40.1106,-76.5057,1410
40.1106,-96.1531,988
40.1113,-76.0551,992
40.1115,-88.3683,455
40.1115,-77.0325,816
40.1116,-94.2223,503
40.1119,-100.1067,469
40.112,-79.3808,433
40.1124,-102.4883,624
40.1124,-74.0382,1067
40.113,-85.5943,1062
40.1131,-111.6429,3828
40.1133,-83.1458,4511
40.1141,-88.2746,4357
40.1143,-101.4045,427
40.1144,-87.875,562
40.1147,-74.1502,1336
40.1147,-88.0356,1310
40.115,-75.1804,1115
40.115,-79.8388,835
40.1151,-87.9563,696
40.1152,-94.8212,518
40.1153,-87.2572,1571
40.1154,-80.3054,872
40.1158,-79.8936,1152
40.1161,-87.843,384
40.1162,-91.9153,749
40.1162,-84.4962,601
40.1166,-81.022,878
40.117,-84.3507,1063
40.1172,-74.7778,904
40.1173,-79.8226,629
40.1178,-105.4407,843
40.1178,-80.0044,1745
40.1185,-91.3683,202
40.1185,-85.6969,296
40.1188,-111.5742,3317
40.1189,-85.5562,1325
40.119,-91.7131,464
40.1191,-82.1177,920
40.1192,-74.8088,1015
40.12,-90.5665,1167
40.1202,-123.8218,1015
40.1206,-80.4133,505
40.1216,-88.7497,469
40.1218,-88.6435,592
40.1219,-105.2962,1179
40.1219,-86.034,1159
40.122,-88.8558,319
40.1221,-75.3399,1702
40.1222,-82.0134,1026
40.1224,-79.8806,885
40.1225,-102.7156,1643
40.1228,-96.6642,1214
40.123,-105.3931,688
40.1233,-93.3217,453
40.1234,-79.862,464
40.1234,-82.9133,3223
40.124,-86.3773,629
40.1242,-76.1521,1427
40.1245,-85.6878,484
40.1246,-78.8189,834
40.1257,-76.5706,1085
40.1269,-76.0027,994
40.1269,-83.9644,1156
40.127,-90.373,505
40.1271,-76.2182,1432
40.1273,-93.3879,485
40.1275,-79.4636,1634
40.1292,-86.61,711
40.1294,-111.7362,2378
40.1299,-91.5258,1372
40.1299,-76.7024,902
40.1301,-84.4269,829
40.1301,-79.8519,1009
40.1303,-75.428,1945
40.1305,-74.0338,935
40.1307,-87.6293,4787
40.1309,-95.8301,419
40.1309,-86.2185,1441
40.1311,-75.1374,1042
40.1312,-93.8739,833
40.1312,-99.5944,625
40.1313,-99.9712,419
40.1316,-75.4565,993
40.1317,-99.4551,703
40.132,-79.864,588
40.1321,-75.5737,628
40.1322,-74.5373,1578
40.133,-79.0924,531
40.1336,-120.9453,2567
40.1342,-111.693,2341
40.1352,-78.2657,306
40.1352,-75.5227,1701
40.1354,-74.0981,1199
40.1355,-74.7334,479
40.1358,-76.8606,353
40.1365,-95.2337,1013
40.1367,-75.4993,994
40.137,-77.5546,390
40.1371,-83.3413,361
40.1372,-96.6628,803
40.1376,-82.0119,480
40.1379,-79.8998,793
40.1382,-99.8284,839
40.1391,-80.6908,570
40.1393,-75.9532,1247
40.1396,-104.9598,3542
40.1399,-74.6365,1227
40.1399,-97.7237,647
40.1407,-120.1781,1696
40.1408,-75.1926,1638
40.1408,-74.811,1119
40.1411,-75.0674,1262
40.1415,-87.3906,1092
40.1416,-87.4687,1029
40.1417,-120.1397,1173
40.1418,-84.1119,506
40.1426,-87.6107,3837
40.1428,-89.1928,598
40.1433,-74.9069,542
40.144,-97.867,587
40.1442,-92.0102,417
40.1443,-85.8586,334
40.1447,-97.1765,1446
40.1447,-97.1765,1395
40.1449,-93.7384,268
40.1452,-76.1208,811
40.1461,-97.4151,239
40.1466,-83.2367,1303
40.1466,-80.7097,1632
40.147,-88.963,1716
40.1471,-84.2435,3293
40.1472,-75.1169,1448
40.1473,-91.0024,399
40.1474,-75.2687,2108
40.1482,-81.0644,711
40.1482,-91.5036,342
40.1483,-92.3788,537
40.1484,-92.3026,524
40.1488,-75.3991,1372
40.1489,-88.9631,1734
40.1491,-95.7112,442
40.1491,-82.6869,1569
40.1493,-96.3486,381
40.1495,-120.3702,2089
40.1495,-74.0462,1033
40.1497,-74.7077,878
40.1501,-75.8873,968
40.1501,-102.9621,584
40.1504,-79.9081,460
40.1505,-78.9133,709
40.1507,-89.3703,2269
40.1507,-89.3738,2584
40.1508,-101.2276,641
40.1509,-81.5758,641
40.1509,-79.5434,908
40.1509,-74.982,763
40.151,-82.6846,1530
40.1512,-84.2432,2741
40.1514,-80.2147,803
40.1519,-90.0115,856
40.152,-79.883,1543
40.1523,-74.8523,2914
40.1526,-91.2215,834
40.1528,-90.7733,792
40.153,-106.9085,450
40.1531,-76.2478,1425
40.1533,-76.5987,1479
40.1537,-75.8308,907
40.1538,-74.0269,1048
40.1538,-79.7417,290
40.1538,-80.7071,699
40.154,-76.3043,1384
40.154,-74.9916,728
40.1552,-74.9147,587
40.1552,-104.5634,2777
40.1557,-104.9486,3386
40.1557,-76.7533,610
40.1559,-78.5108,158
40.156,-85.2146,454
40.1564,-75.2215,838
40.1567,-76.7946,1073
40.1568,-80.3866,933
40.1571,-78.2529,640
40.1574,-76.9821,514
40.1578,-76.2034,1006
40.159,-74.3223,1664
40.1593,-77.1399,1427
40.1596,-74.9316,645
40.1599,-79.9731,560
40.1599,-75.409,1188
40.1599,-78.2318,373
40.1601,-83.1357,605
40.1605,-76.0496,612
40.1609,-93.6097,330
40.1613,-123.6157,1415
40.1615,-79.0275,781
40.1618,-81.1309,885
40.1633,-76.396,1068
40.1633,-79.061,1259
40.1635,-103.2203,1512
40.1641,-87.1488,531
40.1641,-97.9738,560
40.1643,-111.6195,3455
40.1644,-80.5971,949
40.1658,-95.9443,1049
40.166,-74.9183,702
40.1665,-78.1386,464
40.1673,-79.8894,5214
40.1674,-78.2166,167
40.1677,-83.0816,2190
40.1678,-86.1791,588
40.168,-92.173,1038
40.1682,-105.1005,4912
40.1682,-105.1077,4464
40.1686,-94.736,244
40.1688,-87.2558,366
40.1688,-97.586,1120
40.1699,-121.077,795
40.1699,-77.4018,588
40.17,-74.0249,456
40.1701,-74.6513,1350
40.1703,-84.977,1540
40.1707,-74.0376,622
40.1709,-75.6576,607
40.1711,-82.4181,457
40.1714,-98.449,677
40.1721,-84.9771,1689
40.1722,-87.0724,399
40.1724,-80.6976,658
40.1735,-122.2415,2497
40.1736,-83.5281,483
40.1742,-80.2468,1554
40.1742,-86.021,674
40.1744,-80.2324,608
40.1747,-101.0136,693
40.1753,-110.3941,1515
40.1754,-94.8232,354
40.1759,-80.7997,458
40.1769,-75.5465,796
40.177,-91.3783,333
40.1771,-79.9079,1321
40.1772,-75.2195,1483
40.1774,-75.1055,1083
40.1775,-74.9234,637
40.1777,-74.851,1266
40.1777,-80.1303,2333
40.1778,-75.1792,1604
40.1783,-96.0887,696
40.1786,-74.5901,701
40.1787,-118.4774,843
40.1793,-83.4385,590
40.1795,-79.8624,1251
40.1797,-74.0244,928
40.1797,-78.6133,247
40.1803,-77.8662,161
40.1804,-122.2305,2874
40.1809,-76.1802,1679
40.1814,-80.8864,354
40.1819,-85.5082,5131
40.1825,-75.1387,2124
40.1827,-76.0633,937
40.1832,-78.1153,394
40.1834,-80.6918,624
40.1835,-89.5824,506
40.184,-97.0848,508
40.1842,-79.827,1010
40.1844,-80.9943,487
40.1846,-88.7853,442
40.1851,-81.892,339
40.1858,-76.724,512
40.1863,-75.5389,805
40.1866,-74.6631,1832
40.1866,-85.2738,859
40.1869,-75.4575,1138
40.1884,-75.0841,721
40.1887,-79.955,1329
40.189,-86.9023,569
40.1895,-85.1273,662
40.1898,-75.4341,1152
40.1898,-85.2037,689
40.19,-90.1424,548
40.1901,-88.3895,2831
40.1902,-75.9005,2131
40.1912,-79.9225,1256
40.1913,-80.6647,343
40.1914,-74.0151,592
40.1916,-96.9741,294
40.1917,-111.4967,1329
40.1918,-74.7014,1603
40.1923,-74.0474,840
40.1924,-95.3743,463
40.1924,-79.8507,696
40.1928,-86.3592,589
40.1931,-87.9719,389
40.1933,-110.0625,914
40.1937,-80.7176,587
40.1942,-86.6669,552
40.1942,-86.9779,398
40.1945,-75.0018,1625
40.1955,-88.3879,2381
40.1958,-76.3698,1247
40.197,-77.9819,1008
40.1973,-93.3505,387
40.1973,-87.5271,339
40.1978,-80.3001,1478
40.198,-94.3997,582
40.1981,-85.4072,6304
40.1982,-92.5746,3444
40.1984,-74.1701,655
40.1985,-84.7892,870
40.1985,-80.7754,564
40.1987,-79.4629,1291
40.1988,-85.3951,4753
40.1991,-75.4754,1303
40.1992,-92.5776,2662
40.1993,-84.8206,1364
40.1999,-84.8132,1460
40.2,-77.2041,2136
40.2001,-74.9706,1001
40.2005,-74.0333,859
40.2009,-76.7292,1294
40.2012,-98.0686,820
40.2012,-77.2833,730
40.2012,-78.1406,747
40.2013,-95.0404,468
40.2014,-96.6589,429
40.2015,-79.6939,986
40.2016,-74.0121,709
40.2017,-76.021,1326
40.202,-74.8872,1008
40.2021,-95.0779,508
40.2022,-89.6971,914
40.2027,-78.9293,540
40.2032,-93.124,1209
40.204,-79.6155,457
40.2045,-87.1483,645
40.2045,-100.6216,2121
40.2046,-100.6207,2079
40.2048,-80.5609,777
40.205,-79.497,1215
40.2051,-81.7182,569
40.2052,-88.3746,1178
40.2053,-78.1783,520
40.206,-121.1575,705
40.2072,-79.9533,915
40.2072,-79.7712,925
40.2074,-96.2329,331
40.2076,-84.2373,264
40.2076,-74.7803,1200
40.208,-75.0735,541
40.2086,-76.7855,770
40.2098,-77.1727,527
40.2099,-80.1263,1100
40.2105,-99.2901,554
40.2107,-123.7812,768
40.211,-81.2687,703
40.2112,-79.185,326
40.2112,-75.2744,696
40.2112,-78.2,314
40.2114,-77.0059,1410
40.2118,-78.0062,456
40.2118,-74.0069,553
40.212,-88.5087,647
40.2124,-76.1176,1364
40.2127,-78.2471,579
40.2132,-84.6348,731
40.2135,-78.9809,1465
40.2139,-86.027,508
40.2144,-79.6885,879
40.2145,-121.1762,853
40.2157,-78.2571,542
40.2165,-76.1669,1133
40.2166,-94.5381,1075
40.2167,-80.8762,665
40.2173,-80.23,854
40.2174,-83.9634,1057
40.2185,-95.5778,273
40.2189,-79.4892,1341
40.219,-76.239,1358
40.22,-74.6302,727
40.2206,-83.5579,941
40.2207,-74.4702,1265
40.2209,-79.7812,1210
40.221,-85.772,934
40.2212,-75.4011,1442
40.2218,-88.9612,674
40.2223,-84.4827,1287
40.2223,-79.6088,1817
40.2224,-76.9556,502
40.2228,-104.8336,1665
40.2229,-74.0102,1086
40.223,-76.8561,394
40.2231,-105.2687,1061
40.2233,-80.6579,979
40.2238,-74.7636,2504
40.2242,-100.8396,831
40.2249,-75.6343,1186
40.225,-74.6505,1878
40.2253,-82.8762,1194
40.2253,-78.366,324
40.2254,-74.993,1900
40.2258,-76.8254,1250
40.2267,-109.8308,2075
40.2267,-76.9028,1346
40.2268,-76.2865,1337
40.227,-104.9883,3571
40.2274,-86.5057,538
40.2279,-90.3565,695
40.228,-83.3594,3663
40.2283,-74.9323,676
40.2284,-104.0721,1044
40.2287,-123.8176,1110
40.2288,-76.8783,1175
40.2288,-76.2624,737
40.2289,-76.0795,1098
40.23,-74.8594,918
40.2301,-106.9508,989
40.2307,-112.7541,2072
40.2307,-90.9501,755
40.2309,-74.2941,2208
40.2313,-105.518,3137
40.2319,-76.819,511
40.2321,-91.0633,594
40.2321,-89.8416,445
40.2323,-74.0,267
40.2323,-95.7734,379
40.2324,-76.8254,436
40.2327,-83.3651,3087
40.2335,-77.0694,1146
40.2335,-105.8561,2106
40.2336,-121.2021,1373
40.2336,-79.9505,957
40.234,-90.6223,981
40.234,-84.4067,845
40.2341,-75.9776,1467
40.2341,-76.1412,1027
40.2343,-74.0159,523
40.2344,-92.707,805
40.2345,-79.8015,473
40.2346,-100.4198,1014
40.2348,-78.9356,1379
40.2355,-78.8247,1274
40.2356,-75.663,1121
40.2358,-74.6923,1744
40.2359,-95.6836,416
40.2359,-74.0024,454
40.236,-112.0752,4637
40.2362,-80.2268,1378
40.2368,-74.0289,958
40.2368,-84.9158,467
40.2371,-82.4415,1200
40.2382,-97.9036,354
40.2388,-94.6809,786
40.2394,-82.8695,1659
40.2398,-76.8157,327
40.2399,-109.0068,876
40.2399,-82.6908,663
40.2403,-74.8389,877
40.2408,-91.7976,473
40.2411,-77.8995,490
40.2413,-89.1245,513
40.2414,-87.248,723
40.2417,-75.2812,1571
40.2421,-78.8501,534
40.2422,-76.9274,1324
40.2429,-77.893,284
40.2431,-96.4066,300
40.2432,-93.5922,721
40.2432,-80.4253,578
40.2435,-76.4849,742
40.2439,-88.1877,908
40.2439,-75.3407,1678
40.2442,-76.8991,1153
40.2443,-79.5807,1257
40.2444,-76.1782,1639
40.2445,-76.0647,1067
40.2446,-77.1863,1685
40.2448,-92.2059,324
40.2449,-79.2375,645
40.2453,-121.0768,988
40.2453,-111.6451,5876
40.2456,-79.6749,600
40.2456,-76.4715,345
40.2456,-74.6764,10478
40.2459,-96.4988,286
40.2464,-76.877,14364
40.2472,-86.7244,474
40.2474,-74.5813,973
40.2475,-97.3878,577
40.2479,-94.3335,1419
40.2481,-88.6418,1405
40.2486,-95.4545,301
40.249,-103.8432,769
40.2494,-82.8802,1992
40.2495,-80.2111,582
40.2495,-78.8443,742
40.2497,-76.4657,395
40.2497,-73.9975,988
40.2502,-75.2405,1980
40.2504,-80.1985,512
40.2505,-103.7942,2137
40.2506,-89.4411,352
40.2508,-75.5882,1669
40.2509,-75.6448,2000
40.2509,-75.6819,1063
40.2511,-100.3104,879
40.2512,-87.4524,363
40.2517,-79.9243,347
40.2528,-80.002,371
40.253,-103.7887,2100
40.253,-99.6322,866
40.2534,-86.9038,547
40.2547,-97.5574,619
40.2551,-122.2109,1550
40.2556,-91.1833,372
40.2559,-105.8289,922
40.2566,-80.9926,2691
40.2568,-83.7584,1002
40.2571,-80.2162,580
40.2573,-103.6303,1441
40.2576,-85.6791,1771
40.2578,-121.147,1504
40.2579,-75.4657,574
40.2586,-92.8759,607
40.259,-74.4743,485
40.2593,-103.6363,1528
40.2594,-94.8279,324
40.2594,-87.6113,783
40.2599,-75.7242,729
40.2602,-74.2759,1262
40.2605,-74.9489,1237
40.2606,-76.9103,800
40.2611,-76.411,2828
40.2615,-74.0266,1152
40.2618,-81.8473,2569
40.2623,-75.8101,1045
40.2623,-76.8342,578
40.2625,-78.2977,455
40.2626,-78.8296,694
40.263,-85.6737,1579
40.2632,-79.7136,447
40.2634,-74.4807,380
40.2635,-74.4919,1020
40.2636,-89.2308,1015
40.2637,-81.85,2537
40.264,-79.3978,774
40.2642,-80.1868,1380
40.2644,-75.6093,1510
40.2648,-94.1951,673
40.2648,-92.9615,1086
40.265,-85.3733,651
40.2653,-76.7984,1096
40.2653,-76.7129,1012
40.2655,-123.8755,597
40.2656,-75.7496,2657
40.2662,-94.6696,373
40.2663,-74.0961,3572
40.2665,-79.7931,461
40.2668,-80.0096,1500
40.2682,-94.0298,1913
40.2682,-79.6554,656
40.2682,-80.6376,1200
40.2684,-94.6914,511
40.2684,-74.7779,594
40.2685,-74.5258,1008
40.2685,-75.2166,991
40.269,-83.2074,879
40.2694,-75.7308,989
40.2696,-76.7678,1011
40.2697,-103.829,402
40.2698,-82.3544,382
40.2704,-76.0188,1062
40.2706,-79.8962,384
40.2709,-76.1236,871
40.2716,-79.8872,532
40.2716,-85.725,621
40.2723,-78.4582,174
40.2724,-87.3862,712
40.2725,-85.8377,1954
40.2733,-96.746,2793
40.2736,-80.1133,1306
40.2737,-80.4672,862
40.2738,-81.2811,665
40.2739,-85.8371,1814
40.274,-106.9576,551
40.2741,-79.8745,430
40.2743,-96.7446,2675
40.2744,-75.4691,768
40.2753,-81.596,1536
40.2758,-74.2413,1567
40.2759,-76.885,2587
40.2759,-78.338,355
40.276,-81.7517,843
40.276,-76.5829,1629
40.2771,-75.2989,728
40.2771,-78.3029,351
40.2773,-121.0961,946
40.2773,-75.8119,908
40.2777,-79.8005,393
40.2778,-92.7018,523
40.2779,-75.9132,650
40.278,-76.8483,607
40.2782,-79.5474,763
40.2784,-75.3879,1856
40.2787,-76.9208,515
40.2789,-80.2732,372
40.2792,-99.7758,557
40.2793,-86.5911,307
40.2794,-75.8563,984
40.2796,-75.6405,1316
40.2798,-79.3659,303
40.2799,-78.4812,156
40.28,-76.6443,3433
40.2802,-84.6383,340
40.2804,-86.5256,2484
40.2809,-80.6106,894
40.281,-86.5213,2577
40.2812,-121.1345,1582
40.2813,-78.8846,1205
40.2815,-80.0874,1590
40.2818,-109.8772,2425
40.2822,-86.0416,1419
40.2825,-86.0432,1502
40.2831,-76.4362,949
40.2836,-78.9217,309
40.2842,-104.782,818
40.2843,-100.1658,1047
40.2847,-104.9655,3273
40.285,-85.9527,825
40.2852,-96.5339,300
40.2853,-82.2836,522
40.2862,-86.3399,258
40.2865,-83.0749,4085
40.287,-87.2452,1240
40.2872,-86.7744,668
40.2875,-75.9869,794
40.2875,-103.8274,485
40.2877,-109.988,2409
40.2878,-86.2296,365
40.2879,-95.0795,524
40.2879,-74.02,1534
40.2881,-86.3016,513
40.2883,-96.1269,327
40.2884,-87.2923,1037
40.289,-75.9736,662
40.289,-75.2096,1155
40.2895,-84.1667,3141
40.2895,-84.1667,2937
40.2901,-76.8394,1577
40.2902,-98.2597,585
40.2905,-78.9198,567
40.2906,-76.9355,1152
40.2907,-86.1507,412
40.2913,-79.4055,644
40.2914,-79.8599,1989
40.2914,-78.4514,1050
40.2916,-85.0286,676
40.2916,-80.6751,550
40.2916,-74.0541,2194
40.2919,-79.5478,568
40.2921,-90.9163,682
40.2923,-78.4033,315
40.2923,-80.2056,1131
40.2928,-78.0272,699
40.2933,-76.6807,484
40.2934,-78.7176,660
40.2936,-78.8726,936
40.2938,-79.3873,1123
40.2938,-123.3483,5660
40.2942,-75.8482,1211
40.2943,-78.4637,354
40.2949,-109.9494,3391
40.2951,-90.0578,1513
40.2952,-84.3694,544
40.2954,-73.9899,2055
40.2955,-74.4686,615
40.2955,-83.9687,961
40.2957,-90.429,1018
40.2957,-80.3051,1531
40.296,-76.6236,1106
40.296,-78.8961,528
40.2961,-74.3596,685
40.2962,-74.8603,455
40.2963,-98.7315,584
40.2964,-78.7593,937
40.2967,-79.889,1511
40.2968,-76.2939,1490
40.2972,-79.9425,3698
40.2972,-78.9455,1283
40.2973,-80.1822,1453
40.2973,-88.1581,2724
40.2974,-77.8764,363
40.2978,-78.513,334
40.298,-78.4454,2150
40.2981,-111.6994,3918
40.2982,-89.4851,440
40.2985,-85.1982,664
40.2986,-75.9347,800
40.2987,-76.807,2039
40.2989,-81.8402,587
40.2991,-78.8967,5344
40.2996,-75.1781,998
40.3001,-79.7941,728
40.3001,-103.8055,172
40.3007,-80.1583,573
40.3008,-111.7493,11525
40.3011,-120.4903,5280
40.3017,-121.2325,2451
40.3025,-96.9885,510
40.3026,-88.1549,2646
40.3026,-74.7385,927
40.3026,-75.9671,908
40.3031,-87.4924,182
40.3031,-80.1196,571
40.3033,-97.6836,808
40.3037,-82.6978,893
40.3045,-78.3324,247
40.3047,-87.9443,461
40.3047,-100.01,365
40.3051,-111.7548,1996
40.3051,-99.898,895
40.3051,-89.6048,584
40.3052,-121.0035,2140
40.3055,-110.0084,1659
40.3055,-78.8818,1078
40.3059,-74.3389,1403
40.306,-85.2322,1278
40.3061,-93.3504,356
40.3063,-75.9872,437
40.3067,-87.7976,634
40.3068,-74.4532,424
40.3068,-75.9438,695
40.3069,-87.701,1121
40.307,-78.33,171
40.307,-87.6069,809
40.3071,-121.0554,966
40.3072,-104.9112,3584
40.3078,-88.0214,605
40.3083,-81.188,533
40.3089,-74.8749,621
40.3096,-112.0112,1291
40.3098,-74.4652,790
40.31,-76.5948,1259
40.3102,-78.3365,290
40.3103,-78.2862,531
40.3105,-104.8584,3279
40.3106,-75.8614,1255
40.3108,-99.2896,457
40.3108,-78.9327,931
40.3109,-78.3243,730
40.311,-75.3224,962
40.3112,-79.5444,1827
40.3117,-79.8235,521
40.3122,-78.9051,380
40.3124,-97.8114,741
40.3124,-79.6543,481
40.3124,-79.3826,1382
40.3127,-83.9166,909
40.3131,-103.8023,379
40.3132,-79.8042,937
40.3135,-74.5202,1004
40.3136,-89.1686,985
40.314,-92.0876,331
40.314,-85.501,548
40.3142,-75.1277,1334
40.3143,-112.0117,6485
40.3144,-88.9923,1656
40.3144,-79.3561,1393
40.3146,-74.4474,797
40.3147,-75.9886,509
40.3154,-80.5812,1365
40.3157,-88.3503,1047
40.316,-78.5172,327
40.316,-74.0205,1617
40.3162,-83.676,716
40.3166,-76.7885,1381
40.317,-78.4105,394
40.318,-122.0538,729
40.3182,-79.8308,632
40.3183,-75.453,1464
40.3185,-80.1919,1512
40.3193,-88.2834,282
40.3194,-78.9524,1386
40.3195,-98.9024,596
40.3196,-74.4671,398
40.3201,-78.9037,438
40.3209,-74.3863,773
40.3217,-79.8632,1086
40.3217,-97.2983,368
40.3222,-75.9951,816
40.3228,-123.9206,787
40.323,-75.6086,1662
40.3232,-74.6219,1226
40.3234,-98.5959,544
40.3236,-78.7523,905
40.3236,-79.3403,581
40.3238,-80.0364,3106
40.3243,-84.5689,650
40.3245,-103.5222,394
40.3247,-76.0225,1011
40.3247,-78.7664,1028
40.3249,-74.7888,890
40.3251,-79.6998,831
40.3253,-79.606,323
40.3253,-80.6194,1489
40.3255,-84.4951,472
40.3256,-75.3273,911
40.3258,-79.886,1142
40.3259,-75.8638,861
40.326,-78.698,1356
40.3261,-78.9191,2208
40.3264,-80.4091,547
40.3265,-74.0574,1335
40.3267,-74.4455,752
40.3267,-80.8956,983
40.3267,-81.5194,671
40.3269,-85.357,1753
40.3273,-90.6081,616
40.3274,-76.0042,372
40.3278,-79.6139,1403
40.3278,-91.1995,428
40.328,-86.3916,473
40.3281,-76.4068,800
40.3286,-75.8898,581
40.3289,-75.9938,418
40.3292,-79.6421,359
40.3293,-93.7971,917
40.3298,-79.9596,1512
40.3304,-89.9306,336
40.3304,-76.0827,787
40.3306,-84.0924,355
40.3308,-81.7386,435
40.3308,-103.592,540
40.3311,-75.8361,1206
40.3313,-74.5916,778
40.332,-80.2561,865
40.332,-104.1178,363
40.3323,-82.9592,609
40.3323,-75.6375,798
40.3325,-76.5077,1156
40.3326,-94.4233,435
40.333,-78.9537,1032
40.3331,-98.4484,766
40.3334,-78.9373,441
40.3334,-79.3011,798
40.3338,-75.9469,700
40.3339,-83.585,1140
40.3345,-78.3722,221
40.3347,-96.4224,362
40.3347,-75.9661,1928
40.3347,-74.4701,746
40.3348,-78.396,815
40.335,-76.006,962
40.3352,-97.5656,530
40.3354,-74.1327,2145
40.3356,-74.5647,1450
40.3356,-82.001,633
40.3359,-73.9856,927
40.336,-85.6435,683
40.3362,-78.327,259
40.3365,-77.5124,512
40.3366,-75.4718,513
40.337,-74.0345,1495
40.337,-80.5972,1233
40.337,-84.6436,459
40.3372,-76.4446,775
40.3376,-76.7256,1484
40.3376,-76.9321,1387
40.3378,-99.0458,687
40.3379,-79.8741,967
40.3379,-75.8767,914
40.3379,-87.1716,394
40.3385,-82.0714,750
40.3385,-76.4771,829
40.3386,-83.6779,295
40.3388,-79.7961,2336
40.3388,-95.676,500
40.3389,-76.3997,363
40.3389,-79.7114,408
40.339,-87.2851,536
40.339,-104.9532,2175
40.3392,-75.9263,2849
40.3394,-88.7611,1408
40.3395,-95.392,619
40.3395,-74.2944,2206
40.3395,-84.4961,539
40.3397,-89.3144,485
40.3405,-83.4682,1023
40.3406,-88.5256,554
40.3412,-76.4227,1853
40.3414,-112.1086,4195
40.3419,-79.845,2040
40.3419,-121.925,1682
40.342,-111.7173,2624
40.342,-78.8838,702
40.3422,-80.8179,270
40.3425,-94.87,2315
40.3426,-94.8737,2151
40.3426,-76.3793,1065
40.343,-77.3056,243
40.3435,-80.3803,746
40.3437,-91.1123,343
40.3438,-76.4006,5193
40.3443,-76.7948,1776
40.3446,-111.9159,4387
40.3448,-86.9637,4728
40.3449,-87.0426,566
40.3456,-84.3708,922
40.3458,-86.6673,663
40.3459,-75.6313,1115
40.3459,-79.6693,1256
40.3467,-75.2711,584
40.3476,-78.8861,476
40.3483,-85.1539,848
40.3484,-101.1075,541
40.3484,-103.9694,359
40.3486,-76.1386,857
40.3487,-104.7061,901
40.3487,-74.0665,1200
40.349,-74.4402,853
40.3492,-75.9798,705
40.3493,-74.4678,849
40.3493,-75.8641,725
40.3502,-104.7484,2963
40.3504,-79.2853,715
40.3506,-92.5661,821
40.3506,-79.8902,893
40.351,-91.428,2318
40.3514,-110.2238,2834
40.3515,-76.2117,1340
40.3524,-94.6721,502
40.3526,-90.3234,470
40.3529,-78.5532,273
40.3529,-84.6427,378
40.3533,-75.9892,863
40.3537,-83.2627,419
40.3542,-110.7096,314
40.3547,-98.1392,322
40.3548,-79.6502,201
40.3552,-78.4305,639
40.3574,-76.2569,1069
40.3575,-78.4862,147
40.3577,-79.9054,3424
40.3582,-80.1076,950
40.3582,-74.6667,3846
40.3584,-122.2088,2281
40.3584,-93.0837,370
40.3584,-87.3968,325
40.3585,-92.0253,409
40.359,-110.288,418
40.3591,-122.9042,1306
40.3591,-105.5296,3165
40.3593,-78.8728,553
40.3594,-83.7531,2263
40.3594,-73.9749,770
40.3595,-80.385,696
40.3599,-81.4264,869
40.3599,-91.4594,557
40.3602,-79.9898,1656
40.3605,-78.4211,559
40.3605,-75.3069,971
40.3611,-88.4291,238
40.3613,-75.976,586
40.3613,-112.4506,3861
40.3614,-76.4217,911
40.3614,-74.9568,1023
40.3618,-85.9583,578
40.3619,-74.0388,1146
40.362,-78.7896,614
40.3621,-74.0045,2044
40.3627,-83.763,2889
40.3631,-80.4137,926
40.3632,-75.9562,781
40.3636,-74.972,2154
40.3637,-87.5128,373
40.3638,-79.4695,277
40.3644,-99.1693,642
40.3644,-75.9514,8902
40.365,-90.4252,482
40.3651,-80.5377,423
40.3653,-74.0806,1027
40.3663,-80.6571,2947
40.3664,-80.0195,1148
40.367,-76.1868,845
40.367,-105.5339,2349
40.3676,-77.8741,894
40.3681,-81.003,648
40.3681,-75.2405,842
40.3683,-97.971,807
40.3683,-76.9302,594
40.3684,-99.4732,437
40.3686,-74.943,945
40.3687,-80.2912,602
40.3695,-109.3556,1632
40.3698,-76.3198,887
40.3698,-78.4158,235
40.3701,-112.256,324
40.3701,-104.0592,1588
40.3701,-80.2325,654
40.3702,-75.6308,659
40.3702,-77.3354,903
40.3704,-78.6692,928
40.371,-89.5461,1090
40.3711,-77.6047,557
40.3715,-111.7413,2753
40.3717,-75.2928,1446
40.3718,-96.1887,1116
40.3721,-76.3056,840
40.3722,-89.8325,656
40.3733,-95.077,360
40.3734,-79.9758,1093
40.3735,-80.6149,6181
40.3735,-79.8502,1224
40.3736,-78.2371,228
40.3738,-78.4234,308
40.3739,-86.3323,439
40.3743,-78.4313,342
40.3743,-85.2082,984
40.3744,-78.6654,1721
40.3746,-93.3324,456
40.3752,-86.774,973
40.3752,-78.7773,598
40.3758,-75.9241,650
40.3761,-74.2326,2113
40.3761,-74.5579,1901
40.3762,-78.7619,514
40.3762,-82.3946,879
40.3766,-80.323,1089
40.3769,-75.2059,693
40.377,-77.8654,456
40.377,-75.4838,742
40.3778,-93.9378,1002
40.3779,-74.5078,1409
40.3779,-111.7951,3064
40.378,-80.7099,1605
40.3783,-96.7291,298
40.3784,-74.4234,826
40.3791,-79.0751,520
40.3795,-78.4917,294
40.3796,-97.0798,407
40.3797,-86.0869,436
40.3802,-120.5861,2661
40.3806,-79.9452,2181
40.3807,-76.2314,1054
40.3809,-80.3532,860
40.3813,-80.3926,716
40.3815,-74.614,1243
40.3815,-87.6699,1073
40.3824,-82.5018,641
40.3835,-80.2152,961
40.384,-78.1686,924
40.3841,-77.8815,978
40.3845,-101.2345,506
40.3846,-75.1393,1403
40.3846,-79.7576,1092
40.3848,-79.8074,584
40.3852,-82.4749,2860
40.3852,-83.1459,771
40.386,-84.8649,777
40.3866,-88.1259,572
40.3868,-75.4915,2668
40.3868,-75.9398,691
40.3869,-78.6747,738
40.3869,-111.4195,717
40.3873,-78.7172,558
40.3875,-85.4978,539
40.3877,-120.3807,1812
40.3893,-74.7638,772
40.3894,-95.8436,1341
40.3897,-75.9135,817
40.3898,-75.7872,1006
40.3899,-90.0016,263
40.3902,-79.7215,1771
40.3903,-122.3156,3302
40.3904,-82.4736,2798
40.391,-74.5777,1608
40.3915,-80.0922,487
40.3915,-91.3613,1713
40.3916,-79.7859,600
40.3918,-75.9501,904
40.3919,-81.3965,778
40.392,-77.9416,388
40.3922,-91.9261,728
40.3927,-111.5909,1080
40.393,-77.8353,357
40.3931,-97.1984,633
40.3933,-78.4357,284
40.3936,-75.4964,809
40.3936,-79.901,1375
40.3936,-74.3927,1381
40.3938,-79.9102,872
40.394,-80.0377,792
40.3942,-79.81,595
40.3944,-82.6996,268
40.3945,-79.4175,836
40.3946,-104.6895,305
40.3948,-75.9634,536
40.3949,-84.3788,1331
40.3949,-96.9218,592
40.3949,-89.9407,1054
40.395,-79.1521,375
40.3952,-77.0277,579
40.3954,-84.1757,956
40.3954,-74.3312,2548
40.3955,-80.2019,998
40.3956,-104.5783,1396
40.3956,-91.2488,811
40.3963,-91.5754,745
40.3963,-93.5888,1144
40.3966,-77.8857,423
40.3969,-90.1555,1284
40.3969,-79.8382,565
40.397,-79.8218,633
40.3972,-75.8557,529
40.3976,-95.6611,734
40.3977,-81.3273,1056
40.3979,-80.0932,504
40.3983,-97.8392,486
40.3988,-123.9474,702
40.3988,-88.8892,1572
40.3988,-75.9225,525
40.3988,-81.5553,592
40.3989,-94.3233,562
40.399,-81.0882,678
40.3994,-86.8628,5004
40.3996,-74.2933,940
40.4002,-80.1396,808
40.4002,-80.1872,622
40.4003,-84.4792,2047
40.4003,-74.0448,854
40.4003,-74.6389,709
40.4004,-75.5876,650
40.4005,-79.8854,494
40.4006,-95.595,637
40.4008,-82.811,373
40.4014,-83.544,828
40.4017,-79.8686,681
40.4017,-79.8537,1109
40.402,-74.2215,1274
40.4025,-80.6244,835
40.4026,-74.6986,708
40.4027,-121.5508,6044
40.4027,-78.3848,613
40.4027,-78.2778,531
40.4032,-74.5153,961
40.4034,-78.2546,545
40.4034,-79.1403,799
40.4037,-78.6588,718
40.4041,-81.349,1523
40.4042,-109.797,736
40.4042,-73.9882,781
40.4044,-121.3406,3787
40.4045,-94.4465,456
40.4049,-85.2772,405
40.4057,-75.506,651
40.4059,-74.9706,671
40.4063,-91.3883,2729
40.4063,-80.5656,3858
40.4072,-89.6442,498
40.4073,-79.9099,689
40.4075,-89.0643,270
40.4076,-104.7309,5546
40.4078,-79.7764,646
40.408,-80.086,1156
40.4081,-75.9229,529
40.4085,-92.6893,323
40.4086,-79.8215,896
40.4086,-78.6407,250
40.4092,-78.2106,333
40.4093,-82.3274,430
40.4095,-91.4025,2739
40.4096,-85.5728,402
40.4098,-82.9517,737
40.4099,-78.8449,1876
40.4101,-79.8386,361
40.4104,-80.5067,1319
40.4105,-95.9999,426
40.4108,-111.2957,5025
40.4109,-95.5331,1511
40.411,-74.2365,1367
40.4113,-79.9856,529
40.4114,-90.8362,592
40.4114,-85.4274,466
40.4118,-74.0198,1021
40.4118,-92.5667,921
40.412,-111.7543,1499
40.4123,-84.7763,1009
40.413,-76.4807,723
40.4131,-79.0219,408
40.4134,-79.8838,598
40.4134,-74.5625,1765
40.4134,-75.3775,606
40.4136,-87.1118,622
40.4136,-97.4524,453
40.414,-87.3157,412
40.4143,-91.1281,1439
40.4144,-79.5729,933
40.4146,-79.8613,884
40.4148,-76.4929,2025
40.4149,-97.5871,320
40.4149,-87.4772,440
40.4152,-74.618,1853
40.4159,-123.2316,3199
40.416,-78.4134,1107
40.4161,-101.3721,801
40.4165,-97.7241,502
40.4166,-104.7733,6429
40.4169,-105.0631,5436
40.4169,-79.6231,577
40.4171,-80.0543,1308
40.4171,-111.8711,5001
40.4173,-85.6477,1143
40.4176,-84.3767,1856
40.4177,-86.8801,7528
40.4181,-78.4616,690
40.4183,-90.4974,595
40.4184,-120.6511,1619
40.4185,-97.3366,465
40.4189,-77.189,710
40.4189,-86.2728,859
40.4192,-86.0419,543
40.4196,-86.5958,615
40.4197,-74.0602,700
40.4198,-116.5753,1356
40.4201,-89.7806,1117
40.4203,-79.886,997
40.4203,-84.6315,1193
40.4204,-76.2964,639
40.4219,-85.8226,686
40.4223,-78.2723,331
40.4224,-80.0885,677
40.4229,-74.5871,1447
40.4234,-89.4223,856
40.4236,-91.7187,1145
40.4238,-83.8846,796
40.4242,-78.6202,646
40.4249,-78.2086,358
40.4251,-79.8545,1136
40.4256,-90.7922,974
40.4263,-78.3619,1226
40.4263,-78.4303,663
40.4263,-79.7614,4032
40.4267,-121.8504,3820
40.4273,-81.1874,646
40.4274,-83.2944,1012
40.4276,-111.7956,2676
40.4279,-74.0787,1019
40.4281,-88.5262,813
40.4282,-74.7123,1100
40.4282,-80.1011,249
40.4301,-78.4043,254
40.4304,-91.7704,799
40.4309,-74.8718,1186
40.4311,-84.9931,1851
40.4311,-78.393,1387
40.4313,-79.884,696
40.4317,-109.4913,2333
40.4318,-118.2719,4079
40.4319,-91.4446,1477
40.4322,-89.2208,739
40.4323,-98.1032,770
40.4325,-79.2599,1080
40.4325,-123.4921,5386
40.4326,-74.2003,1067
40.4329,-80.7719,675
40.4332,-75.405,871
40.4333,-80.0711,970
40.4337,-120.6283,2555
40.4337,-89.3139,689
40.4338,-76.1112,592
40.4339,-78.4324,522
40.4342,-74.1007,1036
40.4346,-80.0841,601
40.4348,-110.0308,1763
40.4349,-78.3001,346
40.4353,-84.2549,921
40.4355,-84.3778,1389
40.436,-81.3703,774
40.4362,-84.4937,445
40.4368,-86.0596,862
40.437,-77.931,498
40.4377,-84.9835,2004
40.4378,-98.4409,447
40.4382,-82.349,2226
40.4384,-94.6223,479
40.4388,-79.8416,1343
40.439,-74.1185,598
40.439,-84.0408,1191
40.4394,-99.377,1868
40.4397,-75.3458,1295
40.4398,-93.7747,1063
40.4399,-74.5983,1420
40.4399,-79.9757,6757
40.4401,-78.3233,416
40.4409,-75.7592,1224
40.4412,-86.2149,588
40.4423,-91.5761,1238
40.4423,-83.8045,499
40.4425,-99.3757,1555
40.4429,-79.6583,5510
40.443,-95.3835,1069
40.4431,-86.2738,547
40.4431,-75.4491,1247
40.4431,-78.8325,2271
40.4432,-74.2178,864
40.4437,-86.9236,3343
40.4439,-81.7001,862
40.444,-79.2641,2075
40.4441,-76.4377,1258
40.4441,-112.3744,1178
40.4442,-79.8733,1363
40.4444,-76.5821,3982
40.4444,-75.9672,773
40.4445,-78.3558,217
40.4446,-74.542,1465
40.4448,-80.0685,598
40.4451,-75.8795,1913
40.4457,-74.3785,1515
40.4457,-78.4293,465
40.446,-74.2964,1224
40.4463,-109.5451,3593
40.4466,-95.0667,908
40.4467,-75.8405,699
40.4468,-118.1231,799
40.4468,-74.26,1559
40.4471,-82.2609,698
40.4474,-80.8599,582
40.4475,-74.17,1212
40.4487,-78.3839,562
40.4491,-78.4486,295
40.4493,-88.6321,403
40.4493,-77.8034,917
40.4495,-87.2535,315
40.4495,-88.7161,423
40.4498,-122.2951,2408
40.4498,-81.3679,561
40.4502,-74.4348,1132
40.4502,-94.8419,376
40.4509,-75.5504,903
40.4515,-74.6546,815
40.4516,-78.344,365
40.4517,-109.538,1952
40.4519,-74.1556,940
40.4521,-81.2096,460
40.4523,-80.2317,770
40.4523,-91.8841,408
40.4524,-84.1792,1020
40.4531,-74.5765,1628
40.4532,-85.3718,1704
40.4534,-76.1692,925
40.4536,-79.0325,218
40.4537,-85.3732,1789
40.4537,-80.2499,1617
40.4539,-83.1848,772
40.4539,-91.3894,1084
40.4543,-76.9705,221
40.4549,-101.5356,329
40.4554,-76.3247,1000
40.4563,-88.1034,1582
40.4565,-75.8216,928
40.4566,-85.9329,426
40.4568,-78.2067,116
40.4578,-93.4573,1806
40.4578,-88.0945,1324
40.4579,-80.6096,1311
40.458,-76.2453,338
40.4587,-77.3541,581
40.459,-96.5074,700
40.4593,-79.9602,27342
40.4598,-83.0848,731
40.4602,-90.6757,2683
40.4608,-75.9951,1316
40.4608,-92.1699,1133
40.4608,-87.6636,1743
40.4609,-106.8157,2887
40.4613,-96.3774,571
40.4613,-83.6712,804
40.4617,-75.7548,1070
40.4621,-79.5184,653
40.4626,-78.5866,628
40.4627,-78.432,295
40.4628,-85.501,1608
40.4629,-76.9325,526
40.463,-111.7724,2560
40.463,-78.2049,550
40.4631,-99.2508,466
40.4631,-82.8285,367
40.4631,-92.0156,272
40.4637,-93.2917,454
40.464,-86.1273,5499
40.4642,-78.3928,914
40.4644,-78.0669,1642
40.4644,-87.8959,691
40.4651,-87.6717,1365
40.4652,-98.651,457
40.4653,-96.8511,474
40.4654,-90.0949,452
40.4661,-122.418,3732
40.4662,-88.2769,640
40.4662,-87.8007,468
40.4667,-111.4095,1647
40.4668,-88.3792,1383
40.4669,-74.3202,3613
40.467,-91.9735,362
40.4671,-86.1383,5176
40.4672,-78.1996,379
40.4673,-111.4595,1578
40.4674,-83.8935,875
40.4675,-78.5767,1787
40.4686,-74.657,1823
40.4687,-93.986,912
40.469,-80.0633,933
40.4691,-79.1881,1434
40.4695,-91.1683,1273
40.4697,-98.5587,477
40.4701,-90.6831,2967
40.4702,-74.534,2482
40.4702,-82.19,390
40.4706,-78.834,1248
40.4709,-101.7449,444
40.4711,-78.2321,137
40.4714,-78.592,494
40.4717,-80.9217,513
40.4718,-109.5786,2309
40.4721,-109.9412,1393
40.4724,-81.91,1204
40.4725,-75.3212,463
40.4726,-78.1698,203
40.4727,-87.0266,457
40.4736,-78.279,317
40.4736,-78.2267,108
40.4744,-86.5252,592
40.4744,-90.2949,619
40.4746,-111.9403,3027
40.475,-111.2558,2700
40.4751,-82.6809,411
40.4752,-93.9275,503
40.4754,-75.9799,493
40.4756,-106.8229,2856
40.4757,-93.0044,1283
40.4758,-88.9699,4728
40.4759,-81.3479,480
40.4765,-76.288,910
40.4775,-85.9625,1068
40.4776,-78.3985,5523
40.4781,-122.6255,1253
40.4783,-104.9151,4657
40.4783,-99.5077,521
40.4783,-78.5423,638
40.4785,-78.2284,162
40.4785,-95.7314,658
40.4785,-82.5495,1279
40.4787,-78.7411,1460
40.4788,-124.1047,784
40.479,-77.1339,498
40.4791,-78.1734,503
40.4792,-98.7921,276
40.4793,-89.1015,1808
40.4797,-85.6304,858
40.4798,-99.1292,619
40.4799,-95.6235,299
40.4805,-95.9601,508
40.4806,-75.7589,542
40.4807,-74.5983,2516
40.4807,-78.9108,610
40.4809,-96.9649,855
40.481,-78.5546,767
40.481,-80.4428,463
40.4812,-78.4393,772
40.4817,-79.9738,714
40.482,-86.3946,710
40.4822,-74.4925,769
40.483,-84.6333,1264
40.4837,-103.3537,354
40.4846,-79.4482,413
40.4853,-94.2887,684
40.4858,-94.4135,1047
40.4859,-76.0044,379
40.4859,-75.7432,708
40.4864,-74.2788,1126
40.4865,-81.4402,2593
40.4867,-74.4444,2077
40.4868,-92.3686,737
40.4873,-74.5132,562
40.4875,-86.7622,309
40.4877,-83.9307,764
40.4881,-78.7265,1176
40.4882,-87.0878,1028
40.4886,-85.5943,2036
40.4892,-81.4405,4434
40.4893,-87.5163,353
40.4894,-84.5498,290
40.4895,-78.2419,130
40.4914,-78.7637,532
40.4917,-90.0325,349
40.4918,-76.1842,420
40.4918,-112.0204,4369
40.4919,-85.1469,640
40.492,-90.0525,516
40.492,-92.7005,468
40.4922,-107.2643,1685
40.4923,-80.297,873
40.4928,-79.9031,538
40.4931,-78.2665,230
40.4932,-79.9215,631
40.4933,-79.8593,494
40.4933,-74.4711,948
40.4936,-90.1934,669
40.4938,-88.979,6443
40.4939,-80.0553,912
40.4944,-91.6763,391
40.4945,-81.2441,510
40.4947,-84.315,893
40.4952,-79.9496,779
40.4955,-89.6524,651
40.4956,-124.1152,1431
40.4959,-90.5631,713
40.4961,-81.9823,546
40.4968,-77.7273,803
40.4971,-111.8646,4834
40.4972,-74.5697,1357
40.4977,-122.5496,915
40.498,-82.8936,1286
40.4982,-78.0073,1727
40.4982,-98.967,1348
40.4986,-77.7411,281
40.4995,-90.393,475
40.4999,-74.5955,749
40.4999,-75.9698,666
40.5,-97.3884,461
40.5002,-85.8572,490
40.5004,-78.0142,1843
40.5005,-76.2186,698
40.5008,-74.4279,1225
40.5012,-80.0685,713
40.5017,-75.6646,931
40.5019,-79.7482,4853
40.502,-74.5354,1281
40.5026,-78.8568,702
40.5027,-98.2545,378
40.5034,-75.7025,756
40.5036,-79.1752,382
40.5052,-80.0821,559
40.5054,-74.712,1715
40.5055,-78.4331,499
40.5056,-74.8489,3894
40.5057,-79.8419,646
40.5059,-104.8635,3260
40.506,-96.706,468
40.5061,-121.8557,4498
40.5066,-75.6002,763
40.5066,-85.8243,622
40.5066,-77.6656,729
40.5071,-79.1687,316
40.5075,-86.8527,917
40.5077,-81.6406,1770
40.508,-95.0326,368
40.5081,-78.4011,2841
40.5081,-74.6529,2568
40.5083,-111.4261,3292
40.5084,-78.6351,882
40.5085,-74.5002,2284
40.5086,-74.8599,942
40.509,-83.7453,759
40.5098,-75.7746,1757
40.5104,-83.9152,2269
40.5104,-75.3919,877
40.5104,-75.7844,625
40.5106,-96.1616,377
40.5106,-93.5299,550
40.5109,-80.0962,685
40.511,-101.0204,472
40.5117,-80.6261,498
40.5122,-83.5691,683
40.5125,-78.3242,720
40.5125,-80.0731,378
40.5126,-89.9156,1031
40.5133,-87.2074,312
40.5138,-85.7874,335
40.5144,-101.6372,1579
40.5146,-80.1618,1047
40.5147,-74.3119,1097
40.5149,-88.0762,1100
40.5159,-75.5541,903
40.5162,-76.1001,857
40.517,-83.8878,602
40.5171,-75.8573,968
40.5171,-107.5554,2045
40.5171,-107.5572,2130
40.5172,-94.6146,400
40.5172,-87.3753,854
40.5176,-111.9635,3224
40.5177,-78.1956,1523
40.5177,-74.4448,1049
40.5178,-104.8604,1255
40.5182,-80.0333,912
40.5187,-80.2177,2221
40.5187,-95.117,423
40.5188,-86.7122,287
40.5188,-108.0885,658
40.5191,-82.0926,482
40.5192,-95.8671,293
40.5196,-74.4675,1004
40.5198,-79.8367,1143
40.5198,-78.8711,736
40.5201,-88.9922,3925
40.5202,-74.2713,1960
40.5202,-111.4755,2255
40.5206,-74.8002,658
40.5208,-80.8851,682
40.5213,-75.7773,1148
40.5214,-78.4217,384
40.5215,-87.2482,672
40.5224,-74.5741,1072
40.5224,-80.1406,822
40.5225,-74.691,1187
40.523,-92.5759,780
40.525,-89.489,992
40.5253,-91.4184,999
40.5254,-80.6314,665
40.5255,-98.055,776
40.5257,-104.713,1614
40.5257,-86.7628,438
40.526,-79.8889,2547
40.5261,-80.1547,377
40.5263,-99.6324,669
40.5263,-92.5317,1107
40.5269,-86.5252,341
40.527,-80.6169,1003
40.5271,-79.4698,1101
40.5274,-104.7169,1335
40.5283,-74.7354,2781
40.5286,-74.2936,600
40.5293,-77.8112,1273
40.5295,-78.4356,284
40.5298,-80.1671,596
40.53,-89.1751,814
40.53,-81.481,2186
40.5305,-75.0528,964
40.5307,-97.5971,1392
40.5315,-74.5414,2332
40.5316,-96.0238,368
40.532,-83.2076,528
40.5327,-76.9594,526
40.5332,-104.9645,2455
40.5336,-100.3844,465
40.5337,-83.5211,834
40.5338,-77.3895,704
40.5339,-89.3555,993
40.5346,-74.5724,577
40.535,-95.3211,457
40.5352,-75.4979,1545
40.5355,-96.6042,528
40.5358,-84.9633,513
40.5358,-91.5677,705
40.5359,-96.2998,266
40.536,-74.3135,1248
40.5361,-75.5858,1414
40.5365,-96.7868,421
40.537,-112.3085,3085
40.5371,-78.3545,1163
40.5382,-75.3781,702
40.5389,-75.6348,1667
40.5391,-79.9735,1605
40.5394,-112.3078,4459
40.5397,-80.1789,907
40.5402,-85.6628,4246
40.5403,-94.3899,852
40.5407,-79.1599,675
40.5408,-79.781,877
40.5408,-76.9517,1243
40.5411,-87.6799,443
40.5412,-111.4753,432
40.5412,-75.6919,288
40.5413,-74.5893,1395
40.5416,-111.3879,4460
40.5416,-77.3583,946
40.5424,-74.3628,1529
40.5427,-78.7892,1021
40.5427,-88.7147,423
40.5429,-122.4645,2576
40.543,-79.801,618
40.5432,-76.9529,791
40.5444,-77.6775,1250
40.5445,-91.3828,1671
40.5455,-86.5226,973
40.5465,-81.7296,1354
40.5466,-89.3296,966
40.5469,-78.3636,463
40.5472,-76.816,672
40.5475,-84.3948,1991
40.5476,-84.3923,1963
40.5479,-82.7632,458
40.5482,-105.0648,6869
40.5488,-74.2552,1004
40.5498,-85.287,1111
40.5498,-93.2997,682
40.55,-85.6604,3598
40.5505,-103.2746,923
40.5512,-94.817,773
40.5516,-90.5047,1321
40.5518,-78.4332,660
40.5518,-76.0049,1638
40.5529,-74.2869,1948
40.553,-85.3934,833
40.553,-81.8022,1774
40.5532,-81.9168,1454
40.5533,-78.2798,355
40.5533,-84.5573,2240
40.5534,-74.3243,554
40.5534,-76.386,937
40.5539,-74.5275,729
40.554,-83.9532,709
40.554,-90.8683,849
40.554,-82.8279,1671
40.5541,-77.6152,1058
40.5544,-80.1923,1111
40.555,-111.9923,4608
40.5554,-81.1995,385
40.5555,-84.0802,563
40.5555,-84.5614,2036
40.5557,-77.1515,835
40.5561,-86.1296,827
40.5562,-75.9824,1247
40.5562,-79.8054,604
40.5565,-79.1539,832
40.5568,-75.5936,1308
40.5574,-90.6753,497
40.5579,-124.0823,2487
40.5583,-82.8632,487
40.5584,-89.7711,1091
40.5584,-78.0999,306
40.5595,-80.1528,2457
40.5596,-122.1756,2576
40.56,-78.5473,382
40.5609,-79.3018,2015
40.5609,-81.4951,385
40.5613,-74.5742,1836
40.5614,-75.55,1498
40.562,-76.2012,1026
40.5626,-90.033,2111
40.5626,-90.748,507
40.5631,-105.1119,9862
40.5634,-88.9007,783
40.5639,-90.0366,2630
40.5639,-80.216,908
40.5641,-76.6984,1003
40.5644,-78.3534,447
40.5652,-84.1907,2350
40.5655,-75.9596,690
40.5658,-77.2361,518
40.566,-78.4495,619
40.5661,-122.355,7435
40.5661,-112.0979,507
40.5662,-122.2428,2597
40.5666,-88.6161,675
40.567,-87.8922,773
40.5674,-74.2449,1276
40.5677,-74.5373,1170
40.5681,-80.1271,1426
40.5681,-88.5385,375
40.5682,-86.3487,341
40.5686,-77.4045,379
40.5686,-76.3937,948
40.5687,-111.8626,849
40.5688,-89.6251,3600
40.5688,-85.7654,912
40.5697,-74.6077,1388
40.5699,-98.7891,245
40.5701,-84.1968,2143
40.5701,-74.3164,1612
40.5703,-122.3668,7002
40.571,-88.247,534
40.5712,-77.3951,340
40.5713,-75.8897,390
40.5713,-74.646,1281
40.5717,-111.8499,4472
40.5721,-74.6634,1924
40.5722,-80.7257,1093
40.5725,-101.9793,255
40.5725,-79.7531,1804
40.5726,-78.0506,524
40.5727,-94.5426,328
40.5728,-89.8131,865
40.573,-79.9603,3381
40.573,-89.7247,854
40.5733,-99.7409,374
40.5735,-76.9926,852
40.5735,-75.0897,987
40.5742,-76.6773,948
40.5744,-74.4148,2615
40.5746,-74.4983,1696
40.5748,-85.8232,444
40.5749,-95.211,661
40.5751,-80.2361,519
40.5757,-111.7913,921
40.5759,-123.1236,7712
40.5759,-119.3431,2057
40.576,-96.706,489
40.5766,-75.5196,1337
40.5767,-86.1923,689
40.5781,-78.6105,399
40.5781,-83.3821,628
40.5781,-124.2612,997
40.5786,-93.5241,212
40.5787,-81.0908,1506
40.5789,-85.8754,903
40.5789,-79.7653,777
40.5798,-79.8897,1120
40.5803,-95.2212,407
40.5806,-95.0312,678
40.5809,-76.617,462
40.5813,-75.3379,1040
40.5814,-79.5774,707
40.5816,-79.5453,1804
40.5821,-102.2972,1428
40.5824,-111.6203,1930
40.5824,-93.7429,538
40.5825,-78.2633,292
40.5833,-76.0308,792
40.5833,-79.718,3048
40.5834,-86.6668,1496
40.5836,-89.1288,571
40.5837,-83.3125,603
40.5838,-74.2275,1903
40.5838,-111.2358,1306
40.5839,-76.5314,712
40.5843,-74.2716,1675
40.5848,-90.9695,1060
40.585,-79.5647,502
40.5855,-77.5784,372
40.5856,-73.7122,507
40.5857,-75.5438,818
40.5858,-73.6654,1352
40.5861,-73.7251,604
40.5865,-83.1193,3894
40.5868,-81.6069,801
40.587,-93.5232,862
40.5871,-124.1422,2081
40.5872,-86.1099,576
40.5873,-124.1451,2185
40.5876,-88.3782,629
40.5884,-76.5531,509
40.5891,-73.6043,1181
40.5892,-104.7394,1206
40.5893,-74.3114,1823
40.5897,-112.4508,1903
40.5898,-80.1738,2100
40.5901,-99.862,674
40.5902,-82.4202,1031
40.5902,-98.507,746
40.5903,-74.4657,936
40.5906,-73.5794,473
40.5911,-76.1704,1616
40.5913,-96.8733,623
40.5914,-76.5359,619
40.5916,-80.2269,1107
40.592,-122.4779,3002
40.5921,-80.0987,3341
40.5922,-85.2625,853
40.5928,-80.2141,888
40.5932,-96.3882,425
40.5936,-75.4784,3805
40.5938,-79.5566,669
40.5939,-98.3841,3251
40.5943,-76.5187,640
40.5953,-98.2231,367
40.5954,-76.0972,1157
40.5954,-75.1975,911
40.5958,-82.113,238
40.596,-86.7029,467
40.5963,-98.3903,3506
40.5967,-84.9573,954
40.5967,-83.1232,3269
40.5972,-77.5713,1294
40.5972,-96.0242,187
40.5973,-88.0377,510
40.5974,-79.5629,322
40.5989,-80.4737,334
40.5994,-79.5755,1059
40.5998,-96.5112,484
40.6006,-81.5294,1090
40.6007,-78.3333,626
40.6009,-86.8664,738
40.6019,-78.3437,445
40.6023,-84.0857,468
40.6025,-83.9734,720
40.6025,-73.6647,379
40.6027,-112.0013,5183
40.6027,-81.3615,761
40.6027,-74.6461,2193
40.6028,-85.9274,526
40.6028,-75.3961,779
40.6028,-97.9388,351
40.6029,-73.7144,1751
40.6029,-76.8101,707
40.6029,-74.5758,3165
40.6031,-79.1627,3367
40.6034,-78.7496,942
40.6039,-80.6557,1219
40.6045,-79.76,1007
40.6045,-78.707,743
40.6047,-74.6145,1955
40.6049,-73.6431,845
40.6052,-73.6553,606
40.6054,-94.3819,903
40.6054,-88.989,822
40.6056,-79.4844,1238
40.6059,-95.6575,1111
40.6066,-77.7198,1283
40.607,-97.8573,1236
40.6072,-74.2805,1792
40.6073,-76.7157,1559
40.6073,-95.2925,458
40.6078,-76.2284,1195
40.608,-103.8436,804
40.608,-79.74,650
40.6081,-79.8401,1090
40.6087,-79.5518,569
40.6087,-77.2369,470
40.6093,-79.5751,689
40.6099,-86.5393,462
40.6103,-78.3352,2235
40.6107,-111.6039,3605
40.6113,-112.4691,5734
40.6116,-75.1715,1321
40.6119,-79.7225,584
40.6125,-121.9359,2320
40.6125,-111.2822,1783
40.6126,-85.5593,1079
40.6126,-85.1527,261
40.6128,-102.4718,494
40.6129,-80.5627,908
40.613,-122.4608,1672
40.613,-81.423,689
40.613,-85.9652,333
40.6136,-89.6254,1064
40.6137,-111.8146,2757
40.6137,-78.3652,291
40.6137,-89.4668,3259
40.6138,-78.8047,601
40.6143,-86.1066,369
40.6144,-91.2877,657
40.6147,-111.8928,2204
40.6148,-88.1842,630
40.615,-86.3904,343
40.6154,-74.4158,2217
40.6158,-85.5039,693
40.6158,-80.2552,1859
40.6159,-80.5978,821
40.6164,-86.2103,351
40.6167,-89.2048,891
40.6169,-94.4778,725
40.6172,-87.3179,1079
40.6175,-81.6947,719
40.6177,-82.5131,1533
40.6181,-112.3089,5751
40.6184,-78.2618,838
40.6184,-89.6047,896
40.6185,-91.9354,510
40.6189,-98.6576,934
40.619,-79.5857,503
40.6192,-78.3197,259
40.6196,-93.9305,1805
40.6201,-98.0961,729
40.6205,-103.1926,2506
40.6207,-74.7735,1441
40.6207,-80.8344,1350
40.6209,-76.0568,601
40.6209,-82.7741,1380
40.621,-90.4649,912
40.6212,-73.7062,528
40.6213,-74.4395,1521
40.6213,-73.757,1147
40.6214,-95.121,961
40.6215,-91.3463,2821
40.6217,-77.5706,782
40.6219,-78.9152,1017
40.622,-79.1553,1204
40.6232,-76.1227,841
40.6234,-84.26,498
40.6237,-79.7262,1333
40.6237,-77.4993,1089
40.6242,-81.7726,839
40.6248,-73.6971,401
40.6248,-96.9561,1463
40.6248,-96.9525,1817
40.6248,-85.7412,687
40.6251,-80.4159,1685
40.6252,-73.7278,746
40.6256,-75.2057,1145
40.6258,-90.032,483
40.6259,-96.628,954
40.6259,-103.2148,2113
40.6262,-123.4688,4088
40.6264,-75.3679,3970
40.6265,-96.7447,293
40.6273,-90.306,473
40.6273,-74.2363,2968
40.6275,-77.581,3143
40.6278,-87.6961,744
40.6279,-79.8813,1137
40.628,-75.3399,758
40.6283,-76.1725,1074
40.6284,-116.9486,2245
40.6286,-81.9233,428
40.6286,-91.2107,1077
40.6288,-75.8556,824
40.6289,-91.344,2223
40.6295,-89.3317,664
40.6298,-97.7146,536
40.6299,-78.7245,955
40.6302,-76.3912,773
40.6304,-76.1939,907
40.6304,-79.6022,602
40.6306,-89.2581,1178
40.6307,-75.4802,1739
40.6309,-92.9222,1203
40.6316,-79.5893,445
40.6318,-73.6685,643
40.6322,-79.9683,1781
40.6324,-78.6499,854
40.633,-80.5674,1969
40.633,-73.6377,2016
40.6332,-76.1646,2909
40.6335,-79.619,901
40.6336,-97.585,974
40.6336,-100.5113,994
40.6336,-73.6859,773
40.634,-112.3064,1499
40.634,-82.2323,1498
40.6343,-77.563,931
40.6343,-74.8959,2937
40.6344,-80.458,1221
40.6345,-78.8584,821
40.6351,-89.753,1198
40.6351,-73.6958,528
40.6353,-91.1643,1399
40.636,-104.3243,601
40.636,-93.4514,785
40.6362,-73.3838,2034
40.6363,-76.4059,394
40.6364,-82.9695,446
40.6368,-74.9152,1054
40.6369,-80.0809,857
40.6371,-73.2033,2749
40.6374,-73.7212,1459
40.6374,-78.2948,918
40.6377,-105.1436,2246
40.638,-77.273,1203
40.6381,-73.1947,438
40.6382,-89.6017,1868
40.6386,-73.2765,971
40.6388,-91.739,617
40.6389,-111.2413,1426
40.6389,-96.7588,396
40.6392,-75.4145,14684
40.6396,-81.4322,1952
40.6397,-80.2225,1365
40.64,-93.8126,692
40.6404,-79.1456,1023
40.6405,-76.8029,638
40.6407,-112.2994,1609
40.6409,-124.2226,1323
40.6411,-77.5803,609
40.6416,-86.5731,553
40.6417,-74.3857,1051
40.6419,-74.8333,862
40.6419,-102.6297,701
40.642,-73.6944,852
40.642,-89.6598,2576
40.6421,-80.4987,380
40.6428,-74.4362,2227
40.6429,-92.0684,653
40.6437,-80.1863,3838
40.6438,-73.6671,916
40.644,-75.3246,1468
40.6445,-80.5077,222
40.6445,-97.4488,723
40.6445,-83.61,2029
40.645,-85.0347,418
40.645,-122.9274,5008
40.645,-80.5789,3578
40.6452,-119.3613,1605
40.6453,-74.6346,756
40.6453,-91.5641,1024
40.6457,-78.2754,244
40.6458,-111.9318,15737
40.646,-111.4058,1843
40.6461,-73.2571,1155
40.6461,-83.6057,1878
40.6463,-73.1565,341
40.6468,-74.8881,1093
40.6468,-80.5998,970
40.6469,-81.367,728
40.647,-88.7841,1299
40.6472,-78.1957,228
40.6476,-104.7801,1238
40.6479,-73.148,1537
40.648,-97.1154,642
40.6481,-76.5352,1757
40.6489,-76.9042,750
40.6491,-92.8432,905
40.6497,-76.1484,980
40.6497,-79.8492,1083
40.65,-111.2734,1793
40.6501,-73.6077,1842
40.6505,-97.2838,826
40.6505,-84.1403,995
40.6507,-111.8866,3184
40.6509,-73.5846,1996
40.6512,-122.2564,4669
40.6513,-74.3232,732
40.6516,-74.3434,2354
40.6519,-112.0094,1954
40.6522,-74.2602,1474
40.6524,-76.4876,1283
40.6531,-81.2928,812
40.6531,-81.5796,594
40.6532,-73.552,1752
40.6532,-76.3456,703
40.6537,-88.4,648
40.6538,-79.9395,1415
40.6538,-74.621,1529
40.6538,-75.461,1032
40.6542,-76.104,1337
40.6544,-74.3086,527
40.6547,-90.1832,1864
40.6552,-81.6346,390
40.6553,-81.4545,882
40.6557,-120.7863,1657
40.6558,-73.7185,847
40.6558,-95.2349,858
40.6563,-79.3003,293
40.6568,-80.4109,2891
40.6569,-75.0762,877
40.6569,-111.9493,2990
40.6571,-78.7777,1575
40.6571,-85.2222,308
40.6571,-86.1454,1815
40.6571,-86.1454,1884
40.6573,-84.9555,1381
40.6573,-111.4938,4284
40.6575,-95.0353,547
40.6575,-75.2609,776
40.6575,-78.2713,940
40.6576,-75.24,712
40.6576,-78.2521,357
40.6579,-73.6742,1288
40.6579,-77.6012,395
40.6581,-118.1441,995
40.6584,-82.3144,810
40.6585,-75.4952,953
40.6585,-96.6614,338
40.6586,-78.2157,258
40.6587,-100.6222,723
40.6589,-76.6931,632
40.659,-89.8031,1021
40.6594,-75.1571,1177
40.6599,-111.8227,2648
40.6601,-86.1014,566
40.6602,-73.5266,1395
40.6603,-78.2224,340
40.661,-81.1926,1739
40.6619,-77.4559,679
40.662,-90.4353,605
40.6623,-86.2441,594
40.6625,-86.8677,499
40.6625,-74.5846,1259
40.6625,-74.1102,2191
40.6627,-73.9387,15739
40.6632,-94.3396,428
40.6635,-96.1827,1026
40.6636,-75.4739,769
40.6636,-81.3642,1228
40.6638,-80.6133,1518
40.664,-73.638,1637
40.6645,-100.0296,590
40.6647,-73.7049,1693
40.6647,-78.7093,674
40.6649,-77.593,739
40.6653,-74.2666,1005
40.6662,-73.4926,1467
40.6663,-75.507,421
40.6663,-80.2402,1026
40.6664,-74.1935,3187
40.6665,-75.204,787
40.6666,-78.2188,118
40.6668,-91.5118,358
40.6675,-74.7394,1218
40.6677,-86.7238,324
40.6679,-73.5105,1777
40.6681,-81.2599,638
40.6682,-77.6822,762
40.6683,-73.4715,1713
40.6685,-79.0136,685
40.6686,-73.6736,267
40.6687,-96.0309,436
40.6698,-73.4158,1302
40.6701,-74.8902,1404
40.6703,-85.8312,749
40.6704,-73.3928,1597
40.6706,-94.4096,715
40.6707,-75.4955,709
40.6709,-75.6207,1520
40.6712,-94.7243,1150
40.6715,-92.162,1490
40.6717,-74.7063,1888
40.6718,-80.8896,873
40.6724,-76.2776,307
40.6727,-84.5179,671
40.6731,-88.1137,503
40.6732,-76.3222,767
40.6732,-121.4133,1353
40.6733,-76.1884,239
40.6734,-89.5418,4130
40.6739,-85.722,710
40.6739,-75.7476,869
40.6743,-74.6605,1958
40.6745,-73.6721,934
40.675,-74.5148,1465
40.6751,-95.8622,1859
40.6754,-89.006,543
40.6759,-95.8616,2025
40.6762,-73.4371,1669
40.6765,-78.246,1295
40.6766,-122.3809,2998
40.6767,-79.9883,529
40.677,-81.8701,528
40.6772,-86.5092,561
40.6774,-75.1557,730
40.6777,-73.6497,908
40.6777,-77.3847,807
40.6779,-74.2331,491
40.6781,-74.2881,1330
40.6784,-75.2361,502
40.6787,-111.5067,3504
40.6789,-79.1658,435
40.679,-76.244,325
40.6792,-91.0754,990
40.6794,-73.5834,1208
40.6796,-82.5782,1832
40.6799,-76.2092,1853
40.68,-98.2735,596
40.6804,-74.4889,1388
40.6807,-74.3603,1815
40.6808,-74.5484,1782
40.6809,-73.4497,1344
40.681,-111.2773,1987
40.6813,-82.0218,845
40.6813,-84.1498,2800
40.6813,-73.6233,690
40.6817,-73.6644,327
40.6817,-96.5039,654
40.6819,-79.1936,427
40.6821,-102.8396,635
40.6821,-93.1211,1404
40.6823,-82.8334,1782
40.6823,-76.0196,528
40.683,-96.2699,512
40.6832,-102.1726,612
40.6834,-112.2656,1942
40.6834,-80.2734,1293
40.6837,-78.4158,632
40.6837,-77.1237,979
40.6843,-73.7081,1241
40.6844,-75.2417,976
40.6847,-80.4837,4386
40.6849,-75.1338,865
40.6851,-80.2536,706
40.6853,-75.533,1101
40.6855,-92.6763,907
40.6856,-92.9801,603
40.6856,-87.4201,873
40.6858,-73.3716,1758
40.686,-75.2185,1875
40.6861,-76.1699,928
40.6862,-79.6489,1053
40.6862,-79.6826,1023
40.6864,-78.2271,660
40.6864,-80.2394,842
40.6867,-80.0639,814
40.6869,-95.5686,705
40.6874,-98.578,449
40.6875,-75.5178,732
40.6876,-89.6732,1354
40.6877,-85.4246,945
40.6882,-75.4874,1427
40.6884,-73.5606,1190
40.6885,-112.0118,5435
40.6889,-75.1022,944
40.689,-111.8296,3260
40.6891,-75.2676,978
40.6892,-75.9928,812
40.6894,-80.5499,3168
40.6895,-81.1804,775
40.6899,-100.4003,371
40.6903,-73.539,1470
40.6908,-76.2594,736
40.6908,-76.1807,518
40.6908,-76.2073,3273
40.6909,-74.6215,1999
40.691,-84.6499,844
40.6914,-83.2098,1492
40.6915,-120.7346,1322
40.692,-75.179,1622
40.6925,-76.8937,1669
40.6926,-77.5949,1069
40.6928,-83.7859,554
40.693,-74.2715,275
40.6932,-89.805,1059
40.6935,-80.3076,869
40.6937,-73.326,1410
40.6938,-76.2926,864
40.6939,-73.5164,1253
40.6942,-122.025,1576
40.6944,-92.2742,601
40.6945,-79.3421,516
40.6947,-86.1948,292
40.6948,-81.7022,374
40.6952,-74.4569,1888
40.6957,-89.5846,10962
40.6958,-90.8251,280
40.6958,-73.6505,1480
40.6959,-76.2365,274
40.6965,-74.2693,459
40.6969,-78.7848,1036
40.6969,-76.1666,789
40.6969,-122.8225,4062
40.697,-80.0141,623
40.697,-89.6399,1319
40.697,-90.0023,1114
40.6971,-75.1452,552
40.6972,-105.0045,1636
40.6975,-89.8891,1120
40.6982,-80.269,549
40.6989,-74.4066,1744
40.6989,-75.0078,756
40.6991,-99.2544,1226
40.6992,-73.7062,1677
40.7002,-73.6775,1541
40.7004,-74.9395,1130
40.7005,-73.4119,1394
40.7007,-105.0057,1779
40.701,-83.3923,284
40.701,-83.9751,1225
40.7011,-78.2138,355
40.7012,-91.8007,555
40.7013,-122.242,2303
40.7014,-85.0797,289
40.7017,-73.2601,1342
40.7017,-99.0823,3521
40.7025,-80.2837,696
40.7028,-78.1315,731
40.7029,-73.2955,2241
40.703,-73.4691,1571
40.7037,-85.2738,1060
40.7041,-111.5434,2993
40.7041,-82.422,747
40.7043,-94.3599,790
40.7044,-73.6194,1744
40.7046,-74.9715,1114
40.7048,-75.1206,537
40.7051,-80.3004,716
40.7051,-75.1883,450
40.7056,-111.8986,2392
40.7057,-91.2281,1103
40.7057,-96.3921,530
40.7061,-74.313,566
40.7062,-79.5917,518
40.7064,-89.4335,2655
40.7065,-100.2155,745
40.7065,-74.5576,2359
40.7067,-76.3214,651
40.7072,-83.9214,439
40.7072,-73.386,1262
40.7078,-77.3114,1759
40.7078,-89.6995,503
40.708,-84.3532,892
40.7083,-93.3686,989
40.7098,-83.844,494
40.7101,-99.0685,3871
40.7104,-94.0499,730
40.7106,-90.2662,751
40.7114,-74.0648,3487
40.7115,-81.6078,1373
40.7121,-77.9961,1012
40.7122,-73.9502,51747
40.7122,-73.6605,573
40.7123,-76.8526,808
40.7124,-73.3597,2640
40.7135,-73.176,1858
40.7135,-73.7004,283
40.7136,-74.7257,867
40.7137,-104.7888,1811
40.7138,-76.1432,573
40.714,-89.2749,1442
40.714,-78.2003,439
40.714,-89.277,1502
40.7141,-94.2372,1492
40.7145,-91.4528,724
40.7151,-87.7311,635
40.7151,-78.9348,828
40.7153,-88.0108,1175
40.7156,-74.3647,2223
40.7158,-74.6541,2174
40.7161,-78.5179,682
40.7162,-79.0106,862
40.7164,-97.3516,453
40.7164,-97.9434,374
40.7164,-73.2615,892
40.7169,-73.4486,1345
40.7174,-74.2838,697
40.7176,-73.5947,2170
40.7178,-76.3799,567
40.7178,-76.1167,1114
40.7184,-75.0772,884
40.7185,-122.3262,1276
40.7188,-122.6294,3189
40.719,-116.108,2934
40.7194,-77.59,912
40.7195,-74.8369,889
40.7195,-78.1872,778
40.7201,-99.3756,757
40.7201,-95.4808,575
40.7201,-73.5589,2280
40.7201,-73.6854,408
40.7207,-81.1246,642
40.7208,-114.0391,2469
40.721,-76.2669,523
40.7211,-76.1903,1008
40.7213,-90.4069,699
40.7214,-88.2996,1487
40.722,-73.7028,1082
40.7221,-73.7252,321
40.7223,-124.1974,1851
40.7228,-75.2072,1581
40.7235,-86.2851,440
40.7235,-75.5431,1161
40.7238,-77.9432,1598
40.7239,-115.4789,1233
40.724,-73.5127,2370
40.724,-73.477,1076
40.724,-114.0251,2713
40.724,-97.7236,343
40.7241,-96.1206,362
40.7242,-74.1726,4461
40.7242,-124.2186,478
40.7243,-73.7167,322
40.7247,-77.0265,1148
40.7257,-78.8125,643
40.7258,-73.6454,2096
40.726,-96.5936,341
40.7262,-73.1873,1805
40.7268,-80.3137,625
40.727,-77.606,376
40.7277,-81.5158,1228
40.7278,-76.0868,602
40.7292,-75.3906,863
40.7293,-87.4898,267
40.7294,-73.2501,2164
40.7297,-73.1052,1258
40.7298,-92.872,1997
40.7298,-92.872,1692
40.7303,-73.2161,1979
40.7304,-74.5926,3253
40.7306,-81.1022,1342
40.7307,-90.6638,781
40.7315,-73.3249,1649
40.7315,-77.8884,1437
40.7316,-106.2813,526
40.7323,-73.6859,836
40.7326,-94.9,597
40.7326,-111.3294,1696
40.7328,-73.4468,950
40.7329,-124.1611,2888
40.7343,-91.3384,1170
40.7346,-82.7903,2299
40.7346,-91.9603,1097
40.7347,-84.1284,6334
40.7353,-95.1543,473
40.7356,-75.0495,553
40.7356,-80.3095,922
40.736,-123.0846,4677
40.7362,-81.3728,1277
40.7362,-91.0617,580
40.7367,-73.4114,2483
40.7368,-111.4691,2724
40.7368,-77.5319,313
40.7372,-74.4483,1390
40.7376,-88.7278,1415
40.7377,-95.0337,2051
40.7378,-73.1347,1618
40.738,-95.0389,1394
40.7382,-82.7813,2474
40.7384,-83.2502,1275
40.7386,-80.3261,431
40.7389,-74.4805,1711
40.7392,-74.3274,2082
40.7392,-96.846,318
40.7394,-80.038,665
40.74,-75.3126,1143
40.7403,-114.0786,2483
40.7405,-89.0182,1330
40.7405,-111.2741,2414
40.7406,-99.5374,667
40.7407,-122.929,3259
40.7407,-75.2561,676
40.7407,-84.1121,3351
40.7407,-74.3845,1390
40.7411,-78.688,1490
40.7411,-85.5619,310
40.7413,-93.7556,1607
40.7418,-89.135,489
40.7423,-111.5872,3338
40.7427,-93.8328,558
40.7427,-84.4762,430
40.7429,-73.6633,905
40.743,-74.1529,999
40.7435,-85.1721,2651
40.7437,-88.8809,1008
40.7439,-75.6585,495
40.7441,-115.598,6652
40.7446,-97.6001,650
40.7448,-77.2162,1057
40.7451,-84.9409,748
40.7452,-86.7673,1690
40.7453,-74.0279,1015
40.7458,-73.6878,1281
40.7458,-73.5603,1200
40.7459,-95.6447,1063
40.7459,-80.2107,659
40.7459,-98.8458,849
40.746,-73.0564,1755
40.7462,-88.5156,1232
40.7462,-90.9094,848
40.7464,-78.5297,555
40.7464,-84.792,539
40.7464,-81.7495,1553
40.7467,-89.57,1434
40.747,-73.6394,1235
40.7476,-73.0852,2093
40.7476,-93.1483,390
40.748,-75.2847,1197
40.7481,-86.3547,2941
40.7489,-81.8317,695
40.7489,-111.5139,3044
40.749,-94.6193,427
40.7491,-92.417,1369
40.7491,-86.0838,2310
40.7491,-73.3635,1338
40.7492,-86.8743,675
40.7493,-78.5459,661
40.7495,-81.0399,593
40.7495,-73.4855,1717
40.7497,-77.171,795
40.7499,-73.6124,889
40.7501,-76.3399,699
40.7503,-73.1869,1025
40.7508,-76.0676,572
40.7508,-73.4584,1853
40.751,-72.9413,1093
40.751,-79.815,864
40.7511,-88.4097,731
40.7512,-75.1378,924
40.7513,-95.8133,602
40.7514,-85.1622,2316
40.7515,-75.5952,787
40.7515,-79.2521,1313
40.7516,-96.4236,543
40.7516,-89.6172,6299
40.7516,-73.035,1219
40.752,-74.1622,291
40.7521,-81.4662,1595
40.7523,-74.1231,2700
40.7525,-75.5855,1788
40.7534,-73.2899,1373
40.7536,-75.6108,1044
40.7537,-86.3521,2939
40.7539,-100.7318,473
40.7547,-80.9355,757
40.7549,-75.2629,894
40.7555,-99.081,1407
40.7555,-91.1497,965
40.7556,-93.0469,681
40.7561,-88.1889,676
40.7562,-73.1631,1392
40.7566,-75.5325,1470
40.7567,-73.6635,687
40.7569,-78.5311,386
40.7579,-93.3176,1062
40.758,-74.4178,1885
40.7582,-95.3721,1757
40.7585,-74.9832,1273
40.7587,-86.0706,2042
40.7588,-73.6466,719
40.7588,-86.6506,2193
40.7589,-83.9499,438
40.759,-87.0421,699
40.7591,-111.5703,1727
40.7591,-73.6809,698
40.7592,-103.0661,397
40.7592,-82.5273,6270
40.7594,-76.0557,398
40.7594,-80.3226,1327
40.7594,-95.3734,1570
40.7595,-112.1827,4052
40.7599,-73.5892,1390
40.76,-75.4006,521
40.7602,-73.2617,1623
40.7602,-73.5649,1110
40.7604,-88.0012,1416
40.7606,-74.9852,1845
40.7608,-79.5358,250
40.7608,-73.6336,685
40.7609,-86.7618,3289
40.7612,-86.5947,784
40.7613,-74.9256,856
40.7614,-80.5963,825
40.7614,-73.3217,2255
40.7618,-91.2772,786
40.762,-81.1938,507
40.7623,-76.3869,967
40.7624,-73.3706,1042
40.7625,-76.9409,513
40.7631,-75.0264,1556
40.7634,-79.5216,793
40.7635,-94.7444,526
40.7637,-102.0442,790
40.7637,-73.0198,1365
40.7637,-87.2952,792
40.7639,-82.4795,662
40.7639,-73.7111,1235
40.7641,-73.5248,2366
40.7651,-74.2117,1799
40.7654,-124.1786,779
40.7657,-124.1445,1029
40.7657,-72.8367,2010
40.7658,-96.733,1682
40.7659,-86.5369,586
40.7664,-74.9534,647
40.7666,-80.3148,273
40.7667,-82.5308,5045
40.7673,-74.5978,2211
40.7674,-74.0323,1030
40.7678,-91.5164,560
40.768,-83.8251,1314
40.7681,-83.8252,1325
40.7682,-82.6148,3023
40.7685,-80.0584,821
40.7688,-76.0377,407
40.769,-89.463,1200
40.7694,-87.1297,1773
40.7694,-90.8327,1183
40.7696,-79.533,729
40.77,-76.4406,439
40.77,-72.9818,2619
40.7703,-84.6162,660
40.7705,-73.6603,876
40.7705,-79.0472,783
40.771,-87.5658,788
40.7716,-73.6482,748
40.7717,-87.8566,613
40.7718,-75.1699,389
40.7722,-76.3285,680
40.7726,-97.0541,809
40.7735,-82.3639,388
40.7738,-78.5503,875
40.774,-87.4465,1055
40.7743,-98.3713,641
40.7746,-77.0762,848
40.775,-86.7724,858
40.7751,-73.7279,662
40.7751,-87.7304,1558
40.7751,-80.7628,1178
40.7752,-87.7308,1537
40.7754,-98.1543,565
40.7755,-124.1663,3934
40.7757,-74.1918,479
40.776,-74.3943,2456
40.776,-82.2602,780
40.7764,-73.6778,1508
40.7766,-84.8418,515
40.7767,-72.9078,2186
40.7769,-85.0913,361
40.7769,-111.931,9561
40.777,-73.1351,2664
40.7775,-99.7468,2046
40.7776,-90.0139,637
40.7779,-97.2825,735
40.778,-77.7744,2186
40.7783,-98.7295,891
40.7785,-76.3736,267
40.7787,-73.6396,1103
40.7788,-72.7067,508
40.7792,-92.9444,1558
40.7792,-75.12,899
40.7796,-99.745,1971
40.7801,-92.7432,481
40.7802,-80.3387,810
40.7803,-97.8122,737
40.7804,-89.9661,1073
40.7804,-74.1828,519
40.7806,-76.574,872
40.7809,-73.7255,378
40.7811,-76.345,1169
40.7814,-79.231,742
40.7815,-76.2449,626
40.7816,-74.7768,1940
40.7818,-73.4731,2172
40.7818,-103.1733,818
40.782,-74.0676,2192
40.7821,-75.2743,1007
40.7822,-83.5261,269
40.7824,-73.4088,3160
40.7827,-75.1902,820
40.7828,-89.0202,595
40.7833,-76.2329,700
40.7834,-82.7477,1673
40.7836,-73.1945,2429
40.7837,-91.61,498
40.7839,-99.1605,466
40.7839,-73.2522,3005
40.784,-73.0239,1275
40.7841,-76.671,1875
40.7843,-76.5672,2545
40.7845,-81.5252,3955
40.7848,-83.6989,828
40.7849,-82.7406,1619
40.785,-76.2169,873
40.785,-73.6949,1402
40.785,-84.4559,338
40.7851,-76.5365,846
40.7856,-76.5174,337
40.7857,-80.1387,1301
40.7858,-79.9375,1489
40.786,-74.0095,905
40.7863,-74.1262,1431
40.7863,-82.5472,734
40.7865,-73.7402,795
40.7865,-73.5975,2658
40.7866,-74.2012,714
40.7868,-72.9457,2012
40.7869,-73.7262,507
40.787,-84.1997,980
40.7874,-73.5416,1807
40.7875,-73.7152,577
40.7878,-79.5208,288
40.7881,-76.555,825
40.7881,-83.6426,736
40.7883,-76.578,643
40.7883,-124.2014,732
40.7886,-111.7414,3876
40.7886,-73.749,314
40.7887,-124.1307,1315
40.7889,-81.285,994
40.7892,-76.1728,370
40.7893,-74.2397,767
40.7895,-77.0449,853
40.7896,-78.0204,2481
40.7897,-80.6275,433
40.7898,-121.4745,6421
40.7906,-74.6901,1146
40.7908,-117.1269,412
40.791,-77.8568,1943
40.7912,-96.933,305
40.7924,-76.2829,653
40.7924,-82.8568,296
40.7925,-79.1794,639
40.7927,-80.5359,860
40.7928,-74.0046,399
40.7928,-74.9272,903
40.7931,-73.7222,458
40.7936,-72.8759,3054
40.7937,-76.2843,1082
40.7937,-73.6612,600
40.7939,-73.7415,253
40.7944,-73.07,2382
40.7944,-73.7493,456
40.7946,-74.564,1407
40.795,-89.3684,1371
40.7951,-76.2233,1082
40.7954,-76.4721,889
40.7958,-73.6292,1371
40.7959,-76.412,739
40.796,-80.8736,1397
40.7962,-96.5653,1690
40.7964,-96.1193,341
40.7966,-74.4773,1549
40.797,-73.7225,386
40.7971,-117.7603,5334
40.7974,-76.4283,471
40.7975,-121.938,1176
40.7975,-76.4401,186
40.7976,-124.1542,2808
40.7979,-81.4358,1250
40.798,-90.1632,366
40.7983,-95.6085,521
40.7984,-76.1505,339
40.7985,-81.4688,1535
40.7985,-76.9731,1011
40.7985,-89.2013,880
40.7986,-92.4813,449
40.7987,-76.2144,1554
40.799,-73.6799,652
40.7991,-79.3149,1319
40.7992,-85.8287,2216
40.7992,-77.8636,4622
40.7993,-72.7965,2083
40.7996,-81.7037,1174
40.7996,-77.9084,1433
40.7998,-73.6504,729
40.8,-78.0526,703
40.8001,-76.8654,1228
40.8005,-79.3328,290
40.8006,-94.483,990
40.8013,-80.1249,570
40.8014,-75.6611,796
40.8018,-92.8879,420
40.8021,-73.7049,386
40.8024,-77.6271,1025
40.8024,-73.7331,1045
40.8025,-78.4006,875
40.8026,-79.5229,2919
40.8027,-84.7723,478
40.8028,-85.8292,2820
40.8033,-73.3375,3603
40.8034,-76.5712,284
40.8034,-78.4921,1325
40.8035,-73.1245,2585
40.8037,-76.4643,355
40.8038,-90.4009,1084
40.8038,-82.9717,2378
40.8038,-82.1962,533
40.804,-74.2746,807
40.8041,-75.9266,2808
40.8041,-75.6171,1431
40.8044,-83.5145,1174
40.8045,-76.344,444
40.8045,-94.6381,542
40.8048,-74.2046,1025
40.8049,-74.9973,754
40.8051,-82.9716,2468
40.8054,-72.827,1307
40.8066,-79.9623,319
40.8066,-73.7016,637
40.8069,-73.1711,1351
40.807,-72.6451,1557
40.8071,-91.1237,3446
40.8072,-94.0508,775
40.8075,-73.6756,1153
40.8077,-81.3672,4676
40.8079,-73.5701,1804
40.8082,-79.522,197
40.8088,-77.2047,920
40.8088,-72.7566,2115
40.809,-96.6789,8811
40.809,-91.0841,1079
40.8095,-105.579,2741
40.8097,-72.848,1784
40.8099,-91.1534,4174
40.81,-124.0784,1078
40.8103,-96.6749,9130
40.8103,-80.4234,260
40.8109,-94.3419,868
40.8112,-78.2308,642
40.8112,-73.6406,991
40.8113,-123.5083,3321
40.8119,-77.8162,1013
40.812,-73.6263,454
40.812,-76.1445,827
40.8124,-73.0447,2421
40.8124,-78.798,1177
40.8126,-76.1382,648
40.8127,-79.5312,594
40.8128,-76.394,419
40.8129,-73.6987,668
40.8131,-96.8354,697
40.8133,-80.3294,374
40.8135,-83.4194,298
40.8138,-89.528,685
40.8142,-86.1104,2127
40.8143,-95.9219,394
40.8144,-76.3368,656
40.8144,-81.4216,425
40.8146,-124.1892,830
40.815,-75.0718,829
40.8157,-73.502,2025
40.8159,-96.4326,592
40.8162,-72.7058,1723
40.8168,-111.4151,2041
40.817,-81.9315,4229
40.8171,-76.2007,1116
40.8171,-74.085,1749
40.8171,-89.5704,1015
40.8172,-80.2474,330
40.8174,-80.0152,1057
40.8179,-73.7393,1664
40.8181,-92.6958,787
40.8188,-83.1312,920
40.8189,-74.4552,1302
40.819,-93.9631,395
40.8191,-81.9316,3794
40.8191,-76.3647,276
40.8194,-76.0616,804
40.8196,-98.6042,966
40.8197,-72.6282,1019
40.8197,-75.9161,1339
40.8197,-78.8296,876
40.8199,-73.4339,2011
40.8201,-95.7488,682
40.8202,-73.4724,2032
40.8203,-74.106,1514
40.8206,-74.856,1580
40.8209,-78.7026,1375
40.8211,-74.003,834
40.8212,-92.0745,1348
40.8212,-89.5311,753
40.8214,-72.5989,1854
40.8216,-75.9866,1283
40.8216,-91.1755,1997
40.8217,-74.3101,1727
40.822,-87.9778,628
40.822,-72.9859,2984
40.822,-73.9879,888
40.8224,-73.2107,2901
40.8224,-75.6706,1152
40.8225,-73.3922,1678
40.8226,-80.3577,3830
40.8233,-74.4187,2150
40.8246,-73.9738,895
40.8248,-77.8848,873
40.825,-75.8462,2677
40.8251,-78.351,562
40.8254,-73.5363,2235
40.8263,-79.9151,1666
40.8264,-74.0623,1804
40.8266,-77.8227,950
40.8267,-93.6069,747
40.8268,-76.0579,630
40.8275,-73.68,1861
40.8277,-75.7165,1157
40.8279,-91.2622,673
40.8281,-74.2762,1078
40.8284,-75.0062,824
40.8287,-79.5187,906
40.8289,-84.9278,2243
40.8289,-87.5842,684
40.829,-75.7009,334
40.8291,-81.444,506
40.8292,-78.4303,1002
40.8294,-75.6899,2851
40.8295,-73.6377,894
40.8295,-85.342,1094
40.8297,-95.9908,449
40.8298,-75.0733,1093
40.8301,-85.2389,416
40.8303,-73.1133,1934
40.8307,-83.2707,2359
40.8308,-84.0845,478
40.831,-72.9317,3354
40.8311,-85.1072,620
40.8312,-76.8423,806
40.8317,-84.9287,2327
40.8325,-83.9734,721
40.8326,-85.0099,398
40.8327,-74.0141,1448
40.8327,-97.2196,378
40.8328,-95.3053,1161
40.833,-75.8844,1125
40.8334,-80.401,478
40.8334,-76.2062,833
40.8335,-75.8704,1442
40.8338,-73.6948,388
40.8339,-83.2737,1987
40.834,-75.2265,1063
40.8343,-74.1798,1149
40.8343,-91.4386,907
40.8351,-72.7351,1915
40.8359,-80.3183,666
40.8361,-81.0651,1011
40.8365,-73.6051,1812
40.8369,-75.6864,1317
40.837,-89.8806,872
40.837,-81.2641,2165
40.8372,-91.7113,691
40.8376,-101.1645,766
40.838,-76.0992,453
40.838,-79.635,753
40.8381,-115.7678,3836
40.8384,-99.2695,424
40.8385,-78.3512,767
40.8388,-74.4742,1451
40.8389,-73.7108,622
40.839,-73.0405,1858
40.8391,-80.5466,1612
40.8392,-74.277,986
40.8394,-78.685,1233
40.8398,-115.7663,3218
40.8401,-94.1084,453
40.8404,-76.067,522
40.8406,-95.858,316
40.8407,-79.896,1136
40.8413,-74.0577,1194
40.8416,-80.5397,1548
40.8417,-85.7279,699
40.8419,-81.6399,528
40.8426,-74.2013,1401
40.8428,-96.2952,610
40.8428,-121.9207,1648
40.8429,-79.5441,1639
40.843,-73.7001,628
40.8432,-74.7107,2474
40.8434,-74.0342,1104
40.8434,-73.2833,3178
40.8441,-81.4237,12189
40.8441,-83.0948,643
40.8442,-75.0318,865
40.8445,-73.4048,2125
40.8446,-101.7255,804
40.8446,-92.0732,1350
40.8447,-84.3361,1683
40.8447,-77.6851,712
40.8449,-73.618,1164
40.8452,-89.6759,1515
40.8454,-84.1828,1373
40.8459,-72.5754,2680
40.8462,-73.6504,959
40.8462,-73.3389,1985
40.8466,-84.3365,1655
40.8467,-82.0952,1060
40.8468,-72.6599,3230
40.8469,-73.152,1775
40.847,-73.9971,1011
40.8471,-111.9188,2668
40.8472,-101.3892,377
40.8475,-73.5629,1882
40.8478,-80.6188,864
40.8483,-81.7769,2150
40.8483,-81.7769,2111
40.8486,-91.2023,1613
40.849,-75.291,1051
40.8492,-94.0675,1304
40.8495,-73.5289,931
40.8496,-76.8255,3363
40.8499,-93.3066,490
40.8502,-74.0871,958
40.8506,-74.3966,1540
40.8506,-73.971,1441
40.8507,-89.1211,367
40.8509,-124.1632,758
40.8516,-80.2685,604
40.8522,-91.6207,718
40.8524,-101.5279,966
40.8525,-78.2698,522
40.8526,-79.9549,1523
40.8528,-94.1957,751
40.853,-80.2807,2464
40.8531,-74.1063,905
40.8534,-73.1822,885
40.8534,-77.5653,692
40.8534,-73.7036,1865
40.8536,-90.8622,529
40.8537,-74.8249,1726
40.8544,-77.7672,166
40.8545,-74.6574,2200
40.8546,-74.0596,955
40.8547,-74.0199,1185
40.8554,-80.2481,691
40.8558,-80.4562,635
40.856,-84.4468,670
40.8561,-76.8912,880
40.8565,-76.235,601
40.8567,-73.4775,1562
40.8572,-75.7763,3469
40.8573,-91.8333,920
40.8575,-73.2167,3136
40.8576,-74.1291,1607
40.8578,-73.1168,1559
40.8582,-76.8258,1233
40.8588,-102.8014,334
40.8594,-73.5805,1483
40.8598,-74.9876,964
40.8599,-85.6021,723
40.86,-91.3145,786
40.8601,-76.1689,1075
40.8605,-73.5054,1857
40.8607,-93.4973,717
40.8613,-99.9864,1469
40.8613,-83.4648,1018
40.8615,-76.7867,1286
40.8615,-77.9429,349
40.8616,-79.8962,1497
40.8616,-80.2621,595
40.862,-80.2829,1384
40.862,-96.5245,614
40.8621,-74.1604,3049
40.8623,-124.075,2786
40.8623,-72.7875,4579
40.8625,-81.8605,1009
40.8627,-90.1991,522
40.8628,-74.0752,1121
40.8628,-86.029,409
40.8633,-77.0555,778
40.8633,-79.9244,4844
40.8634,-73.9885,1121
40.8635,-73.3658,1776
40.8636,-72.9621,1185
40.8641,-74.4124,2240
40.8641,-86.216,724
40.8642,-86.8786,854
40.8643,-90.9566,545
40.8643,-86.5,686
40.8643,-73.4564,1677
40.8645,-92.3326,695
40.8645,-74.26,1590
40.8647,-72.5181,3266
40.8647,-98.0081,1644
40.8648,-86.0771,445
40.8648,-84.5885,2492
40.8659,-82.3183,2850
40.8659,-74.1984,542
40.8659,-86.4038,273
40.8661,-87.3657,747
40.8661,-77.4639,536
40.8666,-98.4681,680
40.8671,-82.3152,3069
40.8673,-77.7441,1147
40.8678,-90.7483,880
40.8678,-75.2539,1052
40.868,-75.2085,1109
40.868,-76.5492,1551
40.8681,-73.5311,1010
40.8681,-73.0821,2711
40.8682,-84.5862,2253
40.8684,-97.5901,1974
40.8691,-104.2259,701
40.8691,-96.1403,936
40.8694,-97.5927,2327
40.8699,-74.3442,1615
40.8701,-79.1713,347
40.8705,-77.8657,488
40.8707,-93.7922,542
40.8714,-73.0466,1937
40.8715,-74.2086,904
40.8721,-79.9211,2340
40.8722,-82.8764,446
40.8722,-74.8725,1552
40.8723,-74.4739,563
40.8723,-96.3866,336
40.8724,-79.7287,493
40.8725,-111.8612,3298
40.8727,-76.6735,1682
40.8728,-89.3137,432
40.8731,-95.5647,497
40.8732,-111.9178,1778
40.8735,-74.7368,2119
40.8739,-78.7271,594
40.8741,-74.455,951
40.8741,-81.3971,2297
40.8743,-74.0297,789
40.8752,-72.6841,3061
40.8754,-73.4058,2510
40.8758,-111.3847,1928
40.8758,-74.8966,1123
40.8761,-74.5435,346
40.8764,-73.1521,1940
40.8766,-72.4031,2318
40.8768,-123.5735,2085
40.8769,-85.1687,1253
40.8774,-88.8588,689
40.8774,-89.5132,1259
40.8775,-124.0789,2556
40.8777,-95.4292,638
40.8779,-93.5926,560
40.8779,-74.0825,1369
40.8781,-75.822,4177
40.8781,-73.5893,864
40.8782,-75.2203,720
40.8783,-87.9532,830
40.8784,-88.2698,528
40.8785,-91.9479,914
40.8786,-76.4047,933
40.8788,-79.8473,927
40.8788,-80.7629,1366
40.8789,-123.5132,1819
40.879,-77.2043,686
40.8791,-73.3232,2061
40.8798,-74.1082,1319
40.8799,-88.6374,1860
40.8802,-84.1453,375
40.8803,-75.1864,828
40.8807,-80.3814,3452
40.8808,-85.5055,2790
40.881,-123.9949,714
40.881,-97.8877,543
40.8811,-74.6197,989
40.8812,-79.2411,557
40.8812,-73.0059,3376
40.8815,-74.3826,954
40.8816,-76.9812,565
40.8821,-73.559,1468
40.8824,-82.6613,2032
40.8832,-94.5579,1256
40.8833,-74.668,2136
40.8835,-97.7469,511
40.8846,-85.4967,2846
40.8846,-73.9447,1324
40.8848,-73.6448,2343
40.8849,-87.6139,520
40.8849,-74.2429,615
40.8851,-80.3404,901
40.8851,-82.6583,2284
40.8853,-95.7947,574
40.8855,-80.6678,2244
40.8856,-74.5592,1485
40.8858,-73.4973,1029
40.8863,-73.4125,857
40.887,-73.2456,2345
40.887,-78.2186,465
40.8873,-81.23,1207
40.8875,-90.5164,722
40.8886,-72.4528,1524
40.8888,-72.6042,3079
40.8892,-109.4759,1371
40.8892,-88.6414,2639
40.8894,-121.6755,2105
40.8894,-86.7361,1398
40.8894,-74.0457,1859
40.8899,-74.1944,1557
40.8899,-80.7027,2399
40.89,-100.0707,1523
40.8906,-78.2326,2058
40.8909,-74.442,1476
40.891,-78.2307,604
40.8912,-73.9725,2015
40.8917,-92.82,985
40.892,-83.8878,1745
40.8922,-88.4053,437
40.8923,-81.5879,1720
40.8925,-72.9512,2603
40.8928,-75.0694,654
40.8929,-78.2167,848
40.893,-121.178,585
40.8931,-73.8059,1056
40.8936,-77.4765,1048
40.8937,-83.6529,804
40.8944,-97.2293,903
40.8946,-73.5953,1758
40.8947,-76.8603,1539
40.8949,-95.6736,1033
40.8953,-97.3453,617
40.8959,-74.5173,1308
40.8963,-80.768,742
40.8964,-76.1196,486
40.8968,-81.3322,833
40.897,-97.4617,455
40.8971,-74.5745,1309
40.8972,-76.793,1152
40.8973,-93.735,400
40.8974,-85.7921,424
40.8976,-80.3185,1110
40.8977,-73.1615,1521
40.8977,-98.2146,491
40.8985,-83.5567,649
40.8985,-73.5219,948
40.8988,-94.2637,583
40.8988,-77.8935,713
40.899,-75.3168,997
40.8992,-80.0486,1835
40.8992,-74.7008,828
40.8995,-76.8089,536
40.8995,-83.7271,470
40.8996,-77.3457,659
40.8996,-75.1127,1014
40.8996,-81.7329,698
40.9002,-77.1564,865
40.9007,-76.0046,307
40.9008,-78.9359,1247
40.901,-75.9924,535
40.9013,-111.9085,1652
40.9024,-73.3714,1350
40.9027,-73.1862,1772
40.9029,-74.0635,1030
40.9031,-76.4019,627
40.9034,-74.2198,1816
40.9034,-122.3997,1967
40.9035,-72.4355,1833
40.9036,-73.4121,907
40.9037,-80.8575,2958
40.9038,-72.8859,3298
40.9038,-74.4064,1389
40.904,-73.345,1378
40.9042,-77.4513,854
40.9043,-80.888,741
40.9045,-74.1195,1476
40.9046,-80.8489,2303
40.9051,-72.6717,1477
40.9062,-84.2996,681
40.9062,-80.9493,812
40.9062,-77.8767,449
40.9062,-82.769,585
40.9063,-74.6841,450
40.9069,-74.662,1326
40.9069,-90.2857,1392
40.9072,-76.1238,375
40.9073,-73.5612,1095
40.9073,-111.4214,2256
40.9078,-73.1275,2191
40.9086,-81.0718,809
40.909,-96.8661,354
40.9092,-97.0961,1904
40.9092,-78.2087,780
40.9093,-73.0487,1613
40.9097,-74.8418,1568
40.9097,-74.8418,1351
40.9098,-73.1217,1166
40.91,-80.5336,1118
40.9104,-89.0382,1407
40.911,-85.9246,436
40.9111,-73.8077,823
40.9112,-81.1198,2726
40.9113,-77.7865,2536
40.9114,-73.2956,2797
40.9118,-96.5338,1423
40.9121,-74.9589,773
40.9122,-74.614,912
40.9125,-90.6448,1851
40.9125,-81.0484,1232
40.9131,-73.8293,1903
40.9134,-74.7036,1231
40.9135,-81.0979,3772
40.9138,-79.919,2360
40.9142,-77.7682,1233
40.9142,-90.6431,1870
40.9143,-97.093,1691
40.9148,-74.1628,2634
40.9153,-87.7264,476
40.9154,-85.2799,826
40.9157,-82.2895,1104
40.916,-89.5027,2085
40.916,-75.9657,1212
40.9164,-95.9274,537
40.9168,-77.6908,1541
40.9173,-84.7059,718
40.9179,-80.6007,1141
40.918,-79.4601,617
40.918,-92.2182,950
40.9183,-73.9505,1944
40.9184,-96.1657,308
40.9186,-95.2655,487
40.9187,-74.5509,1347
40.9196,-77.0474,1220
40.9197,-80.9978,897
40.9198,-84.0603,1006
40.9199,-72.7734,4649
40.92,-81.0253,1434
40.9203,-89.2918,772
40.9208,-74.6408,1329
40.921,-73.0937,2228
40.9212,-121.6295,863
40.9213,-95.8855,1119
40.9214,-98.3586,4983
40.9215,-73.4434,2774
40.9219,-74.994,877
40.9221,-75.0983,631
40.9223,-73.998,1547
40.9224,-72.3507,2953
40.9229,-91.4007,945
40.9232,-73.7793,2912
40.9238,-74.3042,2297
40.9238,-74.5105,1724
40.9243,-78.2031,813
40.9243,-80.1469,810
40.9247,-100.1539,1730
40.9248,-98.357,4940
40.925,-121.5485,1292
40.9253,-82.0559,363
40.9259,-75.0941,287
40.9259,-73.0652,1476
40.926,-73.752,950
40.9261,-96.2811,336
40.9263,-111.8833,2210
40.9264,-90.0182,1007
40.9266,-81.4015,1450
40.9268,-74.0375,1229
40.9268,-77.5186,422
40.9269,-74.3424,2224
40.9271,-109.4031,2205
40.9276,-99.3901,559
40.9281,-81.6311,1720
40.9284,-75.4019,1878
40.929,-80.4962,786
40.9291,-78.2817,1074
40.9299,-94.9811,1213
40.9299,-75.9131,461
40.9303,-93.4565,459
40.9309,-72.2687,1907
40.9309,-80.3622,910
40.931,-73.4018,910
40.9314,-74.8117,1458
40.9315,-72.406,3019
40.9321,-74.9504,1020
40.9322,-74.7126,1536
40.9342,-74.0195,1372
40.9342,-84.3387,883
40.9347,-87.9343,876
40.9348,-89.7547,1182
40.9349,-83.8236,564
40.9355,-88.2363,369
40.9355,-102.5256,566
40.9358,-74.1175,2058
40.9361,-94.8974,743
40.9364,-87.1498,1633
40.9365,-73.7261,1627
40.937,-77.6596,1229
40.937,-74.1889,1001
40.9375,-90.9495,1100
40.9378,-76.1685,703
40.9382,-74.2249,2163
40.9384,-76.9905,631
40.9385,-74.2558,1238
40.9392,-81.1291,790
40.9393,-73.3851,1083
40.9393,-123.6411,4999
40.9395,-73.8264,895
40.9398,-72.9363,3055
40.94,-73.9583,1305
40.9409,-115.6608,1457
40.9411,-72.3057,3275
40.9415,-75.4377,2040
40.9416,-74.1741,619
40.9418,-73.0202,2224
40.942,-75.8209,1567
40.9422,-73.0528,1589
40.9423,-79.9613,1455
40.9424,-77.7917,600
40.9426,-76.1401,591
40.9427,-77.444,1059
40.9428,-90.311,1061
40.9431,-72.9933,2324
40.9437,-78.9748,1666
40.944,-72.6154,1771
40.9445,-85.6246,413
40.9445,-87.4503,937
40.9446,-96.9853,372
40.9446,-74.5009,1334
40.9446,-78.9739,1774
40.9447,-90.3591,4252
40.9447,-73.6864,2197
40.9452,-82.2143,913
40.9452,-83.954,937
40.9452,-73.9924,1268
40.9458,-83.3861,1334
40.9458,-74.1982,442
40.9459,-73.8674,3853
40.9463,-86.2642,392
40.9473,-74.0702,2934
40.9474,-80.664,2378
40.9489,-73.1151,1441
40.9489,-78.2283,1178
40.949,-76.6419,2018
40.949,-94.219,643
40.949,-99.5081,493
40.9495,-78.4714,775
40.9496,-82.3593,560
40.9502,-90.3766,3828
40.9502,-72.8754,2110
40.9505,-75.9725,2219
40.9505,-124.105,2550
40.9505,-87.1533,2428
40.9506,-81.2169,595
40.9512,-82.942,493
40.9513,-72.6761,3527
40.9515,-72.1961,1983
40.9516,-124.0774,4149
40.9516,-74.6624,2995
40.9517,-83.171,724
40.952,-84.9955,1674
40.9521,-117.4997,1182
40.9523,-87.299,380
40.9525,-79.7391,663
40.953,-73.0909,601
40.9531,-77.8032,540
40.9531,-76.4599,651
40.9531,-73.8229,704
40.9536,-72.8149,2840
40.9536,-94.4611,635
40.9537,-87.654,476
40.9538,-81.472,5139
40.9541,-73.9549,1307
40.9543,-81.5849,4539
40.9548,-72.2553,2357
40.9552,-85.7371,457
40.9556,-78.1585,736
40.9562,-117.7401,2441
40.9563,-76.9005,784
40.9565,-88.95,426
40.9567,-74.0329,1410
40.9568,-96.7815,329
40.9569,-83.7851,561
40.957,-74.1586,1654
40.9571,-72.9071,612
40.9572,-75.0522,1113
40.9573,-77.8334,677
40.9581,-86.1288,307
40.9582,-92.0496,646
40.9583,-73.8075,1650
40.9594,-81.4037,1857
40.9595,-74.1252,1493
40.9596,-74.6095,2468
40.9598,-74.4977,1324
40.9599,-90.1301,1878
40.9604,-82.8546,1051
40.9607,-73.0673,854
40.9608,-102.3883,358
40.9609,-77.6091,441
40.961,-72.5832,1925
40.9611,-78.1157,1344
40.9615,-81.3351,1492
40.9616,-80.1483,739
40.9617,-76.612,1132
40.9617,-96.443,582
40.9618,-103.1138,429
40.962,-92.6347,472
40.962,-91.1641,1358
40.9622,-91.5472,2667
40.9624,-76.601,2073
40.9627,-73.9975,1264
40.9627,-78.1494,1261
40.9628,-72.7443,2072
40.9629,-72.9708,1162
40.963,-74.871,937
40.9636,-74.1853,1690
40.9641,-76.89,896
40.9644,-78.6117,482
40.9644,-117.7246,2839
40.9645,-85.3808,1010
40.965,-91.6268,299
40.9654,-75.999,3960
40.9654,-86.1867,557
40.9655,-76.853,850
40.9655,-80.5583,848
40.9656,-91.5462,2377
40.9656,-78.2876,794
40.9662,-81.8439,897
40.9665,-78.2049,701
40.9667,-73.131,1306
40.9674,-74.307,2066
40.9677,-87.7163,414
40.9679,-75.1338,1261
40.9681,-80.4323,1053
40.9688,-73.9169,2297
40.969,-79.1984,863
40.9694,-82.3696,680
40.9694,-88.3578,261
40.9698,-82.1079,938
40.97,-81.6957,1238
40.97,-99.0879,534
40.9703,-97.4967,482
40.9707,-78.8774,755
40.9717,-82.6004,869
40.972,-77.7241,278
40.9725,-86.5542,755
40.9728,-72.1891,2143
40.9729,-78.5186,1355
40.9729,-73.9603,1614
40.9729,-72.5545,1573
40.973,-124.0286,2938
40.9734,-81.7846,2279
40.9736,-84.8677,804
40.9741,-83.4848,536
40.9742,-79.3583,1219
40.9743,-76.0254,1141
40.9747,-97.1732,321
40.9747,-80.3456,517
40.975,-74.0232,1356
40.9755,-76.4816,864
40.9756,-72.6302,2470
40.9767,-81.8999,1343
40.9768,-80.6562,1595
40.977,-85.0723,961
40.9772,-80.4887,1168
40.9787,-72.346,2631
40.9787,-89.235,458
40.9791,-93.0508,916
40.9792,-91.0458,1209
40.9793,-74.9025,1332
40.98,-77.7058,463
40.98,-86.6521,618
40.9803,-111.4392,821
40.9804,-75.4665,1533
40.9804,-93.2011,919
40.9812,-85.84,932
40.9812,-95.1028,884
40.9814,-72.1936,5437
40.9816,-74.1135,2176
40.9819,-79.6103,817
40.982,-74.3859,3857
40.9822,-91.6812,320
40.9826,-76.3695,758
40.9832,-75.1943,1192
40.9834,-72.1301,2330
40.9838,-96.6692,359
40.9838,-89.0413,757
40.9841,-122.7083,2077
40.9842,-89.4571,967
40.9847,-111.9063,2864
40.9849,-102.2627,1117
40.9853,-86.8837,500
40.9855,-81.1507,460
40.9857,-74.7437,1054
40.986,-82.1967,1155
40.9862,-84.1942,1177
40.9862,-75.9703,687
40.9862,-81.9948,542
40.9869,-77.5999,1609
40.9873,-74.9547,588
40.9875,-78.3093,999
40.988,-73.8812,1277
40.9887,-84.584,818
40.989,-74.0319,1365
40.9898,-75.4202,2094
40.9898,-77.4449,1057
40.9904,-75.8958,457
40.9912,-76.0599,920
40.9916,-80.3721,1049
40.9917,-73.9802,1233
40.992,-88.7299,734
40.992,-77.634,342
40.992,-73.9506,1515
40.9922,-109.721,924
40.9923,-98.9606,1492
40.9924,-94.7388,1159
40.9929,-75.9607,435
40.9936,-91.7506,717
40.9936,-73.7772,2346
40.9938,-83.2529,1514
40.9942,-75.5818,2185
40.9943,-72.2885,1214
40.9947,-77.5521,1081
40.995,-92.1673,713
40.9956,-80.3458,2617
40.9958,-88.2037,532
40.9958,-74.1413,1138
40.9959,-74.3145,1292
40.996,-78.3689,1274
40.9965,-96.1613,741
40.9968,-72.4775,677
40.997,-79.7264,547
40.997,-92.3073,683
40.997,-82.6674,1435
40.9978,-74.347,1295
40.9985,-72.0642,1742
40.9986,-73.819,1468
40.9987,-74.2638,1052
40.9989,-78.168,1190
40.9992,-79.3395,354
40.9995,-74.0966,1198
41.0001,-75.2083,2092
41.0002,-73.9341,909
41.0003,-87.9111,807
41.0003,-75.5075,2292
41.0003,-77.8143,235
41.0006,-75.9681,723
41.0008,-72.54,6597
41.0011,-73.6541,808
41.002,-76.4774,816
41.0023,-76.851,1691
41.0023,-88.5235,942
41.0027,-76.4566,1893
41.0027,-74.2867,1543
41.0036,-96.2485,265
41.0037,-95.5841,1146
41.0043,-85.7756,1710
41.0043,-83.792,556
41.0044,-89.1339,936
41.0047,-73.6672,1385
41.0048,-98.6006,871
41.0049,-75.1715,1531
41.005,-76.4172,861
41.0053,-88.893,391
41.0053,-95.8929,1653
41.0056,-109.6991,1602
41.0059,-91.9675,2106
41.0061,-79.8965,301
41.0062,-95.8931,1571
41.0063,-97.6071,389
41.0063,-79.3253,620
41.0063,-98.0098,413
41.0064,-91.9666,2335
41.0064,-97.0583,454
41.0067,-85.7726,1530
41.0069,-81.6044,2726
41.007,-78.4678,1176
41.007,-78.3407,1812
41.0071,-74.0451,1547
41.0072,-121.4411,1478
41.0073,-72.5435,2721
41.0075,-74.2057,2786
41.0079,-91.1637,995
41.0079,-78.1087,1095
41.0083,-80.3508,4858
41.009,-80.4303,585
41.0093,-81.5394,1807
41.0093,-80.0666,1780
41.01,-73.8686,1413
41.01,-77.5234,1063
41.0108,-75.2348,5666
41.0109,-93.5963,721
41.0109,-84.968,422
41.0109,-80.3795,1460
41.0109,-90.7472,429
41.0114,-77.6573,547
41.0116,-121.9304,2174
41.0117,-75.6068,912
41.0118,-80.4973,994
41.0122,-99.624,477
41.0129,-73.9486,1021
41.013,-74.6715,2034
41.0134,-74.1252,1299
41.0135,-73.8393,1044
41.0138,-72.2204,3455
41.0138,-111.4933,1426
41.0141,-95.2244,1799
41.0142,-96.8143,394
41.0143,-76.3846,760
41.0147,-81.3378,1494
41.0151,-95.2247,1539
41.0154,-73.8036,836
41.0156,-79.7432,305
41.0168,-74.6539,2605
41.0174,-75.9028,1135
41.0174,-93.3096,1763
41.0175,-78.4384,2415
41.0177,-74.5124,2112
41.0178,-84.5853,569
41.018,-95.7995,790
41.018,-95.4027,458
41.0182,-73.6562,747
41.0183,-76.8766,827
41.0185,-77.5208,563
41.0187,-80.1848,873
41.0188,-83.9217,329
41.019,-84.4776,477
41.0193,-84.2998,713
41.0193,-86.4125,672
41.0198,-84.0353,1936
41.0198,-73.608,860
41.0201,-73.5677,1283
41.0204,-76.4932,753
41.0205,-79.2832,919
41.0207,-81.8671,1467
41.0211,-82.2147,1848
41.0212,-75.8963,746
41.0212,-72.487,2839
41.0215,-78.4394,1219
41.0216,-79.7168,570
41.0217,-78.114,669
41.0221,-80.3558,847
41.0223,-92.4233,3639
41.0223,-100.3676,520
41.0224,-76.8763,3843
41.0227,-81.4234,1094
41.0228,-84.0428,1988
41.0229,-92.4145,3250
41.0229,-80.6154,1161
41.0229,-89.4063,1161
41.0233,-72.314,1479
41.0233,-98.1594,607
41.0233,-73.9842,1653
41.0235,-87.717,827
41.0235,-73.7193,3718
41.0236,-94.6128,597
41.0237,-74.0926,2013
41.0238,-73.751,2833
41.0239,-90.3536,468
41.0245,-79.1411,385
41.0245,-91.3221,1188
41.0246,-88.3073,276
41.0252,-95.4947,581
41.0252,-90.2754,827
41.0255,-73.9514,1508
41.026,-74.0611,1668
41.0261,-76.3501,963
41.0262,-83.105,700
41.0265,-92.8038,1637
41.0269,-74.38,2249
41.0269,-84.0755,1197
41.0273,-76.3638,4136
41.0274,-81.7322,3074
41.0276,-94.1953,911
41.0277,-77.9497,700
41.0278,-73.6269,1998
41.0283,-81.9315,1321
41.0283,-81.1571,929
41.0284,-97.4011,471
41.0287,-94.0499,343
41.0287,-82.7273,652
41.0289,-82.6875,1009
41.0289,-73.9333,661
41.0289,-111.9046,1380
41.0289,-81.6455,4080
41.0293,-98.8982,1135
41.0293,-111.9451,2943
41.0294,-78.7877,797
41.0296,-80.77,2051
41.0296,-89.4412,687
41.03,-73.6864,1681
41.0301,-73.5837,1413
41.0307,-76.3028,1149
41.0308,-75.6107,1390
41.031,-74.2405,2648
41.031,-74.4982,3313
41.0311,-72.1597,2644
41.0314,-82.5188,1118
41.0314,-109.9383,2196
41.0316,-93.7695,1742
41.0324,-87.8583,1235
41.0324,-93.4616,900
41.0327,-74.1338,1598
41.0335,-75.24,1291
41.0336,-90.0873,610
41.0342,-78.0069,526
41.0342,-77.3023,932
41.0343,-73.867,1517
41.0344,-110.144,6148
41.0344,-75.8206,1076
41.0344,-73.6484,866
41.0344,-81.4408,780
41.0347,-107.6573,645
41.0349,-107.5361,329
41.035,-93.7866,2563
41.0352,-73.6642,786
41.0352,-89.2243,495
41.0355,-74.3356,2694
41.0361,-124.0908,2583
41.0362,-74.0443,1466
41.0372,-80.5422,1059
41.0375,-76.8782,1261
41.0388,-82.0099,1362
41.0388,-86.0249,615
41.0391,-72.4644,1657
41.0398,-76.4187,897
41.0399,-96.3725,1064
41.0405,-94.4618,496
41.0408,-79.5024,548
41.0413,-93.9488,812
41.0417,-74.7338,2552
41.0417,-111.6805,1586
41.0419,-73.9108,745
41.042,-121.4052,909
41.0421,-85.7383,703
41.0424,-74.2886,2578
41.0436,-78.4508,1034
41.0438,-75.9318,1132
41.0442,-73.796,594
41.0445,-96.1004,657
41.0447,-95.7406,1552
41.0447,-78.8112,1142
41.0456,-104.3644,443
41.0463,-77.9503,1480
41.0468,-95.7444,1408
41.0471,-88.1749,455
41.0473,-71.9453,2210
41.0474,-83.6381,4026
41.0475,-71.9464,3904
41.0483,-85.4501,743
41.0486,-73.5919,1332
41.0487,-89.0523,779
41.0487,-73.9408,1589
41.0488,-79.8143,860
41.0492,-95.9662,1040
41.0492,-76.284,1167
41.0493,-88.1005,1223
41.0497,-83.6397,4597
41.0498,-94.8246,786
41.0498,-78.7132,1216
41.0512,-80.5927,1733
41.0514,-83.0137,705
41.0514,-120.4754,209
41.0515,-74.7536,1664
41.0519,-83.319,406
41.0519,-80.0402,1932
41.0519,-82.7235,1718
41.0523,-76.6749,212
41.0525,-81.4073,1329
41.053,-76.2123,903
41.0531,-87.9839,192
41.0535,-73.4626,1389
41.0535,-86.6037,1059
41.0537,-77.4637,1198
41.0541,-73.8143,933
41.0544,-82.7253,1714
41.0544,-79.7273,1226
41.0545,-92.0146,1660
41.0546,-74.0473,1821
41.055,-76.251,1592
41.0553,-72.2971,2324
41.0554,-74.4292,2319
41.0554,-84.3008,868
41.0555,-72.3604,2109
41.056,-77.5853,883
41.0573,-96.3141,657
41.0576,-103.0821,2374
41.0577,-96.6457,603
41.0577,-91.3914,373
41.0577,-124.1433,634
41.0583,-81.9014,297
41.0584,-73.4905,1220
41.0591,-94.3636,1929
41.0597,-86.2012,2048
41.0597,-75.7869,995
41.0603,-94.3647,2068
41.0604,-86.1983,1941
41.0609,-102.0745,604
41.0613,-74.147,2130
41.0616,-74.0078,2367
41.0624,-75.7622,975
41.0629,-73.9209,379
41.0629,-90.5554,626
41.0632,-74.1,2081
41.0637,-82.8871,741
41.0638,-89.7729,839
41.0647,-80.0419,674
41.0652,-73.8663,1556
41.0654,-72.4298,2937
41.066,-91.6395,617
41.067,-77.6059,1085
41.0679,-85.0163,3255
41.0682,-73.9549,1928
41.0691,-87.6064,1862
41.0695,-80.0579,1165
41.0697,-76.2174,866
41.0712,-96.3265,471
41.0721,-97.2031,423
41.0722,-90.2247,793
41.0723,-95.9265,482
41.0723,-76.8188,311
41.0727,-77.5804,668
41.0733,-81.4954,15743
41.0735,-86.4652,694
41.074,-80.4389,1526
41.0741,-81.9035,451
41.0741,-73.4972,850
41.0743,-85.8929,669
41.0746,-87.2573,466
41.0752,-97.7838,635
41.0754,-98.7153,765
41.0767,-73.4697,806
41.0769,-76.235,667
41.077,-76.4135,606
41.0771,-100.5263,618
41.0774,-111.9607,4313
41.0775,-73.7779,827
41.078,-77.4115,963
41.078,-80.59,1751
41.0794,-97.8903,469
41.0796,-73.5461,5570
41.0796,-123.6977,4102
41.0797,-122.7169,3082
41.0797,-82.4062,1348
41.0798,-84.7272,748
41.0801,-96.8336,682
41.0801,-74.5976,1348
41.0801,-106.1534,904
41.0802,-97.9789,857
41.0804,-86.8905,615
41.0805,-81.5214,7146
41.0808,-74.1741,629
41.0818,-87.8044,1246
41.0821,-98.3591,523
41.0827,-97.0191,446
41.084,-85.6245,838
41.0841,-75.4137,1566
41.0849,-74.0481,2020
41.0853,-76.8649,765
41.0858,-112.0687,2898
41.0859,-92.5297,432
41.0873,-77.4537,912
41.0879,-84.5832,471
41.088,-84.535,423
41.0882,-85.1428,9599
41.0882,-93.257,561
41.0887,-78.058,384
41.0887,-84.42,840
41.089,-76.5802,773
41.0894,-80.4935,1450
41.0902,-72.3846,1627
41.0904,-90.4748,432
41.0906,-79.6846,888
41.0911,-73.9688,1552
41.0913,-102.4699,761
41.0915,-99.0772,459
41.0919,-80.7384,3095
41.0922,-72.3413,450
41.0927,-73.4198,4344
41.0928,-84.3747,761
41.093,-73.9152,797
41.0931,-104.8066,1173
41.0934,-89.8632,915
41.094,-80.9758,1107
41.0941,-91.2506,800
41.0946,-96.4331,268
41.0947,-101.8885,505
41.0949,-78.8877,1070
41.0951,-82.7328,1195
41.0955,-74.0159,2117
41.0955,-76.5196,423
41.0955,-85.973,582
41.0955,-81.3511,1810
41.096,-81.7393,1974
41.0966,-121.1822,786
41.097,-112.0179,2519
41.0972,-96.2764,1090
41.0975,-73.8696,1360
41.0976,-85.1474,11609
41.0978,-82.1218,902
41.098,-91.0438,587
41.0984,-88.2485,443
41.0987,-88.4221,1785
41.0991,-84.2716,993
41.0991,-80.6459,5289
41.0992,-74.0979,1940
41.1,-90.9361,1452
41.1015,-106.0288,3711
41.1017,-87.8637,3534
41.1017,-78.2252,799
41.1019,-76.7694,610
41.1021,-80.0014,882
41.1023,-90.7991,1141
41.1023,-78.7772,1070
41.1024,-72.3668,885
41.1034,-73.7969,952
41.1037,-84.13,572
41.104,-74.2711,4593
41.1044,-97.309,568
41.1048,-82.6128,617
41.105,-85.7429,322
41.1052,-77.4885,871
41.1053,-84.0012,453
41.106,-91.5532,1378
41.1061,-81.4248,3402
41.1063,-85.2911,549
41.1067,-83.7895,928
41.107,-111.7307,1765
41.1072,-96.1485,1154
41.1073,-77.7534,297
41.1075,-79.9009,494
41.1078,-88.146,232
41.1079,-83.5147,684
41.1081,-76.8982,696
41.109,-74.5886,1895
41.1093,-90.3988,508
41.1094,-83.183,2755
41.1095,-74.077,1375
41.1096,-89.9735,395
41.1099,-76.8707,1296
41.1101,-81.6722,859
41.1102,-79.5031,1077
41.1106,-104.787,1576
41.1108,-96.0763,1116
41.1112,-77.7042,268
41.1114,-80.4306,467
41.1115,-95.6379,415
41.1117,-78.7331,794
41.112,-74.1414,1315
41.1121,-73.3688,1238
41.1124,-80.2599,304
41.113,-98.0003,1417
41.1131,-83.9676,1743
41.1132,-114.9535,2386
41.114,-73.9793,1453
41.1141,-89.1958,508
41.1146,-74.0487,1287
41.1147,-75.7751,1142
41.1149,-83.1805,2442
41.1151,-90.1648,880
41.1155,-73.9435,1903
41.1157,-80.9821,804
41.1163,-75.4588,2068
41.1164,-79.1883,701
41.1164,-97.5906,913
41.1171,-77.427,1060
41.1174,-89.3573,1217
41.1176,-80.3315,932
41.1176,-86.3799,722
41.1184,-73.7795,960
41.1185,-98.8311,428
41.1186,-98.5457,548
41.1195,-75.0463,1617
41.121,-73.9108,1006
41.121,-76.5256,899
41.121,-95.9211,1808
41.1212,-78.7651,2430
41.1213,-74.0686,376
41.1217,-112.0982,2431
41.122,-78.1206,533
41.1223,-78.7562,1629
41.1225,-75.3578,1687
41.1227,-74.8405,1451
41.1228,-73.3515,1181
41.1231,-111.9749,13239
41.1234,-101.352,922
41.1234,-87.7333,692
41.1241,-82.3063,960
41.1241,-73.3227,1771
41.1249,-88.8329,2588
41.125,-100.7504,3760
41.125,-88.8296,2457
41.125,-83.0167,843
41.1253,-89.0668,965
41.1257,-79.5577,345
41.1259,-91.4381,926
41.1261,-74.0834,1510
41.1267,-77.4545,2552
41.1267,-76.3095,550
41.1267,-94.0569,596
41.1271,-81.8426,4786
41.1272,-74.1705,1357
41.1272,-77.4702,613
41.1275,-85.4007,736
41.1276,-77.2426,1212
41.1279,-96.1969,2394
41.1281,-74.7136,1211
41.1281,-84.8505,920
41.1287,-104.7908,5484
41.129,-83.2869,1117
41.1296,-101.7207,2022
41.1298,-74.035,1037
41.1302,-76.4253,781
41.1308,-85.8823,449
41.1308,-74.1101,1887
41.1308,-87.439,1803
41.131,-81.6223,1940
41.1314,-101.7194,1641
41.1316,-101.5852,360
41.1327,-92.0825,786
41.1335,-73.7193,2212
41.1336,-102.9695,2484
41.1338,-76.5307,473
41.134,-73.7841,1236
41.1343,-91.544,530
41.1346,-87.8676,5109
41.1346,-81.8695,3090
41.1347,-111.9416,1965
41.1347,-92.9079,652
41.1349,-73.2871,845
41.1353,-100.789,3269
41.1353,-72.3352,1358
41.1353,-75.9044,3519
41.1362,-75.3998,4031
41.1364,-80.7058,12709
41.1364,-80.0107,814
41.1368,-79.7985,1025
41.1369,-75.9045,2904
41.1371,-77.4532,1435
41.1376,-102.9755,1913
41.1379,-80.7604,1714
41.1381,-112.0284,1098
41.1385,-121.117,1687
41.1386,-76.1331,639
41.1387,-112.0664,2212
41.139,-83.6493,477
41.1393,-80.5798,807
41.1396,-81.4361,1511
41.1398,-104.801,5285
41.1399,-95.4303,331
41.1403,-73.8475,2223
41.141,-74.0294,550
41.1414,-111.9324,1018
41.1414,-95.6948,566
41.1415,-79.6778,551
41.1417,-99.7619,409
41.1417,-73.4901,1130
41.1419,-96.3642,1108
41.142,-78.8069,877
41.1423,-92.5036,681
41.1427,-84.5827,1406
41.1433,-94.9842,778
41.1434,-73.3603,1024
41.1434,-96.0781,3209
41.144,-74.987,1398
41.1449,-95.9386,4343
41.145,-88.054,637
41.1457,-74.051,1531
41.1471,-104.8616,1965
41.1472,-91.8596,914
41.1472,-74.749,699
41.1476,-81.362,2797
41.1477,-111.7876,2112
41.148,-88.8721,464
41.1483,-91.6575,936
41.1487,-87.9559,1488
41.1488,-74.5734,971
41.1489,-72.2494,2056
41.1489,-102.6386,627
41.1491,-73.9464,1620
41.1494,-95.163,591
41.1499,-73.3794,1334
41.1501,-77.4207,823
41.1522,-73.9904,3570
41.1522,-77.1745,950
41.1523,-82.2263,1733
41.1524,-80.0854,2238
41.1524,-86.1379,409
41.1526,-76.3757,1602
41.153,-73.1142,831
41.1535,-73.8706,1616
41.1539,-77.3521,1721
41.1541,-102.7627,1343
41.1542,-76.1509,627
41.1547,-73.2683,634
41.1548,-83.9417,605
41.1549,-85.9687,242
41.1553,-74.9651,1324
41.1554,-73.3256,1894
41.1559,-73.7683,864
41.156,-99.1531,501
41.1562,-86.4821,388
41.1563,-81.4557,1083
41.1567,-81.6436,2783
41.1569,-87.2928,2339
41.1571,-80.0886,1491
41.1575,-85.3156,688
41.1576,-74.079,1662
41.1581,-80.5647,1822
41.1583,-85.4775,2228
41.1584,-75.978,988
41.1586,-88.6542,908
41.159,-73.2571,527
41.1593,-92.6303,973
41.1593,-96.5395,438
41.1594,-79.8012,1525
41.1594,-124.1297,708
41.1601,-101.1227,1036
41.1602,-100.9985,793
41.1602,-83.4124,2499
41.161,-79.6545,513
41.1611,-79.0788,1732
41.1616,-81.2421,2155
41.1617,-79.0827,1610
41.1618,-78.7151,1654
41.162,-74.1909,1435
41.1626,-112.342,6246
41.1626,-80.7408,787
41.1631,-85.4788,2127
41.1636,-87.6635,1141
41.1636,-80.7233,1184
41.1637,-87.8465,2449
41.1642,-83.4109,2617
41.1643,-91.7148,436
41.1648,-82.222,1524
41.1648,-81.3191,1045
41.1655,-87.4381,903
41.1656,-80.6961,2157
41.1663,-101.3044,360
41.1666,-98.1389,909
41.1682,-78.7205,3227
41.1683,-111.9782,1293
41.1689,-73.3782,939
41.169,-90.0374,1517
41.1695,-80.666,1440
41.1704,-90.9998,881
41.1705,-92.9041,646
41.1706,-74.4632,1888
41.171,-80.8663,4373
41.1711,-83.5536,740
41.1712,-83.6073,472
41.1713,-92.3079,1133
41.1715,-112.0485,2592
41.1717,-74.9513,1616
41.1719,-80.9927,1180
41.1719,-90.191,328
41.1722,-111.9577,1793
41.1723,-73.417,961
41.1727,-88.2654,206
41.1731,-112.0023,1948
41.1732,-76.2868,1599
41.1737,-76.8688,671
41.1738,-86.0384,693
41.174,-87.3295,713
41.1742,-80.4555,835
41.1745,-76.0422,899
41.1745,-88.2795,637
41.1747,-91.8212,803
41.1748,-85.9456,917
41.1755,-97.1634,299
41.1762,-74.3248,1952
41.1763,-81.4365,3754
41.1766,-86.5552,658
41.1769,-73.3434,1746
41.1771,-89.2097,383
41.1772,-89.6582,573
41.1772,-91.189,1035
41.1772,-122.2872,960
41.1774,-76.0865,1721
41.1779,-86.498,589
41.1779,-75.2633,1250
41.1782,-73.9433,1279
41.1784,-90.3222,851
41.1785,-97.55,872
41.1788,-92.2519,555
41.1793,-74.3359,3424
41.1793,-85.6239,385
41.1798,-83.6683,1441
41.1802,-84.7361,1048
41.1802,-104.0748,1810
41.1802,-79.7086,693
41.1808,-92.9538,666
41.1813,-79.2026,611
41.1816,-110.4274,1601
41.1817,-97.0023,507
41.1818,-93.7311,609
41.1818,-96.0682,2154
41.1824,-96.1354,1489
41.1829,-81.553,4612
41.183,-87.8785,2771
41.1831,-88.1924,1385
41.1839,-77.3196,2454
41.1855,-91.9936,923
41.1857,-77.3165,639
41.1857,-77.3711,989
41.1859,-74.3782,1503
41.186,-75.754,1250
41.1869,-106.1255,3008
41.1869,-73.6574,1713
41.1874,-73.1958,3639
41.1878,-80.7531,2671
41.1886,-75.9496,738
41.1888,-74.504,1558
41.1889,-73.5561,1209
41.1889,-88.9823,271
41.1891,-80.9638,1924
41.1892,-74.0542,1406
41.1901,-93.3851,522
41.1902,-88.57,236
41.1904,-83.7849,782
41.1909,-104.359,1586
41.1911,-87.0531,698
41.1911,-79.3792,1668
41.1911,-80.7192,864
41.1913,-73.4262,909
41.1917,-90.3805,506
41.192,-87.4457,842
41.1923,-95.4265,441
41.1926,-80.968,1561
41.1927,-74.0296,1102
41.1931,-96.742,429
41.1934,-87.3427,1030
41.1938,-76.0189,651
41.1939,-75.9314,905
41.1942,-97.4263,666
41.1945,-88.3115,1549
41.1946,-123.6888,1777
41.1957,-76.3843,702
41.1966,-79.9826,1655
41.1969,-90.8788,594
41.1969,-80.4958,848
41.197,-74.2104,1480
41.1974,-73.2895,1103
41.1976,-84.923,1694
41.1978,-74.4846,4240
41.1981,-97.2971,544
41.1986,-90.7464,1390
41.1988,-73.1277,718
41.1992,-92.0923,905
41.1993,-86.8907,702
41.1993,-85.7031,1014
41.1993,-87.1955,1719
41.1993,-120.9568,1554
41.1998,-90.1175,663
41.2,-96.0378,1161
41.2005,-75.9997,1688
41.2007,-77.2666,977
41.201,-79.8745,948
41.2017,-73.7283,1583
41.2018,-90.4443,601
41.2022,-76.7855,834
41.2025,-79.3269,642
41.2028,-73.793,705
41.2032,-94.4173,599
41.2032,-73.3788,1112
41.2032,-81.351,440
41.2036,-84.1672,240
41.2043,-83.1679,719
41.2044,-74.0127,1223
41.2053,-90.5862,831
41.2054,-92.8843,506
41.2062,-76.782,2028
41.2063,-73.9868,1119
41.2067,-85.7376,496
41.2078,-83.9059,1375
41.208,-104.4744,832
41.2085,-80.537,1689
41.2088,-106.7948,1147
41.2088,-74.6082,699
41.2088,-80.7784,900
41.2091,-112.0536,2981
41.2094,-79.3801,1139
41.2095,-84.9682,732
41.2097,-73.9012,1967
41.2098,-93.8467,901
41.2104,-121.153,2122
41.2105,-73.3126,18098
41.211,-86.1149,707
41.2111,-80.4973,1366
41.2114,-82.1455,877
41.2125,-92.4337,936
41.2127,-75.8994,877
41.2134,-96.6206,1348
41.2137,-98.4594,1017
41.2139,-91.5366,550
41.2147,-94.1851,1279
41.2154,-106.7813,471
41.2155,-78.5734,1053
41.2156,-98.6281,378
41.2157,-88.5049,369
41.2159,-89.07,1060
41.2161,-86.777,954
41.2162,-73.4253,524
41.2163,-97.8395,509
41.2165,-86.4243,980
41.2171,-96.6178,1554
41.2171,-85.8131,1560
41.2173,-85.1614,2403
41.2173,-103.3074,1089
41.2185,-74.8235,2398
41.2187,-101.5841,407
41.2188,-104.773,6340
41.2191,-84.6016,1098
41.2195,-75.8446,2051
41.22,-76.0091,698
41.2206,-85.0219,1752
41.2211,-74.2876,1292
41.2215,-73.2442,313
41.2216,-72.9951,476
41.2222,-99.2988,625
41.2225,-98.2598,663
41.223,-86.5959,2680
41.2232,-77.0379,675
41.2236,-73.0646,4250
41.2244,-96.4872,708
41.2253,-88.2676,1602
41.2259,-73.2591,906
41.2265,-80.2363,977
41.2268,-120.5012,1047
41.227,-93.2416,926
41.227,-93.9295,879
41.2271,-75.8722,834
41.2272,-80.4847,4819
41.2282,-84.0355,825
41.2284,-111.9681,4764
41.2294,-73.9976,2203
41.2294,-77.0005,1251
41.2296,-80.4407,4928
41.23,-80.527,1105
41.2309,-85.3196,932
41.2313,-73.9258,740
41.2315,-122.2709,1150
41.232,-95.6065,732
41.2321,-96.0351,14942
41.2324,-103.6519,1375
41.2327,-103.8911,434
41.2331,-81.6439,2762
41.2336,-81.9396,1242
41.234,-81.5532,1906
41.234,-80.4998,1763
41.2343,-103.4867,426
41.2343,-95.1394,709
41.2344,-79.5361,681
41.2345,-80.6541,888
41.2355,-82.8592,418
41.2357,-95.4198,734
41.236,-95.8532,5951
41.2361,-88.831,617
41.237,-76.4156,1027
41.2376,-86.2532,1030
41.2384,-80.5547,1552
41.2389,-73.9438,1156
41.239,-76.7254,729
41.2391,-89.9257,2332
41.2392,-81.4416,4596
41.2393,-96.3519,624
41.2394,-81.0395,1302
41.2396,-80.816,3627
41.2396,-81.3459,4397
41.24,-77.0356,2690
41.2403,-90.8186,495
41.2404,-82.1135,1267
41.2406,-73.6881,919
41.2409,-75.952,941
41.2412,-83.6441,522
41.2415,-88.4231,704
41.2419,-83.1514,690
41.242,-73.4357,1538
41.242,-74.1717,6033
41.2422,-74.4861,1482
41.2424,-73.1835,2168
41.2427,-88.1295,360
41.2427,-83.4914,463
41.2427,-87.6358,1680
41.2428,-89.9234,2215
41.243,-96.3957,688
41.2438,-82.7026,1074
41.2441,-83.2339,656
41.2444,-88.2426,945
41.2446,-82.6089,2703
41.2447,-79.433,1093
41.2452,-83.2839,602
41.2457,-75.4417,1456
41.2458,-81.8166,3273
41.2461,-85.8485,3342
41.2465,-76.9167,1731
41.2466,-75.8757,2376
41.2469,-80.8775,1106
41.2471,-78.7924,988
41.2471,-94.6689,488
41.2477,-85.8365,4419
41.2477,-98.7951,699
41.2478,-87.8443,2100
41.2481,-87.835,2226
41.2483,-80.7444,1827
41.2493,-84.1292,975
41.2497,-75.4797,1846
41.2499,-76.9921,4781
41.2505,-89.3141,2092
41.2506,-94.7699,751
41.2509,-74.9107,1014
41.251,-79.4626,565
41.2511,-85.4534,1678
41.2517,-78.7541,950
41.2526,-81.5077,2401
41.253,-82.6091,2859
41.2532,-82.4027,825
41.2533,-97.1264,1859
41.2537,-83.6023,911
41.2538,-90.3827,987
41.2541,-82.4824,1951
41.2543,-73.9612,704
41.2545,-76.955,1300
41.2547,-122.1362,1413
41.2551,-73.6852,778
41.2552,-74.3547,1414
41.2552,-74.3547,1551
41.2557,-76.9771,625
41.2557,-88.1158,923
41.2558,-89.1817,766
41.256,-96.1284,865
41.2565,-77.0481,944
41.2573,-83.0536,978
41.2581,-101.709,544
41.2583,-88.1297,751
41.259,-80.4818,1071
41.2591,-90.6059,568
41.2592,-73.1106,1363
41.2592,-91.3747,445
41.2593,-78.5041,419
41.2598,-111.7713,888
41.2601,-110.9637,2909
41.2601,-110.9637,2512
41.2602,-75.9099,988
41.2611,-112.0363,2472
41.2623,-89.255,937
41.2627,-96.0535,10855
41.2632,-73.945,1080
41.264,-75.9309,1966
41.2648,-75.8866,1330
41.2648,-92.2478,454
41.2651,-89.126,917
41.2653,-69.973,1324
41.2658,-89.2305,1038
41.266,-70.1024,3099
41.2665,-96.7209,335
41.2666,-73.2284,1633
41.2666,-82.3043,603
41.267,-80.7958,1479
41.267,-114.1971,582
41.2671,-83.4269,685
41.2674,-83.2507,338
41.2677,-71.9928,1829
41.2678,-73.4434,407
41.2682,-80.5679,681
41.2688,-85.4983,691
41.2697,-73.4926,2271
41.2702,-88.2234,2089
41.2706,-73.7747,870
41.2711,-72.3546,567
41.2714,-70.0959,2191
41.2721,-72.9675,2977
41.2724,-110.3341,846
41.2731,-80.1397,969
41.2732,-94.8705,715
41.2741,-82.8399,2248
41.2748,-76.073,1664
41.2749,-85.9906,758
41.275,-73.2544,1738
41.2755,-86.0427,643
41.2758,-78.4902,1269
41.2758,-75.8519,1026
41.2761,-92.681,800
41.2764,-72.529,1404
41.2766,-101.8134,648
41.2767,-98.9677,881
41.2769,-73.2123,2005
41.2771,-82.8446,1920
41.2771,-91.1881,434
41.2772,-75.8312,558
41.2773,-75.9013,616
41.2777,-72.8161,1241
41.2777,-76.706,896
41.2787,-79.822,1362
41.2789,-91.3639,1330
41.2789,-88.2801,2181
41.2791,-88.2218,2912
41.2796,-84.9291,1004
41.2797,-90.5058,968
41.28,-75.4014,1771
41.2801,-75.4729,1402
41.2801,-75.8732,1037
41.2801,-90.4434,483
41.2801,-88.1428,536
41.2802,-72.6023,1297
41.2805,-72.6762,1341
41.2806,-75.9644,1374
41.2808,-77.2318,801
41.281,-84.3658,3258
41.2814,-72.4423,1180
41.2819,-80.1859,1284
41.282,-81.2224,1082
41.2822,-88.6814,2731
41.2824,-70.1833,1279
41.283,-96.9609,469
41.2834,-72.4066,798
41.2841,-82.03,2016
41.2841,-123.819,1734
41.2843,-91.3392,352
41.2844,-81.0919,1447
41.2846,-83.8438,455
41.2849,-75.9143,918
41.285,-73.0246,3764
41.2851,-84.3594,3192
41.2852,-88.2507,1251
41.2853,-98.5693,550
41.2853,-111.986,1572
41.2855,-92.615,801
41.2858,-85.7151,1846
41.2858,-96.2883,877
41.2861,-82.2196,2015
41.2866,-72.3582,1275
41.2868,-92.5369,227
41.2869,-75.8968,763
41.2869,-85.4332,904
41.2869,-75.8361,822
41.2872,-93.8075,716
41.2873,-99.3825,725
41.2874,-73.9236,1892
41.2877,-80.4047,1575
41.2885,-95.9169,1216
41.2888,-82.6019,991
41.2893,-93.4404,708
41.2894,-89.3645,1151
41.2898,-75.7944,1040
41.29,-94.5602,840
41.2901,-91.5543,551
41.2902,-73.6704,1410
41.2902,-124.0703,1978
41.2905,-87.4199,2406
41.2909,-73.4813,4872
41.291,-86.6212,1806
41.291,-85.199,624
41.2914,-99.9203,758
41.292,-84.5481,1133
41.2922,-92.6409,2577
41.2923,-85.7181,940
41.2924,-89.5066,613
41.2924,-90.1909,1281
41.2925,-91.462,284
41.2927,-78.5023,1015
41.2928,-82.2161,1556
41.2931,-92.6472,2608
41.2932,-89.071,2029
41.2935,-72.859,3184
41.2944,-84.7647,1451
41.2946,-90.3591,402
41.2948,-90.9725,323
41.2948,-98.3693,504
41.2949,-90.2907,904
41.2951,-87.4186,2085
41.2953,-73.84,1414
41.2963,-73.4466,391
41.2966,-83.664,817
41.2967,-89.7896,909
41.2969,-75.8166,776
41.2969,-88.2999,387
41.2973,-76.3703,573
41.2977,-75.8799,1334
41.2979,-91.6937,2115
41.2981,-96.6073,328
41.2994,-86.1169,974
41.2998,-91.6909,1650
41.3001,-73.5423,1325
41.3007,-83.8297,573
41.301,-83.4717,515
41.3015,-74.5622,502
41.3016,-112.0318,2208
41.3026,-88.6147,2262
41.3031,-80.8514,2626
41.3036,-82.9794,2080
41.3036,-82.9794,1988
41.3038,-75.7822,719
41.304,-74.9925,1485
41.3043,-88.1495,1805
41.3046,-73.1392,5025
41.3049,-82.0137,847
41.3055,-101.9346,1944
41.3057,-75.8429,1086
41.3058,-94.4593,1218
41.3059,-75.8035,11564
41.306,-105.6086,3905
41.3062,-111.8038,1861
41.3064,-81.4579,487
41.3064,-95.0843,646
41.3066,-76.4088,585
41.3067,-73.383,754
41.3067,-112.0943,3159
41.3068,-81.3365,4346
41.3068,-106.1376,3666
41.3069,-105.5978,3536
41.3072,-81.6199,4004
41.3075,-84.3919,622
41.3077,-93.7338,341
41.3086,-76.1028,1025
41.3089,-110.3352,1212
41.3091,-74.1441,910
41.3095,-96.8082,518
41.3097,-96.3023,899
41.31,-75.9281,1195
41.3104,-95.3997,1215
41.3108,-72.925,3925
41.3115,-81.1429,951
41.3117,-90.7331,606
41.313,-81.8317,4505
41.3131,-90.5787,957
41.3132,-106.4896,1310
41.3132,-74.9631,1136
41.3139,-75.7827,612
41.314,-74.2251,1595
41.3142,-72.0102,593
41.3142,-90.4972,875
41.3143,-74.9435,1370
41.3146,-111.9597,2502
41.3147,-84.9011,526
41.3149,-81.5016,2832
41.3153,-97.6651,477
41.3154,-71.8468,813
41.3158,-75.0498,2521
41.3159,-81.7481,4200
41.3168,-72.1999,1115
41.317,-96.3623,2093
41.3172,-87.0266,1000
41.3177,-74.1857,1697
41.3178,-86.8898,685
41.3179,-92.9227,747
41.3181,-122.323,2229
41.3182,-81.6793,3278
41.3182,-73.5298,581
41.3183,-93.1061,1778
41.3183,-110.3894,1281
41.3185,-93.1026,1951
41.3187,-73.7999,2395
41.3188,-75.9404,994
41.3188,-73.4754,748
41.3188,-73.8481,1543
41.319,-120.1146,897
41.3194,-88.1602,3402
41.3196,-84.0354,797
41.3201,-71.8271,983
41.3204,-92.4636,343
41.3207,-72.8787,15677
41.3209,-122.3155,1763
41.3215,-102.9738,412
41.3216,-75.8578,1720
41.3219,-80.2581,543
41.3223,-78.0957,712
41.3224,-85.7871,621
41.3226,-81.4431,3368
41.3227,-82.4876,1149
41.3228,-92.3306,889
41.3229,-89.1834,2472
41.3232,-83.6468,1108
41.3233,-83.1345,1931
41.3236,-74.8908,2268
41.3237,-74.801,622
41.3238,-75.7419,1136
41.3238,-84.2002,431
41.3238,-85.6986,817
41.3239,-83.4364,713
41.3244,-73.2684,2353
41.3247,-77.7423,410
41.3249,-112.001,2399
41.3251,-72.0669,1594
41.3251,-87.2019,1284
41.3253,-111.8288,1614
41.3256,-88.0531,359
41.326,-85.5141,409
41.3261,-73.0826,2042
41.3272,-81.3974,1342
41.3273,-73.8299,1141
41.3275,-110.2974,1138
41.3275,-74.1021,5415
41.3278,-77.7672,931
41.3279,-85.4901,1167
41.3279,-75.7857,1123
41.3289,-75.77,847
41.329,-89.6793,914
41.3296,-75.8,822
41.3296,-89.3037,1420
41.3298,-96.4292,239
41.33,-91.2354,683
41.3302,-82.3617,962
41.3304,-80.1181,1529
41.3305,-102.1437,552
41.3306,-74.3542,1362
41.3307,-73.4925,865
41.3307,-85.849,459
41.3307,-87.7963,1289
41.331,-73.7406,760
41.3315,-75.9729,1377
41.3315,-88.8802,367
41.3316,-95.6814,475
41.3318,-90.6722,551
41.3321,-80.7195,1889
41.333,-72.0962,2150
41.3332,-77.7213,553
41.3332,-75.8212,1951
41.334,-92.2044,1336
41.3341,-96.9497,277
41.3348,-88.7045,1406
41.3348,-71.8995,530
41.3349,-74.1705,4869
41.3352,-89.0972,3336
41.3353,-73.7267,891
41.3355,-94.0184,1366
41.3363,-73.5119,1051
41.3364,-72.0123,1052
41.3374,-71.7619,979
41.3375,-77.6418,969
41.3375,-71.9976,1121
41.3376,-87.4028,964
41.3378,-89.1312,4202
41.3382,-75.7422,917
41.3388,-92.7863,277
41.3389,-81.5268,929
41.3397,-73.7007,1244
41.34,-91.8169,457
41.3403,-83.2919,489
41.3407,-74.1673,1098
41.3409,-90.8482,1761
41.3418,-86.3159,2816
41.3419,-97.2399,439
41.3422,-75.5279,1532
41.3423,-95.7448,593
41.3425,-111.8649,2196
41.3429,-73.9872,1232
41.3431,-80.4022,1547
41.344,-78.123,1433
41.344,-80.5242,784
41.3442,-73.0698,2228
41.3451,-71.7047,1053
41.3457,-88.2223,505
41.346,-83.7946,969
41.346,-75.971,401
41.3462,-82.2353,1409
41.3463,-72.1293,1248
41.3466,-90.2828,393
41.347,-77.7027,700
41.3474,-97.059,368
41.3475,-91.1288,1217
41.3482,-83.1177,3323
41.3484,-93.8776,610
41.3487,-83.1443,1150
41.3488,-86.3193,2498
41.3495,-88.8405,2864
41.3496,-72.0505,1126
41.3499,-94.0181,1971
41.35,-87.6173,1503
41.3502,-80.0837,828
41.3509,-99.5006,459
41.3513,-75.7761,2134
41.3515,-90.3763,878
41.3517,-87.9567,674
41.3522,-85.1525,409
41.3526,-85.1238,1853
41.353,-83.1156,2651
41.3536,-89.0196,1688
41.354,-88.8234,3504
41.3543,-123.8623,1379
41.3546,-87.1341,473
41.356,-71.9559,1734
41.356,-75.7047,2311
41.3565,-89.1734,822
41.3566,-72.3935,1780
41.3568,-73.5359,2126
41.3569,-74.2769,1331
41.3573,-78.6092,1132
41.3573,-112.041,2148
41.3576,-98.6336,657
41.3576,-82.7309,1026
41.3579,-89.1394,2916
41.358,-89.7392,980
41.3588,-73.2672,818
41.3591,-87.2712,427
41.3595,-81.4718,1512
41.3599,-93.7842,610
41.3603,-73.4139,2254
41.3604,-73.1865,2316
41.3607,-74.0197,3898
41.3609,-89.5827,883
41.3616,-85.076,2854
41.3621,-86.4436,637
41.3627,-74.2781,1942
41.363,-93.5655,3070
41.3633,-71.8094,4602
41.3637,-92.0509,270
41.3637,-93.5654,2678
41.3638,-85.2317,1192
41.364,-75.3273,775
41.3642,-93.4723,673
41.3646,-73.9689,950
41.3647,-76.0447,2109
41.3648,-89.2951,201
41.365,-97.9723,1052
41.3651,-91.9533,798
41.3653,-95.8589,893
41.3657,-81.9038,1834
41.3666,-74.6997,756
41.3671,-89.2748,690
41.3673,-81.5037,1686
41.3673,-75.234,2615
41.3676,-96.1617,860
41.3677,-85.0565,2663
41.3679,-75.3064,742
41.3684,-79.9293,1293
41.3697,-73.7407,2248
41.3699,-81.8135,2578
41.3703,-87.5552,704
41.3704,-88.4288,2669
41.3704,-75.7409,1681
41.3705,-79.3056,657
41.3705,-73.5769,1378
41.3705,-81.8618,2164
41.3709,-81.5587,2360
41.3709,-93.3862,639
41.371,-83.9414,641
41.371,-87.8815,313
41.3722,-75.3228,880
41.3722,-81.055,767
41.3723,-87.442,2791
41.3728,-82.108,4117
41.3733,-71.8068,3613
41.3737,-74.167,1964
41.3738,-93.7388,560
41.3739,-71.8564,1677
41.374,-83.6512,3060
41.3755,-95.6225,920
41.3758,-86.506,844
41.3767,-87.028,764
41.3769,-82.9415,590
41.3772,-79.7052,1473
41.3777,-83.6496,3283
41.378,-74.6908,1444
41.3781,-71.6266,1366
41.3783,-89.4683,2261
41.3789,-72.4405,1769
41.3794,-86.5832,892
41.3796,-91.3486,544
41.3797,-81.6759,2010
41.3798,-73.3524,596
41.38,-81.6333,2802
41.3802,-88.4243,3196
41.3802,-95.6825,948
41.3806,-89.4641,2606
41.3806,-84.5212,568
41.3809,-82.4628,590
41.381,-89.2148,998
41.3815,-72.8564,4141
41.3815,-81.6083,2116
41.3822,-89.8363,529
41.3822,-74.7035,2501
41.3828,-79.3165,698
41.383,-79.8321,1964
41.3832,-71.6235,2283
41.3834,-81.7613,1860
41.3836,-81.7286,4063
41.3836,-71.9862,1881
41.3843,-81.3485,3210
41.3855,-111.0282,1307
41.386,-81.4408,4092
41.3863,-82.0228,4396
41.3865,-74.1418,1105
41.3869,-90.7637,913
41.387,-93.2728,1420
41.3872,-83.3222,1383
41.389,-71.7644,1224
41.3892,-90.6705,1131
41.3892,-72.0638,2070
41.3899,-70.5197,993
41.3904,-97.4927,621
41.391,-80.974,863
41.3914,-73.9637,1795
41.3915,-88.7992,1231
41.3919,-82.4429,195
41.3921,-81.5347,2099
41.3922,-87.6397,163
41.393,-95.0219,2614
41.3939,-79.2638,1446
41.394,-85.549,889
41.3941,-79.8335,2153
41.3946,-95.3597,772
41.3951,-84.1261,2268
41.3958,-75.7147,2071
41.3958,-72.7832,2566
41.3962,-73.6163,636
41.3962,-99.3818,329
41.3964,-89.8906,1329
41.3966,-85.4187,1254
41.3969,-75.2727,1194
41.397,-80.3894,2557
41.3971,-96.6098,565
41.3976,-96.2075,415
41.3976,-82.5626,2019
41.3978,-95.0096,1923
41.398,-84.125,2263
41.3987,-73.4781,5886
41.3991,-90.8997,614
41.4003,-92.3571,1010
41.4006,-90.5627,1191
41.4008,-94.8873,496
41.4009,-74.7079,1522
41.4011,-83.8664,853
41.4016,-74.3269,1654
41.4017,-98.3902,752
41.4028,-85.6887,2352
41.403,-73.685,2759
41.403,-72.4569,1485
41.4031,-83.2431,757
41.4032,-112.0425,2187
41.4034,-85.6138,522
41.4037,-87.2214,1370
41.4041,-81.5023,1936
41.4042,-75.6659,4568
41.4042,-82.8016,918
41.4043,-81.8203,2489
41.4045,-75.8547,1272
41.4047,-79.2313,1426
41.4047,-92.9174,2775
41.4051,-80.3838,1247
41.4052,-99.6408,1290
41.4053,-82.2317,2417
41.407,-85.6702,955
41.4073,-73.6286,659
41.4074,-92.9174,2396
41.408,-102.3452,744
41.408,-82.3173,2956
41.4082,-86.3992,574
41.4082,-102.9708,533
41.409,-73.2426,3639
41.409,-81.5629,2064
41.4091,-87.347,3959
41.4096,-83.4588,993
41.4098,-76.5831,1303
41.4113,-79.7015,1163
41.4114,-72.0981,9810
41.4119,-73.3119,1378
41.4119,-90.5742,736
41.412,-86.7794,898
41.4121,-122.381,1993
41.4121,-87.2624,3197
41.4122,-93.6501,321
41.4122,-86.4781,1705
41.4123,-96.9323,559
41.4132,-90.0053,1254
41.4133,-81.4134,1448
41.4138,-120.6653,2475
41.414,-75.6063,2711
41.4149,-81.9191,3102
41.4155,-87.2313,2110
41.4158,-82.1467,8643
41.416,-96.5024,471
41.4169,-104.1015,348
41.4171,-76.4924,938
41.4175,-85.8436,1112
41.4178,-87.7499,1952
41.4181,-88.1172,3354
41.4186,-81.6051,2441
41.4191,-91.0679,3873
41.4192,-73.9547,700
41.4199,-81.6653,1216
41.4201,-80.08,1024
41.4201,-72.8936,564
41.4201,-91.0698,3636
41.4202,-87.9807,2359
41.421,-83.741,501
41.4213,-78.535,2437
41.4213,-73.6069,847
41.4217,-83.221,1135
41.4217,-72.0845,892
41.4219,-85.7498,1351
41.422,-76.0692,1278
41.4223,-86.2232,755
41.4228,-88.263,3695
41.423,-70.5744,3694
41.4232,-100.1936,743
41.4237,-83.0458,342
41.4248,-99.1261,686
41.425,-89.3698,474
41.4259,-75.4976,2426
41.426,-79.6988,2651
41.427,-71.4665,1715
41.4271,-84.8723,1294
41.428,-71.7862,1399
41.4281,-89.2132,661
41.4285,-74.1586,1447
41.4288,-79.7078,1925
41.4289,-73.3504,620
41.4291,-87.1817,626
41.4295,-78.7381,1438
41.4295,-73.9499,923
41.4296,-87.9908,1556
41.4306,-86.8923,1074
41.4309,-82.8948,491
41.4309,-96.7665,382
41.431,-81.389,1310
41.4318,-81.5303,801
41.4319,-78.7271,1468
41.4323,-74.1063,641
41.4335,-74.0151,1280
41.4338,-81.328,1771
41.4342,-89.3958,473
41.4347,-81.7492,1872
41.4355,-75.3499,2244
41.4355,-90.5627,2271
41.4359,-85.1441,384
41.4359,-90.7139,984
41.436,-97.3428,3334
41.4362,-81.6537,1591
41.4369,-97.2149,420
41.4371,-97.3574,2960
41.4372,-79.9654,1074
41.4372,-81.5218,1844
41.4374,-85.0517,1319
41.4382,-75.5927,2024
41.4383,-88.7749,654
41.4384,-90.4394,1616
41.4385,-92.1717,475
41.4388,-84.2554,868
41.4388,-82.1797,4412
41.439,-74.1259,1418
41.4397,-90.9241,1238
41.4398,-96.487,3018
41.4402,-79.8288,5561
41.4404,-110.4303,1610
41.4405,-87.6245,2791
41.4406,-74.3874,4626
41.4418,-87.1166,1018
41.4418,-87.4678,3241
41.4418,-81.4357,2430
41.442,-81.853,1966
41.442,-96.4973,3369
41.442,-74.0331,1565
41.4426,-81.4717,1772
41.4433,-85.2601,2173
41.4434,-85.2582,2245
41.4436,-84.0078,923
41.4437,-94.766,1210
41.4438,-80.2067,402
41.4449,-72.1269,1873
41.4449,-74.4236,2091
41.445,-85.9981,1887
41.4451,-82.0051,4140
41.4451,-81.7664,245
41.4459,-97.7333,809
41.4459,-81.6015,24259
41.4461,-85.9968,2016
41.4461,-71.5003,2016
41.4464,-73.5287,642
41.4467,-122.3635,220
41.4469,-87.713,2974
41.4476,-87.5316,1100
41.4476,-88.2842,2800
41.4476,-74.3921,1662
41.4478,-82.8419,296
41.4485,-96.6263,521
41.4486,-79.6766,1122
41.4488,-97.0603,1454
41.4488,-86.1507,1528
41.4489,-95.1109,680
41.4495,-81.9302,3624
41.4496,-84.7498,1189
41.4497,-73.4233,9884
41.4497,-81.5191,1271
41.4499,-72.8183,2446
41.4501,-97.0616,1501
41.4504,-90.1543,1760
41.4509,-81.6627,692
41.451,-83.364,1054
41.4513,-90.1548,1971
41.4515,-75.5758,2117
41.4517,-75.864,941
41.4519,-95.6189,812
41.4519,-83.4829,754
41.4522,-92.0903,509
41.4522,-75.5413,2357
41.4523,-120.8883,1377
41.4524,-106.8117,1674
41.4527,-80.584,1346
41.4538,-70.5649,1222
41.4545,-92.2383,606
41.4549,-96.3565,702
41.455,-78.5202,9049
41.4556,-89.6692,513
41.4558,-92.3323,405
41.4559,-82.7144,2818
41.4562,-86.3081,565
41.4564,-96.0263,756
41.4568,-85.4018,708
41.4569,-82.094,2976
41.4572,-70.6075,1037
41.4577,-93.4038,947
41.4582,-122.8958,795
41.4589,-74.0532,922
41.4591,-91.9873,395
41.4594,-71.6542,1424
41.4599,-81.4799,519
41.4599,-85.4835,791
41.46,-87.1482,1251
41.4605,-81.0712,1669
41.4608,-122.4257,920
41.4611,-87.5442,1241
41.4613,-90.7689,2363
41.4614,-90.8114,636
41.4617,-73.5268,964
41.4619,-85.5959,1538
41.462,-96.7858,965
41.4624,-73.3875,648
41.4627,-73.6633,2075
41.4645,-71.9748,1451
41.4645,-112.0405,2569
41.4646,-96.9164,399
41.4648,-83.7043,1165
41.4648,-86.3783,286
41.465,-73.5082,743
41.4657,-86.4825,1252
41.4657,-89.0815,752
41.4665,-91.0569,1936
41.4669,-71.7811,1650
41.4676,-93.3095,713
41.4678,-98.7024,535
41.4682,-73.4599,192
41.4683,-75.6358,1988
41.4685,-79.6812,858
41.4688,-79.1181,2235
41.4688,-81.1493,957
41.4689,-72.6845,2608
41.4692,-91.8352,940
41.4693,-82.8242,477
41.4694,-95.5432,684
41.4694,-90.5853,3802
41.4697,-100.4583,450
41.4698,-74.0318,1761
41.4701,-92.651,880
41.4701,-83.2926,849
41.4703,-84.5481,2110
41.4703,-84.5474,2046
41.471,-98.0678,398
41.4714,-74.5397,794
41.4715,-89.2479,571
41.4716,-73.4373,488
41.4718,-79.9314,1130
41.4723,-87.6178,1677
41.4727,-87.3181,5233
41.4731,-81.8538,1975
41.4732,-71.5241,1133
41.4734,-90.3324,1774
41.4741,-97.5991,401
41.4743,-73.5505,1938
41.4743,-74.4115,1101
41.4751,-96.2036,477
41.4751,-86.6477,861
41.4759,-75.176,692
41.476,-76.3802,559
41.4761,-81.5492,2277
41.4762,-74.3654,1997
41.4763,-81.5032,2083
41.4767,-71.3196,2512
41.4775,-87.0616,5266
41.4784,-86.693,856
41.4785,-81.6794,8005
41.4791,-73.4636,353
41.4794,-81.4602,2423
41.4797,-91.308,433
41.4798,-87.0523,3759
41.4801,-73.438,437
41.4802,-87.7425,1903
41.4802,-100.5126,455
41.4803,-92.3922,228
41.4806,-88.4559,1321
41.4813,-74.9168,748
41.4817,-87.6868,2022
41.4823,-90.4934,3716
41.4828,-95.3373,1401
41.4832,-91.5722,1234
41.4833,-81.8011,2138
41.4834,-87.6372,1142
41.4837,-93.6955,3099
41.4841,-80.4372,829
41.4844,-81.4128,2551
41.4844,-117.547,1680
41.4847,-93.7619,1687
41.4852,-99.7611,664
41.4852,-87.4434,3529
41.4858,-75.6665,1437
41.4859,-91.4267,938
41.4859,-73.2333,1470
41.4859,-75.6013,1773
41.4872,-88.7319,450
41.4874,-91.7018,1333
41.4878,-81.9289,1940
41.4878,-73.0516,3675
41.4878,-112.0223,2891
41.4883,-74.2135,1096
41.4883,-82.0979,1433
41.4885,-73.4533,568
41.4891,-120.5513,1530
41.4894,-85.3588,1100
41.4895,-95.2197,1346
41.4896,-76.6028,1139
41.4901,-87.5706,1814
41.4902,-75.7065,1143
41.4906,-83.8747,765
41.4907,-72.5578,2262
41.4922,-78.6788,1542
41.4931,-73.4368,504
41.4944,-94.1223,882
41.4945,-82.0161,3029
41.4948,-81.5349,1227
41.4948,-86.7645,388
41.4953,-86.7839,707
41.4953,-88.0809,977
41.4954,-98.7728,580
41.497,-95.8902,180
41.4977,-90.4101,1880
41.4978,-87.509,2253
41.4979,-79.4494,1065
41.498,-111.9357,2005
41.4981,-90.3917,1314
41.4987,-102.6236,701
41.4991,-97.3737,548
41.4993,-89.0199,350
41.4998,-79.8736,676
41.5002,-94.6441,1351
41.5005,-94.3181,1524
41.5009,-75.6953,663
41.5012,-73.4669,372
41.5015,-73.4414,228
41.5019,-72.4355,1666
41.5019,-85.8255,1132
41.502,-83.7369,2063
41.5028,-84.4169,859
41.5032,-90.317,492
41.5032,-73.9647,1977
41.5032,-74.0196,1771
41.5041,-72.8969,1816
41.5048,-85.275,725
41.5049,-88.1248,1079
41.5051,-83.135,1144
41.5053,-80.3406,359
41.5056,-95.4494,1305
41.5059,-112.0514,4506
41.5064,-75.5505,3753
41.5069,-120.5481,826
41.507,-87.871,3588
41.507,-92.4695,696
41.5075,-94.5214,781
41.5075,-83.5093,1185
41.5081,-73.463,289
41.5082,-109.1551,975
41.5089,-87.746,2767
41.5097,-82.9383,1325
41.5098,-85.7662,887
41.51,-87.97,3639
41.5102,-90.7669,1614
41.5104,-78.234,765
41.5105,-87.1712,1480
41.5107,-87.6341,2924
41.5108,-84.5079,359
41.5111,-81.5618,2579
41.5111,-80.3715,570
41.5111,-87.1411,554
41.5113,-87.5812,1295
41.5115,-89.7182,357
41.5119,-122.5219,744
41.5125,-80.4763,1461
41.5129,-109.4708,3374
41.5135,-71.6891,843
41.5135,-87.2764,4647
41.5136,-93.4968,2159
41.5141,-71.7206,1655
41.5142,-75.0544,1451
41.5153,-75.8485,1127
41.5154,-94.2276,1016
41.5159,-93.3604,688
41.5159,-71.2866,2178
41.5159,-90.3567,296
41.5164,-75.7243,1202
41.5165,-84.3045,2018
41.5166,-75.0254,2075
41.5168,-92.0777,707
41.5169,-88.148,7392
41.5169,-81.4948,1912
41.517,-90.5397,1138
41.5173,-81.4539,1854
41.5175,-88.2152,2582
41.5178,-88.8489,374
41.5186,-83.3645,1270
41.5187,-78.21,709
41.5189,-93.1037,1183
41.5191,-80.047,995
41.5195,-109.469,2141
41.5199,-90.3879,3469
41.5204,-88.0345,957
41.5211,-74.2142,3088
41.5212,-111.1639,769
41.5213,-74.2387,1077
41.5215,-85.0614,1253
41.5216,-83.7957,1888
41.5218,-89.914,554
41.5219,-87.8031,1435
41.522,-87.6916,1556
41.5221,-94.4038,639
41.5226,-87.5505,2055
41.5231,-73.4735,603
41.5231,-122.3764,1819
41.5232,-90.5145,10545
41.524,-81.5245,1960
41.5242,-73.4642,621
41.5242,-84.7308,279
41.5246,-93.9442,1899
41.5255,-85.3665,914
41.526,-76.3985,806
41.5268,-74.8788,1035
41.5273,-75.5454,808
41.5276,-75.703,1136
41.5276,-87.4239,2531
41.5277,-85.6964,730
41.5279,-74.0246,1321
41.5283,-86.1666,909
41.5283,-81.3575,3400
41.5285,-86.2754,719
41.5287,-120.1744,2118
41.5287,-70.6665,1327
41.5295,-88.6807,1322
41.5299,-87.8777,2683
41.5302,-86.6972,699
41.5304,-89.2843,925
41.5304,-83.2134,909
41.5307,-81.5785,1594
41.531,-81.4112,2721
41.5312,-86.0133,1348
41.5318,-85.084,757
41.532,-85.2663,749
41.5324,-86.4281,921
41.5327,-85.1712,295
41.5329,-84.2244,886
41.5339,-73.8931,828
41.5341,-88.0434,602
41.5343,-88.3836,1365
41.5347,-96.4708,559
41.5348,-73.3646,473
41.5349,-82.724,1617
41.5351,-87.3754,2162
41.5353,-87.8461,384
41.5353,-111.8124,2419
41.5361,-80.8582,1258
41.5364,-74.0982,2683
41.5366,-88.5806,963
41.5368,-72.7945,4423
41.5369,-96.1225,2597
41.5373,-90.4636,1231
41.5374,-97.4885,497
41.5375,-86.9049,1637
41.5376,-75.7383,1578
41.5378,-94.01,1246
41.5383,-96.4272,456
41.5385,-73.8724,604
41.5387,-87.1404,1369
41.539,-83.6441,3158
41.5391,-87.6857,1739
41.5393,-75.1994,1106
41.5394,-85.5475,1153
41.5396,-74.0572,1995
41.5397,-75.5311,1420
41.5402,-84.9198,1316
41.5404,-90.4303,611
41.5409,-82.7534,753
41.541,-87.6117,1645
41.5411,-75.9491,856
41.5416,-96.1353,2131
41.543,-86.9009,1317
41.5439,-73.2049,1291
41.5446,-90.2219,1956
41.5447,-94.9303,599
41.5449,-122.921,1033
41.5454,-73.042,8732
41.5465,-81.1731,349
41.5466,-87.4576,2390
41.5469,-87.5046,2493
41.5472,-81.4343,1802
41.548,-72.0895,4810
41.5482,-87.926,294
41.5484,-98.5305,714
41.5485,-80.3846,840
41.5486,-72.6568,5815
41.5492,-117.8236,4276
41.5494,-109.8849,1494
41.5499,-93.7814,6257
41.55,-85.3295,584
41.5505,-103.7267,2309
41.5509,-82.8369,6660
41.5512,-89.1163,1533
41.5514,-70.6088,1312
41.5514,-109.3199,531
41.5515,-112.125,1767
41.5518,-81.4691,2060
41.5519,-74.4438,753
41.5534,-84.1401,2094
41.5535,-73.8629,1205
41.5537,-84.142,2044
41.5546,-94.26,896
41.5548,-73.484,692
41.5549,-86.6023,670
41.555,-89.4603,725
41.555,-81.605,920
41.5557,-90.4538,223
41.5558,-81.2259,858
41.5562,-84.7694,951
41.5565,-90.4034,1098
41.5566,-91.5363,823
41.5567,-89.1005,2056
41.5568,-90.6039,7276
41.5571,-89.5913,812
41.5572,-99.243,536
41.5575,-86.5455,1127
41.5584,-100.9536,990
41.5585,-77.1055,627
41.5585,-73.0367,4852
41.5587,-87.2717,745
41.5589,-98.1493,544
41.5593,-95.9026,1655
41.5594,-87.662,2074
41.5595,-71.3019,1315
41.56,-74.1882,1287
41.56,-75.7826,790
41.5602,-95.9948,616
41.5605,-88.6041,764
41.5606,-81.5077,1912
41.5607,-73.6641,1063
41.5614,-88.0587,1071
41.562,-80.226,424
41.5626,-75.2481,1811
41.5626,-70.5873,932
41.5635,-87.7254,2024
41.5636,-73.5993,1269
41.564,-109.5365,1628
41.5647,-83.4255,906
41.565,-87.546,2480
41.5668,-70.5122,291
41.5668,-90.4769,4191
41.567,-76.0622,914
41.5682,-111.8333,1094
41.5682,-70.5574,2117
41.5685,-88.1639,737
41.5686,-87.8042,3653
41.5707,-91.0743,990
41.5711,-83.6663,2878
41.5713,-72.3396,2038
41.5714,-75.5048,1635
41.5714,-97.8612,737
41.5717,-91.1665,339
41.5719,-101.6923,506
41.5719,-91.7321,817
41.572,-88.1449,405
41.572,-78.6868,650
41.5721,-73.4951,537
41.5726,-93.6102,8525
41.5729,-124.0556,3768
41.5729,-92.7869,952
41.573,-91.2626,1207
41.5731,-83.3641,914
41.5733,-92.1594,317
41.5736,-70.4634,496
41.5738,-72.4849,1827
41.5739,-85.83,3845
41.5741,-87.6193,1399
41.5742,-87.6893,1674
41.5743,-85.0125,733
41.5744,-88.1133,2720
41.5749,-70.479,1409
41.5757,-75.2508,1789
41.5758,-87.6503,804
41.5759,-70.4992,437
41.5761,-74.4856,1015
41.5767,-87.2529,2615
41.5775,-72.6198,2223
41.5776,-83.5722,2065
41.5776,-72.3327,1920
41.5777,-95.3306,222
41.578,-92.8468,693
41.5786,-95.5701,643
41.5786,-90.3398,1158
41.5789,-93.0229,677
41.5789,-121.9175,529
41.5791,-92.7041,610
41.5793,-84.0209,1816
41.5793,-81.2091,1903
41.5793,-81.2091,2075
41.5802,-73.8116,782
41.5803,-73.4039,1831
41.5816,-92.3729,601
41.583,-92.5278,1427
41.5831,-85.1989,534
41.5832,-72.8919,906
41.5837,-92.0044,383
41.5839,-70.4601,244
41.5842,-81.433,2979
41.5842,-109.28,994
41.5842,-84.5916,1539
41.5845,-73.8837,2653
41.5849,-83.8852,1674
41.5854,-70.498,539
41.5861,-83.4874,1343
41.5864,-75.4037,1489
41.5873,-90.7805,1602
41.5879,-72.5061,2512
41.5881,-88.923,995
41.5884,-80.4784,3674
41.5886,-73.9412,630
41.589,-73.0905,1811
41.589,-84.4303,1126
41.5891,-91.0255,1301
41.5904,-94.1962,1060
41.5905,-93.8828,4250
41.5907,-87.8421,971
41.5907,-87.3471,6416
41.5908,-90.8564,299
41.591,-88.0297,3112
41.5914,-94.8813,884
41.5916,-87.1789,4597
41.5922,-81.5197,2964
41.5929,-85.1895,384
41.5931,-95.0613,778
41.5935,-79.5808,885
41.5937,-75.3246,1124
41.5941,-95.445,769
41.5947,-109.2209,4035
41.5949,-109.2391,3355
41.595,-75.4796,853
41.5954,-93.2393,1012
41.5956,-90.377,1959
41.596,-74.5101,988
41.5964,-81.3394,3707
41.5965,-87.5386,2436
41.5967,-73.9271,13156
41.5979,-109.9652,1461
41.598,-102.8525,359
41.5982,-73.9169,961
41.5984,-87.6027,2442
41.5991,-93.505,2984
41.5998,-87.055,2785
41.5999,-88.0345,397
41.6,-87.6905,2111
41.6011,-75.0508,1221
41.6011,-90.9138,1009
41.6012,-73.1215,1395
41.6012,-76.446,600
41.6015,-70.6393,1594
41.602,-72.5018,2128
41.6026,-82.7065,1893
41.6026,-83.3419,710
41.6027,-80.3094,556
41.6028,-98.9193,1333
41.6029,-84.2043,514
41.6038,-73.9772,2027
41.6045,-93.7128,1087
41.6051,-70.9424,1284
41.6052,-87.9524,4279
41.6053,-106.1997,1826
41.6061,-86.7137,3230
41.6062,-80.5684,1070
41.6063,-81.468,1949
41.6067,-87.7533,2230
41.6069,-90.1728,731
41.6071,-88.5454,1234
41.6072,-71.9798,762
41.6076,-87.652,2262
41.6081,-87.8593,4262
41.6084,-74.1646,1590
41.6085,-122.8411,705
41.6087,-81.3888,1857
41.6093,-76.0418,755
41.6094,-94.0127,2108
41.6095,-74.2965,1318
41.6097,-89.6866,582
41.6097,-72.0819,1013
41.6101,-83.4827,2656
41.6101,-96.5047,345
41.6105,-94.024,1504
41.6114,-96.5492,744
41.6118,-87.6309,618
41.612,-91.3473,749
41.6124,-112.1249,1217
41.6125,-71.9722,1461
41.6127,-70.4679,1022
41.6132,-93.7979,2512
41.6132,-73.747,356
41.6144,-75.2885,641
41.6146,-86.2476,615
41.6148,-97.5025,162
41.6157,-78.8474,760
41.6158,-73.797,657
41.616,-88.7983,663
41.616,-83.3743,1742
41.6164,-84.8375,261
41.6177,-88.6732,1883
41.6182,-96.0121,927
41.6186,-99.8646,468
41.6187,-87.4949,4330
41.6189,-74.5898,2661
41.6189,-87.1259,2304
41.619,-80.3121,2068
41.6193,-83.7082,902
41.6196,-73.86,1308
41.6198,-74.0586,1510
41.6201,-88.6649,1700
41.6209,-80.2964,1762
41.621,-93.6652,13605
41.6213,-84.5405,1451
41.6215,-88.0224,377
41.622,-108.404,1696
41.6232,-85.0715,438
41.6234,-111.9421,2454
41.6238,-98.2374,478
41.6243,-90.3302,1415
41.6254,-87.7242,1525
41.6256,-72.7687,2223
41.6258,-90.4341,613
41.6261,-83.9427,789
41.6266,-80.1691,853
41.6271,-70.6166,16773
41.6272,-95.0747,792
41.6272,-79.6698,1548
41.6275,-75.4743,1040
41.6275,-87.0827,2258
41.6279,-88.1012,3992
41.6286,-75.7894,977
41.6287,-87.1925,782
41.6291,-87.6858,982
41.6293,-79.6696,1351
41.6303,-87.5968,1941
41.6303,-88.2453,4621
41.6308,-89.7851,570
41.631,-74.6276,1175
41.632,-79.9767,504
41.6328,-111.8455,2266
41.633,-87.6672,1015
41.6336,-72.4718,973
41.6343,-81.4679,1446
41.6347,-85.9226,2011
41.6347,-88.6875,1436
41.6355,-73.5699,1455
41.6359,-84.4942,481
41.6361,-112.0857,3109
41.6367,-93.7799,4311
41.6367,-83.6089,14087
41.637,-74.2626,765
41.6373,-78.0903,1825
41.638,-81.3264,2143
41.6381,-85.1715,642
41.6386,-104.163,565
41.6388,-80.8283,1336
41.639,-90.5809,2836
41.6395,-87.545,1237
41.6397,-99.3689,946
41.6401,-122.5266,653
41.6411,-85.011,2355
41.6417,-73.9287,834
41.6417,-73.481,1145
41.642,-70.6307,1791
41.6424,-74.3709,1634
41.6427,-87.6356,1717
41.6427,-94.27,803
41.6429,-80.1547,3605
41.643,-89.2289,575
41.6431,-87.7081,1093
41.6438,-80.1764,1203
41.644,-73.2028,2534
41.6451,-95.1517,285
41.6453,-81.4144,2905
41.6453,-120.2221,2190
41.6456,-87.7401,1585
41.6459,-76.1587,399
41.646,-95.7913,933
41.6467,-70.9984,1962
41.6472,-70.25,2348
41.6479,-80.1474,1896
41.6481,-87.4529,3411
41.6482,-85.4181,1213
41.6495,-95.3268,1909
41.6495,-90.7183,483
41.6501,-88.619,1976
41.6503,-95.5195,503
41.6506,-92.346,681
41.6506,-95.326,1464
41.6506,-93.48,3313
41.651,-73.8734,1408
41.6516,-79.7241,1360
41.6518,-87.0888,1324
41.6525,-74.6878,1836
41.6527,-75.4692,868
41.6532,-74.6766,2850
41.6533,-82.8175,602
41.654,-73.9114,1217
41.654,-71.2004,1856
41.6549,-75.4557,715
41.655,-91.5589,463
41.6557,-91.5309,4609
41.656,-83.4383,4849
41.6562,-73.9696,1754
41.6564,-80.4224,799
41.6566,-81.4291,2298
41.6571,-76.8527,974
41.6576,-87.6811,1832
41.6586,-90.0813,1067
41.6595,-81.4545,269
41.6603,-74.8142,1407
41.6604,-80.8545,851
41.6613,-70.9379,4061
41.6615,-70.357,7029
41.6616,-77.1222,920
41.6617,-88.4286,4075
41.6623,-85.9245,8847
41.6624,-83.2656,1010
41.663,-78.809,1136
41.6634,-87.796,1766
41.6636,-84.4343,456
41.6641,-83.5819,8146
41.6647,-103.0971,994
41.6649,-70.9377,6993
41.6652,-96.6653,733
41.6654,-73.7986,1031
41.6655,-74.3912,1896
41.6655,-81.4428,417
41.6655,-111.1846,1029
41.6655,-80.3142,1065
41.6657,-86.0787,1055
41.6657,-87.6577,960
41.6658,-84.6472,1082
41.6658,-73.8675,755
41.6661,-80.4653,1253
41.6662,-91.3442,1456
41.6662,-87.8296,2306
41.6667,-70.1659,1640
41.6671,-83.6398,1245
41.6671,-70.2008,2395
41.6672,-90.7801,675
41.6673,-87.9844,2697
41.668,-107.9791,1158
41.6681,-70.137,1583
41.6682,-109.1977,1843
41.6689,-92.0132,1667
41.6691,-109.2879,3488
41.6695,-90.3576,1640
41.6697,-89.9347,1051
41.6703,-87.7371,2320
41.6704,-93.3664,1519
41.6705,-85.0309,3201
41.6706,-85.7087,1944
41.672,-70.7992,2007
41.6726,-76.2612,774
41.6728,-84.3284,896
41.673,-87.484,1220
41.673,-111.8468,1935
41.6731,-71.1111,2068
41.6732,-112.1366,2673
41.6734,-70.0654,1473
41.6738,-96.2167,343
41.6739,-69.963,1475
41.6741,-91.1443,886
41.6743,-85.5765,1061
41.6745,-86.6199,933
41.6752,-71.9247,1186
41.6762,-77.0187,827
41.6766,-72.7862,3323
41.6766,-86.1654,3863
41.6766,-86.2688,5877
41.6768,-73.083,994
41.677,-80.0309,1290
41.677,-90.3207,688
41.6776,-93.8021,3288
41.6778,-73.0079,1509
41.6779,-84.7259,458
41.6779,-94.4992,1400
41.6788,-84.5501,1297
41.6791,-79.88,646
41.6795,-74.1479,1784
41.6795,-77.069,1957
41.6798,-93.2363,1453
41.68,-74.9942,993
41.68,-97.5669,276
41.6801,-99.0053,468
41.6803,-74.7799,2034
41.6804,-88.5363,2721
41.6808,-93.627,2366
41.6808,-74.8384,855
41.6808,-74.6686,917
41.6809,-85.2771,567
41.681,-69.9926,1553
41.6811,-87.7012,556
41.6815,-112.32,3142
41.6816,-72.9407,4665
41.6828,-91.5707,6477
41.6832,-108.7756,1336
41.6832,-88.3388,3612
41.6835,-70.5108,1773
41.6836,-85.6097,522
41.6842,-72.1825,1603
41.685,-70.9067,1080
41.6851,-111.8211,1455
41.6855,-93.9807,2112
41.6861,-79.392,941
41.687,-72.7308,3291
41.687,-70.6496,1746
41.6871,-73.8923,770
41.6875,-88.1062,4538
41.688,-97.9998,986
41.6882,-86.9518,1363
41.6882,-87.7926,1397
41.6882,-88.9798,703
41.6883,-106.4135,478
41.6885,-97.4851,654
41.6893,-74.8331,972
41.6893,-98.3626,514
41.6902,-81.3359,4787
41.6903,-74.0427,2298
41.6911,-94.3639,1222
41.6911,-86.9788,1719
41.6913,-74.5206,2185
41.6913,-73.3344,2456
41.6915,-90.6746,541
41.6915,-85.9622,4815
41.6919,-93.7245,4008
41.6921,-70.0663,1362
41.6922,-90.5803,974
41.6924,-86.3243,1117
41.6927,-95.8741,709
41.693,-112.0883,2292
41.6933,-83.4448,138
41.6935,-89.1475,278
41.6936,-70.1053,2565
41.6941,-89.0863,369
41.6945,-75.927,1085
41.6946,-73.9199,2059
41.6953,-90.5394,1105
41.6963,-86.8555,1002
41.6963,-93.0405,3046
41.6965,-73.8989,708
41.6966,-70.7555,919
41.697,-93.4515,3029
41.6988,-91.5968,3232
41.6992,-85.3847,800
41.6993,-97.6941,638
41.7003,-86.2387,987
41.7003,-93.0482,2426
41.7005,-84.0719,764
41.7007,-72.5994,2021
41.7007,-87.8253,1871
41.7008,-93.0793,290
41.701,-79.0299,1202
41.7022,-85.0605,1191
41.7025,-72.6693,3185
41.7031,-71.4203,5372
41.7033,-97.2407,703
41.7034,-87.7795,1367
41.7035,-111.8134,1850
41.7037,-75.7657,707
41.7039,-74.6326,1621
41.7041,-70.1507,1937
41.7046,-96.7868,632
41.7047,-71.7281,2238
41.7047,-74.3622,2677
41.7052,-91.6536,1888
41.7059,-76.8276,745
41.7061,-92.5553,825
41.7066,-86.5072,1293
41.7071,-86.3883,1128
41.7071,-70.2209,2228
41.708,-97.3627,413
41.708,-86.2146,11044
41.7084,-83.8383,1869
41.7086,-70.0318,2571
41.7088,-86.8669,4124
41.71,-96.0215,611
41.7104,-88.3338,1096
41.7104,-83.7102,2344
41.7112,-86.8321,6368
41.7115,-83.905,821
41.7115,-86.5507,1260
41.7115,-111.9775,1140
41.7121,-76.4751,638
41.713,-75.4832,1408
41.7139,-87.7528,2658
41.7143,-86.2322,273
41.7146,-80.1309,1091
41.7151,-81.3635,1153
41.7159,-89.3409,2263
41.716,-90.8778,279
41.7165,-73.8606,719
41.7166,-72.2117,2114
41.7166,-85.8251,2092
41.717,-71.8752,1417
41.7175,-89.924,790
41.7176,-86.2506,558
41.718,-94.9284,1263
41.718,-92.9072,553
41.7184,-112.1878,2620
41.7184,-74.58,1186
41.7189,-70.6,1459
41.7191,-72.1976,3255
41.7194,-95.3938,285
41.7205,-112.1748,2358
41.7209,-92.8199,485
41.721,-88.3581,2872
41.7213,-87.7013,1615
41.7215,-73.9621,2110
41.7215,-94.404,2337
41.7216,-81.2584,2372
41.7217,-86.5919,758
41.7218,-96.8804,571
41.7221,-111.8191,737
41.7222,-73.9333,464
41.7227,-84.2168,1322
41.7228,-91.7911,873
41.7228,-85.4255,1214
41.7233,-86.8671,457
41.7234,-97.1215,808
41.7235,-89.5539,424
41.724,-122.6316,2869
41.7242,-84.4188,908
41.7242,-97.0046,689
41.7247,-73.2423,913
41.7248,-87.828,1531
41.7254,-71.0942,5226
41.7254,-122.6362,2091
41.726,-74.3867,1650
41.7262,-95.4754,490
41.7266,-91.9985,793
41.7271,-122.5305,1211
41.7276,-84.9389,1601
41.7286,-95.2671,461
41.7287,-111.8338,6273
41.7288,-71.2092,739
41.7291,-78.6403,1408
41.7298,-93.3255,201
41.7301,-85.0295,701
41.7302,-93.6011,5129
41.7302,-70.1974,2012
41.7305,-85.1722,752
41.7306,-92.2948,630
41.7312,-87.7311,628
41.7315,-85.2009,667
41.7317,-105.9751,1385
41.732,-70.6158,1186
41.7321,-92.445,1041
41.7321,-73.9124,1683
41.7341,-87.884,1850
41.7343,-70.4307,2489
41.7343,-77.6435,1024
41.7347,-96.5056,430
41.7352,-92.7249,2166
41.7354,-70.1574,1997
41.7363,-112.1628,1240
41.7363,-95.7111,1168
41.7374,-88.0441,2818
41.7377,-86.1344,4501
41.7384,-80.7688,1433
41.7385,-71.1651,2552
41.7389,-79.761,1199
41.739,-84.8344,958
41.739,-74.6139,1667
41.7393,-73.573,751
41.7398,-90.9736,413
41.7403,-111.8418,3861
41.7403,-87.8067,1843
41.7419,-74.6754,962
41.7421,-90.7824,321
41.7428,-85.5577,589
41.7428,-92.7249,1890
41.7431,-86.8485,932
41.7434,-90.4459,676
41.7436,-91.6112,2803
41.7439,-81.2863,696
41.7444,-87.7686,1857
41.7451,-83.6218,2358
41.7455,-77.3037,2010
41.7457,-87.9815,2256
41.7457,-73.1892,1064
41.746,-70.6683,943
41.7463,-73.8263,946
41.7469,-97.7767,670
41.7475,-70.7201,1155
41.7476,-70.74,1023
41.7476,-81.2728,920
41.7477,-103.4172,344
41.7479,-87.9201,2482
41.7488,-85.7123,1146
41.7492,-88.162,5696
41.7499,-74.0797,1205
41.7503,-89.2762,891
41.7505,-71.9149,1162
41.751,-110.5261,388
41.7517,-124.1702,2085
41.7526,-74.3719,1088
41.7529,-111.9259,4983
41.7529,-74.077,2007
41.7534,-87.8269,1530
41.7541,-80.0846,740
41.7542,-70.6163,1257
41.7542,-85.9705,1666
41.7549,-84.7562,813
41.7557,-92.1859,493
41.7557,-104.8229,1588
41.7564,-86.8182,536
41.7566,-93.8168,1427
41.7568,-72.3017,1636
41.7571,-70.498,1728
41.7572,-103.323,757
41.7576,-94.0285,459
41.7577,-86.8301,395
41.7578,-80.3686,958
41.7595,-108.9642,960
41.7595,-77.9538,921
41.7607,-72.6076,3853
41.7608,-74.7834,1188
41.7609,-70.0704,1793
41.7611,-74.5977,771
41.7612,-91.8711,1036
41.7634,-98.0817,481
41.7635,-88.2901,6095
41.7637,-81.143,1368
41.7637,-86.8111,549
41.764,-79.9233,281
41.7643,-88.8822,1028
41.7645,-124.2008,1272
41.7646,-73.8979,2016
41.7656,-88.7631,1118
41.7659,-75.0579,716
41.7659,-72.6816,3785
41.7661,-87.8619,1495
41.7661,-75.022,789
41.7662,-93.2825,713
41.7665,-89.7653,937
41.7666,-72.7549,4243
41.7668,-88.5264,1887
41.7671,-72.1869,1610
41.7673,-87.9421,1457
41.7675,-83.5717,1950
41.7678,-87.7726,2212
41.7679,-110.3244,614
41.7684,-87.8974,877
41.7686,-88.4489,2942
41.7691,-90.8265,521
41.7692,-71.6921,1192
41.7692,-80.8556,1645
41.7693,-76.4174,1555
41.7696,-99.3814,464
41.7697,-71.485,4834
41.7701,-91.1283,1291
41.7703,-72.7029,21021
41.7704,-91.9599,1071
41.7707,-93.7253,1379
41.7709,-76.4465,968
41.7714,-88.6404,841
41.7721,-89.6942,1812
41.7723,-81.053,2048
41.7727,-80.1121,475
41.7742,-87.8752,1540
41.7746,-86.7884,866
41.7751,-94.3578,488
41.7752,-74.6596,1168
41.7755,-111.8067,2422
41.7758,-78.016,2155
41.776,-84.809,908
41.7761,-107.1199,1416
41.7763,-95.419,720
41.7764,-73.0795,2678
41.7768,-78.1551,1191
41.7774,-112.0006,4199
41.7775,-74.9259,580
41.7778,-96.2245,1139
41.7778,-110.5365,935
41.7785,-110.5528,2565
41.7787,-112.448,5392
41.7792,-72.334,1717
41.7793,-79.8046,596
41.7796,-72.5202,2759
41.78,-99.1342,930
41.7804,-98.6786,556
41.7806,-79.094,527
41.7814,-103.5176,215
41.7819,-93.7228,2140
41.782,-76.9947,561
41.782,-75.7062,933
41.7826,-74.2754,2169
41.7828,-70.5321,1657
41.7833,-76.7922,805
41.7836,-73.9347,1012
41.7841,-76.6073,695
41.7849,-73.6921,1238
41.7851,-107.2247,2608
41.7853,-104.2651,1185
41.7853,-96.3624,484
41.7856,-122.0079,786
41.7856,-92.3452,361
41.7859,-84.0403,1823
41.786,-88.424,718
41.7861,-90.2164,940
41.7865,-124.2016,3667
41.7878,-70.0015,1383
41.7885,-87.8139,1322
41.7886,-89.6952,3471
41.7888,-76.4538,793
41.7894,-89.7543,490
41.7897,-71.9548,975
41.79,-71.7316,1337
41.7901,-95.2068,695
41.7903,-79.8393,534
41.7914,-86.7425,1426
41.7917,-70.7579,1754
41.7921,-71.9064,1447
41.7921,-71.9064,5055
41.7921,-88.0877,2384
41.7927,-90.2762,2706
41.7937,-124.0661,691
41.7942,-93.5232,1247
41.7944,-87.9729,2037
41.7944,-107.2305,1989
41.7948,-91.9015,895
41.795,-88.0211,3476
41.7952,-85.6504,1078
41.7954,-86.0835,868
41.7954,-88.9417,404
41.7956,-75.8912,751
41.7962,-92.0681,1321
41.7963,-89.6075,542
41.7966,-74.7432,1470
41.7967,-74.7534,1591
41.7978,-70.6372,977
41.7983,-85.4188,2394
41.7983,-87.8416,1468
41.7984,-87.9572,1222
41.7985,-86.6139,949
41.7997,-89.6959,2214
41.7999,-85.4207,2269
41.8003,-81.1241,1788
41.8004,-71.3593,3309
41.8006,-80.3717,836
41.8007,-87.9282,1952
41.8007,-80.9463,1816
41.8011,-111.8099,1987
41.8011,-91.9419,562
41.8012,-76.8658,959
41.8015,-74.2303,1674
41.8015,-86.4996,582
41.8016,-71.378,21182
41.802,-80.0598,856
41.8023,-87.9006,1515
41.8024,-96.048,560
41.8029,-90.355,670
41.8031,-80.9356,1981
41.8033,-83.4425,1109
41.8036,-91.8752,904
41.8062,-77.0784,1246
41.8062,-73.3844,1301
41.8065,-73.5593,541
41.8068,-91.4989,1148
41.8071,-71.8844,950
41.8072,-87.8741,1443
41.8076,-89.9617,1441
41.8078,-73.788,827
41.8082,-96.0274,556
41.8084,-78.4447,1177
41.8085,-91.9655,474
41.8087,-91.8527,548
41.8087,-88.342,2500
41.8089,-72.2516,2479
41.8091,-87.7731,981
41.8106,-112.1403,2349
41.8115,-79.8358,996
41.8116,-103.5009,601
41.8122,-87.8186,1349
41.8125,-112.1173,663
41.8134,-72.6954,980
41.8137,-72.2602,2547
41.8151,-84.6606,1010
41.8152,-93.6126,1556
41.8152,-78.2765,1209
41.8159,-123.3928,3159
41.817,-87.7737,1260
41.818,-92.4535,1485
41.8207,-90.5393,1819
41.821,-88.1875,2115
41.8222,-72.9245,1607
41.8227,-90.5441,2265
41.8231,-71.4188,3895
41.8232,-75.0842,1064
41.8232,-79.6818,739
41.8237,-90.6507,1242
41.824,-73.0967,4235
41.825,-95.3401,555
41.8251,-87.8475,1589
41.8252,-93.1525,734
41.8255,-74.1203,1180
41.8262,-122.0059,371
41.8264,-90.7597,638
41.8269,-103.6625,2143
41.8271,-100.1045,433
41.8283,-86.366,1442
41.8283,-97.4567,984
41.8286,-86.3531,1850
41.8287,-112.0057,2177
41.8293,-111.3327,1438
41.8297,-74.038,1011
41.8298,-81.051,1795
41.8299,-95.9262,642
41.8303,-83.8617,1362
41.8304,-87.9087,43903
41.8308,-74.0724,1390
41.8308,-87.8723,1357
41.831,-87.8159,1277
41.8316,-72.8977,1205
41.8331,-90.838,688
41.8332,-88.5216,485
41.8333,-70.0038,1685
41.8334,-75.8761,1030
41.8339,-89.3858,794
41.8341,-73.1314,5725
41.8345,-86.2479,2186
41.8351,-96.4671,885
41.8355,-111.8275,2225
41.8361,-123.976,1980
41.8364,-87.9532,2564
41.837,-87.6849,13703
41.8372,-115.9633,381
41.8376,-76.1737,927
41.8377,-96.7059,1540
41.8379,-94.0933,2186
41.838,-85.6652,1161
41.8396,-84.7478,913
41.8405,-94.0992,1554
41.8413,-89.3,586
41.8414,-89.481,2535
41.8414,-79.2128,988
41.8417,-94.9859,906
41.8424,-90.2428,5417
41.8429,-79.1439,1549
41.8431,-94.2203,639
41.8432,-90.2112,3969
41.8433,-89.4775,2800
41.8433,-87.7909,1794
41.8442,-71.8824,877
41.8443,-73.3327,682
41.8445,-87.7593,2199
41.8446,-91.6946,877
41.8454,-94.307,554
41.8461,-87.8263,1164
41.8463,-91.6512,1240
41.8464,-94.4303,508
41.8467,-74.1545,2215
41.8471,-103.6706,625
41.8472,-72.8298,1572
41.8474,-85.3239,911
41.8477,-88.311,3004
41.8482,-73.5556,1002
41.8483,-89.02,330
41.8485,-76.507,794
41.8488,-79.1469,2535
41.8491,-74.0736,1267
41.8492,-87.8906,1743
41.8511,-94.0106,298
41.8515,-103.6594,3478
41.8519,-95.6019,1014
41.8521,-94.5586,604
41.8525,-79.3167,1047
41.8527,-93.9207,1733
41.8528,-74.5523,1102
41.8533,-73.9222,1100
41.8536,-87.969,1039
41.8537,-98.0812,555
41.8553,-80.9513,1403
41.8563,-111.8972,1686
41.8565,-84.3457,1344
41.8568,-88.1081,3055
41.858,-76.3411,654
41.8584,-87.8562,1210
41.8589,-90.9229,941
41.86,-70.9393,2039
41.8612,-111.9908,842
41.8619,-84.4771,1253
41.8624,-75.6483,818
41.8633,-120.1594,1625
41.8637,-75.5141,650
41.8637,-76.9576,626
41.8642,-73.3608,1136
41.8645,-84.2349,784
41.8645,-93.6967,816
41.8652,-90.1587,1388
41.8665,-72.4513,1231
41.8667,-88.0627,2397
41.867,-80.8791,1601
41.8671,-77.528,658
41.8675,-87.9018,1616
41.8676,-78.654,1228
41.8681,-103.662,2338
41.8684,-87.8157,1407
41.8684,-89.2231,771
41.8691,-76.6306,1111
41.8695,-124.1672,1628
41.8698,-106.5596,1298
41.8718,-80.8152,4238
41.8721,-85.1908,1062
41.8736,-112.1468,848
41.8738,-88.0155,2896
41.8743,-111.417,4677
41.8747,-94.6785,1212
41.8748,-71.3733,2673
41.875,-80.1242,1373
41.8757,-93.8205,1005
41.8757,-72.8451,1954
41.8761,-75.7266,915
41.8769,-80.7455,2368
41.8775,-79.9726,870
41.8776,-104.7887,7810
41.8784,-88.153,1597
41.8789,-92.7881,665
41.879,-73.4616,1571
41.8795,-80.7985,2520
41.8798,-87.8442,1497
41.8798,-91.8306,926
41.8799,-71.5524,2141
41.8803,-91.5863,1179
41.8806,-72.8067,1939
41.8807,-93.6912,1256
41.8809,-72.9728,1621
41.8815,-86.6177,1932
41.8818,-86.5424,1045
41.882,-80.675,1507
41.8821,-88.3295,2885
41.8829,-87.8762,1406
41.8831,-79.1664,2599
41.8839,-98.5526,342
41.884,-80.1233,1417
41.884,-92.9223,451
41.8846,-71.3304,1074
41.8856,-87.9782,1973
41.8858,-91.0579,792
41.886,-88.4609,1758
41.8872,-87.7899,1968
41.8872,-74.8236,1635
41.8876,-88.4598,1714
41.8882,-75.9594,692
41.8887,-121.3602,1407
41.8891,-87.9115,1075
41.89,-80.3648,943
41.8901,-71.3935,992
41.8902,-83.7789,883
41.8909,-75.4498,2711
41.8914,-93.3961,949
41.8926,-95.2345,936
41.8927,-83.4186,1415
41.8927,-91.1488,810
41.8931,-91.985,584
41.8942,-70.9257,1799
41.8945,-88.2211,3564
41.8949,-87.8191,1430
41.8956,-92.2757,1619
41.8956,-98.0536,202
41.8958,-70.5949,1834
41.896,-93.5925,1676
41.897,-87.9437,2902
41.8977,-79.8432,1228
41.8988,-84.0448,2569
41.8992,-84.0402,3321
41.8992,-78.5388,899
41.8994,-71.6091,1558
41.8995,-106.2019,1688
41.8997,-83.714,631
41.9012,-89.4131,982
41.9017,-93.5366,1050
41.902,-89.7998,553
41.9022,-91.9228,600
41.9024,-93.3081,634
41.9026,-80.3365,878
41.903,-87.8636,1894
41.9031,-77.7548,1828
41.9031,-90.8628,388
41.9032,-87.8807,532
41.9033,-100.2698,399
41.9033,-71.095,6205
41.9037,-83.5628,1427
41.9042,-73.9772,1312
41.9045,-122.5583,981
41.9054,-92.1804,330
41.9055,-90.5956,466
41.9056,-91.2533,824
41.906,-92.0822,639
41.907,-79.7465,1102
41.9076,-72.7682,729
41.9078,-77.1352,619
41.9083,-72.9923,648
41.9084,-94.8233,675
41.9096,-95.0644,1429
41.9102,-74.0622,2127
41.9105,-95.135,381
41.9108,-88.6061,1374
41.9108,-71.6621,2131
41.9112,-72.5411,2210
41.912,-89.3685,1419
41.9125,-86.0082,1288
41.9139,-111.9358,2602
41.914,-83.4316,1016
41.9143,-87.9055,1618
41.9166,-83.3843,2731
41.9168,-71.9107,1793
41.917,-104.2954,419
41.917,-104.0381,511
41.9177,-77.5403,959
41.9177,-95.3952,552
41.9179,-76.0477,1110
41.9181,-94.9407,635
41.9189,-88.0781,2109
41.919,-74.0337,821
41.9191,-89.0637,3368
41.9194,-88.3107,3452
41.9198,-89.0675,2808
41.9203,-88.1332,2746
41.9205,-92.3944,914
41.9205,-91.3916,1324
41.9205,-112.0504,874
41.9209,-78.021,944
41.9216,-85.5259,1090
41.9223,-71.9814,518
41.9225,-87.8163,1254
41.9228,-85.9156,903
41.9231,-111.8078,1695
41.9233,-95.8514,440
41.9235,-71.3905,1710
41.9238,-124.1478,1910
41.9243,-91.4256,1755
41.9243,-87.8379,1404
41.9244,-73.9411,920
41.9247,-91.4091,1664
41.9254,-80.6757,2713
41.9255,-91.7778,1729
41.9258,-73.0675,2006
41.9258,-73.0675,2247
41.9265,-79.6289,1852
41.9273,-80.5684,4657
41.9275,-84.6375,2167
41.9275,-95.4944,525
41.9278,-84.6207,2345
41.9278,-72.6516,2728
41.9278,-93.1837,915
41.928,-116.2122,13601
41.9282,-88.7476,3800
41.9282,-79.6331,2223
41.9288,-73.9103,1114
41.9295,-88.8712,712
41.9296,-71.9556,2002
41.9298,-96.8091,592
41.9301,-73.9968,2484
41.9303,-96.0821,792
41.9305,-71.0462,1864
41.9308,-88.009,2847
41.9311,-83.3846,5398
41.9311,-83.3283,716
41.9316,-104.144,473
41.9317,-71.2945,4699
41.933,-72.3813,2712
41.9336,-88.9743,972
41.9339,-94.2007,845
41.9352,-86.5671,1544
41.9359,-96.4723,750
41.936,-87.8792,1985
41.9362,-76.5456,1486
41.9371,-111.4122,2690
41.9372,-88.6893,1721
41.9374,-79.1403,1739
41.9375,-76.514,1203
41.938,-72.197,329
41.9383,-99.865,270
41.9386,-92.8629,459
41.9389,-85.0064,2970
41.939,-80.5873,2610
41.9407,-74.9131,896
41.9409,-75.6082,779
41.9416,-93.1023,660
41.9417,-83.314,655
41.9427,-103.8098,744
41.9428,-84.8826,1134
41.9441,-92.9607,338
41.9443,-78.6728,299
41.9452,-79.9851,1005
41.9454,-85.6295,2147
41.946,-84.9993,2787
41.9464,-72.0742,275
41.9465,-94.1136,407
41.9467,-83.2706,1000
41.9473,-88.2532,2173
41.9473,-86.3402,870
41.9478,-95.4624,640
41.9479,-79.5832,1367
41.948,-97.2123,1197
41.9489,-88.7236,4597
41.9502,-88.417,3732
41.9506,-71.8854,830
41.9508,-75.6088,607
41.9509,-73.9746,745
41.9509,-93.665,782
41.951,-80.3304,1660
41.9515,-85.6214,2674
41.9515,-88.0891,2362
41.9517,-91.5378,1124
41.9527,-75.9226,749
41.953,-75.2821,1136
41.9535,-121.4749,581
41.9538,-71.7044,2045
41.954,-86.488,769
41.9555,-73.5131,713
41.9556,-86.348,1743
41.9557,-88.529,1342
41.9565,-72.069,551
41.9568,-78.3806,849
41.9573,-88.472,1497
41.9575,-72.7919,1646
41.9576,-73.3562,1147
41.9579,-84.7684,373
41.958,-87.9438,2136
41.958,-74.0048,1123
41.9582,-72.5726,2093
41.9583,-70.6638,1358
41.9586,-87.8693,1511
41.9605,-77.4379,715
41.9606,-88.1777,3607
41.961,-78.6409,1656
41.9618,-75.747,587
41.9618,-83.6613,1792
41.9621,-73.4433,1776
41.9622,-90.4683,686
41.9627,-104.3863,1049
41.9627,-85.3194,1064
41.9631,-73.0166,631
41.9637,-89.7747,754
41.9637,-75.5762,1469
41.9637,-87.8232,1221
41.9638,-78.6412,2176
41.9641,-103.9248,713
41.9642,-91.6792,7844
41.965,-121.9204,761
41.9651,-92.5738,1565
41.9655,-117.6395,3849
41.9663,-87.9809,1987
41.9663,-87.8056,825
41.9665,-83.6694,2082
41.9668,-89.0626,1710
41.9669,-93.8176,696
41.967,-78.1905,1309
41.9672,-111.9587,2108
41.9675,-71.6771,818
41.9675,-90.8181,790
41.9676,-90.3818,522
41.9678,-72.2954,2065
41.9679,-72.3064,2293
41.9683,-111.7794,3482
41.9685,-111.8858,4608
41.9705,-71.3349,3943
41.9707,-84.5252,662
41.9724,-70.9788,4739
41.9728,-112.7164,1131
41.973,-75.7452,491
41.9745,-71.1885,1183
41.9747,-90.1122,1352
41.975,-71.46,1619
41.9753,-70.6806,1014
41.9756,-112.2405,1452
41.9766,-88.0188,2037
41.9777,-73.6582,1310
41.9788,-94.8224,453
41.9792,-100.5747,445
41.9794,-84.6658,1518
41.9795,-114.6646,1792
41.9801,-90.2528,384
41.9802,-88.0859,2138
41.9803,-92.7151,614
41.9809,-74.213,1791
41.9823,-84.2803,2240
41.9825,-88.1429,2301
41.9831,-98.0828,775
41.9832,-86.1088,1712
41.9834,-78.6024,1612
41.9834,-86.1128,1916
41.9837,-79.3396,961
41.9837,-73.9949,5063
41.9837,-90.9543,731
41.9843,-95.7804,506
41.9848,-89.5804,1094
41.9852,-72.6393,1329
41.9852,-73.9898,1370
41.9857,-76.5208,1291
41.9859,-84.3491,887
41.986,-83.2359,603
41.9862,-71.9033,1367
41.9868,-76.9397,840
41.9873,-120.301,1367
41.9875,-76.5271,2566
41.9877,-83.8305,806
41.9887,-83.9567,2890
41.9887,-86.3059,858
41.9889,-118.6375,615
41.989,-87.8717,1216
41.989,-76.1277,1412
41.9891,-77.3141,1468
41.9895,-91.6664,8422
41.9897,-96.9149,1007
41.9902,-92.5803,1375
41.9903,-88.3143,2448
41.9903,-117.7208,1136
41.9909,-72.532,2162
41.991,-92.3873,675
41.9912,-77.8655,886
41.9916,-92.5857,1538
41.9917,-72.4451,1420
41.9917,-73.194,974
41.9921,-72.5965,1295
41.9932,-91.9672,499
41.9934,-79.5013,754
41.9942,-76.5444,851
41.9942,-91.8587,951
41.9958,-73.8765,932
41.9961,-77.1304,712
41.9962,-70.7215,1992
41.9967,-88.6776,2889
41.9975,-91.1412,918
41.9981,-97.5995,763
41.9985,-80.1396,687
41.9989,-90.6079,794
41.9995,-92.1982,608
41.9997,-85.2394,910
41.9997,-104.0488,415
42.0001,-73.926,330
42.0005,-101.7622,655
42.0014,-120.3043,1429
42.0017,-71.4999,2527
42.0027,-79.8048,495
42.0031,-89.107,355
42.0033,-110.0622,1693
42.0041,-80.3192,1390
42.0053,-94.9719,418
42.0054,-87.733,1490
42.0055,-92.3161,735
42.0058,-87.993,3108
42.0059,-96.2483,917
42.0061,-84.1893,938
42.0061,-83.9445,2158
42.0061,-91.2459,266
42.0072,-92.7751,925
42.0075,-97.0549,493
42.0083,-92.0897,876
42.0084,-74.1094,1767
42.0085,-85.454,898
42.0089,-104.9711,977
42.0095,-111.8022,1036
42.0102,-83.5093,1233
42.0104,-96.5735,552
42.0112,-72.5674,1762
42.0115,-71.9261,1892
42.0118,-87.8434,2417
42.0127,-89.3358,1260
42.0127,-76.54,1372
42.0133,-76.73,684
42.0134,-121.4097,642
42.014,-86.5254,928
42.0142,-89.8884,507
42.0143,-74.0094,1184
42.0145,-93.3186,937
42.0148,-93.1653,907
42.0159,-95.3524,2322
42.016,-93.4526,1743
42.016,-72.8432,2622
42.0173,-78.6313,1179
42.0175,-93.4697,2215
42.0177,-80.3463,1217
42.0177,-94.3794,2227
42.0181,-70.6897,1556
42.0192,-94.5492,1239
42.0193,-95.3501,1925
42.02,-76.3704,654
42.0204,-91.3578,506
42.0206,-88.1778,2537
42.0209,-95.9662,272
42.022,-71.2178,1507
42.0228,-73.9094,813
42.0234,-74.0853,1588
42.0246,-93.6291,4293
42.0249,-85.8139,799
42.0255,-80.2547,1710
42.0259,-121.6007,629
42.0261,-73.8456,406
42.0263,-93.6213,4822
42.0265,-96.0909,2084
42.0279,-87.81,2196
42.0282,-97.4278,3867
42.0289,-88.0838,3997
42.029,-97.736,502
42.0328,-92.9168,3158
42.033,-94.237,894
42.0343,-92.9063,3978
42.0344,-87.9011,3426
42.0345,-97.4184,3242
42.0352,-104.923,1407
42.036,-87.74,2880
42.0362,-111.9778,1252
42.0367,-78.3373,813
42.0367,-124.252,1258
42.0383,-94.14,454
42.039,-88.3257,5610
42.0395,-94.0283,1062
42.0401,-73.3329,1200
42.0402,-84.7522,1513
42.0408,-123.6223,2213
42.0419,-94.6293,1275
42.0423,-87.789,2048
42.0423,-79.2789,1366
42.043,-101.0446,583
42.0432,-74.1167,2375
42.0435,-97.8318,800
42.0439,-100.8321,493
42.0444,-70.6792,1349
42.0446,-91.5862,3852
42.046,-73.9467,1154
42.0463,-71.8745,1565
42.0464,-87.6944,2532
42.0481,-72.5693,2737
42.0481,-90.3133,1021
42.0483,-89.4293,1134
42.0485,-80.2836,1472
42.0492,-90.397,843
42.0492,-91.446,1411
42.0493,-93.8725,2745
42.0503,-95.7058,554
42.0507,-76.1197,909
42.0511,-72.1528,1479
42.0517,-104.9595,1841
42.0523,-86.4804,6581
42.0529,-88.5689,2377
42.0531,-124.2733,2428
42.0535,-104.9079,1249
42.0542,-97.3452,1136
42.0545,-73.9172,1128
42.0561,-91.6899,1982
42.0561,-79.1337,1660
42.0561,-93.8755,2505
42.0565,-70.1785,1214
42.0572,-83.3898,904
42.0573,-96.5128,402
42.0578,-94.7266,958
42.0582,-84.4315,1169
42.0585,-87.7849,608
42.0595,-91.0052,632
42.0597,-95.2005,686
42.0597,-72.0339,4085
42.0602,-109.4392,3337
42.0603,-90.6674,1765
42.0604,-83.2715,1643
42.0604,-86.5114,695
42.0605,-90.6639,1930
42.0616,-105.0676,1377
42.0618,-73.9525,938
42.0638,-76.1568,1540
42.0639,-72.653,4385
42.064,-71.2484,1540
42.0642,-75.4229,1020
42.0642,-87.9374,2973
42.0642,-91.7993,993
42.0643,-88.1446,4115
42.0645,-89.097,271
42.0647,-76.8225,2293
42.065,-70.8498,1230
42.065,-104.1735,1767
42.066,-70.6487,524
42.0665,-104.1868,1719
42.0667,-85.1432,1091
42.0678,-95.5895,651
42.0682,-94.8654,2023
42.0683,-83.9657,1230
42.0684,-84.3276,857
42.0684,-78.1662,810
42.0686,-79.4872,1349
42.0692,-110.9863,1565
42.0701,-97.9672,655
42.0702,-90.1825,642
42.0703,-94.8646,2226
42.0703,-83.2417,1442
42.0715,-90.4327,783
42.0724,-124.3049,1849
42.0729,-70.1791,3190
42.073,-78.3737,2411
42.0731,-90.8386,560
42.0734,-95.9104,865
42.0741,-77.9123,1519
42.0742,-73.9419,1213
42.0749,-88.0254,2152
42.0751,-90.8822,685
42.0757,-95.1014,1101
42.0757,-76.1234,1004
42.0764,-70.6614,1096
42.0772,-75.6405,952
42.0773,-87.7286,2110
42.0787,-91.674,2227
42.0792,-110.9519,1026
42.0793,-92.4036,786
42.0794,-78.4742,1254
42.0799,-123.7046,2075
42.0811,-71.7195,1676
42.0813,-83.6848,1693
42.0819,-86.4535,1882
42.0825,-71.0246,4194
42.0832,-74.3143,613
42.0839,-78.4351,2205
42.0839,-78.4351,3296
42.0846,-74.9977,1903
42.0849,-71.4106,4686
42.0849,-83.6783,1673
42.0852,-87.8274,3454
42.0862,-95.0432,903
42.0864,-76.8252,5112
42.0866,-88.4324,1825
42.087,-85.2348,909
42.0877,-76.8433,1583
42.0885,-79.281,1441
42.0888,-78.1565,861
42.0888,-87.7145,708
42.0889,-80.1127,7775
42.089,-88.1572,2480
42.0891,-75.9685,800
42.0902,-88.8486,1012
42.0903,-88.3137,1276
42.0904,-84.2173,1454
42.0906,-78.4896,800
42.091,-88.695,1463
42.0924,-88.6984,1346
42.0929,-91.8712,809
42.0932,-73.9365,643
42.0934,-76.8096,2445
42.0935,-92.6791,911
42.0938,-90.1391,1469
42.094,-71.4786,2108
42.0941,-88.518,1499
42.0948,-89.9769,1285
42.097,-104.9586,841
42.0971,-72.055,2096
42.0972,-95.3174,580
42.0974,-87.9817,3701
42.0974,-84.9919,905
42.0974,-72.067,3083
42.0974,-88.2481,1554
42.0975,-76.0634,1623
42.0976,-79.2361,2709
42.0977,-70.7833,1921
42.0979,-72.2961,1663
42.0979,-83.2698,2327
42.0991,-79.3201,1271
42.0994,-111.8807,2373
42.0997,-86.4888,1625
42.0998,-102.8733,2013
42.0999,-88.9944,1000
42.1005,-84.5545,588
42.1011,-88.7632,901
42.1013,-75.9094,2939
42.1019,-89.8334,961
42.1019,-92.8196,752
42.1022,-70.6576,1339
42.1022,-70.6894,2041
42.1026,-102.8762,2009
42.103,-87.7774,1632
42.1037,-87.929,1862
42.1038,-85.0775,791
42.1044,-88.3335,1820
42.1046,-76.2622,1449
42.1048,-73.5547,1009
42.1052,-79.2777,785
42.1054,-91.3502,1204
42.1054,-89.179,686
42.1054,-83.201,1743
42.1055,-84.2488,918
42.1062,-93.6461,953
42.1062,-87.7428,1773
42.1063,-77.232,1249
42.1069,-91.0151,400
42.1072,-97.451,572
42.1072,-94.2383,481
42.1077,-85.975,1055
42.1081,-76.2599,1626
42.1085,-75.9642,7583
42.1088,-91.2752,1442
42.11,-88.3719,2127
42.1101,-91.2739,1477
42.1106,-96.7116,760
42.1112,-111.9846,2346
42.1114,-79.2141,4664
42.1118,-111.3903,778
42.1125,-92.9886,706
42.1126,-97.3044,505
42.1135,-86.4472,1902
42.1139,-93.1587,454
42.1141,-91.0903,778
42.1146,-89.0903,1861
42.1151,-88.1009,2321
42.1155,-72.54,5126
42.1156,-88.5052,2873
42.1158,-70.9566,2866
42.1159,-96.3666,1147
42.1159,-71.8701,1690
42.1161,-73.5552,828
42.1165,-88.0444,3412
42.1166,-80.0735,3971
42.1169,-85.6337,900
42.1175,-71.186,1571
42.1178,-79.9858,803
42.1188,-71.6725,1733
42.1191,-79.1969,943
42.1202,-73.5247,430
42.1207,-77.9457,1414
42.1218,-89.2668,1958
42.1222,-86.4151,1784
42.1223,-77.9456,1718
42.1224,-94.7836,1411
42.1227,-88.2939,2546
42.1229,-76.0236,1757
42.123,-85.5383,1561
42.1233,-89.404,846
42.1235,-93.1975,711
42.1247,-72.1109,1616
42.1253,-75.9634,1937
42.1255,-72.6497,3714
42.1262,-77.0356,713
42.1267,-76.8256,972
42.1268,-86.3447,1221
42.1269,-71.5403,1201
42.1272,-93.9742,968
42.1272,-96.1507,916
42.1272,-89.5784,882
42.128,-95.5749,452
42.1287,-87.8352,3305
42.1291,-98.0292,1098
42.1296,-87.9215,2674
42.1299,-89.2615,1655
42.1311,-121.9283,2762
42.1314,-121.7566,587
42.1314,-72.5829,12897
42.1321,-72.4382,2147
42.1328,-74.4738,1308
42.1339,-71.2403,1522
42.1345,-87.7632,1751
42.1345,-83.2351,2295
42.1356,-75.8944,719
42.1357,-73.9193,521
42.1359,-73.888,1733
42.1369,-80.0123,661
42.1386,-88.203,4718
42.1387,-104.346,503
42.1388,-72.7559,6176
42.1401,-83.1929,2444
42.1403,-70.9979,2446
42.1406,-89.4919,468
42.1433,-70.7291,1944
42.145,-92.1442,504
42.1453,-74.6507,757
42.1464,-84.8097,1073
42.1472,-73.5976,2799
42.1482,-77.0564,1594
42.1482,-79.9947,2031
42.1483,-84.0346,1324
42.1489,-96.4929,594
42.1489,-91.6201,790
42.1506,-80.023,1231
42.1507,-71.5178,2893
42.1515,-88.1285,1951
42.1524,-89.7402,630
42.1532,-90.5923,452
42.1541,-94.4779,1306
42.1544,-109.4248,4443
42.1549,-74.5348,735
42.156,-77.0792,499
42.157,-77.7961,908
42.1581,-78.7248,2022
42.1589,-88.5286,661
42.1589,-93.2972,786
42.1589,-79.0983,1298
42.1592,-79.5943,818
42.1592,-94.0183,901
42.1595,-88.3219,3213
42.1604,-77.1276,1899
42.1608,-88.4355,3476
42.161,-95.4346,1011
42.1623,-78.9797,1637
42.1631,-92.0262,2007
42.1632,-79.3895,588
42.1636,-76.9087,3709
42.1638,-77.0924,1025
42.1644,-94.255,681
42.1645,-84.2438,1470
42.1647,-78.7413,2223
42.1649,-93.3908,613
42.1657,-90.4791,706
42.1658,-93.503,982
42.166,-87.9618,2809
42.1661,-87.8525,2137
42.1661,-92.0244,1515
42.1663,-88.0862,1739
42.1667,-123.6481,1218
42.1668,-71.3492,1608
42.1673,-95.7909,1138
42.1673,-85.8465,1374
42.1681,-78.9572,956
42.1685,-89.0455,1493
42.1686,-76.8297,1792
42.1698,-75.1305,1128
42.1699,-77.12,2981
42.1706,-89.8647,3342
42.1708,-98.1895,551
42.1714,-75.8577,1421
42.1721,-92.3091,1015
42.1729,-87.8949,1809
42.1732,-77.9795,1045
42.1735,-83.1984,1942
42.1736,-94.1061,909
42.1738,-83.7769,1891
42.1747,-96.7016,483
42.175,-72.9239,974
42.177,-84.6455,1113
42.1774,-97.1754,464
42.1776,-72.5702,4346
42.179,-71.0527,2847
42.1793,-77.1375,824
42.1794,-88.3155,2901
42.1803,-70.7344,1830
42.1814,-88.0489,1886
42.1821,-71.6108,1427
42.1824,-87.8108,3176
42.1825,-94.6898,783
42.1838,-91.7805,1499
42.184,-94.975,781
42.184,-76.7359,1159
42.1841,-76.6717,785
42.1857,-74.029,1670
42.1857,-93.5869,1565
42.1861,-92.7151,758
42.1866,-86.3093,856
42.187,-71.3004,2020
42.1873,-112.0046,1377
42.1874,-71.196,2925
42.1876,-86.2586,986
42.1876,-74.7803,1074
42.1889,-72.3065,5102
42.1896,-92.464,1031
42.1899,-112.2497,1180
42.191,-111.4028,886
42.1913,-93.0063,912
42.1914,-84.3855,1944
42.1914,-120.3525,1436
42.1922,-122.6983,2339
42.1922,-87.8698,1293
42.1929,-88.6287,382
42.1939,-74.1344,960
42.194,-73.3615,1090
42.1941,-85.4137,447
42.1942,-95.3271,408
42.195,-88.0877,2389
42.195,-88.011,3196
42.1955,-88.2148,1188
42.1957,-88.2507,594
42.1965,-87.9177,1940
42.1966,-76.8047,1350
42.1969,-76.5535,1027
42.197,-74.1009,822
42.197,-85.5914,5154
42.1971,-86.2805,2362
42.1978,-121.7248,2578
42.1983,-89.5945,446
42.1995,-97.5292,865
42.1998,-123.6457,1459
42.2003,-121.4067,822
42.2014,-91.523,941
42.2019,-83.4828,966
42.2024,-121.756,4419
42.2039,-72.8619,1377
42.2045,-95.9507,354
42.2047,-83.2057,2381
42.2047,-98.7486,916
42.205,-86.1661,1058
42.2052,-86.3769,1778
42.2056,-78.1418,1543
42.206,-87.8129,770
42.2062,-71.0023,3368
42.2068,-84.5549,1513
42.2069,-88.1289,1974
42.2073,-70.9437,3718
42.2101,-79.469,594
42.2102,-88.1695,2175
42.2105,-74.2154,1262
42.2107,-83.1572,2089
42.2114,-86.2756,2057
42.2117,-72.6424,4178
42.2118,-88.0525,537
42.2121,-88.2496,2319
42.2123,-102.983,992
42.2128,-70.7663,1758
42.2128,-73.8696,2301
42.2131,-104.5174,455
42.2134,-79.8334,1036
42.2142,-85.8922,1482
42.2143,-89.4846,619
42.2149,-73.8587,1371
42.215,-86.0575,1212
42.215,-72.1027,975
42.2151,-76.4947,924
42.2156,-85.7958,1773
42.2159,-74.3899,1006
42.2177,-79.8327,1701
42.218,-88.5662,176
42.2183,-72.1856,1029
42.2183,-78.2752,1001
42.2188,-121.7787,4074
42.2193,-72.2312,1022
42.2194,-123.2922,3055
42.2201,-78.0308,906
42.2201,-92.8216,392
42.2229,-76.1868,902
42.2234,-92.8741,1007
42.2236,-83.366,5418
42.2245,-88.3867,1945
42.2253,-83.2677,4412
42.2256,-71.5241,1124
42.2264,-85.7901,2287
42.2272,-87.9784,469
42.2278,-88.1552,870
42.228,-111.4024,1696
42.2281,-84.3226,2039
42.2284,-76.3367,599
42.2289,-95.9316,514
42.229,-96.0965,503
42.2291,-72.0524,1155
42.2292,-75.5247,1122
42.2295,-73.7223,1576
42.2298,-91.8855,1220
42.2303,-76.848,996
42.2304,-91.1859,2154
42.2313,-71.7374,14649
42.2314,-123.0403,2356
42.2316,-88.5448,830
42.2316,-85.892,2156
42.2331,-96.2248,691
42.2331,-70.8895,1598
42.2332,-88.3344,3956
42.2344,-87.9611,2526
42.235,-77.1937,1205
42.2352,-88.9751,2632
42.2353,-87.8573,3766
42.2356,-73.8821,1103
42.2358,-88.0675,2591
42.2364,-95.7216,578
42.237,-93.6026,578
42.2372,-107.561,1080
42.2373,-83.6494,10876
42.2375,-97.0089,1548
42.2375,-97.0089,1596
42.2375,-91.4257,608
42.2383,-85.336,933
42.2384,-96.4715,515
42.2405,-122.7812,1049
42.2407,-84.4033,6549
42.2412,-73.3562,857
42.2416,-71.0824,3275
42.2419,-72.1469,1020
42.2421,-113.8831,1952
42.2433,-83.1813,2194
42.2434,-87.9214,2120
42.2434,-84.4049,2980
42.2435,-93.0625,686
42.2438,-72.8918,1954
42.2442,-88.1951,978
42.2444,-83.6212,1881
42.2455,-93.3954,907
42.2465,-88.5975,2709
42.2467,-71.2681,1870
42.2469,-71.1795,2910
42.2474,-85.5924,9497
42.2479,-84.7592,1907
42.2481,-88.24,947
42.2486,-71.9931,1319
42.249,-73.6469,1001
42.2492,-88.6054,1772
42.2494,-78.7988,909
42.2495,-94.8777,640
42.2496,-84.7554,1967
42.2496,-83.1404,1529
42.2501,-72.2477,2265
42.2508,-84.2062,880
42.2519,-73.786,1334
42.2531,-79.5019,1289
42.2536,-88.7129,725
42.2543,-77.7896,990
42.2545,-71.9964,2066
42.2552,-90.2736,962
42.2554,-73.8935,872
42.2562,-72.2529,1621
42.2573,-92.0939,450
42.2585,-73.7616,2300
42.2589,-98.3439,636
42.2593,-89.0635,7338
42.2595,-83.2104,2401
42.2596,-90.4311,1114
42.2598,-112.0179,464
42.2606,-94.1745,913
42.2607,-74.0313,2686
42.2608,-110.1972,881
42.261,-71.009,3696
42.2622,-94.0711,838
42.2623,-76.0003,902
42.2627,-84.9675,2533
42.2627,-92.6923,680
42.2645,-93.0106,640
42.2648,-104.7429,918
42.2653,-79.259,1157
42.2654,-72.6708,3314
42.2654,-84.549,930
42.2654,-88.8878,3231
42.2657,-79.7123,1063
42.266,-72.5289,1693
42.2662,-89.8272,730
42.2667,-96.8629,936
42.2669,-94.5515,1363
42.2671,-89.234,1263
42.2673,-95.0932,972
42.2674,-71.6175,1248
42.2677,-94.7311,1994
42.268,-105.0477,689
42.2681,-76.8362,536
42.2684,-73.9558,1380
42.2695,-71.8078,5550
42.2696,-93.9274,1223
42.27,-73.776,1213
42.2704,-77.6057,877
42.2707,-88.362,656
42.271,-73.8159,1679
42.2712,-72.0842,1103
42.2719,-72.4028,2037
42.2721,-71.5228,1224
42.2733,-121.875,1979
42.2734,-88.0162,3003
42.2739,-88.2699,2233
42.2743,-83.1242,1483
42.2747,-97.6651,429
42.2748,-122.8153,1085
42.2749,-78.6723,822
42.2752,-85.5885,4507
42.2753,-72.6534,6712
42.2754,-88.5155,370
42.2758,-97.1909,355
42.2761,-83.7309,4838
42.2765,-94.4077,737
42.2769,-83.3881,2228
42.277,-88.1353,2045
42.2774,-74.9155,1618
42.2778,-91.5299,765
42.2779,-88.2304,318
42.2779,-94.2897,1089
42.2782,-96.7263,625
42.2785,-84.9614,1945
42.2786,-83.1823,1499
42.2788,-88.2005,1666
42.2797,-123.6151,2307
42.2807,-72.9801,1072
42.2813,-93.1716,908
42.2816,-71.2424,3184
42.2822,-95.8946,471
42.2827,-87.8523,1833
42.2831,-77.2237,926
42.2846,-87.8793,706
42.2847,-87.9665,2695
42.2875,-91.7815,786
42.2879,-124.3988,697
42.2889,-93.796,899
42.289,-89.6343,3128
42.2892,-100.6242,296
42.2902,-89.6349,2958
42.2909,-85.4176,1081
42.2917,-89.0173,10503
42.2937,-73.7608,2005
42.2939,-83.3203,2270
42.2956,-90.6233,611
42.2958,-79.1009,1060
42.2959,-88.2288,878
42.2968,-89.4771,257
42.2972,-90.6874,366
42.2992,-85.2293,5927
42.3,-87.911,1814
42.3018,-91.0047,1259
42.3018,-75.4798,1041
42.302,-95.0358,1314
42.3023,-85.5446,1277
42.303,-85.6287,1534
42.3036,-73.8106,1258
42.3052,-74.0118,1867
42.3055,-78.0206,1332
42.3058,-93.3017,1210
42.3059,-71.2829,2874
42.3068,-73.2507,1045
42.3075,-113.3697,1066
42.3079,-71.4362,4544
42.3083,-75.3978,1401
42.3083,-75.3978,1523
42.309,-89.3572,1029
42.3095,-88.4353,3298
42.3098,-89.2925,871
42.3102,-93.5819,853
42.3114,-84.0194,1727
42.3114,-84.0194,1710
42.3116,-93.6387,1786
42.3118,-95.2544,924
42.3119,-96.2922,1183
42.312,-71.6477,1646
42.3124,-86.1134,1209
42.3126,-122.9692,1249
42.3131,-83.2115,4471
42.3131,-85.2025,6247
42.3132,-90.8317,276
42.3136,-88.4414,2770
42.3138,-92.1909,1452
42.3141,-74.2487,1377
42.315,-92.0031,517
42.3161,-94.8432,325
42.3163,-90.2221,872
42.3167,-87.8592,2567
42.317,-83.7557,819
42.317,-95.6,687
42.3177,-93.4343,906
42.3192,-83.3808,4104
42.3193,-77.7386,682
42.3213,-103.0754,748
42.3213,-85.517,1632
42.3218,-79.5748,1766
42.3225,-96.4912,553
42.3225,-92.5943,1338
42.3235,-88.3609,2849
42.3235,-73.6194,1157
42.3239,-71.142,2360
42.3241,-85.2354,1731
42.3244,-83.3412,2198
42.3245,-76.5334,1061
42.326,-111.2988,1382
42.327,-72.6746,5313
42.3274,-75.3149,924
42.3275,-85.5653,872
42.3276,-104.7245,462
42.3277,-71.3523,1772
42.3283,-85.1337,1290
42.3298,-78.8675,960
42.3301,-75.7677,938
42.3303,-88.1587,1844
42.3306,-75.9716,927
42.3316,-122.8441,7208
42.3318,-71.2084,3834
42.3323,-83.881,1266
42.3329,-98.125,342
42.333,-77.6632,1644
42.3337,-73.2492,672
42.3342,-89.6353,1501
42.3344,-74.8228,1042
42.3347,-78.4548,952
42.3348,-97.2946,337
42.335,-76.7881,968
42.3354,-95.3469,348
42.3355,-83.8888,1434
42.3357,-83.2888,3111
42.3357,-88.8661,1200
42.336,-122.8518,4854
42.3361,-77.3169,1617
42.3362,-88.0734,1234
42.3362,-88.2917,3496
42.3365,-98.2409,570
42.3377,-85.3525,919
42.3377,-97.9718,700
42.3378,-88.9986,3669
42.3386,-71.0183,6313
42.3389,-88.2027,2087
42.3394,-96.0811,1027
42.3396,-94.4849,909
42.3398,-77.3128,1548
42.3402,-70.8833,1539
42.3407,-88.0812,1306
42.3408,-75.168,529
42.3408,-88.0336,3002
42.3413,-78.1185,1130
42.3416,-79.317,835
42.3429,-91.249,728
42.343,-92.6733,280
42.3432,-88.1021,2141
42.3432,-95.4734,1346
42.3454,-77.6605,636
42.3472,-74.4287,1825
42.3473,-77.6688,2182
42.3487,-76.8487,1575
42.3491,-76.0055,879
42.3496,-71.5472,4147
42.3503,-86.0674,732
42.3511,-88.8438,2548
42.3511,-88.8704,1234
42.3516,-87.9824,1566
42.3523,-91.4849,601
42.3525,-90.002,1244
42.3529,-114.5838,940
42.3533,-73.8209,1761
42.3533,-97.7871,945
42.3537,-87.8924,977
42.3548,-88.9392,850
42.3566,-76.4668,1688
42.3575,-76.5938,1018
42.3576,-73.808,1338
42.3582,-97.5991,810
42.3582,-94.0534,1319
42.3583,-73.2817,3218
42.3605,-93.1013,1879
42.3612,-73.2868,1283
42.3616,-94.2955,658
42.3617,-85.8774,923
42.3618,-73.5979,1010
42.3624,-90.5422,555
42.3628,-79.051,911
42.3631,-88.5086,513
42.3635,-72.5073,4772
42.3637,-92.774,1456
42.3657,-74.0925,1685
42.3677,-89.0245,3234
42.3677,-88.2974,535
42.3685,-91.8443,566
42.3686,-88.8939,924
42.3693,-123.3589,1777
42.3694,-87.8709,4472
42.3695,-71.1779,1815
42.3698,-88.0091,696
42.3701,-87.9368,3338
42.3711,-75.2432,863
42.3712,-83.4676,1350
42.3713,-85.2688,2072
42.3715,-71.9577,1562
42.3717,-85.4581,915
42.3721,-88.1273,986
42.3722,-74.6685,641
42.3729,-72.6037,1421
42.3739,-82.9234,1336
42.3755,-70.9706,1282
42.3757,-89.6363,617
42.376,-71.1187,2296
42.3765,-122.9105,1824
42.378,-97.3577,942
42.3783,-84.6965,1019
42.3786,-89.8217,1478
42.3787,-94.431,531
42.379,-71.1423,36948
42.3805,-76.867,1134
42.3819,-98.5298,486
42.382,-76.397,449
42.3823,-111.321,2315
42.3824,-88.0807,2040
42.383,-83.1022,10695
42.3832,-88.2468,2445
42.3834,-88.35,2023
42.3839,-82.9039,936
42.3842,-96.9893,330
42.3846,-88.1059,689
42.3859,-96.591,339
42.3863,-97.4682,279
42.3864,-85.9652,968
42.3865,-85.4063,1055
42.3879,-89.5266,453
42.3881,-95.8655,763
42.3881,-123.141,2237
42.3889,-71.2423,3241
42.3893,-78.2526,695
42.3896,-93.7278,838
42.3897,-79.4428,1208
42.3901,-88.3453,1391
42.3904,-71.101,1843
42.3917,-121.0435,835
42.3921,-71.5649,2177
42.3921,-87.9892,1091
42.3926,-77.6955,757
42.3928,-75.1801,978
42.3937,-90.325,3013
42.3943,-75.8106,1083
42.3944,-73.7038,1317
42.3948,-91.7577,965
42.3953,-71.1803,1957
42.3954,-83.0559,1313
42.3954,-88.3838,1480
42.3968,-71.0313,1352
42.3969,-88.1184,10257
42.3972,-83.3723,5425
42.3973,-76.3444,466
42.3973,-88.3041,1785
42.3975,-82.8892,1501
42.3975,-96.3509,1565
42.3979,-91.1207,611
42.3981,-94.6289,1864
42.3988,-88.7387,798
42.4,-98.4177,449
42.4001,-92.7988,456
42.4013,-86.2684,1689
42.4025,-78.6061,1124
42.403,-88.2109,1029
42.405,-119.8993,1155
42.4052,-83.0977,1565
42.4059,-71.0546,1678
42.4061,-88.0455,1208
42.4061,-105.3859,1666
42.4073,-75.4854,1049
42.408,-86.2674,2781
42.4081,-93.0662,667
42.4087,-77.2229,537
42.409,-96.2105,534
42.4091,-74.617,1048
42.4098,-113.5804,623
42.4103,-92.2669,1010
42.4103,-76.4921,2205
42.4117,-97.2074,348
42.413,-89.471,334
42.4131,-73.6778,1017
42.4133,-124.4222,1445
42.4135,-88.126,1023
42.4136,-78.4871,899
42.4138,-74.0203,1789
42.4144,-96.8432,554
42.4149,-77.4248,1046
42.4154,-96.9948,354
42.4162,-88.6642,481
42.4169,-76.844,890
42.4171,-88.0264,1932
42.4176,-88.0826,2321
42.4181,-96.4207,1076
42.4182,-70.9327,942
42.4183,-92.2141,543
42.4187,-71.1639,2059
42.4189,-71.6862,1109
42.4195,-93.3758,902
42.4203,-83.7521,1988
42.4209,-123.3928,1688
42.421,-70.9904,2168
42.4216,-89.4149,581
42.422,-94.9974,2009
42.4221,-90.4278,1952
42.4222,-94.1494,604
42.4223,-88.6123,1897
42.423,-72.1064,1142
42.4233,-94.8609,435
42.4238,-71.1092,2584
42.4245,-76.4587,1329
42.4256,-89.0095,2909
42.426,-71.4563,2073
42.4282,-88.1839,2541
42.4283,-78.1726,1498
42.4286,-97.0964,1045
42.4289,-112.1233,890
42.4294,-71.0587,2039
42.4296,-88.6211,2628
42.4317,-122.8322,1240
42.4319,-93.2047,681
42.4323,-123.3318,3082
42.433,-78.4847,1400
42.433,-74.2288,2890
42.4331,-87.9822,2965
42.4336,-122.1189,1230
42.4337,-91.3259,884
42.4338,-89.3268,870
42.4338,-90.1597,1750
42.4339,-92.9266,951
42.4342,-124.4201,933
42.4344,-85.3859,1306
42.4349,-92.4513,2639
42.4355,-123.1682,897
42.4358,-123.0526,792
42.4362,-83.4883,1297
42.437,-71.6971,1046
42.4389,-123.3112,5008
42.439,-82.9293,1472
42.4393,-82.899,1635
42.4401,-94.1158,1342
42.4407,-79.3319,2058
42.4412,-75.5959,1208
42.4415,-94.2954,1108
42.4419,-121.2716,896
42.4421,-88.2764,401
42.4423,-87.8754,2415
42.4431,-84.9303,917
42.4433,-88.6417,551
42.4437,-91.0092,1156
42.4439,-76.5031,2108
42.4443,-85.0187,915
42.4447,-85.6423,1308
42.4448,-76.0362,965
42.4451,-74.9112,1599
42.4452,-71.23,3681
42.4465,-90.9314,1210
42.4471,-89.0631,2378
42.4472,-90.8414,1528
42.4482,-96.5713,609
42.4487,-84.1758,1113
42.4491,-73.6484,1539
42.4503,-84.4326,1029
42.4504,-73.795,1204
42.4507,-87.9251,2849
42.4507,-88.2402,2732
42.4512,-75.0709,2426
42.4513,-82.8704,958
42.4518,-73.2607,5776
42.4519,-71.4032,1668
42.4519,-76.4685,431
42.4521,-85.6671,2638
42.4526,-76.4382,767
42.4528,-71.1443,2230
42.454,-89.3901,1322
42.4548,-75.0669,1896
42.4554,-83.9411,1153
42.4557,-71.059,1965
42.4561,-97.4693,351
42.4563,-94.4559,906
42.4565,-89.9459,827
42.4566,-121.5021,621
42.4572,-96.7356,338
42.458,-85.6986,1294
42.4582,-71.2793,857
42.4585,-79.0011,900
42.4585,-76.5351,1712
42.4586,-88.5185,322
42.4589,-76.4924,4500
42.4592,-83.1314,1788
42.4599,-87.8511,2863
42.4604,-78.9345,1146
42.461,-83.6532,1756
42.4611,-95.1524,566
42.4614,-83.3784,1482
42.4615,-98.647,1389
42.4618,-77.7773,936
42.4619,-83.0977,1524
42.4621,-96.413,2354
42.4622,-91.9032,2229
42.4624,-73.2354,5011
42.4624,-93.8182,2754
42.4631,-79.329,3242
42.4638,-88.3094,1880
42.4641,-92.6256,1070
42.4645,-93.8251,1899
42.4649,-97.9071,999
42.4649,-91.8983,1987
42.4649,-83.1824,2060
42.4651,-95.6757,512
42.4654,-88.4344,1270
42.4657,-92.2694,1815
42.4658,-89.6469,747
42.4659,-78.1105,885
42.4661,-82.9463,2062
42.4677,-76.4884,1207
42.4677,-122.8016,1564
42.4681,-70.8913,1578
42.4684,-71.0139,2980
42.4686,-76.4634,1101
42.4688,-92.256,945
42.4691,-79.1755,933
42.4693,-75.3226,909
42.4694,-92.2297,1161
42.4698,-93.9968,1272
42.47,-78.934,1388
42.4708,-91.7374,807
42.4715,-83.1445,686
42.4718,-74.4526,610
42.4721,-91.3383,776
42.4723,-90.8362,715
42.4742,-71.0977,2227
42.4745,-92.0656,1232
42.4746,-83.2595,4653
42.4747,-90.5429,1256
42.4748,-70.962,2975
42.4748,-90.2526,720
42.4755,-73.8112,1100
42.4757,-98.8093,461
42.4763,-75.0924,1736
42.477,-96.1851,770
42.4772,-88.0671,2607
42.4776,-95.7832,704
42.4782,-74.6033,937
42.4782,-96.4003,6731
42.4784,-93.6428,727
42.4785,-83.4868,4993
42.4791,-111.3635,749
42.4794,-94.7191,267
42.4797,-87.8277,1958
42.4798,-91.5915,519
42.4806,-79.3329,1936
42.4806,-83.0274,1202
42.481,-94.6298,1044
42.4814,-72.5898,1613
42.4814,-72.5898,2383
42.4815,-91.1166,2395
42.4819,-83.1681,1108
42.4827,-91.2701,674
42.4827,-88.1471,1220
42.483,-107.8291,4833
42.4834,-88.1254,866
42.4848,-89.0274,2255
42.4853,-91.4561,2016
42.4856,-83.376,5237
42.4866,-83.2274,32546
42.4871,-95.5429,1140
42.4883,-90.6242,1540
42.4887,-71.1544,3230
42.4892,-93.5412,837
42.4895,-91.4586,1725
42.4901,-76.4865,1950
42.4902,-96.0679,870
42.4903,-96.484,1427
42.4908,-76.3014,1203
42.491,-72.1872,1008
42.4913,-78.4796,905
42.4915,-88.6007,429
42.4917,-114.1623,431
42.4921,-83.2273,1114
42.4923,-92.3519,7126
42.4929,-83.025,5324
42.493,-89.7949,614
42.493,-82.8909,3103
42.4939,-90.8732,332
42.4946,-85.4132,1351
42.4948,-89.9912,923
42.4953,-92.3784,7247
42.4954,-96.3895,6983
42.4955,-88.6017,163
42.4956,-70.8358,1900
42.4965,-95.2963,1019
42.4978,-97.5393,658
42.4986,-83.1853,1468
42.4987,-88.7305,1194
42.4989,-90.7073,5078
42.4992,-70.8982,2615
42.4999,-77.5,1113
42.5012,-108.7329,2535
42.5023,-90.0937,762
42.5032,-71.2017,3112
42.5033,-90.6999,5308
42.5039,-89.0275,5131
42.5044,-71.0641,2469
42.5049,-105.025,698
42.5057,-95.418,789
42.5061,-76.6188,1725
42.5062,-94.3657,556
42.5064,-97.2031,645
42.5065,-88.3193,1478
42.507,-88.2865,2792
42.5073,-83.1034,2417
42.5076,-82.9366,2848
42.5076,-90.9613,473
42.5077,-124.4022,1371
42.5078,-83.1539,3118
42.5081,-78.6694,1742
42.5084,-76.3472,934
42.5086,-96.832,293
42.5096,-94.1821,3350
42.5097,-84.6519,1730
42.5099,-94.1757,3633
42.5114,-84.6544,1521
42.5115,-93.3806,1135
42.512,-90.7799,1619
42.5124,-97.9083,635
42.5135,-97.9601,489
42.514,-73.6107,759
42.5141,-76.2001,858
42.5147,-95.0885,264
42.5156,-88.2504,2652
42.5171,-93.2659,1832
42.5177,-83.278,998
42.5188,-83.303,1482
42.5191,-92.454,4927
42.5192,-93.2661,2108
42.5196,-113.6287,478
42.5199,-83.8037,9926
42.5199,-123.4323,1850
42.5206,-114.8718,281
42.5209,-71.7706,4875
42.5225,-83.2403,1821
42.5228,-83.5302,2745
42.5234,-78.4755,1234
42.5235,-89.0177,3784
42.5236,-76.9774,953
42.5248,-77.2883,1163
42.5267,-87.8883,5246
42.527,-92.7115,491
42.5286,-94.5401,1635
42.5297,-83.7845,1702
42.5298,-85.2342,2239
42.5305,-88.5939,1191
42.5309,-98.9747,1161
42.5311,-85.8392,1781
42.5313,-75.0887,325
42.5314,-114.3012,536
42.5317,-78.4399,1458
42.5323,-88.0091,5192
42.5325,-76.4963,1509
42.5333,-75.5228,1323
42.5335,-71.2335,1753
42.5341,-71.0383,2850
42.5342,-90.4361,1024
42.5343,-70.9694,3659
42.5345,-71.4721,1708
42.5346,-75.5188,1574
42.5349,-114.3707,1295
42.5352,-71.1054,2868
42.5353,-99.7027,691
42.5359,-96.4947,1658
42.5363,-85.8509,2381
42.5365,-71.6674,1042
42.5365,-88.1332,5003
42.5366,-73.7479,767
42.5367,-83.1504,1347
42.537,-85.639,795
42.537,-74.9632,435
42.5372,-83.4737,1349
42.5374,-113.7913,2361
42.5376,-82.9467,1848
42.538,-121.9207,954
42.5386,-73.6091,1120
42.539,-73.505,2002
42.5402,-110.1193,647
42.5403,-76.6636,1069
42.5412,-79.169,973
42.5412,-79.169,1425
42.5414,-122.5691,594
42.5415,-88.296,1392
42.5422,-77.9519,789
42.543,-73.81,3116
42.5434,-71.614,2365
42.5436,-95.8665,626
42.5443,-88.5693,1664
42.5448,-83.2166,1988
42.5466,-90.6168,1078
42.5476,-77.9912,313
42.5477,-91.1139,620
42.5479,-72.6024,1231
42.5481,-75.2453,784
42.5484,-99.8575,910
42.5488,-76.2923,437
42.549,-88.3518,3212
42.5497,-74.8269,921
42.5498,-113.7791,2807
42.5503,-90.7069,864
42.5517,-93.0523,1423
42.5519,-94.6779,1300
42.5525,-123.1459,2022
42.5533,-106.7295,1000
42.5533,-83.4864,1018
42.554,-78.1476,1199
42.5555,-84.3025,910
42.5558,-71.8248,6606
42.5567,-70.845,3527
42.5574,-110.1005,865
42.5575,-88.8681,1087
42.5599,-112.172,639
42.56,-113.7621,1467
42.5611,-73.1623,562
42.5614,-79.1297,739
42.562,-90.7754,250
42.5622,-71.5848,1046
42.5625,-77.6969,1466
42.5628,-77.5959,965
42.5629,-114.4541,4266
42.5638,-114.4606,4047
42.5639,-77.7032,1623
42.5646,-71.1645,3741
42.5648,-93.8431,929
42.5649,-96.7092,796
42.5651,-114.6061,1100
42.5657,-88.21,724
42.5662,-84.8318,2306
42.5665,-76.1329,1339
42.5672,-88.5476,2908
42.5676,-89.8761,828
42.5682,-92.6214,715
42.5685,-92.16,993
42.57,-90.3834,834
42.5705,-88.1068,1579
42.5705,-77.7189,329
42.5711,-87.8735,6805
42.5721,-100.0563,663
42.5722,-88.9362,423
42.5733,-112.8745,489
42.5733,-90.2348,1048
42.5738,-76.2021,1352
42.5739,-92.7785,1092
42.5742,-70.9505,3309
42.5752,-111.7298,907
42.5756,-95.7201,913
42.5758,-88.2311,986
42.5764,-121.8678,821
42.5783,-88.7668,687
42.5788,-89.7894,932
42.5788,-88.5457,1513
42.579,-77.7338,511
42.5792,-72.4922,867
42.5792,-88.336,860
42.5793,-91.5465,510
42.5798,-90.0238,672
42.58,-77.9379,897
42.5801,-78.2538,2840
42.5807,-84.4423,2053
42.5812,-83.0303,5482
42.5813,-84.8082,2638
42.5814,-83.2464,2022
42.5816,-90.8763,871
42.5817,-94.8455,910
42.5819,-92.8835,778
42.5823,-90.6052,832
42.5825,-99.5366,605
42.5831,-75.0517,1117
42.5833,-88.4285,2378
42.5834,-76.3599,1197
42.5839,-83.1455,5251
42.5839,-77.7915,648
42.5842,-71.9887,4265
42.5849,-91.3417,556
42.5864,-95.9679,1153
42.5874,-94.3444,639
42.5875,-87.88,4895
42.5885,-83.6016,1422
42.5894,-83.3713,1406
42.59,-89.5092,459
42.5905,-74.9469,591
42.5919,-94.0189,463
42.5934,-72.2302,2598
42.5934,-71.727,1769
42.5938,-76.0975,902
42.5938,-93.4278,788
42.5942,-76.2259,2064
42.5947,-86.1051,960
42.5948,-78.9369,813
42.595,-114.1366,576
42.5951,-79.0809,997
42.5952,-73.705,1797
42.5961,-88.4365,2286
42.5967,-72.5565,1252
42.5972,-98.0356,672
42.598,-74.3298,1014
42.5981,-82.8815,1837
42.5984,-114.7595,1244
42.5984,-97.6481,820
42.5986,-91.6404,694
42.5989,-88.6245,1862
42.599,-88.7143,1118
42.5997,-72.2373,2958
42.6001,-89.6445,1899
42.6002,-99.3283,512
42.6003,-76.1914,2920
42.6008,-99.1405,1061
42.6009,-76.1791,1792
42.6011,-90.9962,520
42.602,-71.8159,4789
42.603,-85.0939,1318
42.603,-89.6376,2179
42.6036,-90.4318,978
42.604,-91.0726,625
42.6043,-96.5661,649
42.6043,-113.7848,782
42.6046,-90.7842,330
42.6048,-72.0788,1454
42.6053,-114.2091,507
42.6053,-122.8194,1267
42.6054,-72.2921,2223
42.6081,-83.9343,2029
42.6083,-83.3458,639
42.6083,-72.5617,3428
42.609,-97.8762,294
42.6095,-72.747,1472
42.6097,-95.004,1020
42.6116,-71.5647,1174
42.6125,-77.0924,828
42.6131,-88.4861,1523
42.6134,-76.822,674
42.6141,-74.7398,2657
42.6141,-94.1446,963
42.6147,-72.5971,4202
42.6165,-88.6397,2738
42.6168,-83.3335,654
42.6168,-113.6771,1509
42.6168,-89.3756,1216
42.6174,-95.1774,432
42.6174,-77.4021,893
42.6178,-76.7255,503
42.6184,-110.9155,1387
42.6185,-91.9061,812
42.6189,-113.674,1303
42.6194,-91.7295,660
42.6201,-112.0099,759
42.6202,-97.2671,901
42.6206,-73.7301,1572
42.6209,-82.5339,1082
42.6211,-71.9434,1569
42.622,-88.2843,1657
42.6228,-96.2982,857
42.624,-75.3353,937
42.6242,-79.0786,1775
42.6251,-85.7633,628
42.6254,-90.5961,1100
42.6267,-85.0276,1022
42.6284,-74.6743,1440
42.6287,-83.0233,1204
42.6288,-70.6859,4647
42.6291,-95.6441,580
42.6291,-73.1187,1421
42.6291,-84.745,1200
42.6294,-89.2573,989
42.6301,-94.5985,591
42.6305,-88.6298,2472
42.6311,-78.0526,1060
42.6316,-82.5864,1990
42.6335,-74.5628,1234
42.6345,-77.8694,277
42.635,-77.5964,1047
42.6367,-93.2524,875
42.6367,-89.9493,1285
42.6372,-90.8698,243
42.6372,-76.1854,1260
42.6375,-78.5518,1817
42.6379,-79.0295,1081
42.6382,-73.5954,1983
42.6383,-100.2371,511
42.6388,-91.2011,492
42.6389,-89.171,693
42.6389,-86.2076,1211
42.639,-71.321,3350
42.6394,-70.9553,1494
42.64,-79.0559,2526
42.6401,-92.0478,781
42.6405,-70.7712,1303
42.6407,-88.4135,745
42.6407,-70.6202,1811
42.6415,-95.1972,1789
42.6416,-78.1346,839
42.642,-91.8119,409
42.6421,-84.5308,3592
42.643,-95.1965,2115
42.6432,-87.8922,4610
42.6442,-91.4022,889
42.6444,-73.5538,1824
42.6457,-73.7325,1617
42.6458,-92.4624,1070
42.6473,-89.8572,446
42.6482,-88.3601,1013
42.6482,-112.1894,1355
42.6492,-83.2874,4049
42.6501,-85.2884,2073
42.6507,-84.6455,857
42.6512,-74.8005,1164
42.6516,-105.1776,919
42.6522,-74.9602,1272
42.6523,-78.9013,2147
42.6524,-96.874,528
42.6524,-75.1691,1084
42.6528,-77.7949,820
42.6532,-86.1969,1868
42.6537,-73.9343,1328
42.6539,-85.2964,1977
42.655,-79.0522,1448
42.6551,-77.0592,2370
42.6557,-71.1422,1744
42.6579,-111.5861,1910
42.6584,-93.502,796
42.6586,-94.898,426
42.6586,-75.0611,1688
42.6594,-84.0737,1380
42.6601,-78.0845,895
42.6607,-77.0531,1407
42.6609,-84.189,1225
42.6614,-86.2046,1071
42.6625,-71.5621,1080
42.6634,-77.7667,695
42.6635,-83.1592,5200
42.6637,-70.9842,2103
42.6638,-77.7123,368
42.6643,-104.0913,1227
42.6645,-83.7438,1372
42.6652,-91.9129,1997
42.6657,-73.7984,4201
42.6661,-77.6368,301
42.6663,-93.9024,1837
42.6665,-122.8128,2368
42.6666,-74.3133,1169
42.6682,-71.5729,2074
42.6682,-92.3339,1184
42.6683,-113.5973,663
42.6715,-89.2084,964
42.6716,-91.9128,1992
42.6716,-88.5363,2594
42.6717,-95.3045,943
42.6722,-85.6388,1671
42.6727,-90.9613,875
42.6731,-85.6417,1563
42.6747,-83.2436,3704
42.6748,-93.1298,580
42.6752,-88.2719,2523
42.6754,-74.4924,1889
42.6755,-71.5921,1307
42.6756,-73.1181,4096
42.6756,-76.8229,572
42.6757,-70.822,1163
42.6764,-90.1205,1182
42.6767,-71.7098,1182
42.6773,-78.7793,1845
42.6777,-110.9408,1620
42.679,-74.4852,1714
42.6804,-72.042,1367
42.6805,-91.5348,1312
42.6806,-75.4965,1119
42.6812,-96.6805,1130
42.682,-72.0448,1369
42.6829,-70.8371,2238
42.6833,-102.6896,557
42.6833,-84.2836,1422
42.6839,-76.957,499
42.6845,-88.0664,1739
42.6846,-103.416,984
42.6847,-89.0132,5344
42.6853,-82.7376,1948
42.6854,-75.3114,878
42.6855,-90.7077,1170
42.6864,-88.0495,1461
42.6866,-83.1197,1777
42.6869,-75.5687,449
42.6871,-110.9866,1503
42.6873,-88.543,2392
42.688,-84.2795,1612
42.6881,-103.8825,502
42.6881,-94.0496,906
42.6882,-73.8735,1616
42.6889,-73.6447,1679
42.6895,-97.0272,245
42.6895,-88.2377,1215
42.6904,-96.9809,360
42.6906,-90.6867,596
42.6912,-73.7262,1589
42.6913,-87.8221,353
42.6917,-83.3255,901
42.6922,-89.0055,5497
42.6925,-120.5453,588
42.6935,-93.6046,677
42.6942,-73.5532,2201
42.6956,-88.1288,1340
42.6969,-73.7955,1822
42.6982,-97.3626,349
42.6989,-75.2523,1893
42.6989,-74.9307,1161
42.6989,-87.9016,1839
42.7003,-71.1614,2390
42.7014,-89.8657,722
42.7017,-78.9824,1297
42.7037,-92.225,521
42.7044,-88.2516,3236
42.705,-121.9943,445
42.7053,-74.0336,1022
42.7063,-78.4441,1905
42.7071,-89.4369,1023
42.7074,-73.1151,3646
42.7088,-87.8849,5285
42.7089,-73.2014,1674
42.7091,-84.4143,3728
42.7097,-73.7631,2023
42.7121,-76.4231,1185
42.7123,-92.5817,1149
42.7127,-74.3495,1534
42.7131,-95.4368,914
42.7132,-72.4227,1916
42.7134,-102.4666,974
42.7135,-78.0121,1555
42.7143,-82.5028,1333
42.7143,-84.5609,5697
42.7152,-90.9891,925
42.7153,-85.4686,1419
42.7154,-97.2522,343
42.7178,-78.0053,1402
42.718,-70.8669,1189
42.7181,-114.5158,2160
42.719,-73.75,450
42.7194,-74.9842,1165
42.7201,-88.0014,5255
42.7202,-111.883,708
42.7204,-96.2519,656
42.7205,-114.5193,2122
42.7209,-73.8317,1635
42.7212,-84.5403,11334
42.722,-92.4695,3047
42.7229,-94.225,1958
42.7234,-78.8348,1430
42.7237,-77.8752,1299
42.7238,-94.1971,776
42.7249,-73.707,1052
42.7256,-87.8142,3571
42.7263,-77.6697,934
42.7263,-110.932,1918
42.7267,-85.7169,1630
42.7268,-85.1344,836
42.7268,-94.4368,1011
42.7272,-94.2233,1738
42.7272,-92.4763,2146
42.7279,-90.4681,2258
42.7293,-95.1834,347
42.7298,-82.797,1444
42.7304,-88.7403,960
42.7313,-91.1587,571
42.7316,-97.4986,726
42.732,-93.7298,1664
42.7321,-83.4211,604
42.7323,-88.6775,845
42.7329,-88.2503,3790
42.733,-93.3701,1427
42.735,-90.4751,1911
42.7351,-97.75,907
42.7356,-93.9179,984
42.7358,-73.6753,2922
42.737,-94.666,1276
42.7377,-90.3343,839
42.7381,-123.4294,569
42.7382,-87.8328,6564
42.7384,-84.634,2740
42.7398,-97.1697,389
42.7399,-93.5503,655
42.7401,-75.5436,944
42.7403,-75.1843,1377
42.7416,-106.3081,5437
42.7418,-91.2748,453
42.742,-93.205,1910
42.7422,-73.7504,2183
42.7426,-71.1787,4279
42.7428,-78.1408,1850
42.743,-73.7993,14957
42.7436,-78.9025,996
42.7442,-91.2607,430
42.7447,-89.5903,992
42.7461,-96.8327,503
42.7461,-109.7067,1247
42.7467,-84.5926,828
42.7479,-73.6925,785
42.7481,-74.1824,728
42.7488,-91.671,910
42.7489,-84.4824,3328
42.7491,-71.4905,5042
42.7493,-124.4981,1138
42.7495,-95.5522,2373
42.7499,-98.0315,775
42.7516,-95.5512,1607
42.7518,-76.8351,708
42.752,-92.7957,1555
42.7521,-84.3974,3562
42.7522,-76.6984,870
42.7522,-92.9737,1201
42.7522,-74.1073,1407
42.7529,-84.7449,1787
42.754,-113.49,294
42.7547,-122.4711,1699
42.7548,-105.3978,2332
42.7548,-73.061,2102
42.7561,-106.5175,1440
42.7562,-96.6055,330
42.7563,-105.3853,1644
42.7578,-93.1041,431
42.7587,-75.8867,551
42.7597,-102.3479,278
42.7612,-84.9951,791
42.7612,-77.228,747
42.7613,-104.4584,1306
42.7614,-94.2952,861
42.7622,-78.7414,1056
42.7629,-93.3655,1408
42.763,-84.8964,928
42.7634,-96.6479,2158
42.7634,-74.1331,1422
42.7636,-85.3158,807
42.7638,-71.432,1592
42.7642,-87.7806,295
42.7646,-74.2574,635
42.7652,-104.9255,272
42.7653,-73.2342,650
42.7656,-72.9521,1007
42.766,-88.2168,1450
42.7668,-78.617,1439
42.767,-86.0986,3735
42.7683,-91.9957,548
42.7702,-78.6158,2190
42.7709,-77.8969,545
42.7723,-88.5806,1882
42.7729,-73.7078,1764
42.7729,-71.8009,1681
42.7733,-91.878,894
42.7738,-92.9079,880
42.7747,-88.94,1970
42.7747,-114.703,1077
42.7777,-77.8738,589
42.7782,-89.2948,1733
42.7784,-89.2986,1520
42.7786,-75.0335,1633
42.7792,-92.6684,1039
42.7794,-73.9601,2601
42.7794,-104.6174,473
42.7798,-72.3847,1567
42.7804,-87.7716,1021
42.7815,-96.1733,2691
42.7816,-94.9491,670
42.7817,-96.9256,1987
42.7821,-96.925,1812
42.7822,-97.9817,1313
42.7828,-112.8542,1153
42.7829,-85.1375,856
42.7829,-71.0874,5219
42.7837,-83.2443,808
42.7838,-103.2567,361
42.784,-96.1712,2123
42.785,-78.6266,1614
42.7852,-88.3956,1941
42.7886,-91.1088,1345
42.7886,-77.5125,1013
42.7892,-72.8833,366
42.7903,-83.838,1397
42.7921,-73.6788,483
42.7921,-72.4879,1384
42.793,-74.6128,1227
42.7938,-77.6074,1239
42.794,-72.8156,969
42.7945,-95.6341,306
42.7947,-85.5171,1052
42.7955,-88.3985,1847
42.7965,-77.068,918
42.7965,-78.8324,962
42.7965,-112.2546,888
42.7969,-83.7516,4945
42.7969,-83.6236,2048
42.7969,-111.0215,1737
42.7974,-87.8774,6104
42.7977,-73.2215,1133
42.7982,-74.7522,648
42.7982,-76.1102,776
42.7986,-73.2573,990
42.7988,-83.623,1528
42.7989,-77.8053,1410
42.799,-86.1218,1222
42.799,-77.8095,1533
42.7992,-88.0108,5422
42.8003,-77.1358,1288
42.8004,-86.1015,7309
42.8006,-83.7177,2342
42.802,-110.9405,1973
42.8022,-77.7011,1896
42.8026,-73.9272,2985
42.8028,-77.7009,1987
42.8029,-91.5423,787
42.803,-94.4206,657
42.8044,-93.4786,1876
42.8046,-83.0026,1335
42.8049,-73.8874,3129
42.8053,-89.1259,359
42.8062,-106.4346,601
42.8064,-102.204,877
42.8081,-84.2996,908
42.8083,-82.7549,1561
42.8084,-92.2578,1071
42.8095,-85.7264,2047
42.8098,-77.2583,750
42.8098,-84.7909,321
42.8102,-94.0512,609
42.8104,-89.8606,669
42.8106,-82.7522,1544
42.8107,-97.2489,605
42.811,-96.2664,438
42.811,-88.2088,3041
42.8114,-72.0234,1675
42.8114,-98.1933,377
42.8121,-70.8866,2624
42.8125,-95.7127,434
42.8131,-89.6337,1220
42.8132,-94.5319,932
42.8142,-86.0143,1570
42.8158,-95.9726,1099
42.816,-114.8977,696
42.8169,-84.691,2711
42.8176,-88.1534,1696
42.8184,-78.8328,2323
42.819,-84.4544,2198
42.8192,-83.7812,1393
42.8198,-96.058,306
42.82,-72.5796,732
42.8201,-88.3431,941
42.8207,-83.9499,763
42.8211,-77.642,821
42.8214,-83.2535,1019
42.8214,-77.8939,649
42.8219,-77.6688,914
42.8224,-95.8068,1123
42.824,-78.0844,757
42.8248,-74.1303,2154
42.8249,-99.7475,740
42.8257,-95.1656,440
42.8258,-72.1829,1026
42.826,-103.0025,1793
42.8265,-82.4924,1557
42.8268,-96.557,1008
42.8269,-93.9813,909
42.8277,-103.0043,1379
42.8278,-88.1547,2386
42.8281,-71.5005,12698
42.8282,-78.6343,2275
42.8285,-75.553,1434
42.8307,-98.3296,418
42.8307,-77.9014,765
42.8308,-76.9843,3717
42.831,-108.7306,1970
42.8311,-70.8471,2202
42.8312,-98.4669,663
42.8316,-71.6787,2164
42.8319,-77.8584,877
42.832,-73.9604,1180
42.832,-84.2201,1464
42.8324,-77.8757,609
42.8329,-108.7335,1571
42.833,-94.701,679
42.8332,-93.0054,909
42.8347,-75.9848,593
42.8349,-88.7357,1945
42.835,-74.8721,1992
42.8353,-93.222,285
42.8357,-91.0608,1353
42.836,-84.1845,1036
42.8367,-97.4408,1184
42.8368,-77.7032,742
42.8374,-88.7343,2700
42.8375,-74.6017,328
42.8378,-78.7512,4199
42.8387,-97.8495,682
42.8387,-85.6728,2174
42.8388,-84.5838,1529
42.8389,-89.056,2259
42.8389,-89.0696,1852
42.8391,-106.3367,4794
42.8397,-91.6594,787
42.8401,-97.0672,410
42.8408,-98.5833,366
42.8418,-91.8038,1111
42.8419,-90.3961,646
42.8421,-82.8811,779
42.8421,-85.2425,645
42.8421,-106.3213,4696
42.8445,-92.5357,526
42.8452,-83.7111,2132
42.8464,-93.6084,1528
42.8467,-76.6861,1201
42.847,-71.736,1318
42.8471,-73.7826,953
42.8474,-90.7064,1578
42.8475,-94.8479,790
42.8481,-83.438,891
42.8494,-92.0972,1423
42.8496,-89.3764,996
42.8496,-75.2309,2028
42.8499,-106.3908,2049
42.8507,-73.8064,1143
42.8513,-70.9558,3183
42.853,-88.3206,2573
42.8534,-71.3624,3174
42.8537,-74.9862,911
42.8565,-105.8624,1378
42.8565,-72.6004,1161
42.8574,-91.4028,1062
42.8574,-77.676,854
42.8587,-72.5744,2183
42.8594,-106.0946,1076
42.8602,-94.9829,786
42.8605,-88.9401,3410
42.861,-106.2288,734
42.8615,-95.5447,328
42.8616,-72.5592,1861
42.8623,-97.8965,922
42.8624,-106.4367,1961
42.8624,-110.9007,2006
42.8632,-90.1818,1607
42.8634,-85.8622,1843
42.8634,-91.8867,392
42.8635,-76.9827,1864
42.8636,-71.6238,774
42.8639,-78.2797,1199
42.864,-89.5396,1144
42.864,-73.9289,2880
42.8647,-97.7052,631
42.8652,-83.1429,905
42.8657,-110.0765,2046
42.8667,-91.2362,882
42.8676,-109.8705,1336
42.8678,-94.1838,733
42.868,-94.2862,577
42.8693,-72.8611,945
42.8696,-77.8872,1507
42.8698,-84.8989,1472
42.8703,-88.3534,3614
42.8706,-72.3224,1458
42.8712,-73.1802,1995
42.8714,-88.1343,5104
42.8719,-77.2867,3283
42.872,-71.4811,1668
42.8724,-82.4839,6580
42.8725,-83.9108,555
42.8727,-112.4638,5292
42.8728,-115.7952,1151
42.875,-89.9335,775
42.8755,-100.5471,1474
42.8756,-98.6999,702
42.8757,-84.9114,1858
42.876,-106.2678,1799
42.8766,-94.6223,680
42.877,-84.0664,667
42.8772,-71.9611,1983
42.8774,-106.4147,1405
42.8787,-87.8987,4843
42.8787,-75.252,895
42.879,-88.2666,4971
42.8809,-70.8245,929
42.8812,-88.5981,1374
42.8822,-88.4634,1071
42.8823,-78.0219,1766
42.8833,-112.4447,4758
42.8834,-92.306,550
42.8836,-106.3492,1134
42.8838,-75.1914,867
42.8839,-88.0115,5339
42.8839,-88.2036,1637
42.8848,-85.5925,4152
42.8849,-73.2143,551
42.885,-124.0762,694
42.8876,-71.282,3635
42.8876,-112.5894,5285
42.8878,-78.5649,1952
42.8888,-93.2071,2143
42.889,-72.9096,1307
42.889,-77.2803,1940
42.8896,-97.1735,447
42.8898,-97.3927,2684
42.8903,-85.7067,4516
42.8906,-84.3504,1144
42.8912,-97.3901,2656
42.8917,-95.1485,822
42.8922,-78.7915,802
42.8925,-78.8597,5770
42.8931,-90.9265,1020
42.8939,-95.2436,678
42.894,-77.8481,862
42.8944,-96.1945,359
42.8947,-110.9286,2023
42.8952,-82.7683,962
42.8955,-96.3096,269
42.8965,-92.8035,970
42.8967,-77.9476,875
42.8977,-75.5123,627
42.8977,-94.376,633
42.8987,-75.6448,919
42.8989,-78.4946,1497
42.8991,-74.5679,1047
42.8991,-74.5679,1820
42.8991,-77.4242,1074
42.9,-73.2045,3096
42.9001,-90.4337,926
42.9005,-85.7521,2444
42.9006,-78.6688,1497
42.9006,-73.5625,618
42.9009,-73.35,1148
42.9014,-73.5896,791
42.9015,-91.097,780
42.9019,-85.8273,2197
42.902,-78.2591,600
42.9023,-91.1493,651
42.9027,-108.582,593
42.9036,-105.8434,754
42.9041,-73.6889,832
42.9046,-76.859,1334
42.905,-72.2117,1179
42.9056,-76.5141,1754
42.9069,-77.6123,1053
42.9085,-82.481,2458
42.9087,-73.8073,1680
42.909,-78.7508,4574
42.9095,-94.0836,1323
42.9109,-83.5173,1345
42.9116,-76.7971,1966
42.9118,-78.7044,2046
42.9119,-99.5919,295
42.9123,-94.2309,843
42.9126,-87.8623,1995
42.9128,-83.9891,1269
42.9128,-77.7073,1040
42.9128,-114.2663,516
42.9128,-77.7465,1611
42.913,-98.8474,623
42.914,-70.8118,1024
42.9156,-108.7993,3872
42.9156,-93.4733,1111
42.9158,-74.5775,872
42.9163,-96.5145,640
42.9173,-95.3431,654
42.9179,-84.38,823
42.9183,-88.8437,2385
42.9186,-90.2742,802
42.9188,-88.6895,1426
42.9195,-76.728,863
42.9196,-83.9919,1765
42.9199,-110.9953,1187
42.9206,-73.2409,1242
42.9208,-97.2791,520
42.9208,-83.0435,1056
42.9208,-73.6847,2323
42.922,-106.3474,1315
42.922,-93.0361,680
42.9223,-76.5585,3288
42.923,-101.6997,920
42.9232,-89.3877,1931
42.9238,-89.2225,2254
42.9238,-93.6141,597
42.924,-88.8455,2195
42.9243,-114.9475,780
42.9251,-89.389,1940
42.9259,-124.4532,1084
42.9263,-100.7534,599
42.9268,-91.3877,446
42.9272,-112.4583,2409
42.9273,-123.2789,935
42.9273,-85.2095,974
42.9274,-101.1018,506
42.9279,-75.8513,1247
42.929,-89.2362,2358
42.9298,-72.6128,327
42.9306,-75.3802,1080
42.931,-84.7979,958
42.9311,-78.8121,16754
42.9325,-83.6205,1726
42.9327,-74.6268,1053
42.9327,-74.6076,954
42.9338,-76.5672,2621
42.9342,-93.7932,1279
42.9346,-85.3462,1541
42.9362,-114.4047,984
42.937,-114.7132,1119
42.9377,-73.7957,962
42.9377,-101.2489,922
42.9378,-91.9504,744
42.938,-75.4636,646
42.9382,-85.366,2140
42.9389,-72.2881,3461
42.9391,-100.9573,608
42.9394,-84.0336,906
42.9394,-94.6834,568
42.94,-88.0009,2142
42.9403,-90.9723,559
42.9406,-73.1946,1360
42.9409,-88.4021,1506
42.9412,-88.0495,1622
42.9416,-74.1906,2200
42.9424,-85.6596,15039
42.9439,-70.8254,2119
42.9441,-112.8384,921
42.9441,-115.4655,984
42.9442,-93.387,1013
42.945,-95.5514,469
42.9455,-83.293,828
42.9456,-83.124,953
42.946,-98.8285,680
42.9461,-98.5697,325
42.9462,-74.3698,627
42.9465,-73.6393,1018
42.9466,-85.6068,1554
42.9467,-87.864,1984
42.9473,-76.4285,1083
42.9477,-97.6594,559
42.949,-74.2992,1370
42.9498,-95.0129,644
42.9499,-115.3082,1309
42.9504,-92.5425,1552
42.9526,-74.1921,2879
42.9534,-74.3729,667
42.9538,-72.3069,5530
42.954,-112.4562,1538
42.9542,-123.3645,723
42.9547,-77.5911,1448
42.9554,-91.6354,748
42.9557,-77.2226,722
42.9577,-109.9916,2029
42.958,-74.2363,781
42.9581,-77.0621,977
42.9582,-78.7395,1018
42.9586,-97.1812,403
42.9589,-91.813,1505
42.9593,-91.3667,579
42.9596,-71.6364,1671
42.96,-94.4456,858
42.9602,-85.4897,6375
42.9604,-88.2493,4119
42.9606,-88.0057,3083
42.9608,-77.1348,1106
42.9612,-85.6556,6076
42.9612,-78.4026,906
42.9642,-85.9292,2948
42.9642,-99.097,334
42.9642,-83.8162,1859
42.9646,-92.8678,828
42.9646,-78.8713,1088
42.9648,-92.1965,861
42.9652,-90.1307,1638
42.966,-90.1297,1830
42.9661,-96.182,704
42.9662,-90.2644,531
42.9665,-78.8072,1536
42.9667,-90.3285,920
42.9681,-77.2316,970
42.9696,-90.8596,477
42.9699,-90.4333,679
42.97,-89.0306,481
42.9705,-123.1657,1394
42.9707,-74.1598,1111
42.971,-87.8717,1452
42.9713,-72.5277,1075
42.972,-88.1292,5480
42.9729,-95.4952,837
42.973,-77.2302,1861
42.973,-78.6793,1825
42.9746,-71.9801,542
42.9749,-96.3216,917
42.9755,-77.8571,1315
42.9757,-78.5953,1531
42.9759,-77.982,1569
42.9765,-93.3155,453
42.9765,-75.5865,850
42.9768,-85.0746,2112
42.977,-70.9455,1925
42.9778,-71.6939,652
42.978,-75.2507,602
42.978,-76.1416,890
42.978,-77.9909,1489
42.9787,-85.0732,2013
42.9793,-117.0574,1310
42.9794,-90.6492,1194
42.9797,-110.9635,1492
42.9797,-94.7378,786
42.9799,-95.6834,878
42.98,-93.1872,1566
42.9811,-97.4967,466
42.982,-85.9441,4377
42.9821,-77.4098,1061
42.9834,-84.1159,1620
42.9837,-76.3405,726
42.9849,-71.4441,5222
42.9851,-78.8758,3776
42.9851,-116.0937,688
42.9853,-88.6499,1748
42.9853,-111.0296,1821
42.9853,-95.875,490
42.9854,-83.9325,868
42.9857,-70.9266,3110
42.9858,-89.4253,5388
42.9865,-84.9442,1002
42.9867,-84.143,622
42.9874,-72.6559,381
42.9877,-96.0095,1255
42.9885,-78.9546,1245
42.9889,-93.9582,1093
42.9893,-123.2999,2447
42.9894,-71.8141,879
42.9899,-97.8642,1141
42.99,-106.385,2742
42.9913,-89.5392,2612
42.9922,-71.4744,8153
42.9926,-108.4527,4773
42.9934,-82.7653,1112
42.9938,-82.4337,2585
42.9938,-123.3086,2033
42.9939,-75.055,602
42.9946,-84.558,2007
42.9953,-84.1758,2080
42.9965,-98.4302,1630
42.9966,-85.7564,4501
42.997,-102.555,242
42.997,-84.1638,3350
42.998,-96.047,1870
42.9984,-84.9352,766
42.9984,-89.9926,1028
42.9986,-78.1808,2070
42.9993,-78.7876,1055
42.9996,-91.6523,1019
43.0005,-84.5555,1864
43.0006,-74.676,851
43.0007,-88.3702,2226
43.0007,-83.6182,4388
43.0008,-108.723,5177
43.0013,-71.5135,1171
43.0013,-96.4829,1511
43.0014,-75.9822,1225
43.0018,-96.0553,1948
43.002,-84.8473,908
43.0029,-78.176,2579
43.0031,-84.3759,912
43.0035,-71.9207,596
43.0039,-82.9223,1238
43.004,-88.8085,2193
43.004,-84.7417,1028
43.0052,-98.0593,731
43.0056,-73.8545,1149
43.0058,-88.3704,1631
43.006,-89.7316,1636
43.0066,-89.0214,1102
43.0069,-108.9204,4150
43.0072,-88.029,3063
43.0073,-89.7308,1569
43.0073,-74.3751,1994
43.0077,-75.0504,2586
43.0078,-88.809,1954
43.0081,-97.106,564
43.0084,-78.6308,1364
43.0086,-88.9903,1659
43.0091,-88.2451,4587
43.0094,-75.0071,851
43.0094,-88.4756,1567
43.0096,-93.6013,642
43.0113,-75.0397,1434
43.0119,-78.8834,1771
43.0122,-83.6805,13014
43.0122,-89.8982,1315
43.0123,-88.5953,968
43.0124,-87.971,960
43.0129,-94.1957,913
43.0137,-95.1886,345
43.0138,-100.5757,443
43.0145,-112.4579,5381
43.0163,-95.0368,428
43.0165,-88.6999,676
43.017,-75.0648,808
43.017,-95.1461,370
43.017,-85.9105,1511
43.0171,-83.0771,1422
43.0178,-89.8269,852
43.018,-78.4978,1289
43.0185,-74.0318,459
43.0192,-103.6543,544
43.0192,-89.2834,2000
43.0196,-73.8522,846
43.0223,-77.7534,945
43.0227,-71.5982,1616
43.0241,-123.2784,1435
43.0244,-83.161,1984
43.0244,-83.692,5251
43.0254,-92.8082,1745
43.0257,-108.395,2384
43.0263,-108.3813,2922
43.0266,-94.5274,347
43.0269,-102.5524,1527
43.0276,-96.6268,778
43.0278,-71.4268,2357
43.0279,-70.8456,9710
43.028,-73.3813,1193
43.028,-98.8889,499
43.0281,-74.9933,1461
43.0281,-76.0864,2312
43.0283,-91.1857,1033
43.0291,-75.271,1044
43.0308,-75.9984,1196
43.0315,-74.9642,992
43.0318,-83.5187,1280
43.0329,-82.6118,1758
43.0334,-77.1552,1010
43.0334,-111.0129,1275
43.0338,-71.1678,2238
43.0349,-71.0984,1883
43.0355,-70.939,560
43.0356,-71.1755,2312
43.0359,-92.4584,682
43.0363,-72.6674,520
43.0371,-76.6253,867
43.0375,-73.8538,1405
43.0378,-75.0716,914
43.0379,-76.4424,905
43.0386,-97.5906,408
43.0387,-76.3099,578
43.0396,-94.834,422
43.0399,-85.6034,2913
43.0399,-76.2176,1054
43.04,-98.1855,642
43.041,-76.1436,4545
43.0414,-76.2485,1666
43.0416,-91.1354,2206
43.042,-89.4922,11109
43.042,-77.094,2114
43.0431,-91.1925,1237
43.0438,-72.7884,303
43.044,-94.061,795
43.044,-71.951,1936
43.0441,-85.6763,1788
43.0447,-104.6638,5881
43.0448,-74.8567,1779
43.0451,-83.3267,2461
43.0456,-74.8575,1669
43.0461,-75.8748,1431
43.0462,-88.4774,4127
43.0475,-90.3801,969
43.0475,-88.087,1640
43.0477,-77.0664,2698
43.0479,-75.281,747
43.0481,-76.5636,897
43.0489,-75.3785,718
43.0492,-78.8712,2885
43.0492,-89.0762,1336
43.0492,-115.8659,2868
43.0492,-74.3458,2040
43.0493,-83.3234,2699
43.0495,-72.6704,536
43.0498,-91.3911,1060
43.0511,-75.8824,1336
43.0512,-91.1403,2136
43.0512,-88.0851,19551
43.0516,-114.1559,736
43.0521,-106.9906,2210
43.0524,-92.9477,716
43.0527,-75.4077,627
43.0535,-74.3255,3579
43.0539,-89.3335,1639
43.0541,-85.4743,589
43.055,-86.2193,2172
43.0555,-74.1954,1056
43.0556,-92.0345,621
43.0562,-92.3147,1662
43.0571,-76.2123,1154
43.0578,-77.2358,1412
43.0594,-91.4557,953
43.0606,-70.7803,3593
43.0609,-77.2297,1054
43.0616,-92.5153,569
43.0621,-92.6713,1833
43.0627,-124.1331,1151
43.0628,-83.8426,1725
43.0632,-88.0356,3302
43.0633,-94.4252,579
43.0633,-87.9667,8904
43.0635,-76.991,1950
43.0638,-76.0698,1134
43.0643,-88.1178,4749
43.0644,-95.2837,493
43.0648,-92.6745,2247
43.0648,-93.2785,252
43.0648,-77.3003,1339
43.065,-78.271,738
43.0655,-85.9338,1991
43.0661,-88.2445,4014
43.0665,-91.9341,458
43.0667,-76.7595,986
43.067,-98.5296,711
43.0671,-76.4729,980
43.0674,-88.3888,2785
43.0677,-73.7781,4809
43.0704,-75.5992,1380
43.0704,-75.6736,4264
43.071,-75.2886,715
43.0719,-95.9037,660
43.0719,-92.1528,887
43.0729,-73.1461,1778
43.0735,-86.1941,1015
43.074,-94.2287,1664
43.0743,-76.0084,1049
43.0746,-96.1703,2144
43.0748,-96.1707,2296
43.0749,-94.0892,1347
43.0757,-70.9407,1362
43.0763,-94.2317,1955
43.0765,-75.7412,1762
43.0768,-78.1889,916
43.0769,-98.2914,1238
43.0774,-75.7115,919
43.0775,-98.9468,540
43.0776,-88.9064,1857
43.0783,-88.9044,1831
43.0783,-72.4248,1002
43.0785,-72.4543,1060
43.0789,-89.4469,814
43.0791,-88.7711,1580
43.0792,-75.5386,883
43.0793,-110.9913,2040
43.0796,-96.7802,1213
43.0811,-106.3126,3313
43.0812,-75.6331,646
43.0821,-76.1264,1016
43.0826,-77.9425,779
43.0836,-75.6372,2285
43.0837,-97.1576,459
43.0841,-75.7555,1659
43.0842,-76.8704,1346
43.0844,-91.5678,1330
43.0846,-75.3761,1109
43.0847,-77.6728,1278
43.0852,-86.0748,1228
43.0859,-90.8989,1987
43.0863,-95.6206,1058
43.0865,-73.4967,1101
43.0867,-76.1878,1016
43.0869,-88.2564,1843
43.0875,-86.227,1570
43.0876,-84.1921,1723
43.0878,-93.8866,499
43.0878,-89.4299,8303
43.0881,-99.0949,403
43.0888,-88.408,1158
43.0891,-93.9929,741
43.0893,-84.3885,970
43.0896,-73.7662,6769
43.0898,-75.2659,6550
43.09,-70.7383,1519
43.0902,-94.5512,278
43.0905,-83.7045,2202
43.0905,-77.5166,762
43.0909,-76.2426,1109
43.0913,-87.8867,1145
43.0919,-73.5918,658
43.0922,-89.2053,1966
43.0925,-90.7978,453
43.0928,-79.0147,3407
43.0935,-71.4571,2110
43.0938,-70.691,1254
43.0945,-84.8428,1094
43.0947,-76.1544,12200
43.0952,-72.7746,796
43.0964,-75.226,3713
43.0965,-85.2341,1548
43.0965,-85.233,1973
43.0976,-78.6441,1733
43.0984,-93.8031,1051
43.0992,-76.1388,1258
43.0995,-77.4431,1141
43.1,-93.6031,1324
43.1007,-75.2931,986
43.101,-73.5812,663
43.101,-88.4951,3122
43.1013,-92.0462,2216
43.1015,-97.4818,294
43.1019,-74.266,911
43.1023,-77.8816,991
43.1024,-88.3356,2122
43.1031,-77.5193,425
43.1036,-84.5136,912
43.1038,-88.4497,1259
43.1056,-76.2097,787
43.1062,-124.421,2003
43.1067,-74.78,1232
43.1069,-82.4934,923
43.107,-89.5063,2784
43.1082,-93.7021,805
43.1082,-123.4262,986
43.1084,-88.0722,803
43.1086,-84.6859,1061
43.1106,-84.9861,758
43.1122,-77.4872,1041
43.1124,-75.274,744
43.1126,-91.6769,690
43.1131,-87.9005,1321
43.1138,-108.6899,5100
43.1143,-77.5107,445
43.1147,-124.4155,1508
43.1148,-94.6796,1768
43.115,-75.4026,768
43.115,-99.1882,652
43.115,-95.7442,265
43.115,-89.6471,1245
43.1154,-101.0307,2924
43.1156,-71.8968,1267
43.1162,-72.9053,1472
43.1165,-96.9595,770
43.1171,-92.4151,409
43.1173,-83.969,845
43.1174,-89.371,760
43.1177,-83.6987,973
43.1185,-77.581,3564
43.1201,-76.2873,1022
43.1201,-123.4245,1509
43.1224,-72.4564,633
43.1226,-75.665,1064
43.1226,-93.1375,904
43.1231,-88.3814,1689
43.124,-75.2967,930
43.1255,-86.1561,865
43.1259,-88.4392,1754
43.1261,-87.9272,2180
43.1262,-77.3375,1732
43.1263,-92.9047,947
43.1264,-121.0495,1104
43.1271,-102.1019,273
43.1282,-92.7399,675
43.1283,-82.7976,1064
43.1288,-93.4659,1211
43.1301,-94.8987,580
43.1301,-96.4556,482
43.1314,-75.2557,1190
43.1315,-72.4498,1412
43.1318,-115.6967,2420
43.1331,-76.3135,975
43.1338,-95.0222,829
43.1339,-76.1304,1280
43.134,-74.4814,1436
43.1346,-72.4591,1058
43.1346,-89.7474,834
43.1349,-88.226,2639
43.1351,-70.7932,2435
43.1351,-93.3737,2981
43.1356,-71.4509,1752
43.1364,-121.8042,519
43.1365,-98.4269,453
43.1367,-75.5717,1244
43.137,-85.5545,1630
43.1372,-88.5963,1732
43.1372,-79.0351,436
43.1374,-78.6828,2260
43.1384,-115.6941,2325
43.1389,-74.9702,794
43.1392,-70.9299,1824
43.1394,-72.5111,622
43.1396,-77.2792,1099
43.1405,-93.381,2665
43.1417,-74.7759,869
43.142,-77.194,1586
43.1426,-100.9028,546
43.1428,-70.925,1579
43.143,-70.6475,1626
43.1434,-84.1686,923
43.1434,-95.152,2247
43.1435,-102.3682,939
43.1437,-88.3123,1653
43.1439,-98.1421,500
43.1441,-93.0089,1352
43.1443,-91.9345,512
43.145,-77.5771,15511
43.1451,-78.8777,1473
43.1451,-85.7035,1881
43.1455,-88.5173,955
43.1469,-72.4466,756
43.147,-91.7646,938
43.147,-95.1527,3004
43.1471,-90.7051,1635
43.1478,-93.2004,4823
43.1482,-97.7198,859
43.1499,-78.6839,3824
43.1514,-123.3874,1938
43.1523,-93.2006,3479
43.1543,-83.4042,853
43.1553,-88.3674,444
43.156,-98.5373,784
43.1564,-77.6924,1277
43.1567,-85.711,1449
43.1568,-75.3335,808
43.1572,-88.1582,1428
43.1572,-92.5916,369
43.1576,-88.2504,4659
43.1581,-87.9014,1536
43.1584,-86.2082,9612
43.1592,-75.9639,1260
43.1594,-88.1215,5208
43.1597,-76.3385,1622
43.16,-73.0671,1707
43.1604,-111.0148,913
43.1612,-75.7678,1782
43.163,-76.5382,755
43.1636,-89.9074,976
43.1651,-95.3175,929
43.1652,-91.0328,1718
43.1653,-83.5253,852
43.1656,-76.5675,903
43.1695,-78.6958,2632
43.1695,-86.2354,4377
43.1699,-77.6169,5430
43.1705,-89.0626,1329
43.1707,-72.6085,327
43.1716,-77.7071,1481
43.1719,-79.0407,951
43.172,-70.6237,1754
43.1722,-97.0824,654
43.1724,-89.7953,1208
43.1727,-73.3266,1555
43.1735,-87.9338,2062
43.1743,-87.975,1904
43.1749,-101.7323,680
43.1763,-83.8932,897
43.1764,-124.1842,1683
43.177,-83.7356,956
43.1776,-90.0688,1173
43.1786,-93.6948,896
43.1791,-95.4768,1047
43.1796,-85.254,2287
43.1797,-95.8434,1990
43.1803,-85.2648,2340
43.1803,-124.1842,1509
43.1808,-84.6799,722
43.1811,-91.868,962
43.1814,-95.6553,1244
43.1815,-71.8188,1081
43.1815,-84.8452,971
43.1817,-95.8465,1528
43.182,-103.2334,549
43.1824,-97.6351,261
43.1825,-76.2992,1930
43.1826,-87.9017,1403
43.1826,-89.2378,3286
43.1828,-83.3033,1130
43.1828,-99.2923,679
43.1829,-89.4453,2470
43.1834,-90.8569,2261
43.1835,-88.99,1769
43.1838,-111.0356,989
43.1844,-90.5718,867
43.1845,-83.3262,1116
43.1846,-84.1199,1592
43.1848,-123.4999,3090
43.1857,-90.2013,906
43.186,-84.4758,804
43.1864,-70.8836,4694
43.1864,-93.6076,1305
43.1864,-90.4319,1149
43.1864,-82.8617,895
43.1868,-75.016,658
43.1872,-76.8864,1180
43.1877,-90.3263,1362
43.1878,-97.2627,317
43.188,-85.9412,991
43.1884,-77.8074,1067
43.1884,-73.0352,1953
43.1891,-96.0032,751
43.1892,-112.5306,957
43.1893,-78.5847,1604
43.1894,-88.7289,3154
43.1895,-96.1341,1080
43.1907,-88.7287,2935
43.1914,-72.8083,716
43.1916,-102.7097,3211
43.1936,-97.8441,845
43.1937,-103.8329,371
43.1938,-111.0072,2042
43.1946,-112.3468,2251
43.1949,-110.4026,6596
43.1966,-112.4356,1330
43.1967,-92.4169,787
43.1981,-86.2733,920
43.1985,-112.3594,2488
43.1991,-94.2213,592
43.2009,-91.1521,726
43.2019,-86.241,1621
43.2026,-96.289,1918
43.2028,-91.9522,602
43.2067,-75.7214,752
43.2071,-93.0868,413
43.2077,-91.2966,540
43.2095,-77.7026,1899
43.2098,-85.0798,953
43.2098,-77.5721,3518
43.2114,-88.0142,6177
43.2115,-82.9884,967
43.2117,-78.4757,848
43.2121,-116.5485,1816
43.2133,-77.9408,1339
43.2134,-83.4593,789
43.2145,-98.1536,440
43.2151,-121.785,462
43.2164,-100.9082,3909
43.2164,-77.4219,1348
43.2167,-92.0889,602
43.218,-77.2806,1823
43.2182,-88.5159,920
43.2182,-78.39,1587
43.2184,-77.936,2301
43.2184,-94.4279,521
43.2195,-112.4378,1417
43.2197,-74.1583,936
43.2197,-78.3879,1649
43.2202,-98.4564,904
43.2204,-85.5544,1279
43.2209,-94.3253,309
43.222,-96.4874,265
43.2225,-90.297,573
43.2228,-76.8121,1267
43.223,-93.7927,452
43.2234,-77.1844,1779
43.2235,-112.3755,1376
43.2236,-123.352,2980
43.2247,-78.0292,1022
43.225,-123.3521,4116
43.2251,-75.2885,635
43.2254,-97.9658,699
43.2257,-75.0627,669
43.226,-75.4895,7856
43.2264,-85.7555,1051
43.2265,-86.2572,3415
43.2273,-89.3457,2786
43.2275,-92.7759,289
43.2281,-70.8068,1861
43.2285,-75.7444,959
43.2286,-83.192,1090
43.23,-99.4209,1191
43.23,-70.7981,1504
43.2301,-72.808,542
43.2307,-71.7131,1377
43.2308,-93.9114,637
43.2309,-76.2958,982
43.232,-85.7875,936
43.2324,-76.1448,1616
43.2325,-71.5613,7262
43.2328,-75.4355,3779
43.2345,-88.125,5324
43.235,-102.4915,2174
43.2354,-87.9768,925
43.2355,-72.4225,886
43.2357,-83.9031,2231
43.2363,-73.4907,511
43.237,-94.7505,789
43.2371,-77.0628,881
43.2372,-94.0414,482
43.2378,-99.5175,646
43.2385,-97.5774,656
43.2387,-100.815,3269
43.2394,-88.234,5441
43.2395,-108.1099,1896
43.2396,-78.9129,2206
43.2398,-77.9162,2740
43.2399,-75.0389,602
43.24,-75.8842,966
43.2409,-73.8337,1562
43.2411,-75.2566,646
43.2417,-97.6744,341
43.243,-95.1549,579
43.2437,-73.0074,1354
43.244,-108.689,407
43.2443,-95.9344,558
43.2444,-86.1123,1709
43.2457,-73.8303,938
43.2457,-89.2815,4763
43.2457,-92.4387,1006
43.2458,-78.1936,1558
43.246,-78.1902,1551
43.2461,-89.4996,988
43.2464,-93.1233,603
43.2479,-76.7229,866
43.2496,-79.0422,944
43.2507,-83.7917,1248
43.2522,-86.2708,1215
43.2527,-91.0494,1070
43.2529,-123.4575,1893
43.2531,-83.3618,1818
43.2535,-70.8879,2843
43.254,-98.6974,774
43.2557,-76.23,1494
43.2571,-93.6366,1945
43.2574,-88.6322,603
43.2586,-76.009,1581
43.2587,-70.9187,6567
43.2589,-82.8168,926
43.259,-84.9319,1509
43.2595,-96.9945,595
43.2599,-99.7173,482
43.2605,-73.1084,1310
43.2623,-93.4232,881
43.2642,-71.5811,4687
43.2648,-76.9961,1099
43.2658,-90.9566,833
43.2666,-98.1592,793
43.2672,-82.537,1067
43.2679,-82.5301,1855
43.2685,-91.4785,1530
43.2685,-102.3353,2811
43.2686,-73.5826,1205
43.2692,-72.5963,1164
43.2696,-123.3475,1223
43.27,-70.8624,1139
43.2717,-71.9618,809
43.2728,-82.6167,1394
43.2728,-83.5238,1060
43.2733,-89.7325,1149
43.2737,-77.1724,1390
43.2745,-75.1877,590
43.2772,-90.0427,866
43.2791,-101.9265,1635
43.2793,-96.2331,803
43.2793,-97.0894,712
43.2795,-90.2924,861
43.2809,-93.3789,894
43.2818,-71.4651,1221
43.2827,-92.8113,1359
43.2839,-89.7326,1540
43.2839,-92.6422,1260
43.2843,-71.8241,812
43.2857,-78.6939,2091
43.286,-76.1419,1254
43.2865,-95.6086,366
43.2868,-75.4691,1661
43.2883,-93.2008,1080
43.2886,-85.524,765
43.29,-77.7926,1214
43.2904,-77.8031,1823
43.2907,-72.7937,392
43.2911,-84.5957,2172
43.2919,-90.8255,2136
43.2919,-123.0736,2883
43.2928,-94.2176,682
43.2932,-85.0796,1330
43.2939,-89.7352,1282
43.2944,-73.6336,1058
43.2951,-94.5074,906
43.2962,-70.731,1667
43.2966,-72.4819,1660
43.2971,-91.9924,789
43.2974,-103.8323,1068
43.2976,-103.2163,1262
43.2983,-84.1476,1314
43.2985,-70.977,6092
43.2999,-87.9884,2014
43.3001,-71.3315,1178
43.3016,-91.7848,2444
43.3022,-75.1525,596
43.3023,-77.9217,2517
43.3031,-96.5856,1642
43.3039,-91.7828,2070
43.3047,-73.6959,2341
43.3047,-73.5816,1239
43.3054,-75.3855,541
43.3058,-112.1834,689
43.3058,-94.9689,669
43.3062,-88.8445,718
43.3063,-100.6609,696
43.3071,-76.3975,2174
43.3071,-88.5212,658
43.3076,-110.7449,5985
43.3082,-103.8192,294
43.3092,-96.4344,1081
43.3094,-95.7908,961
43.3097,-100.6299,1373
43.3099,-72.5005,1895
43.3101,-100.5977,1614
43.3112,-73.6453,1782
43.3117,-88.7231,556
43.312,-113.941,1687
43.3125,-73.8467,1095
43.3144,-112.165,491
43.3147,-78.8284,819
43.3151,-83.1796,1115
43.3155,-89.5399,1193
43.3162,-90.9292,1085
43.3189,-103.3907,3221
43.3192,-76.4197,1798
43.3193,-98.3441,882
43.3194,-76.5777,975
43.3196,-85.4975,453
43.3199,-88.1641,1785
43.3202,-92.8711,682
43.3203,-94.7922,902
43.3203,-88.378,3502
43.3207,-87.9476,2096
43.3213,-78.3889,919
43.3219,-85.3499,888
43.3225,-88.3777,2721
43.3232,-76.7047,1205
43.3244,-88.1641,1724
43.3264,-83.0805,1154
43.3282,-75.187,554
43.3283,-78.5535,588
43.3299,-72.5338,1007
43.3299,-73.8435,1854
43.3299,-90.5277,545
43.33,-96.7682,680
43.3301,-90.8462,2009
43.3307,-93.0687,514
43.3308,-78.7198,1729
43.3326,-100.8968,3176
43.3328,-83.7376,1552
43.3328,-83.7391,1605
43.3336,-88.8137,904
43.3337,-101.043,2170
43.334,-85.8099,744
43.334,-93.6318,1050
43.3348,-73.6838,2628
43.3351,-89.3726,924
43.3354,-88.2765,2128
43.3359,-83.352,942
43.3361,-87.9486,4365
43.3365,-75.7477,1417
43.3368,-89.03,1934
43.3372,-88.4526,590
43.3387,-90.3847,1525
43.339,-73.1684,1446
43.3398,-109.2298,5092
43.3405,-90.3834,1967
43.3417,-95.1457,1332
43.3417,-96.3037,690
43.3419,-96.0033,1375
43.3422,-73.6601,6523
43.3427,-88.6035,959
43.3437,-72.9946,767
43.3438,-89.0283,1834
43.3474,-124.2123,1097
43.3475,-97.4308,1108
43.3477,-95.1664,1017
43.3479,-124.3065,1068
43.348,-114.8008,850
43.3485,-100.3887,6091
43.3494,-96.8941,1226
43.3521,-85.0441,565
43.3521,-114.1677,1470
43.3528,-97.616,648
43.3533,-91.0957,1324
43.3534,-93.2108,914
43.3544,-73.2476,656
43.3573,-84.8307,1073
43.3595,-82.6392,909
43.3598,-91.2229,943
43.3604,-95.1292,1147
43.3616,-92.5533,934
43.3625,-89.7737,564
43.3632,-70.4603,1567
43.3641,-93.4573,939
43.3647,-89.596,3323
43.3649,-72.1766,3410
43.3683,-97.6933,663
43.3685,-86.1836,1540
43.3695,-95.1759,994
43.3699,-93.7747,840
43.3708,-83.882,2632
43.3708,-83.5775,1331
43.371,-93.119,505
43.3717,-92.1163,1659
43.3718,-96.9873,426
43.3721,-72.3492,2221
43.3736,-116.5319,614
43.3756,-89.6269,824
43.3756,-72.0392,490
43.3762,-86.2526,1256
43.3776,-99.8551,1375
43.3786,-94.0963,775
43.3796,-112.123,1373
43.3799,-92.9178,947
43.38,-92.7257,663
43.3803,-84.6544,2220
43.3803,-112.126,1338
43.3808,-72.6415,819
43.3811,-124.2326,2960
43.3811,-124.2428,3473
43.3824,-84.8408,754
43.3835,-94.3103,795
43.3841,-70.5442,2359
43.3849,-87.8841,2215
43.3854,-72.6079,832
43.3859,-89.0455,1248
43.3862,-123.3227,2245
43.3865,-72.3345,5965
43.3869,-98.8435,932
43.3881,-95.1332,1204
43.3889,-87.9439,1708
43.3894,-93.9428,940
43.3907,-84.6415,2730
43.3917,-74.3,2523
43.3922,-89.4048,1455
43.3923,-90.7734,1734
43.3929,-97.9864,1038
43.3931,-94.7036,323
43.3933,-85.4661,1411
43.3944,-94.4834,854
43.3947,-123.3181,2067
43.397,-95.1236,3499
43.3978,-97.1334,983
43.3981,-88.5319,744
43.3994,-71.0724,2271
43.3997,-94.8342,2107
43.4005,-86.3396,1628
43.4015,-95.743,1213
43.4019,-72.6992,1050
43.402,-76.481,1759
43.4029,-88.7033,1166
43.403,-70.9924,816
43.4034,-111.2795,1469
43.4035,-94.8329,1686
43.4058,-76.1264,1139
43.4065,-103.2616,1175
43.4071,-84.4755,1008
43.4072,-124.2345,1801
43.4076,-85.0367,1120
43.4083,-72.4057,1180
43.4085,-84.6112,1649
43.4087,-103.3959,562
43.4091,-84.3345,757
43.4108,-106.2773,632
43.4109,-123.2195,1232
43.4126,-86.3631,1472
43.4128,-83.1863,917
43.4134,-106.2474,496
43.4134,-73.2645,1130
43.4142,-70.581,1694
43.4151,-93.0172,538
43.4157,-73.4905,485
43.4157,-71.9861,957
43.4167,-95.1131,1931
43.4171,-93.5316,1496
43.4173,-86.3798,2659
43.4173,-85.7995,1762
43.4175,-83.9005,1815
43.4175,-88.183,3752
43.4175,-88.1817,3582
43.4179,-118.5875,2931
43.4182,-95.5367,966
43.4187,-73.2123,808
43.4192,-94.1593,655
43.4195,-103.4651,1892
43.4199,-83.9502,3754
43.4202,-82.833,1330
43.4216,-84.2399,1506
43.4219,-88.3448,1134
43.4224,-98.4074,831
43.4229,-84.0741,2549
43.423,-123.2972,776
43.4236,-97.2605,846
43.4241,-70.7579,6277
43.4248,-102.1796,1102
43.4248,-97.8109,603
43.4255,-110.7985,3072
43.4257,-82.673,977
43.4259,-73.7152,695
43.4267,-96.1664,1863
43.4277,-82.5447,837
43.4283,-89.1469,1789
43.4287,-98.6073,310
43.4291,-91.1963,978
43.4305,-110.7915,738
43.4311,-98.5267,298
43.4317,-96.7056,1420
43.4323,-88.0479,891
43.4336,-94.9466,595
43.4343,-96.7124,1983
43.4359,-83.9692,7362
43.4359,-92.5936,912
43.436,-70.7643,2220
43.437,-90.0374,467
43.4377,-124.1951,1630
43.4387,-70.3929,4980
43.4392,-92.784,652
43.44,-71.4789,1018
43.44,-92.8879,851
43.4403,-96.3314,1227
43.4406,-100.082,477
43.4426,-111.3245,3093
43.4431,-85.2669,1115
43.4438,-71.6476,1866
43.4441,-93.216,1813
43.4445,-71.5926,1607
43.445,-88.6403,1699
43.4451,-95.4372,909
43.4469,-95.3249,1141
43.4471,-95.8804,915
43.4473,-76.4928,3055
43.4487,-90.7591,1188
43.4499,-92.2841,915
43.4515,-73.3581,926
43.4522,-89.2416,1017
43.4527,-95.0859,964
43.4528,-83.6894,1055
43.4534,-121.6997,980
43.4537,-96.8241,1640
43.4539,-89.4603,1001
43.4539,-71.6699,4756
43.4546,-96.4363,925
43.4548,-82.9607,1678
43.4556,-96.824,1767
43.4563,-76.5419,527
43.4564,-71.2223,621
43.458,-89.8538,831
43.458,-91.8619,754
43.4581,-76.5037,2505
43.4609,-92.9863,581
43.4618,-92.7011,764
43.4618,-83.8408,1521
43.4625,-85.9548,1723
43.4636,-94.6143,531
43.4652,-76.2326,1330
43.4658,-85.9516,1777
43.4676,-90.1577,908
43.4677,-96.6355,1113
43.4679,-99.1262,504
43.4681,-89.7384,2496
43.4681,-88.8309,2474
43.4685,-89.7488,2361
43.4688,-114.2557,1101
43.4702,-87.9935,1421
43.471,-93.6184,448
43.4716,-88.8293,2781
43.4717,-87.9471,1358
43.4719,-110.7753,1562
43.4723,-101.1928,827
43.4723,-110.7732,1542
43.4727,-72.966,1212
43.475,-111.9596,2596
43.4752,-110.9145,4357
43.4774,-97.9871,376
43.4782,-89.7741,1020
43.4785,-121.6939,559
43.4786,-70.7271,1801
43.4787,-89.9269,1035
43.4792,-72.3907,1008
43.4806,-93.9197,790
43.4809,-75.3296,1194
43.4836,-83.9245,1350
43.486,-92.9534,1369
43.4865,-97.2167,559
43.4866,-73.123,757
43.4892,-97.8284,640
43.4893,-83.4017,1558
43.4896,-112.0353,4731
43.4904,-85.4455,859
43.4911,-97.3848,459
43.4912,-71.0231,506
43.4916,-92.364,1068
43.4918,-97.8043,896
43.4922,-103.3153,502
43.4932,-89.3018,1087
43.4944,-112.0056,5831
43.4955,-83.3902,1935
43.497,-91.2879,456
43.497,-88.5465,1504
43.4971,-100.4802,450
43.4982,-88.5476,1638
43.5006,-88.5846,5090
43.5011,-116.4169,2284
43.5018,-87.8476,1331
43.5021,-114.2904,2092
43.5053,-95.6892,569
43.5059,-92.9412,789
43.5064,-94.0883,835
43.5065,-88.7084,454
43.5065,-70.9668,843
43.5082,-90.674,906
43.5082,-93.4842,835
43.5084,-91.465,709
43.5096,-121.9353,1127
43.5099,-97.7412,687
43.5109,-73.7698,2360
43.5124,-76.0056,1306
43.5127,-114.2995,1810
43.5133,-92.5078,763
43.5143,-96.2631,600
43.5168,-88.4538,780
43.5175,-84.1147,2331
43.5178,-73.236,720
43.518,-88.2315,1430
43.5184,-86.3614,1424
43.5185,-111.9682,1088
43.5187,-84.9011,687
43.5191,-96.5562,501
43.5194,-96.6142,794
43.5197,-124.2117,1532
43.5198,-91.7681,630
43.5206,-96.0186,737
43.5236,-84.6927,888
43.5245,-83.5434,962
43.5248,-116.4036,4627
43.5253,-90.204,869
43.5256,-73.215,800
43.5265,-82.742,1014
43.5272,-98.5895,189
43.5276,-96.3593,720
43.5279,-111.9315,1032
43.528,-70.4196,5640
43.5285,-99.1439,2081
43.5298,-91.93,922
43.5315,-110.8348,2357
43.5315,-84.1023,2641
43.5316,-98.8064,624
43.5328,-94.6307,653
43.533,-100.7419,885
43.5338,-70.3568,2476
43.5344,-96.7356,7482
43.5345,-72.3536,690
43.5351,-89.9955,2242
43.5354,-89.9933,2170
43.5365,-90.4268,500
43.5365,-93.7112,594
43.5372,-95.4719,773
43.5373,-89.3026,1260
43.5395,-89.0028,1012
43.54,-99.9218,651
43.5407,-96.732,8301
43.5414,-89.1115,900
43.5422,-71.4436,4837
43.5426,-72.4011,947
43.5428,-75.1481,1300
43.5442,-90.1455,524
43.546,-109.6476,1694
43.546,-73.4338,2156
43.5463,-97.9834,459
43.5464,-116.8104,749
43.549,-89.4659,2712
43.5496,-89.4698,2077
43.5502,-97.4984,963
43.5512,-96.6354,380
43.5525,-71.0298,1153
43.554,-92.0075,959
43.5547,-87.9578,1115
43.5574,-119.082,1304
43.5575,-92.6404,568
43.5575,-85.7743,1262
43.5584,-90.8907,1283
43.5596,-86.3472,832
43.5602,-72.527,872
43.5605,-94.7752,355
43.5606,-90.8862,1930
43.5607,-93.8131,489
43.5608,-91.637,905
43.5611,-93.4235,634
43.5616,-88.9148,1165
43.5632,-93.163,282
43.564,-73.6525,1127
43.5647,-75.4277,966
43.5654,-92.719,909
43.5655,-76.126,1707
43.5667,-83.5143,882
43.5671,-100.7449,655
43.5682,-87.823,1404
43.5691,-70.3862,1614
43.5695,-86.0409,821
43.5712,-72.9685,1049
43.5714,-101.6609,1288
43.5733,-91.2261,542
43.5741,-93.2811,932
43.5757,-101.2085,1293
43.576,-74.3562,6064
43.5765,-71.4823,4044
43.5782,-90.6383,912
43.5803,-85.4482,447
43.5806,-85.3034,2918
43.582,-97.8431,424
43.5821,-96.4659,901
43.5827,-90.1302,573
43.5845,-124.1719,1284
43.5846,-93.9247,601
43.5847,-75.34,741
43.585,-116.5629,5442
43.5876,-89.0656,913
43.5883,-119.0613,1711
43.5885,-119.0539,1578
43.5893,-98.4376,470
43.5901,-83.8884,2895
43.5907,-110.842,2176
43.592,-89.7831,2505
43.5923,-88.0484,794
43.5927,-75.1174,624
43.5928,-73.2689,1490
43.5929,-111.96,867
43.5929,-96.5838,2243
43.5933,-96.5809,1947
43.5936,-71.2116,2546
43.594,-99.6932,1004
43.5942,-88.4432,1346
43.5945,-84.7601,3489
43.5964,-70.3409,2150
43.5967,-84.776,2523
43.5967,-73.043,1741
43.597,-72.3597,910
43.5975,-88.2806,1061
43.5978,-97.2926,680
43.5993,-116.2298,8379
43.6002,-123.2924,744
43.6003,-83.1765,1210
43.6005,-99.2114,1820
43.6016,-111.1108,1477
43.602,-97.6195,614
43.602,-84.0751,933
43.6034,-116.597,7369
43.6034,-71.7342,1818
43.6037,-89.7893,2777
43.6045,-92.8289,636
43.6049,-93.6743,404
43.6054,-73.1848,1020
43.6057,-72.9797,3363
43.607,-113.2407,374
43.6087,-83.8904,5738
43.609,-103.5946,447
43.6097,-72.9778,2495
43.6103,-72.5534,831
43.6106,-71.6528,1024
43.6115,-116.4007,5533
43.612,-73.2106,1324
43.6121,-86.3645,1164
43.6123,-83.842,1033
43.6124,-96.3624,660
43.6137,-92.4263,626
43.6146,-88.4952,711
43.6153,-93.5275,328
43.6159,-116.939,1079
43.617,-75.3616,894
43.6176,-116.3015,10714
43.6181,-85.23,957
43.6197,-95.799,458
43.6204,-87.9459,678
43.6215,-96.9349,1614
43.6218,-95.6055,2126
43.6219,-110.6321,590
43.6234,-72.513,986
43.6237,-96.7012,944
43.6241,-87.7881,1292
43.6248,-84.232,5334
43.6249,-70.3311,10104
43.6257,-94.9886,2069
43.6267,-97.8753,430
43.6287,-95.5997,2560
43.6288,-84.2325,5608
43.6291,-88.7362,1903
43.6293,-75.4106,922
43.6314,-70.286,3151
43.6315,-88.7375,1962
43.6319,-113.301,939
43.6325,-111.7717,655
43.6332,-70.1853,4214
43.6336,-95.9328,982
43.6341,-91.5004,1526
43.6354,-72.2538,5764
43.6374,-123.5691,437
43.6376,-94.8711,420
43.6384,-89.7758,2542
43.641,-94.1003,1654
43.6427,-76.0661,958
43.6431,-73.7835,1780
43.6434,-76.0863,1055
43.6438,-72.1469,1458
43.6441,-96.0753,811
43.6441,-85.0048,1694
43.6441,-108.1979,387
43.6445,-72.419,1236
43.6448,-94.464,3516
43.6449,-97.0745,714
43.6459,-116.6593,4552
43.6459,-94.4566,1730
43.6476,-108.2145,1403
43.6487,-96.7021,1030
43.6491,-87.8349,839
43.6499,-93.246,708
43.65,-98.8836,936
43.65,-72.3292,1388
43.6503,-72.016,751
43.6505,-72.7784,2213
43.6527,-71.4965,1551
43.6527,-71.4965,2010
43.6529,-90.8582,1491
43.6535,-90.2242,959
43.6535,-83.4671,880
43.6535,-96.2142,1738
43.6538,-93.3651,2984
43.654,-97.7799,717
43.6543,-87.9106,1487
43.6543,-93.3641,3309
43.6545,-111.9188,2506
43.6548,-96.8068,1032
43.6548,-96.212,1372
43.6549,-94.7275,870
43.6564,-89.2076,609
43.6565,-90.3344,1078
43.6581,-83.2446,899
43.6599,-82.6126,809
43.6602,-92.7064,1028
43.6603,-89.5928,1141
43.6611,-91.0959,834
43.6615,-88.0088,824
43.6617,-70.742,2073
43.6622,-72.275,4986
43.6623,-123.3143,722
43.6625,-91.2129,725
43.6662,-94.6073,1095
43.6667,-72.3377,982
43.6672,-84.908,1819
43.6675,-93.5699,892
43.6676,-116.0152,4981
43.6676,-88.7924,806
43.6681,-97.871,439
43.6683,-116.2944,1834
43.6688,-92.9767,2878
43.67,-124.1869,1478
43.6721,-92.9779,3332
43.6726,-92.0828,1425
43.6726,-116.8214,797
43.6736,-111.9135,1412
43.6745,-114.3713,2566
43.6747,-82.7728,901
43.6764,-73.0453,1741
43.677,-87.9479,896
43.6775,-116.9076,789
43.6777,-72.3204,1448
43.678,-95.1695,1050
43.6782,-84.3855,1024
43.6826,-90.2633,824
43.6835,-86.4222,968
43.6839,-114.3342,2807
43.6841,-88.5486,900
43.6868,-121.4853,2426
43.6869,-103.2087,519
43.6872,-114.3725,1626
43.6883,-113.6353,2619
43.6888,-92.3898,1562
43.6901,-92.974,391
43.6909,-71.3079,1150
43.6913,-73.9855,1204
43.6924,-85.4811,2460
43.693,-94.3495,686
43.6932,-70.435,2512
43.6933,-89.1315,1037
43.6941,-88.3661,702
43.6954,-97.4436,891
43.6957,-112.0139,740
43.6959,-71.6348,1048
43.6966,-86.3673,1214
43.6973,-95.4645,1068
43.6984,-116.4919,1788
43.6989,-124.1119,1306
43.6997,-85.4813,1914
43.6998,-97.1844,589
43.7011,-91.288,1235
43.7019,-91.0114,958
43.703,-124.1094,1316
43.7033,-72.9495,637
43.7038,-74.9969,678
43.704,-84.7637,856
43.7041,-84.978,2159
43.7042,-116.4878,3081
43.7062,-92.5702,750
43.7064,-74.9691,1214
43.7079,-70.3526,3764
43.7082,-82.9356,1041
43.7087,-92.2674,877
43.7088,-89.8937,1320
43.7099,-116.6148,2331
43.71,-116.6099,1919
43.71,-106.6373,602
43.7101,-73.303,1787
43.7108,-88.9912,1384
43.7116,-72.2731,1931
43.7123,-73.0253,1278
43.7127,-98.2612,529
43.7144,-89.4692,721
43.7147,-86.1259,1013
43.7148,-96.5033,1096
43.7151,-91.9702,1118
43.7154,-98.4836,793
43.716,-70.2311,1407
43.7165,-116.2594,1474
43.7178,-76.0668,860
43.718,-72.3057,1094
43.718,-108.1847,4067
43.7192,-98.0319,2740
43.7194,-92.7017,1077
43.7205,-112.1289,508
43.7218,-111.9924,922
43.7219,-90.5932,910
43.7225,-71.3635,984
43.7228,-97.3893,1015
43.7249,-96.8662,644
43.7253,-97.689,262
43.7254,-93.4509,248
43.7269,-116.8004,559
43.7271,-98.0422,3085
43.7273,-101.9833,1050
43.7274,-83.2671,783
43.7275,-97.5911,470
43.7283,-98.712,578
43.7288,-97.8226,839
43.7293,-87.8262,2128
43.7303,-111.1041,1731
43.7317,-83.4509,1145
43.7323,-70.218,1120
43.7327,-124.1068,690
43.7332,-91.925,596
43.7344,-113.3673,484
43.7351,-76.1344,909
43.7353,-70.5525,1486
43.7354,-88.7821,790
43.7354,-70.4354,974
43.736,-94.4366,328
43.738,-73.8215,1371
43.7387,-87.7315,3653
43.7388,-71.7026,2201
43.7388,-70.4219,992
43.7388,-76.063,799
43.7393,-95.3188,528
43.74,-87.7768,2094
43.7405,-92.8683,583
43.7408,-117.0709,449
43.7412,-90.7866,1025
43.7416,-90.2702,1287
43.7425,-92.1342,905
43.7425,-88.8669,778
43.7432,-93.7329,1312
43.7451,-122.465,1335
43.7453,-87.9653,2103
43.7458,-87.9696,2091
43.7464,-89.1384,557
43.747,-98.9566,1683
43.7477,-92.9657,805
43.7487,-118.0788,1374
43.7491,-95.9481,537
43.7492,-105.4948,1583
43.7514,-85.1446,888
43.7524,-87.7591,5395
43.7542,-71.1508,907
43.7543,-96.0725,936
43.7566,-91.5727,1008
43.7575,-96.4757,460
43.7579,-122.5031,509
43.759,-71.6894,2190
43.7592,-84.5869,1014
43.7598,-93.2056,603
43.7601,-96.7369,780
43.7601,-91.3494,759
43.7607,-70.1266,531
43.761,-94.7162,805
43.7627,-93.328,703
43.7639,-95.8263,692
43.7649,-94.1706,1388
43.7653,-89.4598,629
43.7655,-75.9522,635
43.766,-93.5644,389
43.7661,-93.9,884
43.7667,-103.5996,1451
43.7668,-70.143,935
43.7677,-94.0174,910
43.7683,-116.2601,543
43.7686,-74.8174,478
43.7722,-88.4403,3982
43.7736,-111.0313,2620
43.7742,-96.1975,1203
43.7755,-92.481,742
43.7776,-116.416,6102
43.7781,-88.0941,795
43.7791,-99.1843,795
43.7796,-86.4299,1050
43.7799,-88.4453,4512
43.7804,-89.5636,840
43.7819,-108.5678,2320
43.7821,-85.5075,842
43.784,-84.6584,1520
43.7855,-91.0436,1248
43.7863,-116.9425,944
43.7866,-75.4878,1250
43.7875,-96.9286,760
43.7885,-91.832,626
43.79,-123.0556,2080
43.7912,-70.6139,2876
43.7927,-90.3676,794
43.7929,-98.1041,404
43.793,-76.1152,736
43.7944,-89.3332,1272
43.7947,-70.2441,1868
43.7959,-123.0572,1789
43.7981,-95.3198,1012
43.7984,-88.0468,757
43.7987,-99.3296,1922
43.8,-90.0796,1920
43.8001,-70.7951,1582
43.8024,-90.7815,633
43.8033,-108.181,355
43.8038,-70.1886,2079
43.8042,-93.4844,472
43.8045,-99.3661,1471
43.8046,-91.7856,5256
43.8049,-82.9983,1387
43.8061,-92.8002,811
43.8071,-72.5123,957
43.8071,-70.8753,795
43.8089,-88.6712,1013
43.8102,-76.023,1091
43.8105,-73.0903,1528
43.811,-88.4855,1325
43.812,-71.4414,698
43.8125,-88.3886,804
43.8133,-90.5269,857
43.8134,-91.7538,1166
43.8146,-104.1507,1344
43.8146,-111.1587,686
43.8183,-83.181,909
43.8193,-92.8746,628
43.8195,-93.2726,621
43.8216,-97.199,646
43.8224,-88.1717,871
43.8228,-95.4759,846
43.8229,-111.791,2924
43.8238,-88.2411,933
43.8247,-91.2246,4231
43.8248,-96.7146,1363
43.826,-84.7618,1755
43.8263,-70.4313,2355
43.8264,-96.0242,1119
43.8278,-115.8305,741
43.8279,-94.4366,952
43.8286,-101.5012,1373
43.8289,-95.2078,807
43.8292,-111.7824,2781
43.8294,-83.2702,810
43.8297,-72.6345,1254
43.8297,-91.305,1665
43.8297,-87.8203,1354
43.8319,-88.0131,1073
43.8322,-101.2711,791
43.8329,-70.4335,3398
43.8342,-90.6269,921
43.8351,-73.7669,1543
43.8355,-69.6222,3042
43.836,-89.7991,920
43.8366,-121.4646,2491
43.8368,-84.8673,1061
43.8371,-83.3689,1661
43.8383,-88.3433,1730
43.8386,-95.047,868
43.8404,-103.1897,844
43.8419,-93.829,1156
43.8423,-73.423,1877
43.8428,-88.9558,1239
43.8429,-112.4795,343
43.8436,-88.8379,2040
43.844,-95.4666,503
43.8445,-92.1829,1461
43.8446,-88.8381,1881
43.8448,-82.6546,1191
43.8462,-92.548,519
43.848,-76.185,658
43.8489,-96.3996,917
43.8503,-104.1965,1453
43.8504,-94.6986,540
43.8513,-85.4419,952
43.8517,-75.9421,363
43.8521,-100.8814,4954
43.8556,-69.6233,836
43.8559,-89.1248,1132
43.857,-117.6265,2403
43.8571,-70.1026,1189
43.8572,-83.9646,842
43.8587,-91.2608,1291
43.8601,-92.4879,1496
43.8608,-92.49,1664
43.8625,-98.3526,322
43.8626,-91.2394,5901
43.8673,-94.7428,552
43.8674,-95.6055,913
43.8685,-93.0557,1060
43.8692,-116.4921,1550
43.8698,-97.099,908
43.87,-75.9887,2002
43.8704,-72.8036,723
43.8727,-93.2993,829
43.8728,-85.507,1316
43.8736,-95.1191,1837
43.8747,-111.7524,1446
43.8753,-90.1624,1530
43.8753,-96.1305,985
43.8759,-116.4965,2176
43.8771,-97.9775,391
43.8773,-90.2658,758
43.8779,-116.9956,1130
43.8804,-99.6012,946
43.8807,-84.4877,936
43.8813,-97.504,509
43.8821,-121.435,2701
43.8843,-89.4099,788
43.8852,-89.4925,1138
43.8852,-89.7072,998
43.8862,-75.5165,527
43.8862,-88.4978,806
43.8864,-111.6039,389
43.8864,-70.3241,1556
43.8869,-91.3468,883
43.8875,-69.9426,4003
43.8878,-111.6723,754
43.8879,-94.1583,507
43.8894,-100.7142,720
43.8897,-91.2044,2958
43.89,-96.2478,1078
43.8903,-92.847,1016
43.8928,-116.647,610
43.8933,-75.6726,987
43.8937,-90.9934,1176
43.8938,-72.1591,705
43.8939,-93.4939,698
43.8943,-75.3915,593
43.8949,-103.4268,1573
43.897,-85.8523,1023
43.8985,-91.0875,1662
43.8988,-85.2705,1425
43.8996,-96.9278,820
43.9003,-98.1464,712
43.9016,-91.0822,1616
43.9035,-99.862,839
43.9063,-96.6578,927
43.9072,-100.0584,744
43.9076,-90.9166,741
43.9092,-95.0447,811
43.9105,-124.0911,1489
43.9109,-96.9408,658
43.9115,-91.3614,676
43.912,-113.6127,845
43.9156,-96.3728,555
43.9156,-95.7831,670
43.9157,-69.9106,4697
43.916,-88.0265,1444
43.9161,-116.1992,945
43.9181,-87.7498,1294
43.9197,-90.2697,910
43.9201,-122.7818,845
43.9223,-122.8277,1232
43.9226,-123.014,1189
43.9239,-123.0143,1419
43.9241,-94.4341,450
43.9262,-100.5372,732
43.9263,-72.6664,1921
43.9267,-112.2062,397
43.9271,-93.9553,1062
43.9273,-100.3011,1194
43.9289,-97.284,613
43.9306,-95.9512,807
43.9308,-96.9435,357
43.9318,-103.5687,1040
43.9325,-69.8472,2742
43.9331,-93.6976,559
43.9375,-91.3074,1945
43.9382,-90.8127,2569
43.9383,-76.1129,1379
43.9394,-82.715,913
43.9397,-90.8115,2071
43.9401,-94.9277,1160
43.9414,-82.9967,985
43.9416,-83.2753,960
43.9427,-115.946,908
43.9431,-92.3531,1239
43.9436,-122.8578,1143
43.9451,-89.928,2074
43.9474,-69.9317,3015
43.9488,-95.6467,892
43.9492,-88.0949,1438
43.9511,-86.2195,937
43.9511,-86.2798,1108
43.9537,-96.1889,1517
43.9551,-97.0266,1973
43.9552,-89.8165,1558
43.9572,-86.4429,1664
43.9584,-111.7592,535
43.9587,-94.7941,578
43.9606,-70.6023,1461
43.9622,-90.3791,781
43.9624,-94.1669,635
43.9651,-89.2158,1288
43.9661,-111.6845,1260
43.9675,-74.4269,2776
43.9687,-92.0593,1772
43.9697,-88.95,2209
43.9698,-92.134,910
43.9704,-101.9041,870
43.9704,-116.8188,753
43.9706,-88.9474,1688
43.9708,-91.2658,2510
43.9717,-89.82,861
43.9733,-75.91,2729
43.9736,-75.6216,1038
43.9745,-86.4245,3237
43.975,-88.3175,995
43.9766,-73.1002,777
43.9772,-91.9495,902
43.9777,-83.964,1340
43.9816,-91.4946,727
43.9824,-91.8695,1021
43.9826,-97.4251,456
43.9829,-75.603,1414
43.9829,-75.6174,1430
43.9834,-94.6254,1420
43.9835,-96.8147,1246
43.984,-84.4872,1540
43.984,-117.2422,983
43.9845,-88.7721,1070
43.9848,-104.4346,1260
43.9866,-102.1263,995
43.9867,-71.1204,2410
43.987,-122.9163,1482
43.9874,-121.3591,2238
43.988,-90.5014,2547
43.988,-90.5014,2396
43.9883,-92.2321,1180
43.9902,-95.7584,1303
43.9916,-124.1065,2137
43.9917,-72.4512,856
43.9941,-102.2449,1473
43.9954,-95.9546,582
43.9959,-96.3111,1849
43.9959,-72.1245,885
43.996,-102.9846,492
43.9969,-96.9645,458
43.9988,-97.3616,908
43.9996,-111.3434,282
44.0003,-96.6485,938
44.0017,-70.5328,1645
44.0018,-95.8556,493
44.0022,-91.428,1278
44.0031,-75.9584,767
44.0043,-121.3837,1263
44.005,-90.568,505
44.0053,-75.9831,717
44.0059,-124.1115,2565
44.006,-97.6975,579
44.0062,-97.1085,1951
44.0067,-97.7896,1664
44.0067,-94.0703,719
44.0072,-91.5609,989
44.0073,-87.9248,809
44.0079,-97.9237,676
44.0079,-97.1113,1884
44.0079,-73.1576,3419
44.0084,-97.5956,1567
44.0085,-93.7839,393
44.0086,-70.0576,1742
44.0095,-75.7965,1212
44.0108,-69.678,1793
44.011,-96.0967,667
44.0112,-76.043,741
44.0114,-73.1634,1900
44.0116,-88.8414,933
44.0117,-97.5246,892
44.0124,-75.7701,695
44.013,-84.8106,1750
44.0137,-103.3149,3549
44.0143,-92.4786,6835
44.016,-92.4755,6522
44.0164,-84.7957,1637
44.0168,-116.9207,1495
44.0168,-75.7002,2185
44.0172,-69.5202,1688
44.0174,-107.951,1566
44.0201,-70.972,1570
44.0201,-91.1019,723
44.0204,-107.9617,1945
44.0212,-98.1032,661
44.0212,-69.9013,1712
44.0221,-90.0751,1508
44.0231,-75.6493,356
44.0232,-88.5623,4765
44.0242,-124.1178,1386
44.0253,-116.9774,2221
44.0261,-88.5702,5203
44.0262,-89.8861,1334
44.0271,-91.7697,1183
44.0279,-90.3861,682
44.0285,-75.7961,5135
44.0285,-92.8522,1410
44.0297,-70.1075,1687
44.0302,-88.1617,1825
44.0328,-84.0186,898
44.0332,-92.7486,1699
44.0334,-116.9791,3390
44.0334,-123.8648,861
44.0335,-98.9884,256
44.0351,-107.4482,394
44.0356,-75.9033,1074
44.0357,-71.1172,2370
44.0357,-71.1172,2687
44.0365,-75.6824,746
44.0371,-92.6403,1595
44.0381,-92.6411,1603
44.0381,-85.4538,900
44.0382,-89.1212,1001
44.0383,-92.752,1676
44.0387,-89.5311,1107
44.0388,-85.683,896
44.0389,-121.3665,1326
44.039,-103.1116,1779
44.039,-88.737,1421
44.0395,-98.8813,632
44.0396,-71.6954,1154
44.0396,-95.3193,427
44.0409,-101.6648,716
44.0409,-75.8494,2150
44.0422,-95.4375,743
44.0426,-82.9951,902
44.0434,-83.6895,1808
44.0442,-83.6934,1370
44.0447,-75.7878,3438
44.0449,-92.9972,942
44.0454,-73.4613,1071
44.0455,-96.6018,1238
44.0467,-123.3543,1958
44.0472,-123.3513,1456
44.0478,-94.1707,1216
44.0482,-94.4199,1117
44.0484,-86.181,919
44.0486,-69.5333,1337
44.0489,-83.8573,966
44.05,-91.6734,3309
44.051,-121.3182,5912
44.0513,-91.6681,3956
44.0533,-89.1159,1396
44.0535,-94.8377,435
44.0537,-122.9809,3624
44.0542,-98.2717,804
44.0545,-95.5477,453
44.0549,-99.4048,2925
44.0559,-95.1954,565
44.0567,-121.308,5384
44.0568,-123.119,6056
44.0589,-96.471,638
44.0599,-72.9745,1400
44.0605,-71.671,1490
44.0605,-71.671,2014
44.0642,-91.9436,1567
44.0652,-92.7472,1112
44.0673,-103.1223,2299
44.0674,-89.2911,1518
44.0681,-87.8858,1089
44.0684,-76.1327,900
44.0684,-88.3097,1645
44.0688,-91.7146,1352
44.0695,-123.0857,7783
44.0695,-102.4464,398
44.0697,-98.4246,619
44.0705,-95.6669,674
44.0711,-94.5713,267
44.0711,-101.1554,532
44.0711,-103.2179,6793
44.0715,-123.3571,1005
44.0715,-75.5002,1028
44.072,-115.6183,1293
44.0722,-116.1317,1349
44.0727,-99.6384,987
44.0733,-111.4483,725
44.0733,-103.222,6442
44.0738,-71.2826,1108
44.0741,-99.5838,547
44.0765,-70.7155,2469
44.0787,-70.1955,5089
44.0801,-116.9269,1836
44.0805,-98.5712,1219
44.0808,-72.0577,2023
44.0812,-93.5064,1771
44.0815,-93.504,1882
44.0819,-69.1795,1321
44.0823,-73.5338,898
44.0834,-115.9585,2458
44.0836,-123.1321,1220
44.0839,-93.8605,731
44.0843,-91.3575,1035
44.0845,-70.2496,6994
44.0846,-103.438,1755
44.0849,-76.1975,483
44.0857,-87.9811,1186
44.0867,-92.0169,1263
44.0867,-90.8384,700
44.087,-75.8078,821
44.0885,-93.2282,3212
44.0888,-69.1213,3302
44.0895,-70.1721,5306
44.0902,-96.1989,864
44.0911,-87.8626,452
44.0919,-93.2317,3536
44.0923,-91.75,453
44.0929,-73.5214,1747
44.0933,-69.3784,2109
44.0945,-72.0223,1720
44.098,-87.6789,3847
44.0986,-102.8403,1094
44.099,-69.8096,2424
44.0994,-91.8186,599
44.0998,-85.1409,1030
44.1009,-85.4589,565
44.1027,-72.9938,1395
44.104,-104.6365,1460
44.1049,-95.6702,5271
44.1054,-94.2191,1186
44.1063,-88.6573,1009
44.1071,-86.211,925
44.1109,-103.0811,3497
44.1111,-94.9028,594
44.1113,-88.712,1106
44.1117,-70.3941,2099
44.1125,-87.6547,4404
44.115,-123.1343,1962
44.1152,-83.8122,895
44.1154,-115.9758,639
44.1177,-72.5505,1663
44.1185,-88.1017,646
44.1188,-91.6898,1899
44.1198,-93.7097,1126
44.1199,-97.2154,476
44.1201,-70.1038,761
44.121,-111.321,740
44.1232,-76.3307,761
44.1239,-69.1305,3255
44.1247,-71.9578,1704
44.1274,-90.5211,1103
44.1292,-92.2544,875
44.1312,-90.9969,813
44.133,-73.1454,1484
44.1333,-89.521,929
44.1334,-103.1237,1550
44.1344,-91.5493,620
44.1352,-118.9763,810
44.1367,-88.9981,777
44.1377,-73.0913,1402
44.1385,-123.057,993
44.1409,-94.0336,403
44.1415,-88.1611,1102
44.1415,-83.7881,919
44.1416,-72.0268,1235
44.1424,-76.0452,2846
44.1449,-70.5239,2614
44.1458,-72.4814,1187
44.1465,-72.6571,1416
44.1473,-103.0654,2239
44.1476,-87.8267,658
44.1483,-72.4495,1470
44.1486,-89.0759,981
44.1487,-94.4945,451
44.1494,-108.8632,1106
44.1514,-103.334,1976
44.1525,-87.9518,1000
44.1528,-92.9,941
44.154,-75.7098,889
44.1548,-96.4626,489
44.1561,-121.328,1186
44.1561,-87.5774,2234
44.1565,-72.068,1248
44.1573,-72.4776,1289
44.1584,-92.5392,1555
44.1599,-97.0194,912
44.1607,-72.5023,1264
44.1635,-93.882,1260
44.1647,-92.1692,1329
44.1648,-97.7203,1097
44.1649,-88.4796,2812
44.1676,-120.7889,2331
44.1677,-73.2553,1423
44.1685,-93.2473,992
44.1695,-75.0389,1891
44.1696,-91.265,781
44.1698,-88.8961,920
44.1711,-93.9764,4048
44.1712,-112.2283,1500
44.1723,-93.9972,4597
44.1735,-88.0678,1596
44.1751,-122.8582,1001
44.1769,-88.275,1689
44.1775,-96.1034,690
44.1783,-89.2445,1095
44.1809,-74.8683,4002
44.1827,-94.0411,2304
44.1831,-73.4326,1396
44.1833,-72.8345,735
44.1834,-98.3684,1160
44.1839,-97.5383,277
44.1881,-121.1817,2330
44.1893,-90.6457,926
44.1898,-70.1451,1462
44.1901,-123.2834,623
44.1916,-83.9322,956
44.1922,-88.2941,5128
44.1933,-75.9546,1653
44.1933,-103.3422,1498
44.1943,-85.4898,717
44.1944,-84.0462,3051
44.1951,-69.7938,3596
44.1961,-85.2154,1019
44.1973,-91.8807,656
44.1974,-103.35,1675
44.1981,-92.6281,2261
44.1982,-88.6599,1381
44.1991,-72.508,1813
44.1995,-75.609,910
44.1998,-120.7467,8808
44.2005,-87.7209,968
44.2036,-89.8446,2088
44.2041,-103.3445,442
44.2063,-89.7881,932
44.2064,-93.6813,986
44.2081,-93.8179,1063
44.2081,-69.0765,1831
44.21,-95.1295,1307
44.211,-123.2067,1526
44.2111,-70.5211,1830
44.2118,-71.9096,1657
44.2118,-114.9341,669
44.2119,-123.2002,1651
44.2123,-88.4274,2232
44.2125,-95.7602,480
44.2128,-89.763,1763
44.2131,-86.2731,536
44.2135,-72.5283,3443
44.2138,-69.0685,1762
44.2147,-86.2888,451
44.2148,-88.1496,1457
44.2155,-75.7959,1020
44.2175,-89.4969,1133
44.2177,-103.3756,1157
44.2178,-70.513,1788
44.2189,-72.2011,1394
44.2197,-86.3031,644
44.2216,-95.3611,687
44.2219,-93.5726,1180
44.2227,-92.3737,364
44.2227,-85.9681,896
44.2232,-91.8659,1250
44.2236,-88.4791,3228
44.225,-95.4692,948
44.2252,-87.8031,667
44.2252,-93.4452,962
44.2261,-73.5889,1651
44.2271,-91.8411,799
44.2282,-74.4645,1379
44.2282,-97.3095,450
44.2283,-86.3064,2734
44.2285,-87.6398,1450
44.2298,-74.4619,1313
44.2306,-95.2676,794
44.2308,-94.4361,601
44.2308,-70.5634,2040
44.2327,-105.4309,585
44.2329,-95.8711,1094
44.2337,-83.8033,919
44.2342,-116.9924,1424
44.2349,-97.1748,485
44.2351,-96.4794,1110
44.2372,-94.9819,1244
44.2372,-96.0519,298
44.2373,-69.7512,1327
44.2375,-76.0827,1149
44.2398,-85.0801,749
44.2404,-95.6209,1405
44.2443,-92.2967,351
44.2445,-97.044,551
44.2453,-86.3275,1644
44.2455,-86.2929,994
44.2459,-85.4311,2619
44.2475,-117.5187,1535
44.2486,-91.4915,1644
44.2491,-99.4567,477
44.2492,-85.7256,604
44.2498,-107.615,1839
44.2505,-88.4094,9426
44.2508,-116.9687,1420
44.251,-69.7835,1400
44.2512,-85.42,2993
44.2529,-76.0441,1505
44.2534,-72.9609,329
44.2547,-116.9689,1568
44.2578,-70.2579,1096
44.2592,-114.3831,230
44.2599,-88.8701,937
44.2607,-121.1824,3920
44.261,-89.4086,929
44.2614,-121.2995,3539
44.262,-88.3095,1189
44.2622,-93.3769,844
44.2622,-96.2993,1626
44.2644,-121.182,3436
44.2645,-104.9476,1020
44.2664,-72.5715,2879
44.2668,-88.338,1376
44.2672,-83.523,1184
44.2673,-72.4912,443
44.2698,-107.9642,839
44.2703,-123.1626,1091
44.272,-86.2805,1130
44.2726,-92.9864,1380
44.2726,-105.4989,4373
44.2735,-75.8575,534
44.2737,-92.5402,947
44.2738,-84.2366,1126
44.2739,-83.5086,2031
44.2746,-94.1881,865
44.2752,-105.496,4025
44.2753,-94.3424,1467
44.2757,-88.673,1110
44.2777,-88.2651,2605
44.2779,-96.1361,1316
44.2784,-68.3286,1054
44.2786,-87.8021,981
44.2787,-71.689,1161
44.2789,-88.3883,4578
44.281,-72.4318,624
44.2811,-76.0082,610
44.2812,-73.9829,1689
44.2818,-89.965,324
44.2818,-85.4008,1380
44.2825,-94.8466,905
44.2833,-96.6829,830
44.2841,-88.5473,5427
44.2842,-73.9864,1059
44.2863,-76.0255,495
44.2872,-69.818,2199
44.2877,-85.6013,832
44.2878,-92.4271,694
44.2884,-75.6264,577
44.289,-72.9692,497
44.29,-96.5243,343
44.2902,-68.2909,772
44.2908,-83.4838,1523
44.2909,-98.4276,908
44.2911,-88.3204,2306
44.2919,-93.9685,1012
44.2924,-121.553,1262
44.2952,-92.6729,1535
44.2955,-72.0498,718
44.2969,-90.8492,1747
44.2975,-93.2789,2906
44.2982,-75.8079,1274
44.2985,-90.8428,1858
44.2985,-120.8607,3252
44.2989,-94.7236,1242
44.2992,-116.0784,1235
44.2997,-93.2789,3599
44.3006,-84.6916,2999
44.3008,-84.6655,1534
44.3011,-84.7499,2977
44.3014,-96.7866,3025
44.3023,-91.7052,379
44.3028,-92.7873,1081
44.3034,-96.7873,3392
44.3044,-90.1076,1599
44.3048,-86.0167,1027
44.3069,-120.8512,2599
44.307,-91.9987,505
44.3073,-73.2573,759
44.3086,-89.5062,2049
44.3091,-85.7006,905
44.3098,-91.4207,1853
44.3116,-75.433,1968
44.3118,-124.1014,866
44.3121,-94.4689,2895
44.3127,-94.4675,2191
44.3132,-89.9079,1670
44.3132,-95.2135,462
44.3152,-93.574,335
44.3169,-88.0972,922
44.3169,-123.2989,651
44.3184,-73.1909,592
44.3203,-75.2494,873
44.3204,-95.944,870
44.3206,-74.1274,1598
44.3217,-91.1205,775
44.3218,-96.9222,971
44.3234,-69.9508,2135
44.3236,-93.8353,672
44.3236,-88.9331,1125
44.3239,-69.8075,4250
44.3259,-74.1309,1549
44.326,-97.9184,539
44.3264,-72.9894,823
44.3271,-91.2994,1882
44.3271,-88.1756,1934
44.3272,-93.9675,2037
44.3274,-96.6423,767
44.3284,-94.6034,731
44.329,-83.6657,3511
44.3293,-93.9677,2236
44.3296,-72.1725,1127
44.3297,-85.2085,929
44.3303,-123.3628,842
44.3308,-71.7687,2640
44.3313,-90.7637,438
44.332,-89.1628,1680
44.3325,-85.2972,791
44.3331,-73.1092,1013
44.3349,-69.7342,6742
44.3358,-88.6366,1672
44.3364,-72.7491,1032
44.3366,-75.466,1344
44.3372,-75.9227,786
44.3385,-106.7153,1935
44.3398,-91.9185,2092
44.3421,-89.1248,1348
44.3421,-89.1248,2701
44.3429,-93.064,1079
44.3437,-96.5923,448
44.3454,-90.7631,680
44.349,-122.7856,1525
44.3493,-87.8312,1275
44.35,-89.07,2555
44.3501,-117.2668,781
44.3524,-106.6997,1645
44.3528,-103.7671,1303
44.3533,-121.1808,915
44.3534,-72.3497,461
44.3534,-104.8105,1042
44.3547,-124.094,964
44.3549,-94.8361,923
44.3553,-103.7694,1790
44.3561,-122.8649,1259
44.3573,-89.8504,2220
44.3587,-84.4118,2173
44.3593,-103.4538,742
44.3605,-91.3378,1771
44.3614,-84.4164,1696
44.3615,-98.2195,2550
44.3617,-97.376,791
44.3623,-98.2096,2833
44.3635,-73.3932,1256
44.3635,-97.1338,1190
44.3642,-121.6686,2599
44.3654,-123.3559,1054
44.3656,-86.2021,696
44.3666,-100.3823,1603
44.3676,-98.1814,652
44.3678,-112.1843,970
44.3679,-97.8495,715
44.3686,-103.7702,358
44.3693,-98.0421,582
44.37,-72.5501,316
44.3702,-89.8138,4241
44.3709,-89.7492,1850
44.371,-92.5113,511
44.3711,-92.0457,2599
44.3713,-71.61,1146
44.3723,-86.0136,954
44.3742,-72.886,237
44.3745,-100.3324,3147
44.3752,-100.32,3277
44.3772,-97.2347,307
44.378,-72.7208,598
44.3797,-73.1316,859
44.3801,-95.0548,558
44.3806,-108.0471,1396
44.3813,-68.2111,1618
44.3818,-123.5958,359
44.3828,-123.1095,682
44.3831,-91.0148,970
44.3847,-96.1839,489
44.3861,-97.5497,977
44.3866,-93.7311,1176
44.3869,-73.8172,2606
44.387,-103.7207,2016
44.3887,-88.7419,1943
44.3905,-73.218,2431
44.3922,-122.9833,1052
44.3928,-68.0917,1337
44.3929,-89.8267,3385
44.393,-122.5026,2034
44.393,-118.9495,1077
44.3934,-71.1985,1178
44.394,-68.806,1127
44.3959,-88.7386,2144
44.3971,-103.6046,1588
44.3974,-99.1103,460
44.3987,-68.581,1970
44.3994,-92.6255,952
44.3999,-122.7107,2077
44.4018,-95.8741,977
44.4025,-95.2554,837
44.4033,-120.9208,602
44.4038,-70.7864,1159
44.404,-122.7015,2092
44.4041,-85.7173,1047
44.4048,-104.3662,1586
44.405,-88.8113,1193
44.4057,-73.0015,1016
44.4068,-72.3167,1012
44.4088,-93.0303,1017
44.409,-103.5164,1824
44.4102,-95.4129,571
44.4103,-72.1416,919
44.4104,-103.4996,2325
44.4108,-98.4739,1366
44.4113,-85.4005,1134
44.4126,-83.339,1316
44.414,-71.7123,604
44.4151,-75.3925,780
44.4159,-94.9249,674
44.4166,-72.8575,599
44.4168,-68.9945,1706
44.4169,-119.1132,750
44.4169,-90.7511,1050
44.4177,-95.5536,464
44.4181,-118.9563,1365
44.4184,-124.0662,1496
44.4196,-91.9973,1056
44.4199,-86.1452,506
44.4206,-73.3827,1515
44.4211,-84.1154,942
44.4233,-96.5562,641
44.4236,-72.0154,1632
44.4241,-83.3322,847
44.4242,-121.2757,4130
44.4246,-91.2083,598
44.4259,-69.0264,5298
44.4261,-124.0515,2136
44.4277,-93.2038,1234
44.4282,-84.7097,1932
44.4284,-89.7658,1955
44.4292,-84.0239,1632
44.4304,-72.0086,3251
44.431,-88.0799,3140
44.4334,-74.2508,461
44.4335,-97.9879,346
44.4356,-71.8864,951
44.4359,-96.646,849
44.4365,-73.1826,3681
44.437,-90.9128,909
44.4378,-96.8906,552
44.4381,-103.6434,865
44.4408,-124.081,1072
44.4417,-90.1366,1280
44.4428,-92.1477,772
44.4438,-92.2718,1521
44.445,-88.5764,1136
44.4451,-93.5798,1440
44.4457,-92.2809,1924
44.4464,-75.6935,695
44.4471,-108.432,913
44.4471,-94.3927,1018
44.4471,-93.1703,2706
44.4482,-95.7885,2615
44.4483,-89.2817,1053
44.4491,-95.7892,2920
44.4493,-121.6496,1612
44.4506,-90.8345,1022
44.4507,-123.2043,626
44.4516,-118.1863,727
44.4531,-71.6742,1447
44.4547,-73.6709,1429
44.4548,-83.349,3916
44.4551,-98.6968,558
44.4556,-93.1703,2654
44.4572,-89.0243,895
44.458,-123.1119,1115
44.4607,-89.1465,849
44.4608,-87.9559,3450
44.4611,-118.7094,904
44.4615,-88.9205,1159
44.462,-89.538,2962
44.4623,-103.6383,742
44.4623,-116.7407,1455
44.4636,-87.5217,1706
44.4643,-96.2517,731
44.4648,-100.3449,1044
44.4668,-119.5322,658
44.467,-103.8636,1147
44.4671,-75.2312,637
44.4672,-72.6838,797
44.4685,-89.3172,1009
44.4701,-73.1523,7149
44.4705,-93.9018,2069
44.4716,-72.9722,446
44.4723,-88.0262,1940
44.4726,-70.1808,996
44.4745,-88.4502,906
44.475,-68.9156,1894
44.4759,-95.3359,916
44.4776,-93.4242,1467
44.4781,-98.1372,796
44.4794,-88.0875,3195
44.4805,-89.9676,976
44.4809,-91.6721,1661
44.4817,-85.9252,877
44.482,-71.1629,2019
44.483,-122.8691,505
44.4843,-71.2771,7112
44.4855,-97.2079,935
44.4865,-108.0557,1351
44.488,-97.4409,626
44.4883,-84.5899,1165
44.4886,-71.5742,1566
44.4894,-97.7505,438
44.4901,-89.56,1221
44.4902,-89.3035,921
44.4903,-73.1141,1941
44.491,-92.2721,881
44.4914,-103.8163,3773
44.4919,-73.2389,2914
44.4927,-86.2365,702
44.4929,-70.1926,1342
44.4931,-93.6264,657
44.4938,-98.3466,911
44.4947,-122.8243,317
44.4954,-88.1556,5218
44.4956,-73.1849,1067
44.4964,-103.8605,2548
44.497,-72.3645,1138
44.4972,-89.8018,996
44.5005,-85.6719,1225
44.5025,-88.0399,9680
44.5027,-72.9903,1070
44.5038,-92.3526,1233
44.5041,-73.4811,2228
44.5048,-89.5458,4551
44.5058,-114.2283,1275
44.5064,-122.9006,983
44.5066,-95.4141,577
44.508,-72.8987,420
44.5086,-96.4264,894
44.5088,-116.0436,1844
44.5097,-89.1172,1175
44.5107,-103.9045,1877
44.5116,-95.8926,508
44.5121,-75.2977,1812
44.5144,-88.3273,1517
44.5151,-72.0138,443
44.5158,-99.2005,494
44.5159,-99.9886,634
44.5166,-98.9379,532
44.5173,-92.8893,1946
44.52,-85.938,906
44.52,-89.5463,432
44.52,-98.9862,903
44.5206,-85.8707,1000
44.5212,-109.0575,2906
44.5214,-99.4393,1246
44.5215,-87.9866,6123
44.5233,-72.9462,785
44.5234,-121.211,757
44.5243,-86.0022,1211
44.5243,-93.9135,941
44.5247,-109.0502,2387
44.5253,-89.5504,3777
44.5258,-122.9025,2654
44.5258,-99.7416,583
44.5266,-93.0206,886
44.5283,-94.723,1039
44.5292,-67.8949,1229
44.5296,-71.9981,1097
44.5306,-94.8841,910
44.531,-122.9081,2431
44.5313,-90.8792,967
44.5313,-88.7275,872
44.5332,-94.5242,740
44.5342,-111.3378,2239
44.5345,-107.7845,970
44.5354,-67.6076,1146
44.538,-70.446,1215
44.5394,-90.0315,823
44.5406,-72.0156,562
44.5408,-95.1036,1647
44.542,-123.3595,1304
44.5421,-101.9136,467
44.5423,-94.36,1025
44.5447,-87.7066,1439
44.5448,-70.5602,2547
44.5453,-69.6614,3340
44.5454,-93.574,1639
44.5457,-93.5756,1801
44.5457,-103.7199,1053
44.546,-104.0828,675
44.5471,-95.1026,2087
44.5476,-123.1108,1766
44.5478,-97.7013,523
44.5493,-100.468,1230
44.5514,-69.6542,3733
44.5518,-72.4701,857
44.5525,-69.7061,2111
44.5532,-91.3886,1006
44.5533,-94.9843,999
44.5534,-69.6085,2223
44.5551,-92.5455,2601
44.5552,-87.6203,741
44.5558,-94.2132,1247
44.5568,-70.5415,1604
44.5569,-70.5337,1207
44.5572,-72.59,1270
44.5577,-96.5465,360
44.5603,-90.5908,1504
44.5614,-72.2656,1356
44.5625,-95.9827,1094
44.5634,-98.2055,429
44.5651,-74.9467,1169
44.5671,-93.3343,1763
44.5672,-88.4678,854
44.5678,-123.2923,3796
44.5679,-92.3093,997
44.5686,-88.0717,3907
44.5699,-123.2783,3461
44.5703,-91.6669,1792
44.5717,-116.6781,632
44.5724,-96.6414,503
44.5725,-97.1084,2018
44.5731,-106.9142,2424
44.5737,-120.1529,1026
44.5758,-85.3478,774
44.5766,-91.4703,679
44.5768,-96.9011,883
44.579,-72.3155,1462
44.5793,-73.5333,1259
44.5798,-91.2138,1303
44.5801,-97.2116,848
44.5805,-89.4106,1659
44.5813,-92.605,5359
44.5829,-68.4801,8085
44.584,-75.6455,900
44.5844,-122.7417,1812
44.5875,-121.176,628
44.5877,-71.941,660
44.5883,-90.4604,670
44.5884,-68.7986,3067
44.5885,-85.5241,1047
44.5893,-92.4535,698
44.5899,-97.4673,657
44.5903,-69.6052,1231
44.5908,-75.3198,489
44.5942,-96.0629,911
44.5943,-70.2375,1837
44.5949,-89.7697,1115
44.5961,-72.1152,728
44.5969,-75.1678,1352
44.597,-123.521,677
44.598,-95.2134,792
44.599,-92.8196,1200
44.5991,-72.6084,972
44.6,-75.1666,1849
44.6007,-74.9754,2056
44.6021,-92.5335,1262
44.6021,-111.8124,797
44.6033,-73.016,979
44.6038,-92.9328,394
44.6047,-101.4993,711
44.6052,-90.9567,1095
44.6056,-89.8552,907
44.6057,-87.448,1423
44.6065,-73.8089,1053
44.6065,-95.3287,869
44.6083,-94.0768,1152
44.6088,-93.0026,1007
44.6109,-88.4934,958
44.611,-95.6719,909
44.6114,-71.5175,1303
44.6156,-89.0202,625
44.6161,-86.0989,966
44.6164,-75.4,792
44.6176,-95.4138,549
44.6181,-93.7597,1712
44.6183,-103.3987,1108
44.6187,-69.3446,1229
44.6197,-123.9337,1354
44.6198,-93.7646,2219
44.6207,-86.2342,785
44.621,-97.9651,731
44.6214,-124.0438,2868
44.6221,-88.7517,1913
44.6224,-91.9603,1200
44.6242,-88.7602,1484
44.6266,-90.0144,1307
44.6267,-88.033,5473
44.6269,-123.0967,3836
44.6273,-86.0998,584
44.6279,-97.6381,554
44.6294,-98.4082,474
44.6297,-74.7927,1648
44.6301,-72.0315,1211
44.6302,-89.3052,931
44.6304,-73.1224,1602
44.632,-73.1303,2134
44.6326,-121.1296,1965
44.6335,-90.3619,1037
44.6336,-124.0587,2786
44.6343,-92.0211,777
44.6351,-123.0934,4359
44.6355,-85.2874,1648
44.6356,-92.1917,927
44.636,-123.5767,513
44.6368,-86.232,1071
44.637,-72.6787,981
44.6371,-85.8479,1286
44.6373,-72.8814,1010
44.6376,-86.2278,1869
44.6376,-122.9059,1223
44.6383,-112.5918,679
44.6399,-106.3813,371
44.6403,-87.7648,941
44.6414,-96.1699,1283
44.6414,-96.9003,460
44.6425,-90.1048,876
44.6438,-71.9793,626
44.6446,-69.4887,2702
44.6466,-72.8261,800
44.6481,-68.8613,2186
44.6484,-73.3013,944
44.6489,-92.6189,1200
44.649,-85.7634,1011
44.6513,-95.5358,788
44.6575,-83.2946,722
44.658,-84.7111,1300
44.6591,-97.2045,614
44.6592,-93.1687,3576
44.661,-85.6883,733
44.6622,-106.142,1201
44.6622,-111.107,865
44.6623,-84.146,2626
44.6633,-90.1717,3373
44.6633,-90.1666,3048
44.6638,-103.8591,2724
44.6638,-73.4529,1006
44.6639,-121.1604,2594
44.6642,-72.5889,1514
44.6646,-86.2499,540
44.6646,-93.6402,1729
44.6646,-93.6402,1570
44.6659,-103.8508,1535
44.6664,-86.0194,667
44.6669,-96.6252,1020
44.6682,-88.2343,1558
44.6684,-70.144,1824
44.6692,-103.6955,476
44.6697,-92.9634,901
44.6705,-88.7032,983
44.6707,-123.216,605
44.6708,-93.3611,4393
44.6708,-74.9835,2013
44.6708,-74.9835,1548
44.6713,-73.0093,1249
44.6728,-94.232,750
44.673,-103.5538,471
44.675,-88.3216,1136
44.6761,-93.2517,5517
44.6764,-74.531,1032
44.6765,-85.6582,1480
44.6773,-88.9024,1423
44.6784,-91.1203,1352
44.6789,-123.0725,1848
44.6791,-106.9971,1220
44.6799,-93.0922,5017
44.68,-113.3592,504
44.6828,-73.5052,1250
44.6829,-94.0041,915
44.6832,-104.5982,858
44.6844,-83.4126,824
44.6884,-73.4698,4448
44.6909,-87.4784,658
44.6912,-106.9727,1257
44.6918,-95.6194,453
44.692,-73.4583,2104
44.6937,-73.5589,1665
44.6942,-97.5812,462
44.6979,-75.4703,2015
44.6985,-73.6534,946
44.6985,-123.4269,774
44.7006,-67.4786,1492
44.7014,-86.2309,1017
44.7015,-122.0832,781
44.7032,-97.5,833
44.7043,-122.8511,603
44.7049,-100.0675,744
44.7068,-108.8856,2158
44.7071,-72.1993,1201
44.7087,-118.4967,266
44.7091,-85.8537,538
44.7092,-75.4633,2021
44.7098,-122.8812,529
44.7129,-96.9512,498
44.7142,-119.1042,918
44.7151,-93.0321,1111
44.7157,-91.6993,730
44.7161,-96.2698,1359
44.7166,-123.006,840
44.7173,-96.0526,457
44.7175,-103.4183,913
44.7175,-84.9437,2179
44.7177,-73.398,1784
44.7182,-89.6804,908
44.7183,-73.8663,2944
44.7196,-85.8221,662
44.7197,-73.7185,998
44.7218,-123.9187,721
44.7227,-88.0659,1019
44.7228,-69.7631,3021
44.7232,-88.8986,988
44.7238,-94.4866,816
44.7242,-97.0309,974
44.7256,-93.4409,3665
44.7268,-112.6969,607
44.7268,-92.8608,2464
44.727,-85.8469,608
44.7299,-72.3818,1127
44.7316,-85.1843,1474
44.7318,-92.8545,2922
44.7325,-93.9632,416
44.7325,-94.3509,575
44.7332,-116.4368,933
44.7334,-116.0868,767
44.7338,-122.1517,695
44.7362,-92.4802,1769
44.7365,-90.4956,1049
44.7368,-94.617,750
44.738,-88.4514,1366
44.7382,-98.5089,459
44.7383,-98.0473,488
44.7409,-85.6114,6573
44.7413,-94.7121,1220
44.7416,-89.0459,1226
44.7435,-88.8224,1162
44.7435,-118.1975,1341
44.7449,-98.2892,541
44.7453,-93.1994,3729
44.7458,-93.0689,5236
44.7474,-75.1294,1753
44.7476,-68.8399,3006
44.748,-72.1786,966
44.7483,-74.9967,1314
44.7484,-95.7165,792
44.7512,-122.9277,973
44.752,-122.477,862
44.7534,-92.789,1529
44.7536,-90.2985,1274
44.7543,-85.603,2612
44.7558,-108.7586,1475
44.756,-122.4201,730
44.7563,-96.6902,1646
44.7582,-97.381,447
44.7585,-88.2611,964
44.7591,-93.3642,3587
44.7615,-93.6325,1982
44.7618,-108.7576,1880
44.7633,-69.3727,2783
44.764,-91.2778,1300
44.7644,-93.2794,4534
44.765,-94.8942,1099
44.7654,-90.599,1491
44.7655,-88.8447,577
44.7677,-97.9069,581
44.7692,-111.1905,390
44.7695,-117.1686,295
44.7696,-94.151,1616
44.7696,-94.151,1623
44.7698,-93.7924,1214
44.7716,-97.513,339
44.7719,-93.4757,4932
44.7721,-93.9173,1425
44.7724,-94.0393,535
44.7725,-85.0235,1717
44.7738,-69.7181,1554
44.775,-117.8318,2439
44.7751,-91.9287,784
44.777,-94.9971,1413
44.7777,-108.6542,1672
44.7779,-88.586,2350
44.7779,-88.586,2972
44.7781,-69.7122,3319
44.7793,-122.6118,845
44.7796,-88.0604,824
44.7801,-92.149,1118
44.7807,-117.8337,1922
44.7817,-95.3507,904
44.782,-72.8033,926
44.7845,-68.7346,3544
44.7866,-106.962,3272
44.7874,-89.2521,963
44.7886,-74.988,1493
44.7903,-95.8076,966
44.7908,-95.2048,1044
44.791,-95.1029,634
44.7912,-122.6284,615
44.7913,-121.2477,5915
44.7914,-97.9815,457
44.7918,-89.6843,2542
44.7935,-72.4328,1554
44.7942,-96.4571,744
44.7962,-106.9642,3238
44.7967,-69.9002,1034
44.7967,-108.5085,864
44.7969,-88.2682,393
44.7976,-90.0706,2091
44.798,-98.2869,628
44.7985,-88.6912,462
44.7985,-83.4211,2040
44.7989,-68.8066,6492
44.8,-91.4396,2062
44.8008,-72.2906,900
44.8011,-85.6701,1946
44.8036,-74.81,1513
44.8055,-122.7998,1604
44.8073,-95.5423,1710
44.8078,-69.8504,2302
44.8088,-72.1995,854
44.8091,-124.0597,1222
44.8103,-118.4192,554
44.8114,-122.7972,1778
44.8114,-88.4493,1215
44.8115,-73.0845,1270
44.8115,-73.0845,2560
44.8126,-86.0593,921
44.8133,-92.9143,5266
44.814,-74.7889,1164
44.814,-71.8855,1861
44.8152,-93.1628,5070
44.8155,-88.9126,481
44.8164,-93.61,3759
44.8178,-73.5117,1244
44.8183,-91.4948,5320
44.8196,-91.4364,1392
44.8199,-89.5887,6525
44.8208,-119.4209,648
44.8209,-83.5548,2684
44.8227,-87.3698,2856
44.8263,-94.2741,249
44.8269,-89.1666,1222
44.829,-93.0601,4792
44.8294,-122.7923,879
44.8296,-68.7888,5315
44.8297,-93.3152,5348
44.8307,-74.5119,477
44.8331,-119.7941,489
44.8357,-92.9941,1572
44.8358,-108.3919,953
44.8364,-69.2548,1703
44.8384,-85.2898,2112
44.8397,-100.0734,411
44.8408,-96.6902,1017
44.8415,-93.7901,2151
44.842,-93.7932,1944
44.842,-87.5745,1388
44.8462,-122.8699,965
44.8467,-85.7941,385
44.8474,-68.7142,1579
44.8482,-74.2896,1604
44.8483,-87.374,2389
44.8485,-122.9513,1087
44.8486,-88.7861,970
44.8493,-124.0466,1551
44.8496,-93.4587,5176
44.8496,-91.4599,7178
44.8499,-88.363,923
44.8511,-90.3131,904
44.8512,-95.9009,649
44.8513,-123.2286,1359
44.8522,-74.2919,1687
44.8523,-92.2429,1808
44.8536,-123.209,2019
44.8543,-93.5624,4097
44.8551,-66.9899,655
44.8556,-85.8573,598
44.8578,-123.1977,1574
44.858,-89.1551,908
44.8596,-92.623,2284
44.8608,-92.6257,2474
44.8613,-75.1972,1341
44.8621,-93.6584,2738
44.8627,-88.9814,926
44.8639,-69.899,1319
44.8648,-123.4376,995
44.8649,-72.27,466
44.8653,-88.1369,1540
44.8656,-97.6087,442
44.8658,-90.0146,901
44.8668,-88.5853,2621
44.8669,-89.209,1351
44.8727,-93.087,1112
44.8732,-124.0314,1632
44.8733,-98.5192,1261
44.8734,-107.2624,672
44.8737,-89.6197,2323
44.8744,-93.2824,2364
44.8744,-92.9986,1727
44.8744,-91.6862,1370
44.8775,-96.8497,625
44.8776,-84.3036,1529
44.8777,-98.3092,806
44.878,-117.1097,554
44.8783,-68.6881,2411
44.8789,-93.1339,2735
44.8792,-85.273,574
44.8802,-93.9781,907
44.8809,-97.4616,1094
44.8809,-97.7348,1056
44.8833,-94.037,909
44.8835,-108.4693,848
44.8847,-93.7435,503
44.8854,-94.3769,2645
44.8856,-69.4692,1354
44.8865,-89.3371,897
44.8872,-91.9091,2960
44.8873,-94.3768,2581
44.8875,-93.1617,467
44.888,-93.0405,2153
44.8889,-96.9093,793
44.8889,-93.8945,1064
44.889,-108.596,914
44.8892,-91.9096,3370
44.8899,-88.3062,1055
44.8901,-73.6596,1187
44.8909,-73.4292,1182
44.8911,-93.3598,3570
44.8912,-89.5497,4225
44.8917,-91.4203,3425
44.8927,-87.8685,2364
44.8943,-85.9891,921
44.8947,-98.1,708
44.8949,-71.4944,1469
44.8951,-88.5431,3725
44.8972,-89.6839,4497
44.898,-85.4045,1166
44.8988,-92.8191,4548
44.9009,-97.1135,3194
44.9013,-89.6335,6340
44.9017,-99.0887,492
44.9024,-93.0853,2012
44.9024,-85.0613,909
44.9024,-93.5953,2092
44.9027,-93.5664,720
44.9031,-74.17,490
44.9042,-94.1986,582
44.9043,-98.8234,641
44.9051,-93.7483,926
44.9056,-95.4686,703
44.9063,-92.9237,5364
44.9076,-107.1673,765
44.9083,-83.432,1736
44.9084,-116.1125,2734
44.9088,-93.1308,676
44.9092,-97.1557,3899
44.91,-72.802,1705
44.9105,-97.9373,465
44.9105,-92.7702,564
44.9109,-67.0092,1731
44.9111,-72.4016,873
44.9113,-120.7236,617
44.9113,-90.3157,1162
44.9118,-68.6215,1295
44.9123,-117.9396,789
44.9128,-116.0957,2232
44.913,-93.554,544
44.9133,-89.6215,1321
44.9144,-93.5855,880
44.9221,-123.3129,2012
44.9224,-123.3114,2122
44.9227,-69.2659,1325
44.9229,-89.9626,1221
44.9239,-123.023,6352
44.9245,-92.7661,681
44.9245,-73.1194,792
44.9251,-93.4045,1830
44.926,-91.2896,1765
44.9265,-88.7178,2239
44.9266,-74.0804,945
44.929,-96.0504,1089
44.929,-74.893,1933
44.9291,-122.9732,1418
44.93,-84.8851,3697
44.9312,-123.1207,223
44.9319,-89.2095,1348
44.9319,-123.2344,376
44.932,-93.6583,1536
44.932,-93.5291,1385
44.9326,-93.4567,4712
44.9332,-123.0035,7741
44.9337,-74.8861,2255
44.9343,-98.2202,544
44.9347,-91.3892,3062
44.9349,-95.187,913
44.9349,-73.0385,740
44.9359,-94.6954,897
44.9359,-93.6301,540
44.9367,-72.2096,2198
44.9386,-93.7124,4639
44.939,-89.8501,1635
44.9396,-93.5871,621
44.9425,-97.6672,909
44.9428,-95.0235,916
44.9429,-94.5201,513
44.9435,-90.3173,1563
44.9459,-94.88,611
44.9483,-92.2851,1217
44.9487,-93.365,2959
44.9489,-92.0808,1138
44.9489,-93.1041,6546
44.9491,-90.5611,1376
44.9495,-92.7624,510
44.9498,-93.5214,688
44.9498,-91.1538,1675
44.95,-92.977,233
44.9502,-95.7154,1971
44.951,-90.5988,821
44.9512,-95.7145,1834
44.9524,-72.3061,570
44.9528,-90.4396,752
44.953,-88.0473,936
44.9532,-92.7666,1308
44.9533,-91.0398,1236
44.9542,-68.7397,5657
44.9545,-92.3716,1637
44.9545,-70.1645,1732
44.9546,-72.1362,1072
44.9571,-107.3135,2812
44.9574,-68.6309,1660
44.9574,-95.3677,1245
44.958,-90.8022,1104
44.9582,-94.0503,1249
44.9586,-92.1705,1186
44.9593,-97.5804,570
44.9594,-90.9437,1882
44.9602,-93.8439,1471
44.9607,-115.4854,901
44.961,-93.5877,3622
44.9618,-89.6465,3981
44.9633,-93.2683,6672
44.9636,-73.5955,1000
44.9639,-92.7303,2372
44.9659,-70.6521,1464
44.9677,-92.7392,3360
44.9686,-74.666,5857
44.969,-92.4381,1334
44.97,-93.5182,1596
44.971,-108.6205,604
44.9712,-85.2023,1254
44.9713,-116.2852,694
44.9732,-110.6929,806
44.9733,-92.5501,1577
44.9745,-93.2831,28925
44.9758,-74.4999,3994
44.9767,-73.3026,725
44.9778,-124.0014,2345
44.9779,-124.0061,2233
44.9783,-73.1056,489
44.9786,-84.9695,1499
44.9793,-122.9737,1569
44.9796,-85.6507,1029
44.9807,-85.7164,458
44.9832,-93.5701,840
44.9847,-88.8146,3165
44.9875,-92.9636,3006
44.9876,-84.6857,2911
44.9878,-92.9097,4269
44.9881,-93.1747,1357
44.9883,-73.4324,1096
44.9891,-91.8482,3909
44.9902,-93.3587,2900
44.9906,-71.5302,714
44.9912,-73.3637,1201
44.9931,-98.4991,601
44.994,-72.6694,934
44.9944,-101.2318,1059
44.9944,-93.2031,588
44.9958,-92.755,1136
44.9958,-93.4181,377
44.9961,-123.9776,938
44.9963,-72.4035,1243
44.997,-91.7255,1070
44.9981,-120.2146,803
44.9987,-96.9741,916
44.9987,-72.1073,774
45.0007,-88.3693,919
45.0014,-90.3312,1070
45.003,-123.0245,2434
45.0034,-122.7809,1700
45.0037,-120.7522,640
45.0037,-122.7755,1739
45.0042,-84.1548,1725
45.0046,-89.0412,1158
45.0055,-88.8748,2655
45.006,-99.9539,1258
45.0067,-71.5271,1138
45.0086,-93.6624,937
45.0096,-71.4879,1022
45.0096,-113.0675,1201
45.01,-89.2079,1325
45.0101,-95.7998,380
45.0105,-96.4189,550
45.0128,-96.1891,930
45.0135,-93.0018,1535
45.0148,-92.7789,1195
45.0153,-96.5711,371
45.0156,-93.1538,3276
45.0162,-69.2947,1973
45.0184,-101.4329,585
45.0184,-95.2367,855
45.0186,-93.7198,5171
45.0187,-109.9119,2804
45.0187,-123.8882,2811
45.019,-84.6809,2071
45.019,-93.0311,3748
45.0191,-122.9736,211
45.0198,-109.9829,1896
45.0205,-104.4128,651
45.0214,-85.7571,897
45.0215,-101.2309,2696
45.0223,-93.4629,5193
45.0233,-93.0837,1793
45.0245,-93.3306,1518
45.0253,-102.0371,1026
45.03,-117.9204,719
45.0303,-93.2154,1358
45.0334,-92.8102,1553
45.0342,-99.1267,914
45.0345,-93.5756,4590
45.0349,-90.0792,1421
45.0359,-93.3869,2042
45.0369,-92.8263,3652
45.0373,-93.3595,2184
45.0376,-93.7879,1597
45.038,-92.9559,797
45.0383,-93.793,2019
45.041,-122.6689,545
45.0428,-92.0385,1760
45.0438,-91.8993,823
45.0441,-96.7604,248
45.0478,-91.2719,707
45.049,-98.0974,550
45.049,-96.6752,443
45.0491,-93.2467,1676
45.0495,-101.6013,568
45.0496,-83.4536,3237
45.0498,-92.1243,1561
45.0509,-122.9574,649
45.0513,-96.5535,328
45.0513,-87.3049,1426
45.0521,-92.1658,1691
45.0525,-110.7378,2185
45.0536,-93.2501,314
45.0537,-92.958,321
45.054,-94.061,1236
45.0548,-93.6353,461
45.0548,-97.3263,756
45.0565,-110.6186,3487
45.0569,-87.7441,1550
45.0579,-93.0665,2397
45.058,-89.6813,5959
45.0581,-69.8731,1365
45.0583,-92.9702,1691
45.0586,-92.8304,2576
45.06,-92.978,524
45.0601,-100.3545,636
45.0608,-99.5092,588
45.0611,-93.0381,928
45.0625,-85.5983,1930
45.0637,-93.9666,1169
45.0652,-93.0129,2575
45.0659,-92.7885,1098
45.0665,-93.9203,1593
45.0668,-83.8937,1169
45.067,-88.0357,1055
45.067,-123.5605,1087
45.0671,-87.1355,1179
45.0672,-93.2058,2314
45.0677,-96.4418,362
45.068,-93.3178,2569
45.0688,-99.7664,661
45.069,-85.2612,900
45.0695,-122.7972,968
45.0712,-93.1655,2642
45.0738,-123.621,3978
45.0745,-83.4436,2596
45.0749,-90.7238,1121
45.076,-93.92,1506
45.0767,-94.1875,1132
45.0771,-90.3143,574
45.0786,-123.4849,883
45.0821,-92.9109,4547
45.083,-93.1405,2979
45.0842,-93.2601,2895
45.0845,-97.4781,331
45.0849,-94.317,1178
45.0867,-92.2495,1240
45.0868,-87.6324,2408
45.0887,-119.8841,913
45.0904,-97.6419,450
45.0908,-93.7452,1443
45.0941,-93.6908,4098
45.0957,-87.6499,3492
45.0959,-123.3981,1319
45.0963,-123.398,1196
45.0986,-94.4225,1282
45.0988,-92.9676,1482
45.0989,-88.0324,855
45.1015,-96.9301,1073
45.1028,-91.4915,1549
45.103,-96.7984,598
45.1048,-93.1011,2387
45.1051,-105.3115,3757
45.1067,-93.2068,1829
45.1069,-93.578,5433
45.108,-122.8964,580
45.1109,-93.3491,4637
45.1118,-85.3511,1283
45.1126,-95.9118,750
45.1128,-93.463,5182
45.1135,-121.3553,2229
45.1138,-92.5356,1952
45.1141,-97.7708,1729
45.1153,-107.3738,2355
45.1159,-93.2452,1282
45.1162,-123.1997,700
45.1179,-93.3992,782
45.1208,-123.9763,1071
45.121,-95.0587,3425
45.1217,-99.0425,907
45.122,-94.5259,1927
45.1221,-87.6236,2063
45.125,-92.5479,3078
45.1257,-92.673,1654
45.1263,-95.043,3300
45.1268,-94.5224,1793
45.1282,-100.6409,2791
45.1303,-85.6177,1165
45.1315,-94.9328,567
45.1323,-110.7992,1077
45.1347,-118.9332,427
45.1354,-90.3435,1934
45.1355,-94.7769,922
45.1364,-96.2841,565
45.1372,-108.9981,1172
45.1374,-90.348,1581
45.1382,-93.1714,754
45.1413,-89.1552,2307
45.1426,-89.1532,1999
45.143,-67.2175,5319
45.1436,-84.6639,948
45.1437,-93.1475,1200
45.1459,-95.175,918
45.1471,-122.8592,2495
45.1472,-122.8612,2260
45.1492,-94.6825,709
45.1493,-122.5849,1438
45.1496,-122.5834,1433
45.1522,-85.1304,1573
45.1544,-98.4984,460
45.1548,-99.3022,848
45.1554,-98.5793,557
45.1555,-93.1069,4823
45.1566,-101.287,2589
45.1573,-98.0955,681
45.1578,-93.6628,2127
45.1582,-67.4097,980
45.1592,-98.3226,367
45.1597,-88.7634,1316
45.1606,-109.1574,307
45.1638,-91.1504,1767
45.1642,-92.9601,5252
45.1645,-96.1711,458
45.1662,-90.8072,1389
45.1672,-85.2429,785
45.1675,-93.0552,1324
45.1676,-98.7434,511
45.1677,-87.1726,1767
45.1681,-84.9135,678
45.1694,-98.9477,585
45.1705,-93.2061,5208
45.1707,-121.0884,1072
45.1729,-84.2099,1357
45.1729,-93.3868,2592
45.1744,-113.8948,1438
45.1764,-93.3115,4316
45.1786,-89.7025,2490
45.1786,-69.395,1257
45.1795,-93.864,2529
45.1806,-89.7003,2484
45.1815,-122.8083,813
45.1838,-93.8544,2597
45.1838,-93.5717,4577
45.1864,-88.4681,2354
45.1871,-87.1294,1483
45.1885,-92.3887,864
45.1891,-93.4716,4394
45.1909,-92.7784,1795
45.1911,-99.2623,623
45.1912,-99.4647,462
45.1914,-95.3183,830
45.1933,-109.2501,1495
45.1944,-94.3071,676
45.1975,-92.5321,1329
45.1981,-91.898,616
45.1988,-91.5663,1679
45.1992,-93.6895,5190
45.1995,-96.0222,1248
45.2006,-123.8842,813
45.2051,-69.2232,2629
45.2053,-123.9542,1751
45.206,-85.0008,2094
45.2081,-99.614,388
45.2089,-117.8679,1432
45.209,-96.7855,578
45.211,-123.1918,2953
45.2122,-122.9772,493
45.2132,-85.0124,1825
45.2143,-123.1749,3249
45.2144,-93.3916,2345
45.2177,-85.0786,1497
45.2179,-112.6346,1251
45.2194,-96.6337,1512
45.2195,-121.3956,348
45.2199,-123.0781,830
45.2206,-90.3232,964
45.2215,-122.8378,559
45.222,-122.5572,3370
45.2223,-91.1206,893
45.2234,-95.3946,716
45.2256,-121.2927,997
45.226,-123.8586,1158
45.2262,-112.6325,1506
45.2283,-122.7572,632
45.2319,-85.381,1294
45.2319,-96.1626,561
45.2326,-94.0095,1349
45.2334,-88.0069,1156
45.2336,-94.94,1004
45.2352,-121.2837,1353
45.236,-93.6627,1909
45.2364,-91.98,891
45.2366,-120.1859,820
45.2415,-99.17,438
45.2416,-99.7775,503
45.2418,-121.1693,1754
45.2431,-95.9068,1075
45.2442,-98.0992,455
45.2465,-98.5582,1410
45.2469,-123.1119,874
45.248,-92.2678,1464
45.2483,-68.9506,2531
45.2508,-92.9669,5018
45.2515,-92.8334,5360
45.2524,-122.7223,207
45.2524,-122.8345,930
45.2524,-93.3374,5284
45.2539,-93.1948,5327
45.2549,-93.1077,6081
45.2553,-87.0729,1481
45.2564,-111.332,9947
45.2569,-85.1929,918
45.2582,-91.8146,1092
45.2596,-94.121,1625
45.2599,-95.4684,825
45.26,-93.4522,4877
45.2605,-96.9154,672
45.262,-97.7116,489
45.2622,-96.3335,892
45.2622,-83.6989,907
45.2643,-93.6207,4941
45.2651,-122.6884,1983
45.2663,-98.2115,429
45.2685,-122.6863,2205
45.2686,-94.961,1886
45.2696,-68.6581,2479
45.2719,-84.9412,1057
45.2733,-92.9698,3399
45.2736,-84.6055,900
45.2746,-100.9012,1502
45.2758,-123.0074,1051
45.2787,-112.8606,496
45.279,-123.8246,564
45.281,-122.5085,4071
45.2812,-85.0747,1993
45.2814,-95.756,757
45.2828,-107.3568,397
45.285,-109.4161,685
45.2884,-109.2125,1557
45.2927,-94.2174,724
45.2929,-90.3054,618
45.2941,-93.7863,2746
45.2941,-93.7863,2673
45.2945,-123.1754,853
45.2949,-108.9165,833
45.2962,-111.9369,885
45.2964,-117.8102,814
45.2969,-94.9475,1032
45.297,-122.3286,1570
45.2982,-122.3324,1479
45.2991,-122.9781,2964
45.3005,-117.2152,1230
45.3006,-88.5145,1510
45.3022,-121.7526,785
45.3024,-96.4422,1859
45.3046,-92.3634,1601
45.3053,-121.8479,1795
45.3056,-97.0391,672
45.3073,-122.9602,2220
45.3082,-93.9864,1109
45.3087,-96.4726,994
45.3113,-122.7709,2518
45.3119,-90.9567,739
45.3121,-110.808,3797
45.3138,-85.2556,1299
45.3143,-107.3678,461
45.3143,-94.3008,1116
45.3152,-95.6054,1620
45.3156,-99.9812,457
45.3158,-94.412,753
45.3161,-91.6532,1390
45.3171,-107.9351,1067
45.3174,-98.3043,454
45.3191,-85.252,1826
45.3193,-92.6958,1830
45.3195,-90.2022,1199
45.3216,-112.1092,1286
45.324,-121.9905,4302
45.324,-94.2055,1254
45.324,-83.4899,2292
45.324,-88.5904,636
45.3245,-118.0869,1947
45.3252,-98.4952,480
45.3256,-94.5459,1050
45.3275,-92.1645,1627
45.3289,-118.0804,2258
45.331,-100.1209,710
45.3322,-93.5665,5907
45.3341,-84.0607,904
45.3345,-97.3055,1096
45.3346,-98.0939,909
45.3349,-97.2049,1360
45.3352,-96.7646,457
45.3358,-118.0492,901
45.3366,-97.5218,1156
45.3399,-92.9684,4126
45.3399,-93.7452,2116
45.3408,-123.1845,634
45.3413,-122.5923,2879
45.3424,-93.743,2442
45.3431,-93.4496,5268
45.3436,-109.1818,1811
45.3439,-97.7449,656
45.3461,-111.7313,780
45.348,-95.2398,625
45.3481,-111.7037,512
45.3484,-93.3273,5287
45.3487,-69.0561,727
45.3518,-109.4933,433
45.3518,-84.2937,669
45.3525,-117.2304,865
45.3529,-119.5605,1007
45.3532,-93.2177,6062
45.3555,-90.7964,554
45.3585,-84.2272,1159
45.3591,-120.7842,649
45.3595,-122.8422,2015
45.3608,-90.2934,1234
45.3608,-85.1115,1132
45.3627,-68.5017,2474
45.3632,-92.6347,1250
45.3648,-85.0107,2060
45.3666,-122.6389,2475
45.3679,-113.4097,891
45.3723,-92.9167,3833
45.373,-98.993,384
45.3761,-123.7952,1555
45.3769,-122.7747,2634
45.377,-89.199,813
45.3778,-84.9455,3561
45.3782,-87.9548,1065
45.3785,-94.7216,1374
45.3798,-95.6799,1309
45.3814,-93.3499,1796
45.3826,-122.6765,2274
45.3834,-93.0899,1066
45.3842,-91.0357,656
45.3842,-110.7569,2980
45.3852,-122.7335,378
45.3856,-122.5928,1406
45.3858,-92.8437,1774
45.3858,-84.9292,561
45.3865,-93.8873,3102
45.39,-92.7583,1023
45.3906,-92.1498,1541
45.3935,-122.6155,1145
45.3935,-108.9015,605
45.3937,-101.4315,835
45.394,-93.3941,4384
45.3945,-122.758,581
45.3966,-92.8168,697
45.3981,-122.2688,1745
45.3993,-122.2723,1863
45.4012,-122.8069,818
45.4022,-91.8444,1549
45.4036,-91.7398,1461
45.4042,-122.5782,231
45.4044,-93.2749,899
45.4054,-94.8397,651
45.4056,-92.6736,1813
45.4091,-84.8709,589
45.4091,-96.8546,663
45.4099,-94.0446,1214
45.4102,-92.8326,2265
45.4102,-97.9037,472
45.4114,-92.6247,2031
45.4114,-108.53,5728
45.4125,-122.5941,1673
45.4126,-122.832,1279
45.4127,-122.6344,1794
45.4136,-122.7,2994
45.4137,-87.6091,946
45.4149,-92.0383,967
45.4155,-106.4934,3527
45.4169,-110.6481,4858
45.4177,-83.8048,1934
45.4181,-113.111,1235
45.4206,-116.3176,573
45.4208,-84.8058,269
45.4229,-122.7844,3243
45.423,-92.9703,4848
45.4251,-84.8258,711
45.4256,-91.4152,878
45.4258,-117.2788,1100
45.4264,-122.443,3784
45.4294,-97.2869,878
45.4294,-101.0714,710
45.4298,-84.622,3265
45.4305,-89.0903,2444
45.4313,-122.3725,1885
45.4323,-94.6365,714
45.4325,-84.9891,1036
45.434,-122.5087,3133
45.434,-109.8069,540
45.4349,-123.1451,531
45.4356,-123.9344,1464
45.4364,-111.7252,1368
45.4368,-89.1888,976
45.4394,-88.6581,1403
45.4406,-93.5961,1762
45.4409,-122.6591,931
45.4425,-84.7869,899
45.4431,-105.4083,539
45.4435,-99.03,1051
45.4442,-93.5963,1637
45.4448,-122.6208,2028
45.4462,-119.688,600
45.4481,-109.5084,690
45.4486,-94.0014,927
45.4487,-92.5579,1184
45.4493,-122.762,789
45.4501,-99.3367,562
45.4502,-94.1938,4947
45.4506,-94.9998,995
45.4507,-123.2481,945
45.4513,-99.6565,727
45.4517,-98.1001,1202
45.4524,-94.4193,1627
45.4531,-121.1287,697
45.4532,-123.8293,1478
45.4541,-109.0697,476
45.4545,-94.5136,992
45.4545,-98.7392,1766
45.4549,-123.9613,925
45.4561,-123.8331,1253
45.4566,-90.3003,1583
45.457,-107.725,2148
45.4583,-94.4282,1521
45.4583,-123.7926,610
45.4588,-112.1946,913
45.4593,-108.8588,749
45.461,-91.0976,1867
45.462,-87.6047,961
45.462,-92.4471,1354
45.462,-94.7965,404
45.4621,-117.9632,422
45.4627,-98.3329,379
45.4632,-98.4688,3385
45.4634,-122.7608,1130
45.4635,-91.2793,1379
45.4647,-98.4681,3697
45.466,-112.1339,604
45.466,-94.3189,4863
45.4661,-69.5779,1842
45.4669,-96.4426,888
45.467,-97.3902,442
45.4692,-98.3236,489
45.4694,-122.355,884
45.478,-122.817,4034
45.4789,-112.692,490
45.479,-89.7118,2545
45.4803,-90.9972,1292
45.482,-91.7458,2720
45.4838,-120.7333,639
45.4844,-108.9721,476
45.4851,-122.7567,1119
45.4861,-88.9756,1746
45.4867,-117.4295,487
45.4897,-118.0041,467
45.4903,-93.2488,1633
45.4915,-93.2428,2049
45.4917,-123.1223,785
45.4919,-122.8726,2453
45.4923,-118.6842,4396
45.4928,-118.8302,1103
45.4944,-84.7818,1526
45.4953,-97.832,354
45.4953,-91.7365,2618
45.4962,-122.773,1152
45.4966,-97.4927,424
45.497,-90.8935,683
45.4976,-95.7948,863
45.4986,-92.9908,1892
45.5001,-95.1157,1144
45.5023,-122.4416,4408
45.5028,-94.6677,849
45.5029,-119.822,791
45.5038,-99.8839,637
45.5044,-122.8066,1243
45.5056,-90.8137,905
45.5057,-100.0329,766
45.5061,-87.9876,1153
45.5073,-108.9087,1077
45.5078,-110.5724,817
45.5094,-98.4194,697
45.5097,-123.8633,634
45.5099,-92.9557,5547
45.5119,-90.7172,1348
45.513,-121.5921,718
45.5158,-122.6465,20693
45.5164,-122.7654,1360
45.5173,-122.8199,864
45.5177,-68.3517,1530
45.5187,-108.8713,1170
45.5189,-123.051,1389
45.5209,-94.243,3227
45.5211,-92.4985,1222
45.5214,-123.889,1026
45.5231,-118.4395,1367
45.5232,-94.8317,774
45.5234,-96.9355,248
45.5236,-102.4677,905
45.5248,-123.1099,2223
45.5256,-106.9775,3436
45.5267,-123.9518,1684
45.5267,-94.171,5758
45.5268,-122.9354,4669
45.5276,-109.4558,1329
45.5301,-90.5868,1279
45.533,-100.2711,519
45.5339,-121.5662,1258
45.5355,-122.8006,1657
45.5358,-122.4205,881
45.5361,-102.8171,1081
45.5361,-92.0248,1851
45.537,-122.65,10491
45.5371,-90.5335,1913
45.5392,-122.3927,2214
45.5404,-122.8413,1132
45.541,-100.4349,1271
45.5412,-90.2928,1290
45.5422,-96.9561,320
45.5429,-112.3341,914
45.5476,-122.4368,1596
45.549,-108.8376,1241
45.5501,-103.9749,339
45.5516,-84.7834,1268
45.5525,-122.8759,1273
45.5525,-122.5618,377
45.5578,-96.7145,623
45.5582,-96.5604,457
45.5597,-88.6697,1267
45.5608,-93.2277,2483
45.5608,-123.9113,902
45.561,-93.2209,2213
45.5613,-122.8369,2118
45.5629,-94.9472,363
45.5647,-117.9213,913
45.5651,-94.3021,2768
45.5672,-67.4292,770
45.5678,-88.8955,2075
45.5679,-94.1962,6671
45.5682,-93.5903,2016
45.5682,-93.5903,1851
45.5687,-96.4372,691
45.5703,-117.5286,710
45.5723,-96.294,506
45.5731,-111.6913,525
45.5731,-96.1742,601
45.5749,-96.0504,465
45.5768,-92.4625,1275
45.5782,-95.2453,646
45.5788,-99.4736,903
45.5797,-94.3919,734
45.5798,-106.7754,4858
45.5812,-99.0115,417
45.5813,-97.072,2428
45.5828,-122.3464,2215
45.5853,-95.9078,1664
45.5859,-95.9054,1968
45.5864,-103.5435,676
45.5874,-98.8995,624
45.5878,-111.1946,2196
45.5917,-120.6975,912
45.5935,-87.5547,1063
45.5947,-96.8327,807
45.5947,-94.1527,2277
45.5975,-122.9947,948
45.5977,-106.2975,4128
45.5978,-92.9886,4057
45.5984,-121.1524,2348
45.5996,-121.154,2513
45.6014,-94.8593,767
45.6018,-122.4304,3420
45.6023,-97.8302,511
45.6026,-98.826,741
45.6027,-107.4592,2460
45.6055,-94.4477,1184
45.6076,-91.7786,645
45.61,-113.4457,912
45.6106,-123.9427,1264
45.6116,-95.5322,1105
45.613,-118.8,1005
45.6142,-118.7065,4060
45.6148,-95.7382,468
45.6148,-98.3106,1118
45.6149,-123.1071,792
45.6164,-121.2343,2153
45.6168,-97.4197,356
45.617,-123.9389,1148
45.6177,-106.6134,6770
45.6181,-94.2122,2935
45.6194,-88.3514,1171
45.6242,-98.7717,451
45.6264,-94.8694,566
45.6267,-94.5632,1339
45.6271,-68.5738,964
45.628,-110.6233,2273
45.6308,-94.7525,663
45.6309,-108.9253,1139
45.6316,-121.1689,2356
45.6343,-89.4299,2740
45.6348,-84.784,600
45.6355,-121.5522,1290
45.636,-109.2488,1064
45.6362,-91.9937,795
45.6367,-87.9913,700
45.637,-122.3963,2034
45.6372,-122.5966,6343
45.6414,-121.9727,1443
45.6419,-84.4688,2379
45.6439,-85.0312,793
45.6442,-89.4191,2865
45.6467,-88.1797,937
45.6478,-98.4981,440
45.6487,-123.8543,784
45.6503,-84.486,2229
45.6521,-95.4308,1084
45.6527,-92.4626,1181
45.6528,-68.6986,1649
45.6545,-95.4084,1865
45.6565,-122.6179,1350
45.657,-110.5666,1922
45.6577,-91.5506,943
45.6582,-88.8777,678
45.6586,-118.6655,2505
45.6592,-68.6981,2163
45.6594,-100.5355,601
45.6596,-67.8683,1429
45.6603,-94.6828,990
45.6613,-120.9714,1168
45.662,-99.5607,725
45.6625,-97.0453,1145
45.6628,-111.8826,1052
45.6632,-93.1817,779
45.6636,-93.9095,1455
45.664,-120.8392,855
45.6647,-95.3873,2171
45.6656,-110.5557,2224
45.6659,-118.7225,1318
45.6665,-111.1284,618
45.6674,-91.2415,995
45.6682,-98.7965,593
45.6692,-112.0177,537
45.6698,-111.1784,2990
45.6701,-121.2749,1221
45.6714,-98.0156,455
45.6724,-118.8111,2894
45.674,-108.7768,1465
45.6755,-118.8195,3089
45.676,-121.8687,1311
45.6765,-118.5735,1541
45.6768,-118.7368,710
45.677,-94.8148,1618
45.6771,-111.0556,4200
45.6779,-108.7597,2212
45.6791,-97.9328,458
45.6796,-118.6499,1719
45.6819,-122.6527,1996
45.6832,-111.0538,4201
45.6835,-97.1586,3449
45.685,-121.3982,613
45.6851,-100.7948,1074
45.6853,-93.8601,891
45.6873,-123.8871,656
45.6874,-112.2851,616
45.6874,-92.9653,1872
45.688,-87.5265,880
45.689,-94.6116,637
45.689,-122.5306,2101
45.689,-120.7461,988
45.6893,-96.0143,1515
45.6897,-122.5702,2182
45.6911,-122.6912,1161
45.6928,-120.8072,1524
45.694,-90.4014,1481
45.6947,-121.8964,1164
45.6956,-121.2805,763
45.6969,-84.7503,1303
45.7008,-93.6487,660
45.701,-94.2742,1752
45.7044,-97.3558,897
45.7044,-111.7844,379
45.7049,-95.5191,611
45.7071,-109.5473,677
45.7081,-87.6072,1025
45.7091,-121.526,1469
45.7099,-122.6632,2287
45.7118,-121.5174,2774
45.7131,-121.4718,716
45.7134,-95.2699,837
45.7136,-122.6114,1891
45.7143,-122.7127,1548
45.7143,-123.9165,904
45.7145,-95.1679,466
45.7166,-123.9351,823
45.7174,-96.4231,596
45.7174,-123.9187,1568
45.7195,-123.894,470
45.7203,-120.1953,1322
45.7211,-98.9385,782
45.7219,-92.3922,1101
45.7223,-93.1722,1157
45.7248,-97.414,425
45.725,-122.5483,2517
45.7262,-100.0688,324
45.7264,-91.91,2195
45.7268,-94.7137,551
45.727,-93.7089,1087
45.7284,-121.4854,1126
45.7302,-122.4833,3371
45.7303,-94.4714,861
45.7323,-123.9398,734
45.733,-87.0842,3860
45.7331,-120.2366,1767
45.7348,-121.8262,1987
45.7353,-93.9486,628
45.7365,-94.9527,1839
45.7373,-122.6316,2076
45.7381,-110.2235,330
45.7383,-111.3391,1494
45.7396,-88.7005,822
45.7422,-107.6082,1566
45.7424,-94.9413,1971
45.7427,-85.5301,921
45.7441,-122.8781,2185
45.7463,-87.0836,3241
45.7466,-119.1935,828
45.75,-111.3103,1711
45.7523,-122.5615,1732
45.7523,-95.6189,455
45.754,-120.9081,1654
45.758,-93.6516,1679
45.7581,-122.8731,1683
45.7586,-94.2429,2168
45.7587,-109.7798,648
45.7627,-116.3004,231
45.7647,-92.9035,5955
45.7664,-118.5641,541
45.7675,-91.2174,569
45.7693,-86.5573,825
45.7712,-99.6207,877
45.7728,-101.0814,1576
45.7754,-112.8529,466
45.7759,-111.1826,3317
45.7768,-122.541,2676
45.7778,-92.3832,1059
45.7782,-95.6969,543
45.7787,-111.1771,2003
45.7793,-88.0032,1509
45.7802,-122.6,1806
45.7822,-119.2161,1195
45.7838,-92.6773,1583
45.7838,-122.647,2219
45.7839,-84.7566,1685
45.7845,-93.5528,371
45.786,-122.4715,2970
45.7875,-108.5371,6715
45.7885,-108.5525,6162
45.7887,-95.3568,665
45.7924,-97.7529,774
45.7944,-112.9438,780
45.7974,-93.155,877
45.7974,-91.2967,894
45.7986,-87.914,2793
45.8022,-122.5768,1382
45.8033,-87.9964,1115
45.8042,-110.8964,1722
45.8044,-95.0825,605
45.8045,-89.1691,1525
45.8059,-96.498,1197
45.8064,-88.1004,1887
45.8076,-88.0413,3296
45.8091,-122.7108,2305
45.8092,-89.5774,1128
45.8095,-97.8852,895
45.8097,-111.6489,1500
45.8105,-96.1414,956
45.8129,-94.5637,1634
45.8133,-100.8107,577
45.8135,-118.493,693
45.8152,-118.4257,682
45.816,-122.8827,2281
45.8165,-122.5082,2113
45.8176,-122.672,2495
45.818,-121.1626,879
45.8191,-94.4072,1027
45.8191,-120.8234,1562
45.8209,-115.4411,1437
45.8221,-91.013,808
45.8231,-91.3652,6606
45.8243,-94.7491,542
45.8259,-91.8861,1824
45.8269,-88.0594,2494
45.8298,-93.423,857
45.8303,-94.2926,1286
45.8305,-108.3971,3255
45.8319,-98.5067,1057
45.8329,-119.2852,2641
45.834,-94.4942,1684
45.8344,-95.7874,1315
45.8348,-109.9483,898
45.8365,-119.6928,1823
45.8378,-100.0747,1088
45.8389,-91.5521,880
45.841,-92.9665,1902
45.843,-88.6673,467
45.8455,-112.316,4086
45.8462,-113.9575,1642
45.8494,-122.8372,2795
45.8505,-87.0262,2044
45.8506,-118.659,323
45.8524,-119.2777,3573
45.8545,-100.4592,899
45.8563,-122.8172,2001
45.8566,-97.1035,388
45.8567,-99.2058,478
45.8576,-96.915,464
45.8586,-111.3303,1203
45.8602,-84.6258,1894
45.8605,-122.6757,1473
45.862,-97.2869,509
45.864,-123.1836,1164
45.8651,-111.9642,1330
45.8652,-122.4063,688
45.8654,-95.1531,1259
45.8658,-94.6874,684
45.8662,-96.7318,494
45.8687,-96.1964,1133
45.871,-112.0976,762
45.8713,-93.1197,480
45.877,-93.2903,2063
45.8772,-95.377,3766
45.8778,-84.7326,2167
45.8792,-89.7036,772
45.8798,-92.3628,1202
45.8817,-97.7138,443
45.8821,-98.1519,533
45.8829,-111.4238,642
45.8839,-110.6058,555
45.8842,-111.0817,1514
45.8865,-95.2649,738
45.8872,-84.7317,1475
45.8872,-99.8068,293
45.8881,-123.9601,1136
45.8892,-104.5517,921
45.8896,-111.5527,1089
45.8919,-95.3789,4313
45.8929,-97.7814,912
45.8944,-89.6912,1080
45.8945,-106.6284,1826
45.8951,-119.4888,1036
45.8962,-112.6601,24292
45.8973,-94.094,914
45.8991,-122.8122,804
45.9001,-108.3044,1119
45.9005,-100.2885,515
45.9021,-111.3294,2415
45.9028,-91.2071,4117
45.9058,-91.8311,972
45.9077,-98.8806,495
45.9106,-96.6359,688
45.9132,-95.9047,1312
45.9133,-122.744,1902
45.915,-93.1759,762
45.9159,-122.4889,2869
45.9162,-94.6388,659
45.9176,-119.332,2045
45.9182,-122.7535,1841
45.921,-101.3486,776
45.923,-94.482,1816
45.9247,-89.2578,1639
45.9247,-96.5762,1138
45.9258,-114.1335,1211
45.9258,-116.1219,1114
45.9264,-86.9743,1020
45.9279,-88.2352,1494
45.9289,-108.6787,444
45.933,-122.8498,634
45.934,-118.391,1294
45.9363,-90.4443,1762
45.9376,-95.4985,815
45.9383,-102.1598,951
45.9386,-101.7188,538
45.9387,-91.3359,4195
45.9425,-98.782,447
45.9468,-108.3463,1354
45.9469,-91.689,770
45.9475,-118.3908,1658
45.9476,-94.5305,2399
45.9484,-93.0728,905
45.9511,-108.1428,866
45.9542,-97.6185,558
45.9597,-86.251,1627
45.9623,-89.8969,2020
45.9623,-108.1623,1276
45.9624,-111.577,7835
45.9633,-110.8793,7091
45.9655,-94.1128,503
45.9669,-95.594,631
45.9694,-91.3689,2724
45.972,-109.258,637
45.9729,-99.8324,495
45.9735,-95.2924,608
45.9739,-102.471,334
45.9747,-94.8614,1505
45.9759,-118.5009,1653
45.9772,-94.1008,1066
45.9798,-94.3591,2469
45.9819,-108.0271,438
45.9838,-112.5172,3550
45.9843,-110.6604,960
45.9856,-94.3597,2575
45.9878,-89.5419,1227
45.989,-123.921,1827
45.9896,-95.9788,1068
45.9906,-107.9504,401
45.9932,-83.9164,1706
45.9969,-99.5483,303
45.9978,-121.5288,2392
46.0035,-102.6346,827
46.0043,-68.4428,1280
46.0044,-98.5254,1081
46.0056,-120.308,1965
46.006,-95.688,804
46.0063,-93.8886,716
46.0066,-91.4897,1753
46.007,-123.9187,2031
46.008,-98.1248,811
46.0087,-68.2639,1020
46.0095,-92.3763,1020
46.0108,-96.3201,787
46.013,-92.9127,1767
46.0133,-90.4974,1141
46.0171,-122.8419,1723
46.0228,-121.2926,878
46.0245,-114.1797,741
46.0289,-99.9991,465
46.0317,-123.9185,1241
46.0321,-111.3671,5717
46.0347,-99.3737,728
46.0359,-96.1008,905
46.0366,-112.5395,1355
46.0377,-96.306,1702
46.0398,-94.0618,551
46.0411,-118.6724,1001
46.0417,-100.9244,493
46.0418,-118.3924,1710
46.044,-88.3784,882
46.0458,-118.3031,1349
46.0463,-95.2932,744
46.0476,-122.8871,239
46.0493,-122.3034,691
46.051,-116.3498,832
46.0543,-97.5068,565
46.0547,-96.6029,523
46.0557,-88.605,1161
46.059,-118.4005,1465
46.0614,-118.3342,4435
46.0646,-102.7883,537
46.0653,-88.6266,1084
46.067,-118.337,3406
46.068,-108.7213,484
46.0686,-87.1617,862
46.0691,-95.557,843
46.0703,-93.6671,900
46.0714,-122.9414,1834
46.0737,-97.1452,738
46.074,-96.891,1238
46.0761,-97.3845,909
46.0805,-94.8646,947
46.0847,-118.9056,294
46.0866,-100.6301,223
46.0887,-94.5007,1284
46.0898,-85.4551,583
46.0902,-88.3214,1697
46.0925,-115.976,277
46.0947,-113.1416,24644
46.0955,-95.8192,674
46.0959,-88.6366,2356
46.0975,-96.4055,442
46.0988,-108.8789,465
46.099,-91.8259,1121
46.102,-68.1516,1670
46.1038,-97.6371,801
46.1046,-123.2045,1035
46.1059,-102.9422,752
46.107,-97.7842,521
46.1148,-89.6544,1052
46.1168,-122.8865,2590
46.119,-103.0788,907
46.1191,-94.0368,1599
46.12,-93.5224,888
46.1214,-67.8322,2082
46.1236,-67.8408,1437
46.124,-95.5101,738
46.1285,-94.9491,915
46.129,-92.8646,2083
46.1292,-107.5555,509
46.1304,-123.3714,739
46.1323,-112.9617,1467
46.1335,-100.1608,490
46.1345,-114.1885,988
46.1347,-90.5721,1334
46.1354,-117.1325,315
46.1381,-93.4558,1495
46.1397,-98.0871,1136
46.1404,-118.1519,594
46.1417,-115.9736,712
46.1444,-123.8049,655
46.1457,-122.9643,3493
46.1495,-103.143,752
46.1518,-123.8521,683
46.1519,-116.39,379
46.1528,-95.3283,1013
46.1544,-90.9058,577
46.1546,-96.801,680
46.1548,-122.9356,5385
46.1564,-123.6554,1359
46.1608,-111.4479,1464
46.1613,-90.0418,1916
46.1632,-98.4273,567
46.1643,-95.0341,1055
46.1655,-96.9779,336
46.1665,-94.365,1031
46.1694,-119.0447,3087
46.1708,-123.5798,1305
46.1712,-122.9207,973
46.1731,-123.9297,3231
46.1734,-98.5952,557
46.1739,-95.9155,442
46.1757,-123.3819,2499
46.1793,-93.7812,2772
46.1798,-122.9536,1852
46.1843,-103.4029,1240
46.1851,-96.4856,413
46.1874,-123.8151,2244
46.1886,-92.7824,1018
46.1894,-122.9126,1051
46.1901,-123.8103,2818
46.1964,-111.6314,455
46.1976,-119.1759,4848
46.1983,-123.36,1187
46.1984,-118.9834,2537
46.2011,-91.2937,948
46.2058,-123.384,646
46.209,-119.7678,2064
46.209,-119.7678,1967
46.2104,-92.9304,1409
46.2115,-119.9939,833
46.2185,-123.3698,1116
46.2218,-101.1001,408
46.2268,-116.0283,951
46.2288,-88.4582,1824
46.231,-97.6561,1304
46.2322,-119.1967,9618
46.2346,-103.655,1110
46.2358,-112.1197,963
46.2366,-116.2398,737
46.2389,-114.1541,1811
46.24,-91.7995,1230
46.2403,-123.3246,1093
46.2408,-116.6241,381
46.2417,-116.4713,801
46.2421,-93.2751,553
46.2443,-119.909,2370
46.2516,-114.16,1448
46.2543,-119.1826,1098
46.2547,-84.4635,1624
46.2556,-99.5545,1088
46.2559,-92.8782,1559
46.2569,-119.9103,1844
46.2574,-95.5359,974
46.2592,-109.2734,414
46.2607,-97.4552,909
46.2637,-119.479,1432
46.2641,-97.1312,842
46.2658,-96.9988,389
46.2659,-96.5846,1463
46.2661,-119.1214,5668
46.2668,-97.3333,466
46.2671,-95.0618,945
46.2679,-106.6726,974
46.2687,-100.2329,804
46.2688,-84.4568,1022
46.2689,-96.8758,469
46.2697,-123.6212,2049
46.2698,-106.4541,794
46.2698,-118.1509,979
46.2699,-96.6022,2427
46.2719,-122.9039,1314
46.2721,-96.6122,2101
46.2737,-95.6333,396
46.2755,-123.9422,911
46.2769,-96.3122,554
46.277,-112.7436,963
46.281,-92.6681,907
46.2824,-99.3529,398
46.2835,-112.2871,3237
46.2843,-111.9488,2358
46.2849,-95.7187,1088
46.285,-96.0761,3444
46.2854,-87.4419,1523
46.287,-119.294,5917
46.2886,-96.0771,2508
46.2909,-107.2305,425
46.2911,-95.8729,695
46.295,-108.9388,913
46.2953,-89.2061,2754
46.2984,-109.2537,788
46.2987,-93.826,929
46.2988,-118.3126,574
46.3012,-103.9346,1458
46.3019,-98.9466,561
46.304,-96.7401,400
46.3081,-123.6435,4346
46.3127,-124.0267,1300
46.3138,-119.3878,4270
46.314,-114.1117,689
46.3152,-123.4014,4821
46.3157,-120.0058,2495
46.3168,-117.9768,1090
46.3192,-111.5196,1124
46.3206,-120.0084,2141
46.3229,-116.5429,373
46.3231,-95.442,1650
46.3237,-100.6294,8530
46.3238,-92.83,1212
46.324,-95.0902,1304
46.324,-90.6605,1246
46.3292,-99.0956,445
46.3293,-87.3653,1188
46.3306,-94.4774,837
46.3312,-120.0928,327
46.3324,-113.296,837
46.3337,-117.0398,941
46.3342,-114.223,1034
46.3348,-94.6428,1070
46.3391,-92.5852,906
46.3422,-124.0516,1553
46.3437,-91.2499,1073
46.3439,-94.276,3942
46.3441,-86.9313,1422
46.3447,-109.5122,1330
46.3453,-120.1927,1194
46.3478,-91.8294,1136
46.3536,-123.7049,3308
46.3538,-85.5098,900
46.3553,-94.1984,3162
46.3571,-101.3054,486
46.3574,-98.2965,1052
46.3613,-94.2141,3648
46.3617,-92.9415,1046
46.3619,-124.0578,1066
46.3624,-98.7126,786
46.3626,-98.0772,689
46.3649,-104.2733,922
46.3649,-101.6414,1010
46.3676,-116.7975,991
46.3679,-123.5813,4079
46.368,-91.1034,781
46.3705,-123.7816,1369
46.3722,-94.815,1981
46.3737,-89.712,1686
46.3744,-102.3189,870
46.3747,-94.9394,636
46.3749,-123.0442,364
46.3749,-116.6701,428
46.3754,-117.092,3086
46.3758,-101.9516,856
46.377,-120.7381,1483
46.3779,-112.0305,4375
46.3781,-120.3208,1594
46.3783,-115.9388,574
46.3784,-98.4884,282
46.3801,-96.131,555
46.3802,-120.3126,1338
46.3873,-100.7956,525
46.3887,-97.2987,799
46.3892,-101.7012,406
46.3892,-117.0273,4786
46.3897,-95.3208,1818
46.3903,-92.8221,1763
46.3912,-97.9038,1107
46.3931,-116.9935,3803
46.3969,-95.0122,922
46.397,-94.3638,2549
46.3983,-108.5526,3255
46.3983,-112.7333,1131
46.3985,-111.5866,2057
46.4015,-101.8474,823
46.4023,-97.8149,355
46.4025,-117.0645,1522
46.403,-90.3192,1426
46.4037,-116.8042,790
46.4045,-122.9569,875
46.4058,-105.8389,1665
46.4058,-105.8389,1955
46.4061,-120.541,475
46.4073,-84.5833,1201
46.4084,-120.2727,1225
46.4086,-87.988,1727
46.4103,-90.2695,938
46.4154,-117.0501,1302
46.4161,-114.1492,607
46.4219,-90.8081,929
46.422,-104.5211,697
46.4222,-102.5581,679
46.4223,-110.0727,822
46.4223,-101.5706,1814
46.4277,-120.3182,847
46.4309,-86.6194,2082
46.4316,-95.5712,1878
46.4331,-90.7498,3209
46.4332,-90.2419,1353
46.4363,-91.0598,796
46.4368,-109.8351,718
46.4381,-96.6826,444
46.439,-97.6844,1375
46.4394,-95.1403,1469
46.4418,-110.0263,706
46.4436,-87.5817,699
46.4436,-120.4215,976
46.4443,-90.2113,1635
46.4447,-122.8522,570
46.4453,-120.4256,1468
46.447,-96.7296,521
46.4472,-95.1267,2136
46.4483,-108.5397,1033
46.4493,-112.003,5683
46.4503,-92.761,1644
46.4521,-101.2329,725
46.4522,-90.1504,2329
46.4528,-90.1752,2232
46.4533,-108.5741,1916
46.4547,-110.312,848
46.4569,-109.7532,440
46.457,-94.0545,817
46.4618,-111.0191,415
46.4673,-93.8985,1108
46.4674,-94.1746,669
46.4684,-111.6652,2074
46.4694,-95.2339,1502
46.47,-89.9979,703
46.4703,-87.6751,2686
46.4709,-96.8725,912
46.4727,-117.5443,540
46.4731,-96.2842,841
46.4738,-117.5965,1210
46.4747,-116.4262,456
46.4761,-113.2354,2398
46.4762,-84.3705,3488
46.4762,-108.3604,299
46.4764,-120.3973,938
46.4769,-89.9334,2548
46.4776,-90.0498,2129
46.4795,-84.35,2597
46.4807,-124.0472,2722
46.4817,-96.0962,675
46.4822,-94.0033,1093
46.4822,-103.3196,719
46.4836,-87.3567,2356
46.4849,-116.253,1427
46.4857,-100.2811,562
46.4862,-92.8776,564
46.4884,-87.7171,1562
46.4896,-110.2605,1354
46.4907,-122.9184,1669
46.4922,-112.2498,501
46.4933,-93.9457,1561
46.4941,-90.41,1001
46.4942,-108.0963,1450
46.4953,-115.8033,825
46.4966,-87.5919,3329
46.4967,-124.0414,1580
46.4973,-87.6635,2194
46.4977,-91.7044,3213
46.499,-67.8688,1500
46.5002,-104.7929,588
46.5007,-94.2978,2980
46.5022,-120.4668,312
46.5039,-99.7683,1068
46.5043,-94.3665,3234
46.5054,-92.6884,912
46.5059,-95.6259,902
46.5067,-93.9197,1633
46.5071,-114.0887,1035
46.5077,-94.0152,1744
46.5192,-67.8697,1325
46.5196,-95.3728,1106
46.5208,-90.5555,715
46.5216,-118.1289,403
46.524,-111.9335,5302
46.5245,-97.9311,504
46.5258,-98.8976,448
46.5266,-93.705,1563
46.5302,-122.4891,786
46.5307,-88.0262,1400
46.5321,-87.4045,3234
46.5322,-120.8749,1846
46.5332,-89.2852,834
46.5342,-88.1839,2223
46.5343,-111.7391,3776
46.5368,-98.4681,444
46.5386,-88.5456,1709
46.5391,-117.0861,872
46.5394,-89.1779,1929
46.5402,-112.8168,2818
46.5408,-102.867,637
46.5453,-110.9039,904
46.5464,-112.0852,1028
46.5505,-96.9376,915
46.5507,-87.3958,3046
46.5516,-116.9284,711
46.5517,-92.6361,2955
46.5522,-90.5989,1022
46.5532,-95.7186,546
46.5544,-120.4921,2144
46.5561,-87.4412,1069
46.5564,-111.9975,2200
46.557,-120.6148,2523
46.5574,-122.2814,823
46.5584,-91.5709,1479
46.5587,-112.4638,2584
46.563,-96.7362,537
46.564,-120.3966,1398
46.564,-100.0896,454
46.5641,-123.5509,1097
46.5675,-117.1284,713
46.5703,-96.0859,1460
46.5713,-123.2983,698
46.5735,-119.0013,1169
46.5747,-116.7081,758
46.5751,-96.8066,410
46.5782,-122.7111,1150
46.5793,-91.3999,2271
46.5804,-89.6048,945
46.5818,-90.8719,3319
46.5818,-91.7823,3130
46.5838,-112.9284,401
46.5845,-111.9208,1828
46.5867,-113.1971,369
46.5868,-122.902,1544
46.5873,-90.8779,1866
46.5881,-94.288,3673
46.5885,-97.4944,580
46.589,-119.1566,1622
46.5909,-120.5494,4812
46.5912,-89.5749,776
46.5941,-90.678,1469
46.5962,-112.1165,3523
46.5966,-112.0218,3762
46.5983,-120.6564,1908
46.5986,-90.6508,1414
46.5987,-107.8683,712
46.5996,-95.5771,1717
46.6001,-120.436,2944
46.6048,-90.7135,603
46.6058,-120.5432,6781
46.6069,-112.0468,5111
46.6085,-121.6703,907
46.6091,-94.2073,3109
46.6104,-93.2995,1328
46.6112,-98.3387,831
46.6142,-116.6613,545
46.6169,-68.3928,1917
46.6208,-123.9532,881
46.6215,-97.5956,1159
46.6217,-92.3841,1109
46.6226,-111.9008,4207
46.6235,-90.7896,1084
46.6264,-99.1414,666
46.6287,-112.5756,3319
46.6292,-95.0879,1428
46.6345,-114.0813,796
46.6352,-94.8806,887
46.6432,-118.5561,559
46.6458,-92.1847,1308
46.6459,-120.5383,1945
46.6487,-92.1089,1012
46.6488,-95.8021,1136
46.6494,-97.0169,1093
46.6508,-96.4151,1284
46.6511,-94.3282,1920
46.6523,-97.2499,787
46.653,-93.125,1699
46.6558,-92.4304,1771
46.6566,-98.1917,1364
46.6576,-99.3568,543
46.6593,-120.6025,2111
46.6596,-96.7465,436
46.6603,-112.0586,4664
46.6605,-118.8406,2477
46.6628,-118.8623,1339
46.6642,-122.9654,2188
46.6647,-96.8208,1124
46.6651,-120.6325,984
46.6666,-113.147,668
46.6699,-123.8018,1163
46.6719,-120.7119,827
46.6725,-93.0069,1098
46.6754,-123.6648,479
46.6757,-85.9664,1249
46.6758,-97.8163,584
46.6767,-90.9013,1796
46.6782,-94.102,4608
46.6791,-109.7533,523
46.6793,-92.8709,1231
46.6808,-68.1512,1573
46.6812,-97.9704,692
46.6837,-123.7395,1840
46.687,-68.0211,2098
46.6884,-67.9933,7904
46.6912,-114.0624,2253
46.6921,-92.0804,5495
46.6942,-119.9291,1673
46.699,-98.5885,355
46.7011,-92.6211,1320
46.7026,-120.7558,844
46.7041,-92.4342,2789
46.7059,-92.4287,841
46.7066,-111.9388,6621
46.7088,-123.9834,650
46.71,-92.3721,2002
46.7105,-96.5579,912
46.7127,-93.4893,751
46.7149,-97.0655,474
46.718,-111.7529,520
46.7193,-122.186,741
46.7221,-122.9709,2537
46.7233,-94.3966,995
46.7251,-92.5013,5388
46.7252,-108.4882,325
46.726,-120.6912,848
46.728,-122.9807,5005
46.7283,-101.5027,1434
46.7288,-95.7039,940
46.7295,-112.0581,3674
46.7306,-116.9989,2387
46.7317,-116.9972,2298
46.7331,-117.1683,3028
46.7344,-117.1763,2590
46.7346,-103.9823,514
46.7356,-94.1436,1124
46.7364,-119.9053,909
46.738,-116.7732,808
46.7394,-89.1796,603
46.7401,-89.5813,2031
46.7408,-92.2281,1665
46.745,-94.3778,1363
46.7491,-123.0037,1753
46.7502,-112.3027,640
46.7521,-88.4484,1466
46.7537,-95.1029,1749
46.7539,-118.3105,739
46.7549,-122.0155,1426
46.757,-96.9113,3234
46.76,-97.5562,896
46.7616,-89.0849,666
46.7625,-97.7932,586
46.7655,-94.1178,4916
46.7656,-122.196,213
46.7665,-92.1278,7424
46.7671,-67.8319,1554
46.7689,-100.6977,1131
46.769,-93.9805,4971
46.7718,-113.7205,1642
46.7719,-114.1085,2793
46.7731,-92.5418,1023
46.7735,-118.8277,554
46.7745,-92.1341,7686
46.7756,-91.3806,974
46.7787,-88.4939,1402
46.7804,-89.0952,583
46.7814,-96.6542,612
46.782,-122.2612,1628
46.783,-95.8425,2752
46.783,-116.1811,346
46.7834,-98.561,672
46.787,-96.7948,343
46.7877,-88.4118,1725
46.7884,-68.1396,1919
46.7916,-117.2512,569
46.7922,-105.3125,803
46.7953,-122.8698,693
46.7955,-117.9178,839
46.8003,-96.8333,394
46.8003,-123.0109,1850
46.8006,-116.5574,736
46.8023,-92.2408,5322
46.805,-97.4395,769
46.8054,-112.2545,777
46.8076,-95.8466,3124
46.8101,-95.3503,513
46.8107,-122.2833,1873
46.8117,-101.8335,916
46.8144,-100.5305,1339
46.8146,-100.7701,5347
46.8156,-88.6415,1049
46.8161,-90.8248,846
46.8171,-96.8354,183
46.8173,-87.708,1792
46.8183,-119.1745,1953
46.8198,-100.801,5874
46.8204,-123.0643,2641
46.8209,-94.5145,715
46.821,-100.5995,349
46.8221,-119.9233,454
46.8238,-119.1631,1988
46.8295,-100.8871,3338
46.8348,-119.9303,393
46.8349,-120.9438,870
46.8365,-67.9361,8085
46.837,-105.1275,2046
46.8375,-95.009,285
46.8389,-117.0188,912
46.8397,-113.8251,1049
46.8401,-123.2335,675
46.8416,-124.0912,2374
46.8422,-91.2419,2143
46.8427,-100.1439,689
46.843,-101.4179,1068
46.8538,-122.8605,1095
46.8542,-114.0768,2152
46.8547,-113.8526,785
46.8564,-96.9048,3652
46.8565,-112.9668,521
46.8567,-91.1081,1366
46.8568,-99.9181,677
46.8586,-96.8268,8005
46.8587,-116.3936,362
46.8587,-102.5766,547
46.8647,-96.8291,6515
46.8647,-96.7446,4286
46.8649,-124.1061,1035
46.8651,-92.6017,672
46.8652,-95.9841,778
46.8663,-89.3124,1742
46.8679,-99.7536,530
46.8681,-102.9905,1054
46.8682,-122.2696,1228
46.871,-96.5784,1142
46.8716,-99.6271,930
46.8732,-88.198,1976
46.8744,-114.0261,5374
46.8773,-113.888,1125
46.8774,-96.32,1470
46.8789,-96.6962,1689
46.8797,-113.9472,997
46.8799,-114.0317,6043
46.8813,-113.5751,476
46.8813,-102.3332,1351
46.8837,-96.098,898
46.8855,-124.0325,1573
46.8866,-110.2522,667
46.8868,-103.1955,1175
46.891,-99.1196,418
46.8915,-97.0533,1796
46.8917,-122.6865,1197
46.8918,-124.1198,1741
46.8927,-102.7881,3179
46.8928,-102.796,3299
46.8938,-99.2999,1000
46.8964,-97.2126,1335
46.9019,-119.6207,980
46.9022,-102.4229,643
46.9024,-102.0447,1113
46.9049,-97.3455,1819
46.9059,-98.6936,3311
46.9089,-92.1322,5194
46.9103,-117.0752,929
46.9106,-113.7266,960
46.9106,-92.9059,1195
46.9112,-67.8308,1478
46.9112,-98.7021,2783
46.9113,-103.5265,569
46.9142,-123.9879,963
46.9164,-95.0579,2468
46.9172,-116.8261,725
46.9187,-104.0054,1451
46.9193,-97.5506,630
46.9194,-103.8406,922
46.9214,-98.003,1752
46.9222,-121.043,1233
46.9224,-117.3015,1766
46.9226,-98.0041,1882
46.923,-116.8983,619
46.9263,-97.676,1300
46.9265,-94.516,918
46.9282,-116.8896,351
46.9282,-117.6867,494
46.9284,-95.2631,1500
46.9284,-122.305,2645
46.9291,-96.87,967
46.9311,-97.7905,469
46.9343,-98.4933,850
46.9347,-122.5499,947
46.9352,-110.7361,1280
46.9426,-122.6432,2189
46.9428,-98.2238,703
46.9452,-122.587,2522
46.9452,-119.9921,520
46.9487,-123.2802,2705
46.9489,-91.7842,741
46.9505,-96.8033,224
46.9523,-114.1331,1552
46.9534,-112.6715,3803
46.9543,-123.7729,1071
46.9544,-100.957,1137
46.9637,-119.3508,859
46.9648,-94.843,874
46.9654,-124.1472,2650
46.966,-122.6131,1651
46.9673,-119.0528,1569
46.9678,-110.0935,454
46.9684,-122.223,1843
46.9693,-123.6843,2875
46.9703,-118.6164,954
46.9718,-123.7023,1703
46.974,-124.1543,2626
46.9746,-123.8318,3008
46.975,-109.6951,491
46.9752,-123.8114,2994
46.977,-96.881,1037
46.9772,-123.9097,2805
46.9786,-96.2585,842
46.9812,-95.9173,718
46.9837,-120.4189,802
46.9842,-123.2966,2730
46.9852,-93.595,958
46.9853,-95.4,1722
46.9866,-104.19,940
46.9874,-94.212,837
46.9895,-122.9173,3825
46.9899,-122.541,631
46.9994,-109.8733,420
47.0001,-120.5495,2675
47.0003,-114.5877,1075
47.0004,-122.3913,2516
47.0004,-94.7282,1100
47.0011,-120.5385,2700
47.0039,-96.8957,381
47.0043,-108.3466,916
47.0044,-114.4853,672
47.0046,-123.5419,2245
47.0052,-123.4108,1510
47.0059,-112.0701,420
47.0065,-97.2241,1108
47.0074,-117.3502,1353
47.0102,-117.1395,881
47.0147,-123.5857,2999
47.0226,-124.1652,703
47.0229,-123.483,2406
47.0229,-113.1817,2726
47.0261,-108.8031,340
47.028,-114.2462,2357
47.0285,-122.8554,9357
47.0291,-122.6804,1586
47.03,-91.6757,1643
47.0332,-114.3408,794
47.0343,-122.2769,5932
47.0344,-68.589,1806
47.0361,-88.5307,1726
47.0405,-94.3854,1638
47.0406,-122.895,3876
47.0411,-97.4909,264
47.0415,-124.1617,504
47.0419,-122.3657,2628
47.0431,-122.7982,3912
47.0434,-88.6715,570
47.0501,-96.9431,1816
47.051,-108.9452,603
47.0513,-122.7822,1035
47.0514,-109.4524,2172
47.0527,-109.9086,511
47.0557,-88.6586,621
47.0569,-93.9126,1047
47.0572,-109.6362,957
47.0573,-123.7779,1157
47.0585,-123.2696,1300
47.0626,-98.829,251
47.0635,-109.4356,1551
47.0655,-120.6708,1003
47.0703,-88.644,548
47.0706,-111.968,496
47.0731,-92.7313,564
47.0739,-114.026,3761
47.074,-98.2031,901
47.0741,-120.0283,576
47.075,-96.5057,914
47.0781,-110.1387,585
47.0782,-96.2582,938
47.0784,-109.4735,1394
47.0784,-96.7959,917
47.0796,-98.5859,970
47.0823,-122.0518,586
47.0825,-124.1569,1659
47.0831,-119.8617,1066
47.0887,-117.0464,546
47.0908,-94.5869,1522
47.0908,-122.1267,2427
47.0912,-88.5797,667
47.0915,-117.5887,744
47.0918,-122.3616,3054
47.0955,-122.5674,2913
47.0958,-104.7561,2113
47.0969,-122.2117,1493
47.0981,-122.4234,2685
47.1003,-110.8448,814
47.1013,-122.0525,620
47.1014,-95.8573,1678
47.1023,-95.9166,978
47.1037,-88.6281,953
47.1043,-97.2184,1123
47.1049,-98.3155,326
47.1061,-104.7533,1780
47.1065,-104.7109,1692
47.1074,-122.6476,2191
47.1091,-88.5741,390
47.1118,-88.5672,1901
47.1149,-101.2977,628
47.1151,-116.3865,1032
47.1153,-97.3879,1286
47.1161,-122.1789,2685
47.1171,-99.5208,387
47.1194,-88.5772,2560
47.1207,-122.2853,3914
47.1213,-122.5946,2205
47.123,-118.3753,1349
47.1246,-124.1665,1737
47.126,-122.2353,1172
47.1273,-88.507,1801
47.1279,-119.2764,3867
47.1305,-117.2464,926
47.131,-108.9167,379
47.1327,-122.4919,2201
47.1349,-119.176,426
47.1354,-122.0966,562
47.1356,-93.2701,1631
47.1363,-122.352,1633
47.1367,-88.5978,1514
47.141,-116.9114,888
47.141,-119.3283,1750
47.1413,-119.292,4777
47.1415,-122.4378,2669
47.1421,-99.7813,377
47.1422,-99.3042,419
47.1423,-100.2823,725
47.1433,-122.3805,2310
47.1442,-121.6285,1094
47.1444,-122.1392,1865
47.1445,-99.9934,453
47.1445,-96.9686,640
47.1453,-114.8324,1803
47.1467,-95.5441,1050
47.1497,-122.1092,1756
47.1499,-122.6817,2560
47.1521,-110.219,595
47.154,-109.6207,758
47.1563,-122.6341,533
47.1568,-100.5273,914
47.158,-100.784,677
47.1592,-97.5681,910
47.1596,-116.9238,393
47.1622,-122.0203,1784
47.1636,-93.1376,311
47.1638,-98.9086,398
47.1641,-122.5281,3750
47.167,-67.9489,1888
47.1678,-94.1241,555
47.1681,-114.0836,2309
47.1691,-98.4586,716
47.1693,-122.5923,1288
47.1694,-122.3636,2048
47.1705,-113.4586,3179
47.1705,-110.3396,355
47.1734,-122.412,1582
47.1762,-96.8015,452
47.1763,-122.2224,2172
47.1768,-88.4323,1241
47.1788,-94.9724,2045
47.179,-122.2915,3441
47.1803,-96.5058,457
47.1825,-111.8155,966
47.1839,-95.9401,651
47.1847,-109.2826,591
47.1862,-120.9525,576
47.1884,-98.2007,559
47.1901,-97.2138,1110
47.1946,-120.9528,1924
47.195,-119.3178,2172
47.1951,-114.9014,887
47.1955,-88.4057,806
47.1989,-122.2784,920
47.1995,-122.163,2603
47.2007,-117.9049,489
47.2022,-121.989,2066
47.2037,-120.9592,1932
47.2043,-122.3678,2562
47.2053,-109.4211,268
47.2071,-97.7957,459
47.2141,-124.1969,998
47.2147,-94.7574,761
47.2154,-122.5473,2622
47.2166,-119.9966,911
47.2186,-97.9653,192
47.219,-95.6488,1485
47.2202,-110.9263,853
47.2236,-122.7669,4062
47.2241,-98.5685,587
47.2245,-93.5324,2936
47.2247,-117.0731,1005
47.2249,-105.1528,731
47.2254,-123.1055,3104
47.2256,-123.1122,2309
47.2272,-122.2363,2495
47.2283,-109.7131,472
47.2294,-124.1985,1213
47.2296,-117.4729,742
47.23,-93.4914,1167
47.2307,-122.1712,3180
47.2307,-122.5157,1143
47.231,-102.7704,688
47.2321,-122.2857,2629
47.2323,-122.3506,2193
47.2327,-121.1595,1627
47.2337,-123.9805,2772
47.2338,-121.0335,874
47.2351,-88.4382,732
47.2359,-119.8491,2348
47.2363,-117.3765,720
47.2367,-97.0032,386
47.2383,-119.8515,2078
47.2385,-93.5326,4295
47.2402,-94.212,1350
47.2414,-88.4492,1431
47.2424,-93.6642,4776
47.2477,-88.4534,405
47.2502,-124.1902,778
47.2514,-97.9348,459
47.2517,-68.5872,2101
47.252,-122.3173,1514
47.2522,-122.4598,6403
47.2557,-109.3572,481
47.2562,-91.3062,812
47.2571,-109.6769,684
47.2577,-122.6466,2069
47.2587,-93.4539,3566
47.2589,-96.2592,840
47.2607,-122.346,900
47.262,-122.2524,1412
47.2633,-110.4927,857
47.2641,-96.8107,457
47.2668,-101.7707,1419
47.2675,-122.832,626
47.27,-121.1412,1902
47.2701,-110.7319,287
47.2701,-97.4088,369
47.2747,-122.7901,2283
47.2749,-95.6277,1548
47.2761,-122.2847,2010
47.2771,-111.703,735
47.2813,-114.1644,1472
47.282,-122.2505,1032
47.2821,-117.1558,514
47.2827,-122.5771,2193
47.2842,-88.3875,264
47.2851,-101.9237,916
47.2903,-102.0653,786
47.2933,-91.2768,2508
47.294,-101.0278,1178
47.298,-122.5118,459
47.2981,-93.4052,1377
47.2984,-88.3972,232
47.2984,-101.6248,1077
47.2988,-124.232,1137
47.2989,-96.5165,1051
47.2992,-88.3608,631
47.2992,-105.7644,539
47.3,-98.7321,706
47.3036,-122.6525,3321
47.3038,-122.21,4938
47.3038,-122.4367,579
47.3049,-117.9713,931
47.3049,-115.1039,840
47.3053,-102.2024,621
47.3064,-122.1299,2625
47.3074,-68.1587,715
47.3102,-88.3447,1007
47.3115,-95.5954,1154
47.3116,-122.3378,4289
47.3123,-119.5343,2939
47.3125,-122.4139,726
47.3142,-98.1889,425
47.3142,-119.5533,1877
47.3146,-116.5722,989
47.3147,-122.0177,2332
47.3148,-95.9674,934
47.3159,-95.7794,1235
47.3168,-95.5387,608
47.3178,-114.3601,2337
47.318,-93.3829,4802
47.3183,-114.0954,663
47.3185,-101.382,541
47.3198,-95.6952,505
47.3207,-93.7859,732
47.3211,-106.9099,536
47.322,-93.2642,1218
47.3222,-109.9482,767
47.3229,-95.9511,424
47.3231,-95.4788,1207
47.3244,-97.7192,711
47.3252,-114.2975,683
47.326,-124.2729,1688
47.3282,-122.6673,478
47.3283,-123.1588,2345
47.3298,-122.8295,1739
47.3298,-112.2116,605
47.3301,-116.8849,1020
47.3306,-122.7549,3472
47.3311,-93.9461,1510
47.3318,-93.29,1899
47.3326,-118.6894,818
47.3328,-122.104,3187
47.3343,-108.96,1675
47.3352,-95.8165,1785
47.3373,-122.2824,1627
47.3379,-111.0449,453
47.3381,-117.2312,583
47.3384,-122.6008,2206
47.3385,-116.694,638
47.3392,-93.7928,1118
47.341,-94.2064,645
47.3413,-122.6325,1934
47.3424,-68.3334,2089
47.3431,-97.2231,458
47.3475,-123.0951,1157
47.3482,-97.4101,341
47.349,-110.0826,551
47.3511,-96.8257,547
47.352,-102.3388,617
47.3531,-102.6228,568
47.3543,-111.1696,1137
47.358,-122.7825,1391
47.3619,-121.9804,1011
47.3648,-122.1046,2211
47.3671,-122.0348,2225
47.3688,-102.7462,1235
47.3701,-115.321,1502
47.3732,-120.1421,964
47.374,-96.2656,694
47.3755,-119.5043,963
47.3764,-122.5655,2614
47.3765,-122.602,1328
47.3797,-94.5994,948
47.38,-93.1667,3538
47.3829,-122.712,1306
47.3831,-122.6694,2279
47.3845,-111.1432,701
47.3848,-117.1748,712
47.3849,-114.7953,451
47.3868,-122.8393,1148
47.3872,-110.9277,528
47.388,-122.2127,5281
47.3883,-95.5244,2935
47.3886,-115.4078,726
47.3887,-122.3176,2299
47.3911,-119.4846,1126
47.3944,-120.2893,978
47.3959,-92.9465,12250
47.3965,-122.6046,1409
47.3994,-93.0842,1470
47.3998,-116.7703,928
47.4001,-111.2092,881
47.4005,-116.9193,400
47.4016,-121.411,1558
47.402,-123.1541,932
47.4024,-111.1726,1488
47.403,-97.0635,957
47.4031,-123.8782,2823
47.4038,-98.441,411
47.4041,-111.6294,578
47.4044,-88.2612,2261
47.4061,-122.0799,2069
47.4105,-118.9887,693
47.4107,-92.9338,2381
47.4112,-122.4551,5520
47.4114,-115.5121,521
47.4118,-122.0053,3937
47.4122,-104.9188,221
47.4132,-111.1511,553
47.416,-122.6447,1979
47.4175,-120.2838,1767
47.4177,-105.587,802
47.4183,-95.5968,1018
47.419,-92.6086,818
47.4214,-111.5233,4087
47.423,-119.1177,892
47.4274,-120.3084,5184
47.4299,-117.3812,537
47.4321,-91.256,2353
47.433,-122.3447,1431
47.436,-120.3293,2962
47.4369,-122.093,1831
47.441,-111.8178,840
47.4428,-114.1722,1281
47.4429,-95.9727,486
47.4434,-122.2983,2880
47.4449,-98.1256,910
47.446,-122.8604,2100
47.4468,-122.1429,1977
47.4468,-122.8528,2465
47.447,-121.7686,716
47.4472,-99.9304,489
47.4515,-117.1306,740
47.4515,-88.1535,1219
47.4529,-99.131,1398
47.4536,-104.3414,769
47.4539,-123.9251,2604
47.4551,-98.5662,336
47.4564,-101.1412,915
47.4577,-96.8891,654
47.4582,-96.8197,417
47.4602,-114.8842,712
47.4602,-121.9902,2928
47.4612,-114.0603,1411
47.4627,-122.2745,28466
47.464,-111.2404,1659
47.4645,-121.7512,1569
47.4661,-99.3993,571
47.4677,-92.5674,1046
47.4679,-87.8699,1117
47.4685,-99.7089,455
47.4688,-115.7964,826
47.4695,-116.8086,1714
47.4736,-115.9225,865
47.4738,-122.0885,3025
47.4749,-92.5496,2280
47.4756,-122.3447,2877
47.4762,-100.1248,490
47.4763,-122.2757,2752
47.4765,-121.7613,2141
47.4792,-122.1946,4405
47.4797,-121.7124,1023
47.4802,-118.2553,567
47.4833,-100.2623,737
47.484,-100.4425,553
47.4845,-94.8942,3454
47.487,-94.8827,3792
47.4874,-122.6175,1614
47.4875,-92.8794,1920
47.488,-121.7688,1893
47.4893,-112.3922,872
47.4906,-100.7111,428
47.4908,-92.4583,3103
47.4911,-117.5815,1892
47.4911,-117.582,1649
47.4918,-92.8863,1341
47.4925,-111.9536,2505
47.4942,-95.5411,849
47.495,-122.2406,1534
47.4957,-115.9605,612
47.4968,-101.367,1069
47.4969,-111.8193,2164
47.4982,-97.3264,1246
47.4986,-92.7811,1651
47.4995,-97.3693,829
47.5024,-111.2825,4998
47.5025,-111.3,4367
47.5048,-120.3532,2568
47.5057,-116.0007,1042
47.5058,-111.1825,2052
47.5075,-94.9998,1559
47.5086,-116.8865,1764
47.5092,-122.3481,1369
47.5093,-112.3578,734
47.5096,-92.5546,2346
47.5099,-92.4065,1084
47.511,-101.4573,395
47.5125,-97.8373,1695
47.5134,-122.3148,984
47.5138,-122.5322,1668
47.5142,-110.1991,476
47.5153,-95.6346,450
47.5165,-92.7195,1796
47.5181,-120.467,996
47.519,-116.1357,848
47.5193,-122.6183,1128
47.521,-95.1303,921
47.5215,-100.8908,649
47.5244,-95.4028,1331
47.5245,-122.7043,724
47.5252,-122.6044,1467
47.5263,-124.3448,1072
47.5277,-111.26,1127
47.528,-92.5176,3934
47.529,-114.1009,1007
47.5293,-96.8157,488
47.5301,-95.2595,814
47.5305,-111.724,1239
47.5307,-96.2816,1308
47.5309,-115.0082,1549
47.5315,-122.1656,1912
47.5316,-92.241,1746
47.5344,-113.6911,4200
47.5346,-111.4884,2090
47.535,-116.1327,1810
47.5362,-121.8688,2367
47.5363,-95.986,517
47.5363,-116.2317,906
47.5367,-92.6166,7493
47.5384,-122.6324,2820
47.5399,-122.717,4841
47.5402,-98.2291,625
47.5403,-92.3422,2687
47.5424,-116.1774,502
47.5425,-96.5271,1284
47.5425,-101.2214,388
47.5432,-121.8686,2434
47.5445,-122.0491,3162
47.5471,-122.5412,1552
47.5513,-98.8039,449
47.5523,-111.5609,1717
47.553,-122.6625,711
47.5539,-99.4113,389
47.5604,-98.3456,540
47.5621,-109.3773,657
47.5626,-117.5792,1596
47.5633,-93.9773,1244
47.564,-122.2312,2294
47.5694,-121.9137,1530
47.571,-117.6894,1667
47.5716,-92.1083,6789
47.5764,-98.591,451
47.5794,-104.2387,1442
47.5851,-95.7527,1288
47.5853,-122.2036,261
47.5859,-122.6025,929
47.5884,-94.7583,938
47.5904,-122.7088,977
47.5941,-122.6661,766
47.5943,-122.0381,4104
47.5947,-120.6639,1095
47.5972,-97.8987,1107
47.5978,-122.1565,5253
47.5992,-110.7696,2066
47.5993,-115.3425,1150
47.602,-110.2667,688
47.6021,-97.0975,525
47.6024,-122.6942,624
47.6043,-114.1057,1999
47.6092,-114.6704,562
47.6095,-96.8122,879
47.6096,-122.6532,1257
47.6117,-119.2895,873
47.6154,-111.9813,509
47.6159,-122.6262,11005
47.6179,-114.656,672
47.6186,-117.6484,2337
47.6193,-122.3515,8322
47.6207,-94.1374,817
47.6226,-122.7193,1410
47.6265,-122.2429,1088
47.6301,-119.2744,1417
47.6304,-122.218,933
47.634,-121.9606,1149
47.637,-97.4583,678
47.6374,-95.887,908
47.6425,-122.5078,4771
47.643,-122.2292,503
47.6431,-91.9283,9346
47.6439,-105.0696,461
47.6442,-121.9007,977
47.6443,-122.818,1654
47.6446,-122.22,549
47.6459,-117.5792,2226
47.6473,-115.4221,1981
47.648,-120.0707,845
47.6493,-99.627,603
47.6498,-95.2642,618
47.6532,-101.4219,1074
47.655,-118.1519,1172
47.6594,-94.6839,1651
47.6602,-101.8436,1769
47.6632,-96.0167,729
47.6634,-117.2328,5576
47.6669,-117.4333,7529
47.6677,-122.6819,3227
47.6685,-117.1042,2287
47.6685,-97.106,801
47.6686,-122.9166,2812
47.6701,-114.0857,702
47.6701,-117.8786,640
47.6723,-116.7476,251
47.6744,-90.6928,2953
47.6764,-114.183,866
47.677,-120.2223,1340
47.6779,-122.1153,3696
47.6783,-117.352,11897
47.6796,-99.1377,1190
47.6797,-97.989,906
47.6823,-122.0227,4471
47.6856,-117.2801,758
47.6857,-104.6307,1855
47.6882,-114.1408,1924
47.6894,-119.1081,525
47.6909,-114.1251,1972
47.6921,-114.6396,3328
47.6951,-121.9151,1026
47.6962,-95.4293,636
47.6967,-122.2042,3831
47.6967,-96.144,1253
47.7002,-122.6243,642
47.7029,-116.7958,3729
47.7035,-116.8508,193
47.7049,-117.0851,2573
47.7053,-117.0366,301
47.7099,-121.3564,509
47.7106,-118.937,650
47.7107,-104.1883,2408
47.7155,-104.1672,1646
47.7169,-114.1906,714
47.7213,-111.7003,1112
47.7223,-122.7141,3026
47.7248,-111.0253,985
47.7256,-116.9442,3970
47.7259,-122.5883,2373
47.728,-117.423,995
47.7314,-97.5652,998
47.7319,-94.5596,1385
47.7323,-114.1855,708
47.7334,-116.7679,1401
47.7355,-121.9722,1421
47.7377,-121.9644,1428
47.7391,-95.5125,1039
47.7411,-122.6422,1983
47.7451,-102.6976,3030
47.7465,-122.076,4329
47.7469,-93.6533,1238
47.7478,-117.4199,1173
47.7495,-114.075,1876
47.7499,-122.2472,2252
47.7553,-122.5115,2081
47.7569,-122.3455,3097
47.7577,-122.1468,2151
47.7581,-118.7119,1043
47.7586,-90.3443,1549
47.7589,-122.2917,1703
47.7594,-118.5199,584
47.7633,-99.516,579
47.7645,-116.7561,710
47.7645,-116.7943,6209
47.765,-117.0141,1000
47.7651,-98.1754,1088
47.7658,-114.1533,1056
47.7668,-117.4171,1815
47.7684,-95.6229,450
47.7685,-116.8012,2947
47.7686,-121.482,927
47.7735,-122.2044,3353
47.7746,-97.1044,597
47.7747,-96.6064,2054
47.7764,-96.6066,1958
47.7778,-110.9328,1546
47.7782,-99.9307,1217
47.7795,-117.3499,2447
47.7833,-95.698,907
47.7868,-94.4266,789
47.7879,-122.388,981
47.7919,-98.3278,457
47.7924,-122.2734,1346
47.7927,-99.6527,622
47.7932,-122.3491,773
47.7936,-114.27,2114
47.794,-116.8929,2394
47.7943,-122.3026,1829
47.7944,-122.5062,1319
47.7992,-96.7995,593
47.7994,-119.9883,480
47.7999,-122.0238,2398
47.8015,-103.2667,2711
47.8021,-122.1062,3990
47.8033,-103.2598,2618
47.8037,-116.8845,1827
47.8042,-114.2082,1458
47.8056,-122.2401,1849
47.8064,-122.1844,1315
47.8065,-103.4426,530
47.8105,-122.652,1284
47.8119,-119.638,517
47.813,-92.2356,749
47.8136,-122.3533,2711
47.8137,-112.1794,1095
47.8146,-122.2673,1257
47.8158,-92.2747,1552
47.8165,-96.0035,975
47.8184,-117.2748,2415
47.8204,-101.2911,802
47.8213,-121.5559,435
47.8257,-98.4382,788
47.8268,-100.1153,271
47.8273,-99.1168,351
47.8285,-117.603,2851
47.829,-122.3007,2548
47.829,-110.6558,1375
47.829,-114.3483,511
47.8292,-122.1451,1956
47.8301,-101.0843,454
47.8309,-114.5578,6387
47.8339,-105.4925,270
47.8342,-115.5837,1233
47.8357,-92.6888,1464
47.8361,-122.1877,1915
47.837,-100.6658,450
47.8373,-100.9343,453
47.8381,-103.6432,1012
47.8387,-95.8495,786
47.8392,-122.9123,2695
47.8412,-93.6377,1738
47.8429,-122.2527,958
47.8443,-120.0136,2351
47.8447,-122.2331,1937
47.8462,-122.5574,1867
47.8475,-111.7143,511
47.852,-104.0509,813
47.8526,-122.1058,1785
47.8531,-98.7059,732
47.8533,-122.2763,1606
47.8534,-104.0359,560
47.8555,-121.6743,724
47.8563,-121.692,935
47.8577,-101.5019,484
47.859,-100.5142,1006
47.8594,-99.8934,336
47.8595,-120.053,2494
47.8598,-121.984,2292
47.8598,-112.0348,1701
47.8606,-122.3234,938
47.8635,-122.1497,2377
47.8646,-95.1002,2439
47.8649,-114.2768,673
47.8652,-122.2106,1957
47.8668,-121.9645,3074
47.8672,-121.8047,1594
47.8699,-95.005,2046
47.87,-94.9037,2452
47.8711,-121.8041,1659
47.8742,-121.7544,1878
47.8743,-120.1623,1016
47.8744,-94.2683,1096
47.8758,-122.2528,1280
47.8765,-122.3083,1583
47.8774,-121.9026,3401
47.8827,-121.8229,682
47.883,-121.9869,1315
47.8831,-100.2423,717
47.8837,-96.2727,1316
47.8974,-122.1815,2053
47.8983,-108.6197,268
47.9019,-114.0273,1513
47.9023,-121.9871,2999
47.9056,-91.8507,1553
47.9091,-97.627,704
47.9101,-122.5711,2956
47.9105,-114.1949,1539
47.913,-119.0461,1280
47.913,-122.3022,2270
47.9146,-122.6951,3083
47.9146,-97.0666,4672
47.9152,-96.0415,1484
47.9167,-108.509,1805
47.9172,-114.3791,930
47.9196,-97.0873,4900
47.9209,-94.2132,1577
47.9212,-101.6704,657
47.9227,-100.3744,1275
47.9239,-99.2056,537
47.9257,-112.2917,549
47.9286,-97.3616,506
47.9286,-97.0138,2214
47.9289,-122.0927,1704
47.9292,-91.8013,318
47.9361,-113.7997,2505
47.9391,-119.0021,1018
47.9392,-122.1341,1959
47.9471,-116.7076,973
47.9482,-94.4378,1347
47.9509,-100.5343,682
47.9511,-110.4886,1685
47.9528,-124.3903,1847
47.9554,-121.9785,3102
47.9557,-97.3913,2487
47.9595,-102.1338,1710
47.9617,-122.0944,1789
47.9624,-122.3523,913
47.9624,-99.5293,853
47.9633,-101.8029,667
47.9642,-117.4398,2383
47.9654,-122.1899,5263
47.9658,-116.8698,1423
47.9681,-112.3165,1159
47.9685,-118.9763,768
47.9705,-99.0166,2663
47.975,-122.077,623
47.9755,-121.9051,1789
47.985,-115.7709,1010
47.9871,-102.5937,918
47.9891,-102.4883,1543
47.9918,-122.0517,1429
48.0009,-97.877,880
48.0012,-117.5612,1031
48.0015,-118.9537,443
48.0034,-122.0968,2894
48.0037,-100.7199,786
48.007,-119.6725,940
48.007,-106.4552,858
48.0088,-122.5432,3155
48.0095,-122.9802,1986
48.0104,-108.6606,4726
48.011,-116.9952,1107
48.0132,-96.2136,803
48.0134,-122.3207,753
48.0142,-114.0669,1059
48.0147,-105.7982,535
48.0168,-111.0698,549
48.0175,-98.0006,921
48.0183,-114.2319,3407
48.0187,-100.844,633
48.0244,-98.1201,644
48.0263,-101.9587,945
48.0272,-108.5517,3322
48.0279,-111.8441,1596
48.0282,-122.5499,1788
48.032,-122.684,2279
48.0328,-122.7914,2348
48.0331,-99.7648,612
48.0338,-122.7631,2210
48.0348,-94.8983,3005
48.0375,-122.4071,912
48.0429,-98.3468,907
48.0489,-106.0485,1157
48.0501,-122.1346,7476
48.0531,-119.9003,645
48.0549,-123.087,1478
48.0555,-121.982,1805
48.0572,-117.7466,966
48.0576,-92.8236,1075
48.0582,-100.9329,891
48.0583,-115.1269,2843
48.0597,-122.0411,2481
48.0638,-115.9802,2049
48.066,-122.0824,2955
48.067,-111.9935,659
48.0673,-112.4761,426
48.0677,-123.1276,539
48.0699,-103.8432,929
48.0704,-117.6257,1640
48.0717,-99.2538,631
48.0728,-97.1779,485
48.073,-112.2992,370
48.0737,-123.0878,2282
48.075,-98.6332,885
48.0802,-122.1543,4136
48.081,-121.97,1598
48.0824,-114.2319,1559
48.0835,-97.4677,382
48.0841,-114.0546,5076
48.0842,-123.1697,934
48.0852,-118.7164,2801
48.0865,-114.6796,3729
48.0895,-101.0533,636
48.0896,-121.9692,1346
48.0909,-100.1671,435
48.091,-100.6162,786
48.0931,-105.6414,853
48.0972,-123.1449,5128
48.101,-103.2546,441
48.102,-121.7592,2993
48.107,-119.7698,975
48.1095,-123.4234,3708
48.1097,-123.3671,1764
48.11,-121.9825,2243
48.1105,-105.1969,479
48.1112,-96.1776,2225
48.1126,-98.8748,2395
48.1126,-98.8711,2045
48.1135,-96.1743,2081
48.1146,-93.0811,1191
48.1159,-114.2625,1128
48.1177,-122.1105,3375
48.1192,-123.448,2972
48.1205,-122.787,2201
48.1215,-114.4767,1810
48.1218,-122.7879,2392
48.1228,-123.091,693
48.1311,-120.0052,746
48.1336,-106.3571,763
48.1339,-114.7259,2636
48.1354,-122.2762,2152
48.1425,-122.3423,2124
48.144,-104.2211,1021
48.1442,-95.804,394
48.1451,-104.5162,959
48.148,-116.173,901
48.1513,-97.6441,905
48.1525,-122.4621,5725
48.1559,-104.903,903
48.1573,-110.727,440
48.1588,-97.9324,339
48.1596,-101.1756,1097
48.1625,-119.0487,4401
48.1651,-122.3477,1896
48.1662,-100.0366,432
48.1669,-118.9721,400
48.1671,-116.7516,970
48.1704,-122.1446,2867
48.1721,-103.6504,4245
48.1729,-117.7245,594
48.1741,-111.9466,1024
48.1774,-114.4072,1220
48.1783,-117.0546,1120
48.1786,-110.1133,627
48.1796,-93.8092,2232
48.1824,-112.4745,1957
48.1825,-117.018,823
48.1827,-111.0319,864
48.184,-99.3236,475
48.1843,-116.9054,1359
48.1895,-103.6491,4606
48.1912,-112.2804,559
48.1929,-96.9985,415
48.194,-96.7688,1096
48.1956,-97.1314,553
48.199,-106.6321,1076
48.2018,-122.2458,1124
48.2054,-97.338,557
48.2108,-98.3554,789
48.2119,-122.063,2632
48.2162,-114.3276,3262
48.2166,-97.4703,642
48.2166,-97.7954,913
48.2181,-114.3009,3929
48.2182,-96.4068,652
48.2188,-122.6795,1023
48.2283,-122.2705,1656
48.2289,-114.2723,2655
48.2295,-115.8526,1222
48.2336,-101.2785,4689
48.2343,-97.6751,412
48.2361,-101.2775,4779
48.2399,-112.4181,439
48.2409,-116.2894,618
48.243,-101.1283,1320
48.2439,-109.8161,2581
48.2451,-122.3422,1567
48.2451,-122.3422,1506
48.2465,-122.1781,2250
48.2465,-112.4696,627
48.2468,-109.7342,2468
48.2504,-116.3046,898
48.2521,-103.4617,555
48.2535,-124.2578,682
48.2569,-101.5637,666
48.2572,-101.4146,1253
48.2588,-121.6078,1260
48.2592,-116.6098,1612
48.261,-109.7746,2658
48.2622,-118.3591,1855
48.2623,-122.3501,767
48.263,-124.3035,325
48.2648,-113.4459,805
48.2666,-100.8447,512
48.2686,-99.1944,597
48.2786,-114.2363,2637
48.2807,-121.7099,2433
48.2807,-114.471,743
48.2816,-109.8166,2281
48.2817,-103.3578,555
48.2817,-116.56,1878
48.2826,-117.7169,1560
48.2827,-116.5546,2762
48.2838,-121.9162,1521
48.2849,-113.6107,654
48.2858,-122.3465,1601
48.2872,-99.4343,722
48.2896,-112.8338,1940
48.2918,-119.6956,1232
48.2924,-97.373,1089
48.2929,-96.1945,909
48.2938,-122.6282,2822
48.2951,-109.8738,1399
48.2956,-122.6692,4416
48.2972,-109.9918,2119
48.2997,-95.624,690
48.3033,-98.3679,867
48.3044,-112.4846,563
48.3048,-116.5366,1556
48.305,-109.8073,1925
48.3055,-112.2522,845
48.3106,-97.7103,307
48.3116,-111.6118,555
48.3118,-116.5171,676
48.3128,-102.5435,487
48.3132,-99.5733,415
48.3138,-102.3973,1928
48.3141,-101.759,988
48.3147,-97.9203,486
48.3158,-115.5183,1705
48.3168,-122.0107,797
48.3193,-122.2333,1067
48.3231,-110.0177,805
48.3285,-117.2925,647
48.3354,-103.1733,1043
48.3357,-122.3444,434
48.3366,-96.8162,1115
48.338,-104.4908,717
48.3384,-102.2289,1362
48.3439,-99.6911,630
48.3445,-119.2301,1797
48.3471,-100.407,826
48.3478,-115.516,904
48.3492,-122.6539,2327
48.3506,-107.6108,447
48.3555,-107.8702,941
48.3567,-96.3297,915
48.3579,-113.649,683
48.3589,-117.8372,539
48.361,-124.6116,1391
48.361,-120.1171,982
48.3637,-118.2456,4667
48.3654,-101.5721,889
48.3654,-99.9902,1373
48.3673,-119.5788,1288
48.3708,-101.3002,355
48.3715,-114.1918,1372
48.3749,-114.1909,1872
48.3799,-102.7718,1111
48.3838,-114.0649,1087
48.3864,-115.5567,1232
48.3886,-115.5608,1702
48.3911,-97.7427,1461
48.3926,-122.4945,573
48.3931,-114.031,1194
48.3946,-102.9435,1669
48.3953,-108.2472,370
48.3958,-101.0498,263
48.3958,-122.2432,2514
48.3964,-93.5578,991
48.4048,-107.0869,2309
48.4053,-106.4985,4345
48.4124,-98.4536,493
48.4132,-114.3436,2269
48.4135,-119.5143,2232
48.4139,-97.4062,1650
48.4171,-122.3118,3184
48.419,-101.3365,2448
48.4202,-104.5369,599
48.4205,-98.074,897
48.4223,-119.5306,1762
48.4301,-108.68,6125
48.4303,-109.886,393
48.4306,-114.0468,1749
48.4321,-103.7397,523
48.4348,-96.1617,640
48.438,-114.348,2458
48.4434,-101.7163,722
48.444,-119.4458,3038
48.4459,-113.2235,1896
48.4483,-122.2395,1493
48.4521,-98.8784,327
48.4524,-96.8763,806
48.4571,-107.3413,501
48.4601,-115.8908,835
48.4611,-122.3187,5028
48.4664,-122.3289,1879
48.4716,-120.1791,891
48.476,-116.844,647
48.4778,-97.5245,918
48.4822,-107.5349,391
48.4847,-121.6075,548
48.487,-122.4626,1463
48.4874,-99.2029,747
48.4887,-122.624,3105
48.4894,-96.4479,464
48.49,-98.2312,511
48.4919,-122.639,2851
48.4943,-100.6147,877
48.4944,-113.9919,1848
48.4955,-97.863,511
48.4975,-99.7038,385
48.5021,-111.862,2183
48.5022,-104.5017,571
48.5066,-97.4368,910
48.5077,-101.8871,750
48.5088,-100.1738,528
48.5113,-110.9661,634
48.5114,-122.2321,1893
48.5129,-119.5157,855
48.5135,-101.2209,498
48.5225,-121.9953,993
48.5234,-109.6449,1438
48.5238,-122.0656,744
48.524,-122.9952,1910
48.5319,-108.7847,587
48.5326,-121.7552,983
48.5339,-123.019,1343
48.5341,-109.7718,1965
48.5358,-97.6389,668
48.5396,-98.6543,377
48.5418,-121.4396,1747
48.5419,-109.678,1749
48.5437,-109.8069,1945
48.5448,-117.8984,1631
48.5454,-117.8985,1596
48.5458,-113.0116,1389
48.5462,-109.6809,1837
48.547,-109.731,1249
48.547,-114.5726,1047
48.5537,-96.167,639
48.5554,-110.4213,376
48.5564,-113.0151,480
48.5586,-119.7521,417
48.5594,-110.7729,1020
48.5599,-110.7101,1793
48.5599,-110.5501,869
48.5613,-122.4078,981
48.5621,-97.1795,737
48.5632,-109.6712,1662
48.564,-102.6456,1070
48.5676,-122.4343,1028
48.5706,-110.0861,603
48.5712,-113.0314,1543
48.5728,-96.8941,433
48.5737,-110.3071,968
48.5771,-112.8733,528
48.578,-96.5161,1113
48.5782,-98.3761,554
48.5816,-100.7284,506
48.582,-103.4674,672
48.5843,-108.7556,491
48.586,-109.0302,665
48.5864,-93.4077,2367
48.5901,-109.2318,656
48.5918,-93.3849,2466
48.5956,-102.928,322
48.5981,-97.6686,753
48.5987,-112.6031,433
48.6024,-104.4676,1055
48.6043,-93.3573,939
48.6047,-100.2933,621
48.6048,-113.1422,1867
48.6056,-118.0621,956
48.6074,-123.1306,1820
48.6103,-122.3293,1466
48.6153,-101.5892,493
48.6192,-97.4471,915
48.6199,-103.9367,708
48.6204,-118.129,463
48.6238,-98.9384,2596
48.6256,-112.3513,774
48.626,-98.046,623
48.627,-101.3759,538
48.6272,-99.3788,498
48.6281,-99.098,513
48.63,-103.1837,489
48.6305,-98.7043,4919
48.6341,-112.3301,977
48.6358,-99.6179,843
48.6377,-98.5257,4670
48.6437,-96.9105,607
48.6488,-118.733,1082
48.6502,-118.6838,635
48.6527,-114.928,6666
48.6605,-96.5977,879
48.6609,-99.8417,911
48.6643,-118.06,425
48.6693,-118.669,874
48.6702,-98.1494,498
48.6728,-102.072,1051
48.6729,-114.7678,921
48.6734,-98.8387,1087
48.6811,-100.151,553
48.6843,-97.8648,318
48.688,-97.6661,453
48.6897,-104.454,408
48.691,-100.7077,355
48.6934,-116.3184,1374
48.6985,-112.3188,1690
48.7011,-96.1836,1125
48.7012,-100.4981,533
48.7021,-111.2031,574
48.7058,-112.5929,555
48.7063,-115.874,2171
48.7076,-119.4423,882
48.7123,-94.5918,1868
48.7139,-100.9126,340
48.7147,-99.4581,325
48.7164,-122.21,1112
48.7167,-112.2276,556
48.7224,-101.1424,367
48.7231,-122.3441,1878
48.7244,-118.1321,401
48.7249,-116.1956,1130
48.7303,-101.8271,321
48.7324,-96.6649,660
48.7329,-118.6682,1894
48.7398,-117.422,660
48.7429,-113.4275,788
48.7453,-122.403,1065
48.7456,-111.9658,546
48.7519,-109.5466,625
48.7534,-122.4702,4822
48.7615,-114.2816,310
48.7622,-98.3753,1129
48.7631,-108.4301,710
48.7635,-107.6302,935
48.7654,-96.9425,1326
48.766,-101.5164,954
48.768,-94.9533,897
48.7701,-114.886,2418
48.773,-122.4809,6432
48.776,-104.5573,1058
48.7768,-96.0213,1049
48.7783,-118.1329,680
48.7823,-105.8304,360
48.7881,-122.5552,2190
48.7891,-107.9687,553
48.7902,-99.2459,415
48.7904,-105.4206,779
48.794,-97.6226,843
48.7997,-118.612,312
48.8022,-102.2458,885
48.8025,-110.2843,795
48.8035,-109.7832,539
48.8045,-105.1736,254
48.807,-95.101,920
48.808,-97.4517,484
48.8086,-99.8271,3517
48.813,-100.0622,909
48.8217,-104.9433,527
48.8233,-119.6397,851
48.8248,-100.4425,1042
48.8299,-115.6864,4791
48.8304,-122.2361,1506
48.8304,-112.215,626
48.8381,-99.6901,1114
48.8392,-112.7685,449
48.8409,-112.5442,551
48.8425,-99.7442,2189
48.8436,-99.6094,1098
48.8445,-95.7624,1488
48.8469,-108.4005,605
48.8518,-98.938,425
48.8523,-117.387,502
48.8534,-122.5902,2437
48.8547,-108.6624,648
48.8571,-106.4084,415
48.8582,-96.8014,1387
48.8613,-117.3719,405
48.8632,-100.0219,2056
48.8638,-118.2059,597
48.8684,-101.5679,450
48.8688,-112.3423,456
48.8705,-104.0571,681
48.874,-111.9012,1258
48.8772,-102.5644,358
48.8777,-118.6045,789
48.8789,-115.0492,1046
48.8804,-97.4739,478
48.8879,-113.4511,2796
48.8888,-104.7849,1014
48.8903,-103.0103,491
48.8916,-102.8626,581
48.8921,-121.9322,1175
48.8934,-98.5992,446
48.8954,-112.0952,508
48.8959,-100.912,251
48.8963,-102.3911,483
48.8965,-105.1614,338
48.8998,-115.1714,264
48.905,-102.7812,474
48.9089,-111.2519,190
48.9097,-103.7791,910
48.91,-100.6826,284
48.9112,-101.0177,516
48.9125,-122.3537,1109
48.9128,-122.637,1360
48.9155,-122.1326,1505
48.9158,-117.7797,683
48.9162,-103.2966,1078
48.9171,-95.328,1643
48.9188,-122.0912,1330
48.921,-97.917,924
48.9215,-97.0946,303
48.9234,-122.7453,3753
48.9281,-122.3196,870
48.9288,-110.9722,441
48.9438,-99.7131,603
48.945,-98.9969,464
48.947,-119.43,1180
48.9476,-122.7359,3278
48.9499,-122.4548,2128
48.9499,-122.4548,2093
48.951,-122.1483,1437
48.952,-109.4483,392
48.9524,-99.3802,396
48.9559,-103.4813,912
48.9578,-115.0437,1926
48.9619,-101.6328,510
48.9632,-115.2193,3640
48.9671,-97.2469,816
48.9691,-97.2263,920
48.9713,-101.2832,391
48.9729,-98.6903,394
48.9789,-112.0704,525
48.983,-97.5517,535
48.9847,-123.0595,2007
48.9847,-123.0595,2007
48.9872,-122.7488,2146
48.9928,-111.9668,631
48.9936,-118.5069,381
48.9944,-102.5484,742
48.9955,-122.2685,1100
48.9973,-118.2248,228
49.3474,-95.0698,1198
51.9099,-176.5981,5171
52.2115,-174.2135,2642
52.7211,174.1071,2126
52.8802,173.2561,10840
53.0079,-168.7185,10434
53.9103,-166.529,9180
54.14,-165.763,7375
54.8724,-163.3343,4546
55.085,-162.3168,4509
55.1146,-131.5556,1381
55.2058,-132.8204,490
55.2155,-162.7755,6636
55.3135,-160.4843,2570
55.3231,-131.5892,893
55.3571,-131.6746,1777
55.3776,-131.7784,4426
55.4887,-133.1116,2348
55.5155,-132.7019,7324
55.5564,-133.0861,749
55.5611,-132.4068,2236
55.6067,-131.64,676
55.667,-132.5357,4689
55.8366,-161.6358,12453
55.8741,-133.195,1987
55.9182,-159.4933,1859
55.9345,-159.1558,3034
55.9676,-133.6923,4175
55.9815,-130.0382,3759
56.0017,-132.842,2997
56.0821,-133.0675,4046
56.1808,-132.0268,45905
56.2376,-134.6527,1699
56.2732,-158.7934,3203
56.2952,-158.3918,3004
56.3043,-158.5003,3305
56.3319,-133.6064,1749
56.3481,-133.6168,851
56.571,-169.6599,5355
56.7569,-132.8749,6035
56.8213,-132.9722,1578
56.9483,-154.2153,2470
56.9652,-158.5864,6209
56.9753,-133.9037,2515
57.0603,-135.3351,2326
57.1791,-170.3228,5928
57.1932,-135.3674,48643
57.2188,-153.3297,3653
57.4178,-133.3066,9923
57.4413,-134.4784,4497
57.5299,-154.0012,1823
57.5411,-157.7228,4499
57.5755,-152.279,5650
57.591,-154.3634,6791
57.6474,-156.9949,14460
57.687,-152.6847,6017
57.7679,-152.5959,4374
57.7901,-135.1354,3292
57.7912,-152.4197,1800
57.8101,-152.3721,2027
57.8155,-152.3675,1685
57.867,-152.8562,2028
57.9247,-152.4624,2136
57.9592,-136.2151,673
58.0501,-135.5125,2204
58.0583,-135.4093,3006
58.0591,-152.909,7161
58.0877,-136.2883,11781
58.122,-135.4315,2199
58.2051,-157.522,4936
58.3583,-134.5301,3493
58.3729,-134.1784,47205
58.4151,-135.3455,6820
58.4347,-135.7282,5475
58.6628,-156.9841,8529
58.7257,-156.536,11740
58.7273,-158.9064,7793
58.7882,-156.8728,8192
58.833,-158.5273,1655
58.9054,-157.6698,3295
58.9526,-161.747,6242
59.0529,-160.3969,5885
59.0605,-158.5323,5243
59.0682,-156.901,3713
59.0818,-160.2806,4345
59.1277,-161.5644,1657
59.1512,-135.3565,3163
59.2604,-135.4722,3305
59.289,-158.6643,4678
59.301,-155.8633,4168
59.3338,-151.9296,2629
59.3398,-151.8465,2296
59.3458,-157.487,3726
59.3975,-136.123,4723
59.4018,-135.8824,1019
59.4121,-154.746,4159
59.4122,-135.589,10231
59.4395,-151.7104,565
59.4613,-151.5888,3868
59.4645,-135.2757,2794
59.4751,-136.1991,7976
59.4943,-157.2872,5272
59.5636,-139.6062,9096
59.5696,-151.2238,2619
59.5706,-154.4472,6772
59.6475,-151.5131,3371
59.6745,-151.4363,1175
59.6952,-157.2199,3714
59.7024,-151.5546,5912
59.7371,-154.9024,2230
59.7469,-151.2886,6669
59.7474,-151.6957,8692
59.7513,-161.8972,1872
59.7783,-154.8838,5539
59.7892,-154.1257,4007
59.8296,-151.5964,5360
59.8776,-163.1773,4429
59.8922,-151.0124,10167
59.8985,-151.5289,8527
59.934,-164.0928,4087
59.9752,-154.866,2357
59.9916,-162.8446,3304
60.0613,-151.4042,13071
60.0761,-149.4938,3109
60.092,-147.9947,4914
60.1248,-149.3916,3392
60.1519,-164.2521,2078
60.1567,-154.3396,4312
60.2081,-149.3698,5622
60.2089,-151.4042,3316
60.2163,-162.0425,716
60.267,-151.2982,7592
60.3195,-151.2328,2932
60.3416,-149.2964,5331
60.3703,-166.2677,2414
60.4103,-162.6694,9777
60.4267,-149.353,1717
60.4534,-151.2203,7529
60.4624,-164.8346,9032
60.4843,-150.7887,4693
60.4853,-151.069,2389
60.49,-151.0888,2044
60.4946,-149.8439,7362
60.5059,-149.4684,3821
60.528,-165.1062,4865
60.53,-145.6419,7112
60.5308,-151.0521,3720
60.5401,-150.8053,8009
60.5622,-151.2081,4901
60.5692,-151.2706,3281
60.6042,-151.3113,2573
60.6073,-165.1273,7079
60.6906,-161.9866,1247
60.7032,-161.7508,1532
60.725,-151.2253,7568
60.7321,-161.7769,1439
60.7653,-161.8049,3501
60.7773,-148.6637,3179
60.7933,-161.431,2892
60.7939,-161.7959,6096
60.811,-164.4991,2401
60.8628,-162.2803,706
60.8638,-162.5366,3120
60.8701,-149.4678,3277
60.8793,-162.4623,2401
60.8861,-149.633,6530
60.8944,-146.6684,2445
60.9128,-161.2162,1330
60.921,-161.4022,2404
60.9231,-150.6888,5883
60.9351,-164.6457,1049
61.0836,-146.3172,13249
61.0994,-151.3389,7484
61.1045,-160.9381,1555
61.1696,-149.8542,8698
61.1743,-149.2843,37515
61.1909,-151.1842,9040
61.3255,-149.5376,3818
61.3304,-155.2381,7943
61.3427,-150.0485,11568
61.454,-142.8647,11101
61.4619,-149.0075,8208
61.5076,-149.6226,7786
61.5092,-166.1115,2486
61.5147,-160.3585,1009
61.5155,-149.9755,9750
61.5296,-165.5941,971
61.5303,-145.1101,11449
61.5339,-148.9878,5278
61.5392,-160.3509,1724
61.5403,-150.5879,13345
61.553,-144.1751,8356
61.5669,-149.2227,3891
61.5739,-159.2469,1919
61.5788,-159.5474,2248
61.5811,-149.4608,3195
61.5876,-149.3155,2536
61.5897,-149.3674,6892
61.5972,-149.1147,2045
61.6153,-149.8006,4443
61.6184,-149.3107,3574
61.6216,-144.8213,12663
61.6351,-149.1552,2740
61.638,-149.6096,7892
61.6545,-157.1025,8986
61.6572,-149.4282,5001
61.6582,-148.9256,6953
61.6844,-149.1212,4272
61.7312,-149.2836,7331
61.7414,-148.8742,6891
61.7574,-157.3585,4554
61.7852,-161.3673,2105
61.7927,-156.5906,1616
61.7967,-158.0809,9106
61.8153,-148.292,7437
61.8302,-145.1986,5527
61.8419,-165.5833,621
61.848,-147.7726,13833
61.8716,-162.0609,1830
61.887,-149.6202,23857
61.8887,-151.2,19016
61.9482,-162.8726,1151
61.9585,-147.1551,12376
62.0011,-145.364,3210
62.0104,-146.8299,6251
62.0193,-145.3583,1453
62.0374,-163.2681,1151
62.0503,-145.443,2603
62.0628,-163.2443,6064
62.0678,-146.1203,6125
62.0919,-163.6953,1863
62.11,-142.0505,8090
62.1461,-146.758,19297
62.1476,-149.7485,15085
62.1533,-145.8408,9735
62.1851,-159.8588,4905
62.2154,-145.445,5363
62.3016,-146.5402,6780
62.3095,-149.9239,8813
62.368,-145.3052,7070
62.4154,-150.4078,16244
62.4182,-149.9362,11793
62.4414,-158.0405,11494
62.4535,-150.8841,19513
62.4965,-143.0074,11494
62.5069,-164.9006,3088
62.5964,-144.941,17428
62.6036,-143.4553,14437
62.6309,-160.216,2811
62.676,-159.5618,2915
62.7031,-141.1936,11185
62.711,-164.6497,5152
62.7756,-164.5093,2023
62.8961,-160.113,3043
62.9406,-155.5664,5970
62.9757,-145.7576,15856
62.9869,-156.0432,4389
63.0008,-141.5413,14137
63.0077,-154.3751,1896
63.0117,-143.5615,15743
63.0292,-163.5367,1571
63.1819,-142.5044,7478
63.3287,-143.4866,8076
63.3289,-143.0379,10492
63.4114,-148.7496,9906
63.4585,-162.1344,4232
63.4734,-162.26,5184
63.573,-148.6737,12056
63.5872,-144.2924,15595
63.6266,-144.6392,10750
63.6626,-144.0162,1899
63.6797,-170.4833,2200
63.7758,-171.7234,2943
63.7893,-145.3516,21643
63.7898,-152.4623,13673
63.893,-160.7958,1532
63.9596,-148.9708,23798
63.9678,-145.7149,3015
64.0097,-144.6816,7419
64.0496,-148.9206,7241
64.0573,-145.7,3383
64.0877,-141.8283,9777
64.1528,-145.9064,2410
64.157,-145.7409,6221
64.3083,-149.1632,5898
64.3141,-158.7788,4364
64.3563,-161.1962,938
64.3813,-146.5306,13287
64.5057,-165.4153,3238
64.5341,-146.8836,7873
64.5361,-149.0836,2222
64.5602,-163.0072,1845
64.6056,-149.115,966
64.6184,-162.2762,1474
64.6734,-147.0597,4964
64.6824,-163.4137,1219
64.6913,-158.2754,5820
64.7163,-147.1666,1127
64.7233,-155.5005,2407
64.7414,-156.8734,3826
64.7434,-141.1138,3744
64.7527,-147.3627,1835
64.7813,-141.1978,852
64.7943,-148.0329,5480
64.8001,-147.3851,7360
64.8097,-147.7878,2547
64.8365,-147.6517,5120
64.8553,-147.7563,7833
64.8673,-147.8195,3934
64.8791,-148.0412,7277
64.8855,-146.8986,5061
64.8908,-147.0899,4777
64.9021,-157.6935,2176
64.9082,-147.6986,4239
64.9256,-147.4351,8751
64.9399,-161.1209,2051
64.9422,-148.0273,8420
64.9749,-147.609,3273
65.0187,-150.6453,6711
65.0887,-149.5921,10429
65.1092,-166.7645,5299
65.184,-152.0551,2966
65.2524,-166.3521,1110
65.3431,-166.5095,1390
65.4049,-149.921,11832
65.4818,-148.4165,14790
65.5086,-144.6199,14297
65.6132,-168.0683,1359
65.6962,-156.3383,3592
65.7539,-168.9226,1416
65.7904,-144.196,9348
65.9772,-161.1386,768
66.0243,-149.0778,3117
66.0452,-154.2376,1583
66.0695,-162.7646,2032
66.2328,-166.1256,1381
66.2683,-145.8764,2566
66.3847,-147.2878,4113
66.5419,-152.583,3612
66.5634,-152.8376,5518
66.5825,-145.2474,2352
66.6026,-159.9989,1277
66.6468,-143.7883,2671
66.828,-161.0439,872
66.8851,-157.1746,2574
66.8868,-162.4917,4486
66.9069,-151.538,1136
66.917,-156.9145,3555
66.9329,-151.3701,4339
66.9726,-160.4344,394
67.0207,-146.3743,4355
67.0809,-157.9056,2918
67.2607,-150.0699,5433
67.4815,-150.1586,8020
67.5891,-163.0118,3632
67.736,-164.5118,1160
68.0469,-162.8721,7487
68.1498,-151.6971,2066
68.1653,-145.4014,7241
68.3442,-166.6804,2034
69.7371,-162.835,4848
70.121,-143.6303,799
70.2126,-151.0251,2668
70.3659,-148.7498,17939
70.4808,-157.3255,5679
70.6582,-159.9852,2916
71.2644,-156.7537,3934
