ref_code,base_y,base_x,offsets
W0C/FR-001,14574,-27634,-2:-2 -1:-1 0:0 0:1
W0C/FR-002,14679,-27557,-1:0 0:0
W0C/FR-003,14662,-27512,-1:0 -1:1 0:-2 0:-1 0:0
W0C/FR-004,14385,-27356,-1:0 -1:1 0:0 0:1
W0C/FR-005,14570,-27606,-1:-1 -1:0 0:0 0:1
W0C/FR-006,14711,-27554,-1:1 0:0
W0C/FR-007,14650,-27502,-1:-1 -1:0 0:-1 0:0 0:1 1:-1 1:0 1:1
W0C/FR-008,14994,-27513,0:0 0:1 0:2 1:0 2:1 3:0 3:3
W0C/FR-009,14984,-27522,-2:-1 -2:0 -1:0 0:0
W0C/FR-010,14988,-27517,0:-2 0:-1 0:0
W0C/FR-011,14836,-27514,0:0
W0C/FR-012,14903,-27517,0:-3 0:-2 0:-1 0:0 1:-3
W0C/FR-013,14851,-27505,0:-1 0:0 0:1
W0C/FR-014,14882,-27513,-1:2 0:0 0:1
W0C/FR-015,14812,-27522,0:0 1:0
W0C/FR-016,14952,-27547,-3:2 -2:1 0:-1 0:0 1:-1 2:-1
W0C/FR-017,14628,-27509,-1:-1 -1:0 -1:1 0:-1 0:0 0:1 0:2 0:3 1:0 1:1
W0C/FR-018,14926,-27523,0:0
W0C/FR-024,14648,-27525,-2:0 -1:-1 -1:0 -1:1 0:-2 0:-1 0:0 0:1 1:-2 1:-1 2:-2 2:-1 3:-3 3:-2
W0C/FR-028,13876,-27709,0:-1 0:0
W0C/FR-110,14909,-27504,0:-1 0:0
W0C/FR-111,14907,-27511,-1:0 0:-1 0:0
W0C/FR-112,14824,-27514,-2:0 0:0
W0C/FR-113,14832,-27507,0:0
W0C/FR-114,14832,-27510,0:0 2:-3 2:-2 3:-3
W0C/FR-115,14877,-27518,-3:0 -1:-2 -1:-1 0:-1 0:0 1:-1 2:-1
W0C/FR-116,14889,-27521,0:0 1:1 2:2
W0C/FR-118,14946,-27532,-1:0 -1:1 0:-1 0:0 1:0 2:2
W0C/FR-119,15018,-27523,-1:1 -1:2 0:-1 0:0 0:1 0:2 0:3 0:4 1:-2 1:-1 1:0 1:1 1:4
W0C/FR-230,14952,-27542,-2:-2 0:0 0:1 2:3
W0C/LG-001,14061,-27497,0:0 0:1
W0C/LG-002,14066,-27501,0:-1 0:0
W0C/LG-003,14082,-27845,0:-1 0:0
W0C/LG-004,14070,-27838,0:0 1:0 2:0
W0C/LG-005,14076,-27845,-5:-1 -2:-1 -1:0 0:0 0:1 3:-2
W0C/LG-006,14053,-27490,-3:3 0:0 1:2 2:2
W0C/LG-007,14075,-27505,0:0 2:3
W0C/LG-008,14118,-27523,0:-1 0:0 3:4
W0C/LG-009,14018,-27473,-1:-1 -1:0 -1:1 0:0
W0C/LG-010,14125,-27530,0:0
W0C/LG-011,14194,-27661,0:0
W0C/LG-012,14022,-27472,-4:-2 -3:-1 0:0
W0C/LG-013,14109,-27524,-5:1 0:0
W0C/LG-014,14096,-27516,-1:0 0:0
W0C/LG-015,14038,-27770,-3:-3 -2:0 -1:-2 -1:-1 -1:0 0:-1 0:0 0:1 1:-1 1:0 1:1 2:-1 2:0 2:1 2:2
W0C/LG-017,14101,-27530,-1:0 0:0 0:1 1:2
W0C/PR-001,15039,-27586,-1:0 0:-1 0:0
W0C/PR-002,14988,-27577,0:-1 0:0
W0C/PR-003,14764,-27591,0:0 1:0
W0C/PR-013,14682,-27558,0:0
W0C/PR-014,14591,-27632,0:0
W0C/PR-015,14660,-27518,0:0 3:3
W0C/PR-016,14601,-27637,-4:0 0:0
W0C/PR-017,14605,-27634,0:0
W0C/PR-018,14664,-27543,-1:-1 -1:0 -1:1 -1:2 0:0 0:1
W0C/PR-019,14609,-27597,-3:1 -2:1 -1:0 0:0
W0C/PR-020,14673,-27516,-2:-1 -1:-1 -1:0 0:0 1:0
W0C/PR-021,14711,-27558,-1:-1 -1:4 0:-1 0:0
W0C/PR-022,14683,-27565,-1:-1 -1:0 0:0
W0C/PR-023,14731,-27696,-1:0 0:0
W0C/PR-024,14672,-27541,-3:-4 -2:-4 0:0 1:0
W0C/PR-025,14672,-27505,-3:-3 0:-1 0:0 1:0 1:1
W0C/PR-026,14720,-27553,-2:0 -1:0 0:0 0:1
W0C/PR-027,14686,-27654,0:0 0:1 0:2
W0C/PR-028,14912,-27515,0:-1 0:0
W0C/PR-029,14715,-27689,0:0 0:1 2:-1
W0C/PR-030,14708,-27670,0:0
W0C/PR-031,14695,-27568,-2:-1 -2:0 0:0 0:1
W0C/PR-032,14710,-27679,0:0
W0C/PR-033,14719,-27677,0:0 1:0
W0C/PR-034,14612,-27656,0:0
W0C/PR-035,14680,-27649,0:0
W0C/PR-036,14688,-27553,-2:0 -1:0 0:0
W0C/PR-037,14699,-27665,-1:-1 0:0 1:0 1:1 1:3
W0C/PR-038,14711,-27677,-1:-3 0:0 1:2
W0C/PR-039,14642,-27636,0:0 3:0
W0C/PR-040,14719,-27684,0:0
W0C/PR-041,14972,-27578,-1:0 0:0 1:-1 3:-2 3:-1
W0C/PR-042,14838,-27520,-3:4 -2:4 0:0 1:-1 3:-1
W0C/PR-044,14699,-27591,0:0 0:1
W0C/PR-045,14943,-27536,-1:-1 -1:0 0:-1 0:0 0:1 2:3
W0C/PR-046,14961,-27580,0:0 1:0 4:1 5:1
W0C/PR-047,14761,-27595,-4:0 -3:-1 0:0 2:3
W0C/PR-048,14726,-27689,-2:-4 -1:-3 0:-4 0:0 1:-4
W0C/PR-049,15058,-27593,0:0 1:0 2:-1 3:-1
W0C/PR-050,14659,-27581,-4:1 -3:1 -3:2 -2:0 -1:0 0:0
W0C/PR-051,14905,-27529,-1:0 0:0
W0C/PR-052,14948,-27587,0:0 1:-1 4:-1
W0C/RG-001,14100,-27985,0:0
W0C/RG-002,14052,-27975,-3:0 -2:0 -1:0 0:0
W0C/RG-003,14096,-27998,0:0
W0C/RG-004,14045,-27976,0:0 1:0 3:1
W0C/RG-005,14050,-27830,-4:2 -1:-1 -1:0 0:0
W0C/RG-006,14035,-28002,-1:0 0:0 1:4 2:2
W0C/RG-007,14054,-27969,0:0 1:-1
W0C/RG-008,13955,-27967,0:0
W0C/RG-009,14057,-27964,-3:-3 -1:-1 0:0 0:1
W0C/RG-010,14033,-28004,-4:-1 -1:0 0:0
W0C/RG-011,13998,-27977,0:-1 0:0
W0C/RG-012,14113,-27982,0:-1 0:0 1:-1 2:0 3:1
W0C/RG-013,14118,-27984,0:0 1:0
W0C/RG-014,14029,-27984,-2:0 -1:0 0:0 1:0
W0C/RG-015,14005,-27981,0:0 1:0 2:0
W0C/RG-016,14021,-27970,-1:2 0:-4 0:0 0:1
W0C/RG-017,14103,-28004,0:0
W0C/RG-018,14106,-28004,0:0
W0C/RG-019,14098,-27994,-3:-4 0:0
W0C/RG-020,14013,-27968,0:0 1:-3
W0C/RG-021,14064,-27985,0:0
W0C/RG-022,14048,-27994,0:0
W0C/RG-023,14059,-27994,-2:-2 -1:-1 0:0
W0C/RG-024,14043,-28004,-4:1 0:0 1:-1 2:-1 3:-1 3:0
W0C/RG-025,14061,-27883,0:0 4:-1
W0C/RG-026,13967,-27984,-2:-1 0:0
W0C/RG-027,14057,-27892,-2:2 -1:0 0:0 1:-3 1:-2
W0C/RG-028,13963,-27990,0:-1 0:0
W0C/RG-029,14110,-27994,-3:-1 0:-1 0:0 0:1 5:0
W0C/RG-030,14022,-27955,-5:-1 -4:-1 -3:-1 -3:0 -3:1 -2:-1 -2:0 -2:1 -1:-1 -1:0 -1:1 0:0 0:1 1:0 4:2
W0C/RG-031,14072,-27998,0:0 0:1 1:0
W0C/RG-032,14056,-27850,-3:1 -2:-1 -2:0 -2:1 -1:-2 -1:-1 0:-1 0:0 2:-3
W0C/RG-033,13958,-27963,-3:-3 0:0 3:2
W0C/RG-034,14067,-28018,-4:0 0:0
W0C/RG-035,14089,-27988,0:0 3:-3 3:-2
W0C/RG-036,13929,-27985,0:-2 0:0
W0C/RG-037,14088,-28002,0:-1 0:0 3:1 4:1
W0C/RG-038,14072,-27968,-2:-2 -1:-1 0:-1 0:0
W0C/RG-039,13810,-27753,0:-1 0:0 0:1 3:-1
W0C/RG-040,13916,-27860,-1:0 0:0 1:0
W0C/RG-041,14062,-27862,-3:-2 -3:-1 -3:1 -2:0 0:0 1:0 2:-1 4:-2
W0C/RG-042,14100,-27975,0:0 0:1 1:1 1:2 1:3 2:3
W0C/RG-043,14100,-27966,0:-1 0:0 1:-4 1:-2 1:-1 1:0
W0C/RG-044,14054,-27867,-2:-1 -1:-2 -1:-1 0:-2 0:-1 0:0
W0C/RG-045,14120,-27973,-3:-1 -2:-1 -1:-1 -1:0 0:0 1:1
W0C/RG-046,13939,-27920,-1:1 0:0 2:-1 3:-1
W0C/RG-047,13928,-27929,-3:2 0:-1 0:0
W0C/RG-048,13926,-27969,-1:0 0:0 1:0
W0C/RG-051,13944,-27975,0:0 1:-1 3:-1
W0C/RG-053,14036,-27878,-5:-1 -4:-2 -4:-1 -3:-3 -3:-2 -2:-3 -2:-2 -1:-3 -1:-2 -1:-1 0:-3 0:-2 0:-1 0:0 0:1 1:-3 1:-2 2:-3 2:-2
W0C/RG-054,13947,-27849,-3:-1 -1:0 0:0 0:1 1:0 3:-1 4:-1
W0C/RG-056,13887,-27709,-1:1 0:-1 0:0 0:1 1:-1 1:0
W0C/RG-057,13905,-27831,-2:1 -1:0 -1:1 0:0
W0C/RG-058,14066,-27952,-2:-2 -1:0 0:0
W0C/RG-059,14086,-27929,-5:1 -4:0 -4:1 -4:2 -3:1 -3:2 -2:1 -2:2 -1:0 -1:1 -1:2 0:0 0:1 0:2 1:0 1:1 2:0 2:1
W0C/RG-062,13932,-27846,-1:-2 -1:-1 -1:0 -1:1 0:0 0:2
W0C/RG-063,13870,-27762,0:-1 0:0
W0C/RG-064,14122,-28005,-5:0 -4:0 0:0
W0C/RG-066,13975,-27990,-1:0 0:0 1:0
W0C/RG-067,13997,-27879,0:-1 0:0 1:-2 1:-1 1:0 2:-2 2:-1 2:0 3:1
W0C/RG-069,13817,-27775,-1:0 0:-1 0:0 2:2
W0C/RG-071,14120,-27919,-4:1 -4:2 -3:1 -3:2 -3:3 -2:0 -2:1 -2:2 -2:3 -1:0 -1:1 -1:2 -1:3 -1:4 0:-1 0:0 0:1 0:2 0:3 0:4 1:-1 1:0 1:1 1:2 2:-1 2:0 2:1 3:0 3:1 3:2 4:0 4:1 4:2 4:3 5:1
W0C/RG-072,13868,-27882,0:0
W0C/RG-074,13898,-27889,-1:0 0:0
W0C/RG-076,13855,-27760,-1:0 0:0 0:1 1:-1 3:-3 3:-2 3:-1 4:-1
W0C/RG-079,13887,-27963,0:0 1:0 3:0 4:1
W0C/RG-166,14056,-27886,-1:-3 -1:1 0:0 0:1 1:1 2:4 3:3 3:4 4:3 5:2
W0C/SC-001,14065,-27489,0:0
W0C/SC-002,14069,-27847,-1:0 0:0 1:0
W0C/SC-003,14076,-27502,0:0
W0C/SC-004,14112,-27516,0:0
W0C/SC-005,14046,-27485,-3:3 0:0
W0C/SC-006,14155,-27541,-1:0 0:0
W0C/SC-007,14103,-27511,-2:1 0:0
W0C/SC-008,14094,-27508,0:0 1:0
W0C/SC-010,14200,-27576,-1:1 0:0 0:1
W0C/SC-013,13931,-27474,-1:0 0:-1 0:0
W0C/SC-014,14072,-27490,0:0 1:1
W0C/SC-015,13842,-27343,0:0
W0C/SC-016,14141,-27529,0:0
W0C/SC-017,14058,-27492,-1:1 0:0 2:-3 2:-2 3:-3
W0C/SC-018,14083,-27501,-1:1 0:0 2:-2
W0C/SC-019,14134,-27518,0:0 0:1
W0C/SC-020,14117,-27515,0:0 3:3
W0C/SC-021,14088,-27497,0:0
W0C/SC-022,14148,-27534,0:-1 0:0 0:1 3:-2
W0C/SC-023,14135,-27523,0:-2 0:-1 0:0
W0C/SC-024,14057,-27483,0:-2 0:-1 0:0
W0C/SC-025,14159,-27532,-1:0 0:0
W0C/SC-026,14215,-27591,0:0
W0C/SC-027,14204,-27579,0:0 1:-2 2:2 3:3
W0C/SC-028,14210,-27584,0:-1 0:0
W0C/SC-029,13849,-27323,0:0
W0C/SC-124,14089,-27504,-3:1 0:0 4:-1
W0C/SJ-001,14041,-27996,0:0
W0C/SJ-002,13999,-28081,-1:2 0:0 2:1
W0C/SJ-003,14023,-27987,-2:1 0:0 0:1
W0C/SJ-004,13957,-28016,0:0
W0C/SJ-005,13992,-28090,0:0
W0C/SJ-006,14069,-28072,0:0
W0C/SJ-007,14035,-28070,-4:-1 0:0
W0C/SJ-008,13868,-28149,-2:3 0:0
W0C/SJ-009,13882,-27718,-1:1 0:0 1:-1 1:0 2:0
W0C/SJ-010,13965,-28044,-3:-2 0:-1 0:0
W0C/SJ-011,13962,-28075,0:0
W0C/SJ-027,13934,-28027,-1:0 0:0
W0C/SJ-028,13933,-28019,0:0
W0C/SJ-029,13937,-28033,0:0
W0C/SJ-030,13959,-28022,0:0
W0C/SJ-031,13936,-28032,0:0
W0C/SJ-032,13942,-28017,0:0
W0C/SJ-033,13960,-28024,-2:2 0:0
W0C/SJ-034,13941,-28029,0:0
W0C/SJ-035,14009,-28075,0:0
W0C/SJ-036,13954,-28011,0:0
W0C/SJ-037,14053,-28010,0:0 2:1
W0C/SJ-038,13948,-28017,0:-1 0:0 1:-1
W0C/SJ-039,13987,-28080,0:0
W0C/SJ-040,13928,-27994,-1:1 0:0
W0C/SJ-041,14023,-28068,0:0 1:-1 2:-1
W0C/SJ-042,13951,-28008,0:0
W0C/SJ-043,13964,-28007,-3:-3 -2:-3 0:-1 0:0
W0C/SJ-044,13949,-28006,0:0
W0C/SJ-045,13932,-28014,0:0
W0C/SJ-046,14021,-28027,0:-1 0:0 1:-1
W0C/SJ-047,13945,-28015,-2:-3 0:-2 0:0 1:-2 2:-2 3:-1 4:0
W0C/SJ-048,13958,-28026,0:0 0:1 1:-1
W0C/SJ-049,14022,-28034,-5:1 -1:-1 -1:0 0:0
W0C/SJ-050,13999,-28007,0:0 1:-1
W0C/SJ-051,14036,-28060,-4:-2 -3:-2 -1:0 0:0
W0C/SJ-052,13966,-28015,-1:0 0:-1 0:0
W0C/SJ-053,14039,-28024,-2:2 0:0 1:-1 1:0 2:-3 2:-2 3:-3
W0C/SJ-054,13995,-28026,-2:0 0:0 1:-2 1:1 2:-3
W0C/SJ-055,13989,-28023,-4:0 -2:0 -2:1 0:-1 0:0 2:-2
W0C/SJ-056,13989,-28070,0:0 0:1
W0C/SJ-057,13944,-28013,0:0 0:1
W0C/SJ-058,13924,-27992,-4:0 0:0
W0C/SJ-059,13998,-28021,-2:0 0:0
W0C/SJ-060,13948,-28023,-2:1 -2:3 -1:0 0:0 1:-4
W0C/SJ-061,13951,-28011,-1:-4 -1:4 0:-3 0:0 2:0 4:-1
W0C/SJ-062,14013,-28071,-1:0 0:0
W0C/SJ-063,14022,-28021,0:-3 0:0
W0C/SJ-064,13994,-28048,-3:1 0:0
W0C/SJ-065,14030,-28028,-2:0 -2:1 -1:0 0:0 0:1 1:1 2:1
W0C/SJ-066,13922,-28025,0:-1 0:0
W0C/SJ-067,13963,-27994,0:0 1:0
W0C/SJ-068,13935,-27999,0:0 1:0
W0C/SJ-069,13833,-27786,0:0 0:1
W0C/SJ-070,13935,-27996,-2:2 -1:0 0:0
W0C/SJ-071,13962,-28026,-3:2 0:0
W0C/SJ-072,13993,-28000,0:-1 0:0 1:-1 1:4
W0C/SJ-073,14035,-28028,0:0 1:0 5:2
W0C/SJ-074,13953,-27995,0:0 0:1
W0C/SJ-075,13924,-27998,-2:4 -1:0 0:0
W0C/SJ-076,13954,-27997,-1:0 0:-1 0:0 4:1
W0C/SJ-077,14049,-28025,-1:0 0:0 1:2
W0C/SJ-078,13862,-28146,0:-2 0:0
W0C/SJ-079,13947,-27993,-3:-1 0:0 0:1 1:-2
W0C/SJ-080,13913,-28011,-4:-2 -4:-1 -4:0 -3:0 0:0
W0C/SJ-081,13996,-28009,0:-1 0:0 1:-2 2:2 3:1 4:2 5:0
W0C/SJ-082,13949,-28054,-1:0 0:0 2:-1
W0C/SJ-083,14009,-28066,0:0
W0C/SJ-084,13841,-27785,-2:-2 -1:-2 0:0
W0C/SJ-085,13944,-28053,-1:0 0:0 2:1
W0C/SJ-086,13993,-28060,0:0 1:-1
W0C/SJ-087,13919,-28041,-2:1 -1:0 0:-1 0:0 1:-1 1:0 3:-2
W0C/SJ-088,13998,-28056,-1:0 0:0
W0C/SJ-090,13846,-27782,-4:-2 0:0
W0C/SJ-091,13801,-27784,-2:1 0:0 2:-1 4:-1 5:-1
W0C/SJ-092,14029,-28045,-1:-1 0:0 1:-1
W0C/SJ-093,13902,-28017,-1:-1 0:0
W0C/SJ-094,13742,-27768,-3:2 -2:1 0:0 0:1 1:0 3:0 4:0
W0C/SJ-095,13859,-28129,0:0 1:-1
W0C/SJ-097,14014,-28049,-1:0 0:0
W0C/SJ-098,13953,-28090,-1:0 0:-3 0:-2 0:-1 0:0 1:-2
W0C/SJ-099,13810,-27806,0:0 0:1
W0C/SJ-100,13846,-28133,-1:-4 0:0 1:0 2:0
W0C/SJ-172,14040,-27990,-1:0 0:-4 0:-1 0:0 1:-2
W0C/SJ-173,14033,-28072,-3:1 -1:0 0:-1 0:0
W0C/SJ-174,13961,-28015,-4:-2 -4:0 -1:0 0:0
W0C/SJ-175,14049,-28053,-2:-3 -1:-3 -1:-2 -1:0 0:-4 0:-1 0:0
W0C/SJ-176,14052,-28052,-1:1 -1:2 0:0 0:1
W0C/SL-001,13917,-27471,0:0
W0C/SL-002,13748,-27393,0:0 1:-1
W0C/SL-003,13919,-27460,0:0 1:-1
W0C/SL-004,13926,-27461,-1:0 0:0
W0C/SL-005,13738,-27394,-1:-1 0:-1 0:0 1:0
W0C/SL-006,13730,-27399,0:0
W0C/SL-007,13922,-27479,0:0
W0C/SL-008,13755,-27390,-1:0 0:0
W0C/SL-009,13810,-27387,0:0
W0C/SL-010,13799,-27384,0:-1 0:0
W0C/SL-011,13734,-27399,-4:-1 -4:1 -3:0 0:0 1:0
W0C/SL-012,13776,-27388,-1:1 0:0 0:1
W0C/SL-013,13920,-27465,-2:-4 -2:-3 -1:-3 -1:-1 -1:4 0:-1 0:0 0:3 1:3 1:4 2:2 2:3 3:2 3:3
W0C/SL-014,13702,-27422,-2:1 -1:0 -1:1 0:0 0:1 1:0 1:1 2:0
W0C/SL-017,13829,-27388,-1:0 0:0 1:0 1:1
W0C/SM-001,14014,-28123,0:-4 0:-2 0:-1 0:0
W0C/SM-002,14022,-28122,0:0
W0C/SM-003,14016,-28121,-4:-2 -3:-2 -1:-2 0:0
W0C/SM-004,13983,-28090,0:0
W0C/SM-005,14021,-28126,-1:0 -1:1 0:0 0:4
W0C/SM-006,14019,-28154,-2:0 -2:1 -1:1 0:0 1:-1
W0C/SM-007,14014,-28151,0:0
W0C/SM-008,14013,-28113,0:0
W0C/SM-009,14021,-28108,0:0
W0C/SM-010,13957,-28122,-4:-2 0:0
W0C/SM-011,14017,-28158,-1:-1 -1:4 0:0 0:3 1:4 2:2 2:3 3:2
W0C/SM-012,14032,-28192,0:0
W0C/SM-013,13966,-28107,0:0
W0C/SP-001,14455,-27728,0:0 0:1
W0C/SP-002,14431,-27693,-1:-1 0:0 0:1
W0C/SP-003,14425,-27703,-3:-1 0:-1 0:0 0:1 1:-2
W0C/SP-004,14460,-27760,0:0
W0C/SP-005,14412,-27718,0:0
W0C/SP-006,14418,-27704,-1:0 0:0 3:0
W0C/SP-007,14316,-27678,0:-1 0:0
W0C/SP-008,14562,-27643,-4:2 -1:1 0:0 1:-1
W0C/SP-009,14458,-27719,-1:-1 0:-1 0:0 1:-1
W0C/SP-010,14410,-27700,-1:-2 -1:-1 -1:0 0:0
W0C/SP-011,14447,-27734,0:-2 0:-1 0:0
W0C/SP-012,14313,-27686,-1:0 -1:4 0:0 0:4 1:0
W0C/SP-013,14412,-27721,-1:3 0:0 0:2 1:2 2:3
W0C/SP-014,14239,-27667,0:-1 0:0 1:0
W0C/SP-015,14411,-27709,-2:0 0:0
W0C/SP-016,14293,-27698,0:0
W0C/SP-017,14587,-27609,-5:0 -4:0 -3:0 -2:-1 -2:0 -1:0 0:0 0:1 0:2 1:2 1:3 2:3
W0C/SP-018,14441,-27637,-2:3 -2:4 -1:4 0:0
W0C/SP-019,14443,-27749,0:0 1:0
W0C/SP-020,14347,-27684,-1:-3 -1:-2 0:0 1:0
W0C/SP-021,14649,-27559,-2:2 -1:1 -1:2 -1:3 0:0 0:2 0:3 3:-1 4:-1
W0C/SP-022,14427,-27734,0:-2 0:0 3:0
W0C/SP-023,14360,-27707,-1:0 0:-1 0:0 1:-1
W0C/SP-024,14363,-27695,0:-1 0:0 1:-4
W0C/SP-025,14549,-27646,0:0 1:-1
W0C/SP-026,14306,-27694,-1:0 0:0 0:1 1:0
W0C/SP-027,14298,-27693,-1:1 0:0 1:-1 2:-1
W0C/SP-028,14332,-27722,-1:0 0:0 1:0
W0C/SP-029,14449,-27755,-2:-3 0:0 1:1
W0C/SP-030,14594,-27591,0:0 1:-1 1:0 2:-1
W0C/SP-031,14347,-27691,0:-1 0:0 1:0
W0C/SP-032,14627,-27570,-1:0 0:-2 0:-1 0:0 1:0 2:1 3:1 4:2
W0C/SP-033,14338,-27708,-1:0 -1:1 0:0 0:1 1:-4 1:1 2:3
W0C/SP-034,14542,-27642,-3:2 -2:-2 -2:-1 -2:0 -2:1 -2:2 -1:0 -1:1 0:0 0:1 0:2 1:2
W0C/SP-040,14320,-27694,-1:0 0:-1 0:0
W0C/SP-041,14516,-27634,-1:1 0:0 0:1
W0C/SP-042,14373,-27715,-2:1 -1:0 0:0
W0C/SP-043,14305,-27705,-2:1 -1:1 0:0 1:0
W0C/SP-045,14252,-27672,-1:-1 -1:0 0:-1 0:0 0:1 1:-1
W0C/SP-046,14586,-27586,-3:2 -2:2 -1:1 -1:2 0:0 0:1 0:2 1:1 1:2 4:0 4:1 5:0 5:1
W0C/SP-127,14345,-27713,-1:0 0:0
W0C/SR-001,14488,-27721,-2:0 -1:0 0:0 0:1
W0C/SR-002,14416,-27688,0:0 0:1
W0C/SR-003,14323,-27669,0:0 1:0
W0C/SR-004,14303,-27667,0:0 2:-4 2:-3
W0C/SR-005,14351,-27668,0:0
W0C/SR-006,14429,-27699,-1:1 0:0 0:1 1:0
W0C/SR-007,14386,-27686,0:0 1:-1
W0C/SR-008,14408,-27682,0:0
W0C/SR-009,14617,-27730,0:0
W0C/SR-010,14424,-27719,-1:1 0:0
W0C/SR-011,14230,-27663,0:-1 0:0
W0C/SR-012,14593,-27638,-1:4 0:-1 0:0 1:0
W0C/SR-013,14492,-27730,-1:-1 -1:0 0:0
W0C/SR-014,14452,-27714,-1:-1 -1:0 0:0
W0C/SR-015,14486,-27733,0:0
W0C/SR-016,14580,-27643,-3:-1 -3:0 -1:-1 0:-1 0:0
W0C/SR-017,14680,-27551,0:0 2:3
W0C/SR-018,14291,-27688,0:0
W0C/SR-019,14671,-27547,-1:0 -1:1 0:0
W0C/SR-020,14494,-27751,-4:1 -1:-1 0:0
W0C/SR-021,14317,-27667,0:0 0:1 3:-3 3:-2
W0C/SR-022,14290,-27683,-1:0 0:0 1:-1
W0C/SR-023,14322,-27687,0:0 2:-1
W0C/SR-024,14725,-27693,0:-1 0:0
W0C/SR-025,14714,-27580,0:0
W0C/SR-026,14064,-28071,0:0
W0C/SR-027,14326,-27681,-1:0 0:0
W0C/SR-028,14451,-27707,-1:0 0:-1 0:0 1:0 1:1
W0C/SR-029,14754,-27530,0:0 0:3 1:0
W0C/SR-030,14614,-27588,0:0
W0C/SR-031,14759,-27524,0:0 1:0
W0C/SR-032,14377,-27703,0:0
W0C/SR-033,14327,-27744,-1:0 0:-1 0:0 1:1
W0C/SR-034,14429,-27835,0:0
W0C/SR-035,14743,-27536,-4:-2 -3:3 -1:-1 -1:0 0:0 1:0 1:1 2:1
W0C/SR-036,14585,-27740,-1:0 0:-1 0:0
W0C/SR-037,14410,-27898,0:0
W0C/SR-039,14541,-27908,-1:-1 -1:0 0:-3 0:0 1:-3 2:-3
W0C/SR-040,14739,-27567,-4:1 -3:1 -2:1 -1:0 0:-1 0:0
W0C/SR-041,14572,-27671,-1:0 -1:1 0:0 0:1 1:0 2:0 3:0 4:1
W0C/SR-042,14442,-27877,-2:0 -1:0 0:0 2:0
W0C/SR-043,14672,-27642,-1:0 0:0 1:0
W0C/SR-044,14374,-27965,0:0 0:1
W0C/SR-045,14650,-27656,-4:1 -1:0 0:0 1:0
W0C/SR-046,14735,-27559,-1:0 0:-4 0:0 0:1 1:-3 1:1 1:4 2:2 2:3 2:4 3:3 3:4
W0C/SR-058,14513,-27729,0:0 0:1 1:0 2:-1
W0C/SR-059,14570,-27641,-1:0 0:0
W0C/SR-060,14500,-27887,0:0
W0C/SR-061,14527,-27649,0:0 0:1 1:0 1:1 3:0 4:0 4:1
W0C/SR-062,14470,-27852,0:0
W0C/SR-063,14457,-27828,0:0
W0C/SR-064,14513,-27653,-4:2 -3:1 -1:0 0:0
W0C/SR-065,14510,-27736,-1:-1 0:-1 0:0
W0C/SR-066,14479,-27738,-1:0 0:0 1:0 2:0
W0C/SR-067,14567,-27651,-4:2 -2:1 -1:0 0:0
W0C/SR-068,14555,-27652,0:0 4:0
W0C/SR-069,14502,-27740,0:0
W0C/SR-070,14521,-27653,0:0 1:0 4:2
W0C/SR-071,14496,-27741,0:0
W0C/SR-072,14624,-27744,-1:-1 0:-1 0:0
W0C/SR-073,14449,-27842,0:0 1:0
W0C/SR-074,14500,-27735,0:0 0:1
W0C/SR-075,14446,-27760,0:0
W0C/SR-076,14490,-27888,0:0 1:0 2:4 3:3
W0C/SR-077,14511,-27764,-1:0 0:0
W0C/SR-078,14621,-27760,0:0
W0C/SR-079,14499,-27754,-2:-3 -2:4 0:0 0:3 1:3
W0C/SR-080,14486,-27863,0:0
W0C/SR-081,14628,-27759,0:0
W0C/SR-082,14489,-27858,0:0
W0C/SR-083,14506,-27769,0:0
W0C/SR-084,14508,-27883,-1:0 0:0
W0C/SR-085,14506,-27744,-3:3 -2:0 -1:0 0:0 1:0
W0C/SR-086,14466,-27777,0:0 1:0
W0C/SR-087,14461,-27769,0:0
W0C/SR-088,14604,-27727,0:-2 0:-1 0:0 1:-1 1:0
W0C/SR-089,14722,-27692,-4:1 -3:1 0:0 2:-2 4:-2
W0C/SR-090,14580,-27713,-2:-3 0:0
W0C/SR-091,14473,-27755,0:0 1:0 2:-2
W0C/SR-092,14689,-27662,0:0
W0C/SR-093,14618,-27759,-1:0 0:0 2:0 3:-2 3:0 4:0
W0C/SR-094,14607,-27755,0:0 1:-1 2:-1
W0C/SR-095,14698,-27673,-2:1 0:0 1:-1
W0C/SR-096,14604,-27751,-1:0 0:0
W0C/SR-097,14692,-27667,-3:1 0:0 1:0
W0C/SR-098,14703,-27677,0:0
W0C/SR-099,14705,-27681,0:0 1:0 5:-1
W0C/SR-100,14523,-27753,0:0
W0C/SR-101,14505,-27753,-5:-1 -4:2 -3:2 -3:3 -2:4 -1:4 0:-1 0:0 1:-1 2:-3
W0C/SR-104,14611,-27761,0:0
W0C/SR-105,14467,-27744,-1:0 0:0 0:1
W0C/SR-107,14473,-27787,-2:1 -1:1 0:0
W0C/SR-109,14667,-27653,-1:0 0:0
W0C/SR-110,14561,-27717,-1:0 0:-2 0:-1 0:0 1:0
W0C/SR-111,14489,-27658,-4:0 -4:1 -3:0 -3:1 -2:0 -2:1 -1:0 -1:1 0:0 0:1 1:-1 1:0 2:-1
W0C/SR-112,14507,-27892,-4:3 -1:-2 -1:0 0:0
W0C/SR-113,14636,-27737,-3:0 -1:0 0:0 1:0
W0C/SR-114,14495,-27910,-4:2 0:0 4:-1
W0C/SR-115,14484,-27775,0:-2 0:-1 0:0 1:0 1:1 1:2
W0C/SR-116,14487,-27851,0:0 3:2 4:2
W0C/SR-117,14668,-27658,-1:-1 0:0 1:1
W0C/SR-119,14722,-27699,0:0 1:-1 2:-2
W0C/SR-120,14612,-27667,-4:2 -3:1 -2:0 -2:1 -1:0 0:0 1:0 2:-1 3:-2
W0C/SR-121,14707,-27686,0:0
W0C/SR-122,14607,-27741,-2:-1 -1:-1 0:0 1:0
W0C/SR-123,14547,-27666,-1:0 -1:1 -1:3 0:-1 0:0 0:1 0:2 0:3 0:4 1:-2 1:-1 1:0 1:1 2:-2 2:-1 2:0 3:-2
W0C/SR-181,14456,-27840,-3:-2 0:0 1:-1 2:-1
W0C/SR-182,14499,-27772,-1:0 -1:1 0:0 1:0 2:1
W0C/UR-001,14075,-28071,0:0
W0C/UR-002,14074,-28063,0:0
W0C/UR-003,14069,-28080,0:0 1:-2
W0C/UR-004,14070,-28060,0:0
W0C/UR-005,14075,-28066,0:0
W0C/UR-006,14043,-28057,-1:0 0:0 0:1 1:1 3:-1 3:0 3:1
W0C/UR-007,14077,-28090,0:0
W0C/UR-008,14081,-28057,-2:-4 -2:-1 0:-1 0:0
W0C/UR-009,14044,-28031,-1:1 0:0 1:0 3:-1
W0C/UR-010,14079,-28015,0:0
W0C/UR-011,14079,-28097,-3:2 -1:0 0:0 4:0
W0C/UR-012,14057,-28048,-1:0 0:0 1:1
W0C/UR-013,14062,-28045,-1:1 0:0 0:1
W0C/UR-014,14071,-28021,0:0
W0C/UR-015,14081,-28027,-2:3 0:0
W0C/UR-016,14037,-28045,-1:0 0:0 0:1 0:2
W0C/UR-017,14040,-28038,-2:0 0:0 0:1 1:0
W0C/WE-001,14448,-27829,0:0
W0C/WE-002,14470,-27862,0:0
W0C/WE-003,14488,-27882,0:0
W0C/WE-004,14448,-27769,0:0
W0C/WE-005,14442,-27833,0:0 4:-1 4:0 4:1
W0C/WE-006,14437,-27846,-1:0 -1:2 0:0
W0C/WE-007,14453,-27897,-1:1 0:0 1:-2 1:-1
W0C/WE-008,14436,-27813,0:0 1:0
W0C/WE-009,14453,-27774,-1:1 0:0 1:0
W0C/WE-010,14449,-27891,-1:1 0:0 2:-1
W0C/WE-011,14441,-27808,0:0
W0C/WE-012,14431,-27746,-1:1 0:0
W0C/WE-013,14442,-27764,-1:4 0:0 3:-3
W0C/WE-014,14450,-27855,-3:0 -1:1 0:0
W0C/WE-015,14424,-27801,0:0 2:0 3:0
W0C/WE-016,14437,-27822,0:0 2:-3 2:-2
W0C/WE-017,14460,-27775,0:-1 0:0
W0C/WE-018,14423,-27741,-1:0 0:0 1:1 1:4
W0C/WE-019,14328,-27766,-1:-2 -1:-1 -1:0 0:0
W0C/WE-020,14460,-27865,0:0
W0C/WE-021,14132,-27986,0:0 1:-1 1:0 2:-1 2:0
W0C/WE-022,14478,-27873,0:0 2:-2 3:-3
W0C/WE-023,14339,-27917,-2:-3 -2:2 0:-3 0:0 1:-2 1:0
W0C/WE-024,14441,-27892,0:0
W0C/WE-025,14328,-27758,-1:-1 -1:0 0:0
W0C/WE-028,14465,-27939,0:0 0:1
W0C/WE-029,14419,-27792,-1:0 0:-1 0:0 1:-1
W0C/WE-031,14415,-27896,-5:-1 -4:-2 -4:-1 0:0
W0C/WE-032,14458,-27938,0:0
W0C/WE-033,14457,-27888,0:0
W0C/WE-034,14428,-27868,-1:0 0:0 1:-1
W0C/WE-036,14482,-27904,0:0 1:-1
W0C/WE-037,14332,-27726,-2:-2 -2:4 -1:-2 -1:0 -1:3 0:-2 0:-1 0:0 0:3 1:3 2:3 2:4 3:4
W0C/WE-038,14434,-27893,-1:0 -1:2 0:0
W0C/WE-040,14378,-27860,-2:2 -2:3 0:0 1:0
W0C/WE-041,14426,-27894,-1:-1 0:0 1:0
W0D/BB-001,16246,-26962,-1:1 0:0 0:1 1:-1
W0D/BB-002,16267,-27020,-4:-2 -3:-3 -3:-2 -2:-4 -2:-3 -2:-2 -1:-4 -1:-3 -1:-2 -1:-1 0:-4 0:-3 0:-2 0:-1 0:0 0:1 1:-4 1:-3 1:-2 1:-1 1:0 1:1 2:-4 2:-3 2:-2 2:-1 2:0 2:1 3:-4 3:-3 3:-2 3:-1 4:-3 4:-2 4:-1 4:0 5:-1
W0D/BB-003,16238,-26976,-2:0 -2:1 -1:1 0:-1 0:0 1:-1 1:0 2:-1 2:0
W0D/BB-004,16256,-26987,-1:0 0:0 0:1 1:0 2:1
W0D/BB-005,16249,-26978,-1:-1 0:-1 0:0
W0D/BB-007,16285,-26967,0:0 0:1 1:0 2:0 4:-2 5:-1
W0D/BB-009,16177,-26970,-3:-1 -3:1 -2:-1 -2:0 -2:1 -2:3 -1:0 -1:1 -1:3 0:0 0:1 0:3 1:0 1:1 2:0
W0D/BB-010,16204,-26963,0:-1 0:0 1:-4 1:0 2:-4
W0D/BB-012,16201,-26949,0:0 1:0 1:1 2:1
W0D/BB-029,16248,-27017,-5:-2 -4:-3 -3:-4 -3:-3 -3:-2 -3:-1 -2:-4 -2:-3 -2:-2 -2:-1 -1:-4 -1:-3 -1:-2 -1:-1 -1:0 -1:1 -1:2 -1:3 0:-4 0:-3 0:-2 0:-1 0:0 0:1 0:2 0:3 0:4 1:-4 1:-3 1:-2 1:-1 1:0 1:1 1:2 1:3 1:4 2:-3 2:-2 2:-1 2:0 3:-3 3:-2 3:-1 4:-2 4:-1
W0D/BB-030,16241,-26964,-1:0 -1:2 0:-1 0:0 3:-1 3:0 3:1 3:2 3:3 4:2
W0D/BB-032,16263,-27009,0:-1 0:0 1:-1 1:0 3:-3
W0D/BB-034,16291,-27036,-3:3 -3:4 -2:3 -2:4 -1:0 -1:1 0:0 0:1 1:0
W0D/BB-037,16227,-26999,-1:0 0:-1 0:0 0:4 1:-1 1:4 3:0 3:3 4:0
W0D/BB-040,16328,-27012,0:0 0:1 0:5 1:0 1:1 2:0 2:4 3:-2 4:1
W0D/BB-045,16287,-26978,-2:0 -1:0 0:0 0:1 1:0 1:1 1:2 3:1
W0D/BB-047,16287,-26984,-1:0 -1:1 0:0 0:1 0:4
W0D/NW-001,16354,-27063,-5:-1 -5:0 -5:1 -5:2 -4:-3 -4:-2 -4:-1 -4:0 -4:1 -4:2 -3:-3 -3:-2 -3:-1 -3:0 -3:3 -3:4 -2:-4 -2:-3 -2:-2 -2:-1 -2:0 -2:1 -2:2 -2:3 -1:-4 -1:-3 -1:-2 -1:-1 -1:0 -1:1 -1:2 -1:3 -1:4 0:-4 0:-3 0:-2 0:-1 0:0 0:1 0:2 0:3 0:4 1:-4 1:-3 1:-2 1:-1 1:0 1:1 1:2 1:3 1:4 2:-3 2:-1 2:0 2:1 3:-2 3:0 3:1 4:1 4:2
W0D/NW-002,16417,-27041,-1:-1 -1:0 0:-1 0:0 1:-1 1:0 1:1
W0D/NW-003,16386,-27015,-2:-2 0:0 0:1 1:-1 1:0
W0D/NW-018,16422,-27037,-4:-2 -3:-3 -3:-2 -2:-4 -2:-3 0:-5 0:-4 0:-1 0:0 1:-5 1:-1 1:0 3:-4
W0D/NW-020,16425,-27054,-4:2 -3:1 -3:2 -2:2 -2:3 -1:3 -1:4 0:-1 0:0 0:1 0:4 0:5 1:0 1:1 1:5 2:4 3:4
W0D/NW-021,16429,-27056,-4:-2 -4:-1 -4:0 -3:-2 -3:0 -3:1 -2:1 -2:2 -2:3 -2:4 -1:0 -1:2 -1:3 -1:4 0:-2 0:-1 0:0 0:4 1:-3 1:-2 1:-1 1:0 1:4 2:3 2:4
W5A/CA-001,12753,-24454,0:0 0:1 0:2 0:3
W5A/CA-002,12748,-24441,-2:0 -1:0 0:-3 0:-2 0:0 0:1 0:2 0:3 3:2 4:-2 4:-1 4:0
W5A/CS-001,12733,-24481,-1:2 0:-1 0:0 0:1 0:3 1:3
W5A/CS-002,12735,-24491,0:-1 0:0 0:1 1:-3 1:-2 1:0 1:1 1:2
W5A/CS-003,12742,-24489,-1:-4 0:-4 0:-3 0:0 1:-2 1:-1 1:0 1:1 2:-3 2:-2 2:1
W5A/CS-004,12743,-24502,-1:0 0:0 0:1
W5A/CS-005,12753,-24486,-2:0 -2:2 0:-1 0:0 0:1 0:2 0:3 1:-3 1:0 4:2
W5A/CS-006,12760,-24517,0:0 1:-2 1:-1 1:0 2:-1
W5A/CS-007,12750,-24471,0:0 0:1
W5A/CS-008,12769,-24528,-1:3 0:-1 0:0 0:2 1:0 2:-4 2:-3
W5A/MA-001,13024,-24387,-1:-2 -1:-1 -1:0 -1:1 -1:2 -1:3 0:-4 0:-3 0:-2 0:-1 0:0 0:1 0:2 0:3 0:4 1:-4 1:-3 1:-2 1:-1 1:0 1:1 1:3 1:4 2:-3 2:-2 2:-1 2:0 2:1 3:0 4:0
W5A/OH-001,12842,-24565,-2:3 -1:-1 -1:0 -1:2 0:-1 0:0 0:1 1:-4 1:-1 2:-4 2:-3
W5A/OH-002,12856,-24576,-1:1 -1:2 -1:3 -1:4 0:-3 0:-1 0:0 0:1 0:2 0:3 1:-3 1:-1 2:-3
W5A/OH-003,12846,-24492,0:-2 0:-1 0:0 0:1 1:0 1:1 2:2 3:3
W5A/OH-005,12849,-24511,-2:-3 -2:0 -1:-1 -1:0 -1:1 0:-1 0:0
W5A/OH-006,12848,-24465,-1:-1 -1:0 0:0 1:0
W5A/OH-007,12854,-24549,-1:-2 -1:-1 -1:0 -1:1 -1:2 0:-1 0:0 0:1 0:2 0:3 1:0 2:-1 2:0 3:-1
W5A/OZ-001,13258,-24350,-4:-1 -4:0 -4:1 -3:-1 -3:0 -2:0 -1:0 0:-1 0:0 0:1 1:-1 1:0 1:1 2:0 2:1 3:0 3:1 4:0 4:1 4:2 5:-1 5:0 5:1 5:2
W5A/OZ-002,13244,-24416,-5:-1 -5:0 -4:-2 -4:-1 -4:0 -3:-2 -3:-1 -3:0 -2:-3 -2:-2 -2:-1 -2:0 -1:-1 -1:0 0:-1 0:0 1:-1 1:0 2:-1 2:0 2:1 2:2 3:0 3:1 3:2 4:0 4:1
W5A/OZ-003,13254,-24465,-4:0 -4:1 -4:2 -3:-3 -3:-1 -3:0 -3:1 -3:3 -2:-3 -2:-1 -2:0 -2:1 -1:-3 -1:-2 -1:-1 -1:0 -1:1 0:-4 0:-3 0:-2 0:-1 0:0 0:1 0:2 1:-4 1:-3 1:-2 1:-1 1:0 1:1 1:2 1:3 1:4 2:-3 2:-2 2:-1 2:0 2:1 2:2 2:3 2:4 3:-3 3:-2 3:0 3:1 3:2 4:-2 4:0 4:1 4:2 5:0 5:1
W5A/OZ-005,13187,-24416,-1:-1 -1:2 0:-1 0:0 0:1 0:2 0:3 1:0 1:1 2:0 3:0 4:0
W5A/OZ-012,13243,-24439,-5:-1 -4:-2 -4:-1 -4:0 -4:2 -3:2 -3:3 -2:1 -2:2 -2:3 -2:4 -1:0 -1:1 -1:2 -1:3 -1:4 0:-1 0:0 0:1 0:2 0:3 0:4 1:-1 1:0 1:1 1:3 2:-1 2:0 3:-1 3:0 3:1 3:2 4:1 4:2
W5A/PT-001,12949,-24577,-2:0 -1:-2 -1:-1 -1:0 -1:1 -1:2 -1:3 0:-2 0:-1 0:0 0:1 1:-2 1:-1 1:0
W5A/PT-002,12971,-24402,-5:0 -4:-1 -4:0 -3:-2 -3:-1 -3:0 -3:1 -2:-3 -2:-2 -2:-1 -2:0 -2:1 -2:2 -1:-2 -1:-1 -1:0 -1:1 0:-2 0:-1 0:0 0:1 1:-1 1:0 1:1 2:-1 2:0 2:1 3:-1 3:0 3:1 4:0
W5A/PT-003,12947,-24557,-2:-1 -2:0 -2:1 -1:-1 -1:0 -1:1 -1:2 -1:3 -1:4 0:-1 0:0 0:1 0:4 1:-1 1:0 2:-1 2:0 3:-1 3:0
W5A/PT-004,12955,-24465,-1:-2 -1:-1 -1:0 -1:1 -1:3 -1:4 0:-2 0:-1 0:0 0:1 0:2 0:3 0:4
W5A/PT-005,12980,-24389,-4:3 -3:2 -2:1 -2:2 -1:0 -1:1 0:0 0:1 1:0
W5A/PT-006,12983,-24586,-1:-2 -1:-1 -1:0 0:-2 0:-1 0:0 0:1 0:2 1:4
W5N/AI-001,11692,-28331,0:0 2:0 4:1 4:2
W5N/AP-001,12650,-28175,0:-1 0:0 1:1
W5N/AP-002,12665,-28247,-1:1 0:0 0:1
W5N/AP-003,12608,-28205,-3:0 -2:-1 -2:2 -1:-1 -1:0 -1:1 -1:2 0:0 0:1 0:3 1:0 1:1 2:1 3:-1 3:0 3:1 4:0 4:2
W5N/AP-004,12551,-28398,0:0 1:0
W5N/AP-005,12583,-28159,-1:0 0:0 0:1 2:1 2:2
W5N/AP-006,12621,-28309,-2:-2 -1:-1 -1:0 0:-2 0:-1 0:0 1:-1 1:1 1:2 2:2 4:2
W5N/AP-009,12605,-28292,-1:-2 -1:-1 -1:0 0:-1 0:0 0:1 1:-3 1:-1 1:0 2:-3 2:-2 2:-1 3:-2 3:-1 3:0 4:-2 4:-1 4:0 4:1
W5N/AP-011,12634,-28184,-3:-1 -2:0 -1:0 0:0
W5N/AP-012,12602,-28340,-1:-1 -1:0 0:-1 0:0 1:0 2:0
W5N/AP-013,12480,-28377,-4:2 -3:0 -3:1 -3:2 -2:-3 -2:1 -2:2 -1:2 0:-2 0:-1 0:0 0:1 0:2 1:-1 1:0 1:1 1:2 1:3 2:1
W5N/AP-014,12570,-28286,-4:2 -3:2 -2:1 -1:0 0:0 1:0 2:-1 2:0 3:-1
W5N/AP-017,12641,-28271,-4:1 -3:1 -2:1 -1:0 -1:1 0:0 0:1 1:0 1:1
W5N/AP-018,12408,-28397,-1:-1 0:0 1:-1 1:0 2:1 3:1
W5N/AP-019,12558,-28327,-4:-2 -3:-3 -3:-2 -2:-1 -1:-2 -1:-1 -1:0 0:-1 0:0
W5N/AP-021,12537,-28333,0:0 0:1 1:-4 1:-3 1:-2 1:-1 1:0 1:1 2:-3 2:0 2:1 3:-3 3:2
W5N/AP-025,12642,-28243,-3:3 0:0 0:1
W5N/AP-027,12804,-28206,0:0
W5N/AP-028,12464,-28380,0:0 5:0 5:1
W5N/AP-029,12450,-28386,-2:0 0:-1 0:0 1:-1
W5N/AP-031,12489,-28358,0:-1 0:0 0:1 1:1 1:2
W5N/AP-032,12560,-28265,-3:3 -2:2 -2:3 -1:0 -1:1 0:0
W5N/AP-033,12836,-28212,-1:0 0:0
W5N/AP-034,12778,-28212,0:0 0:1
W5N/AP-035,12562,-28363,-2:0 -1:0 0:0
W5N/AP-036,12608,-28168,-1:-1 0:-1 0:0 0:1 1:0 1:1 1:2 2:1 2:2 2:3 3:1 3:2 3:3 4:1 4:2
W5N/AP-037,12758,-28220,-5:0 -5:1 -4:-2 -4:-1 -4:0 -4:2 -3:-3 -3:-2 -3:-1 -3:2 -3:3 -2:-3 -2:-2 -2:-1 -2:2 -2:3 -1:-3 -1:-2 -1:-1 -1:0 -1:3 -1:4 0:-4 0:-3 0:-2 0:-1 0:0 0:4 1:-3 1:-2 1:-1 2:-2 2:-1
W5N/BA-001,12753,-27887,0:0
W5N/BL-001,12241,-28087,-3:0 -1:0 0:0 0:1 1:-1 1:0 2:-1 2:0 3:-2 3:-1 3:0
W5N/BL-002,12204,-28068,0:-1 0:0 0:1 1:0
W5N/BL-003,12275,-28088,-1:0 0:0 0:1 1:0 1:1 2:0
W5N/BL-004,12297,-28093,-2:-1 -1:-1 -1:0 0:-1 0:0 1:0 2:0
W5N/BL-005,12307,-28085,-3:-2 -2:-1 -1:-1 0:-2 0:-1 0:0 1:-1
W5N/BL-007,12267,-28100,0:-1 0:0 1:0 2:0
W5N/BL-009,12222,-28063,0:0 1:-1 1:0 1:1 2:-3 2:-2 2:-1 2:0 3:-3 3:0
W5N/BL-010,12266,-28117,-3:-1 -1:-1 0:-1 0:0 1:0 2:-4 4:-2
W5N/BL-012,12250,-28068,-1:-1 0:0 1:0 1:1
W5N/BL-014,12280,-28072,-2:-4 -1:-4 -1:0 0:-3 0:0 1:0
W5N/BL-015,12304,-28067,-1:0 -1:1 0:0 0:1 1:0 4:0
W5N/BU-001,12070,-28238,-4:0 -3:1 -3:2 -2:1 -1:0 0:0 0:1 1:-2 1:0 2:-2
W5N/CC-001,13689,-27796,-2:2 -1:1 -1:2 0:0
W5N/CC-003,13424,-27805,-1:1 -1:2 0:0 0:1 0:2 0:3 1:1 1:2 2:1 2:2 3:2 3:3
W5N/CC-004,13649,-27807,-1:0 0:0 1:-1 1:0 2:-1 3:-2 3:-1 4:0
W5N/CC-005,13691,-27816,-2:-3 -2:-2 -2:0 -1:-3 -1:-1 -1:0 0:-1 0:0 1:-3 1:0 1:1 2:-3 2:-2 2:-1 2:0 2:1 3:-2 3:-1 3:0 3:1 3:2 4:-2 4:-1 4:0 4:1
W5N/CC-006,13613,-27817,-4:-2 -4:-1 -3:-2 -3:-1 -2:-2 -2:-1 -1:-1 0:-3 0:-2 0:-1 0:0 1:-4 1:-3 1:-2 1:-1
W5N/CC-007,13515,-27805,-4:0 -3:1 -1:0 -1:1 0:0 0:1 1:-1 1:0 1:1
W5N/CC-008,13459,-27800,-4:2 -4:3 -3:2 -3:3 -3:4 -2:2 -2:3 -2:4 -1:0 -1:1 -1:2 -1:3 -1:4 0:-1 0:0 0:1 0:3 0:4
W5N/CC-009,13700,-27815,-5:1 -4:0 -1:-4 -1:-1 0:-4 0:0 1:-4 2:-4
W5N/CC-010,13632,-27846,-2:-4 -2:-3 -1:-4 -1:-3 -1:-2 -1:-1 0:-1 0:0 1:0 1:1 1:2 2:1 3:2
W5N/CC-011,13673,-27819,-5:1 -4:0 -4:1 -3:0 -3:1 -2:0 -2:1 -1:-1 -1:0 -1:1 0:-1 0:0 1:-1 2:-1 3:-2 4:-2
W5N/CC-012,13498,-27835,-4:0 -3:-1 -3:0 -2:0 -1:-1 -1:0 0:-1 0:0 0:2 0:3 1:0 2:-4 2:0 2:2 2:3 3:0 3:2 4:0 4:2 5:-1 5:0
W5N/CC-015,13581,-27815,-3:0 -3:1 -2:-4 -2:-3 -2:-1 -2:0 -2:1 -1:-4 -1:-3 -1:-2 -1:-1 -1:0 -1:1 0:-4 0:-3 0:-2 0:-1 0:0 0:1 1:-4 1:-3 1:-2 1:1 1:2 2:-4 2:-3 2:2 3:-4
W5N/CC-017,13660,-27843,-2:0 -2:1 -2:2 -1:0 -1:1 0:-1 0:0 0:1 0:2 1:-2 1:-1 1:0 1:1 1:2 2:-2 2:-1 2:0 2:1 3:-2 3:-1 3:0 3:1 4:-2 4:-1 4:0
W5N/CC-018,13640,-27881,-5:-1 -4:-1 -3:-1 -3:0 -2:-2 -2:-1 -2:0 -2:2 -1:-2 -1:-1 -1:0 -1:1 -1:2 0:-2 0:-1 0:0 0:1 1:-1 2:-2 2:-1 4:-1
W5N/CC-019,13666,-27830,0:-1 0:0 0:1 1:0 2:-2 2:-1 3:-1
W5N/CC-020,13457,-27753,-1:0 0:-4 0:-3 0:-2 0:-1 0:0 1:-4 1:-3 1:-2 1:-1 1:0 2:-4 2:-3 2:-2 2:-1 2:0 2:1 3:-3 3:-2 3:-1 3:0 3:1 3:2 4:-3 4:-2 4:-1 4:0 4:1 4:2 5:-1 5:0
W5N/CC-021,13427,-27823,-2:-2 -1:3 0:-1 0:0 0:3 1:-2 1:-1 2:-2
W5N/CM-001,13641,-27402,-1:-1 0:-1 0:0
W5N/CM-002,13566,-27400,0:0 1:1
W5N/CM-003,13548,-27396,-1:0 0:0 1:-1 1:0 2:-1
W5N/CM-004,13509,-27386,0:0 0:1 0:2 1:-1 1:0 1:1
W5N/CM-005,13637,-27397,-2:0 0:-4 0:0 1:1 2:-3 3:-3 4:1
W5N/CM-006,13540,-27395,-1:1 0:-1 0:0 1:-1 1:0 4:-1 5:-1
W5N/CM-008,13466,-27398,-2:-4 -2:-3 -2:-2 -2:-1 -2:0 -2:1 -1:-4 -1:-3 -1:-2 -1:-1 -1:0 -1:1 -1:2 0:-3 0:-2 0:-1 0:0 0:1 0:2 1:-4 1:-3 1:-2 1:-1 1:0 1:1 1:2 2:-4 2:-3 2:-2 2:-1 2:0 2:1 3:-3 3:-2 3:-1 3:0 3:1 4:-3 4:-2 4:-1 5:-1
W5N/CM-009,13498,-27392,-4:0 -3:0 -2:-1 -2:0 -1:-1 -1:0 -1:1 0:-1 0:0 0:1 0:2 1:-1 1:0 1:1 1:2 2:-1 2:0 3:0 4:-1
W5N/CM-010,13500,-27365,-1:-1 -1:0 0:0 1:-1
W5N/CM-011,13505,-27369,-1:0 0:0 1:0
W5N/CM-012,13429,-27394,-4:1 -4:2 -3:0 -3:1 -3:2 -3:3 -2:-3 -2:-1 -2:0 -2:1 -2:2 -2:3 -1:-3 -1:-2 -1:-1 -1:0 -1:1 -1:2 -1:3 -1:4 0:-3 0:-2 0:-1 0:0 0:1 0:2 0:3 0:4 1:-3 1:-2 1:-1 1:0 1:1 1:2 1:3 1:4 2:-2 2:-1 2:0 2:1 2:2 2:3 3:-2 3:0 3:1 3:2 4:-1 4:1 4:2
W5N/CM-013,13484,-27362,-1:0 -1:1 0:0 1:0
W5N/CM-014,13481,-27369,-1:0 -1:1 0:0 0:1 1:0 3:-1
W5N/CM-015,13477,-27367,-1:1 0:0 0:1
W5N/CM-016,13500,-27354,-2:-4 -1:-4 -1:0 0:-1 0:0 0:2
W5N/CM-017,13384,-27390,-1:-1 -1:0 0:-1 0:0 0:1 1:0
W5N/CM-020,13368,-27360,-3:-1 -2:0 -1:-1 -1:0 -1:1 0:-1 0:0 1:-1 1:0
W5N/CM-024,13418,-27361,-3:2 -3:3 -2:1 -2:2 -2:3 -1:0 0:0
W5N/CM-025,13422,-27356,0:0 1:0
W5N/CM-026,13486,-27344,-4:2 -3:0 -3:1 -3:2 -3:3 -2:-1 -2:0 -2:1 -1:-1 -1:0 0:-1 0:0
W5N/CM-027,13328,-27418,-2:0 -1:0 0:0 2:1 2:4 3:1 3:2 3:4 4:1
W5N/CM-029,13361,-27374,-1:0 0:-1 0:0
W5N/CM-030,13392,-27347,-2:0 -1:0 0:0 1:0 2:-3
W5N/CO-001,13027,-28150,-4:-1 -3:-3 -3:-2 -3:-1 -3:0 -2:0 -1:0 0:0 1:-2 1:-1 1:0 2:-4
W5N/CO-002,13043,-28198,-2:-1 -2:1 -2:2 -2:3 -1:-1 -1:0 -1:1 -1:2 -1:3 0:-2 0:-1 0:0 0:1 0:2 0:3 1:-2 1:-1 1:0 1:1 1:2 1:3 2:-2 2:-1 2:0 2:1 2:2 3:-1 3:0 3:1 3:2
W5N/CO-003,13008,-28175,-4:0 -4:2 -3:-2 -3:-1 -3:0 -3:1 -3:2 -2:-4 -2:-3 -2:-2 -2:-1 -2:0 -2:1 -2:2 -1:-4 -1:-3 -1:-2 -1:-1 -1:0 -1:1 0:-4 0:-3 0:-2 0:-1 0:0 1:-4 1:-3 1:-2 1:-1 2:-4 2:-3 2:-2
W5N/CO-004,13135,-28188,-3:-2 -2:-2 -2:-1 -2:1 -1:-2 -1:-1 -1:0 -1:1 0:-3 0:-2 0:-1 0:0 0:1 1:-1 1:0 1:1 2:-1 2:0 2:1
W5N/CO-005,13083,-28232,-1:0 -1:1 0:-1 0:0 0:1 1:-2 1:-1 1:0 1:1 2:-3 2:-2 2:-1 2:0 2:1 3:-3 3:-2 3:-1 3:0 3:1 4:-2 4:-1 4:0 4:1
W5N/CO-006,12971,-28113,-1:0 0:-1 0:0 1:-1 1:0 2:0 2:1 3:1 3:2 4:2
W5N/CO-007,13180,-28176,-1:0 -1:1 0:0 0:1 1:0
W5N/CO-008,13044,-28154,-2:3 -1:2 0:-1 0:0 0:1 1:-3 1:-1 1:0 1:1 2:-4 2:-2 2:-1 2:0 2:1 2:2 3:-2 3:-1 3:0 3:1 3:2 3:3 4:-2 4:0 4:1 4:2 5:0
W5N/CO-009,12886,-28200,-1:0 0:0
W5N/CO-010,12981,-28122,-4:2 -3:1 -3:2 -2:1 -2:2 -2:4 -1:0 -1:1 -1:2 0:0 0:1 0:2 1:0 1:1 2:0 2:1 2:2 3:-1 3:0 3:1 3:2 3:3 4:-1 4:0 4:1 4:2 5:0
W5N/CO-011,12906,-28185,-3:0 -3:1 -2:0 -2:1 -2:2 -1:-1 -1:0 -1:1 -1:2 0:0 0:1 0:2 1:1
W5N/CO-012,13174,-28139,0:0 0:1 1:0 2:0 3:-2 3:-1 3:0 4:-2 4:-1 4:0 5:-1 5:0
W5N/CO-013,12944,-28159,-3:-1 -3:0 -3:1 -2:-1 -2:0 -2:1 -2:2 -1:-2 -1:-1 -1:0 -1:1 -1:2 0:-1 0:0 0:1 1:-1 1:0
W5N/CO-014,12875,-28174,-1:0 0:-1 0:0
W5N/CO-015,13168,-28248,0:-1 0:0 1:-3 1:-1 1:0 2:-1 2:0 2:1 2:2 3:-1 3:0 3:2
W5N/CU-001,13507,-28386,-1:-1 0:-1 0:0 1:0
W5N/CU-002,13362,-28349,-5:-1 -5:0 -4:-2 -4:-1 -4:0 -3:-1 -3:0 -3:1 -2:-2 -2:-1 -2:0 -2:1 -1:-4 -1:-3 -1:-2 -1:-1 -1:0 -1:1 0:-4 0:-1 0:0 0:1 1:-1 1:0 1:1 2:1 3:1
W5N/CU-004,13297,-28388,0:0 0:1 0:2 1:1
W5N/CU-005,13287,-28375,0:-2 0:-1 0:0 1:-1
W5N/CU-006,13382,-28392,0:0 0:1
W5N/DA-001,12703,-28097,-5:0 -4:-2 -4:-1 -2:-3 -2:-2 -1:-3 -1:-2 -1:0 0:-1 0:0 0:2 1:-1 1:0 1:1 2:0 4:2
W5N/DA-002,12647,-28116,-4:1 -3:1 -3:2 -2:1 -2:2 -2:3 -1:1 0:-1 0:0 0:1 0:2 0:3 1:0 1:1 1:2 2:-1 2:2
W5N/DA-003,12716,-28111,-4:2 -3:2 -3:3 -2:3 -1:0 -1:2 -1:3 0:0
W5N/DA-005,12636,-28121,-1:0 0:0
W5N/DA-009,12642,-28102,-2:-1 0:0
W5N/DA-013,12650,-28100,0:0
W5N/DA-014,12706,-28134,0:0 4:2 5:-1 5:0
W5N/DA-015,12741,-28054,-4:-1 -3:-2 -3:-1 -3:0 -2:-2 -2:-1 -2:0 -1:-2 -1:-1 -1:0 0:-1 0:0 1:-1 1:0 2:-1 2:0 4:1 5:1
W5N/DA-016,12769,-28054,0:0 1:0 4:0
W5N/DA-017,12802,-28064,-4:-2 -4:-1 -4:0 -4:1 -4:2 -3:-3 -3:-2 -3:-1 -3:0 -3:1 -3:2 -3:3 -2:-3 -2:-2 -2:-1 -2:0 -2:1 -2:2 -2:3 -1:-4 -1:-3 -1:-2 -1:-1 -1:0 -1:1 -1:2 -1:3 -1:4 0:-4 0:-3 0:-2 0:-1 0:0 0:1 0:2 0:3 0:4 1:-4 1:-3 1:-2 1:-1 1:0 1:1 1:2 1:3 2:-3 2:-2 2:-1 2:0 2:1 2:2 3:-3 3:-2 3:-1 3:0 3:1 3:2 4:-2 4:-1 4:0 4:1 4:2 5:-1 5:0 5:1
W5N/DA-018,12667,-28143,0:0 1:0
W5N/DA-020,12771,-28063,-1:0 0:0
W5N/EL-001,12684,-27550,-2:0 -2:1 -1:-1 -1:0 0:-3 0:-2 0:-1 0:0 0:1 1:-1
W5N/EL-003,13327,-27319,-3:0 -2:0 -1:-2 -1:0 -1:3 0:-2 0:-1 0:0 0:1 0:3 1:-2 1:-1 1:0 1:1 1:3 1:4 2:-2 2:0 2:1 2:3 2:4 3:1 3:2
W5N/EL-006,12671,-27536,-3:1 -2:0 -1:1 0:-3 0:-1 0:0 1:0
W5N/GF-001,12434,-28235,-2:-1 -1:0 0:-3 0:-1 0:0 1:-3 1:-2 1:-1
W5N/GF-002,12472,-28276,-1:1 0:0 1:0 2:-2 2:2 2:3 3:-2 3:-1 3:2
W5N/GF-003,12528,-28094,-2:0 -2:2 -1:-1 -1:0 -1:1 0:-1 0:0 0:1 1:0 3:2
W5N/GF-004,12442,-28207,-1:-1 -1:0 -1:1 0:-1 0:0 0:1 1:-3 3:2 3:3 4:-2 4:1
W5N/GF-007,12362,-28185,-2:-1 -1:0 -1:1 0:-1 0:0 0:1 1:-1 1:0 2:1 3:1 3:2 4:0 4:1
W5N/GF-008,12472,-28153,-3:0 -3:3 -2:-2 -2:-1 -2:1 -1:-1 -1:0 0:0 0:1 2:-1 2:3 3:-2 3:-1 4:-2 4:-1 4:0
W5N/GF-010,12515,-28091,-5:1 -4:0 -4:1 -4:2 -3:0 -3:1 -2:0 -2:1 -2:2 -1:-2 -1:-1 -1:0 -1:1 -1:2 0:-1 0:0 0:1 1:-3 1:-2 1:-1 1:0
W5N/GF-011,12406,-28194,-3:-1 -2:-3 -2:-2 -2:-1 -1:-3 -1:-2 -1:-1 -1:0 0:-3 0:-2 0:-1 0:0 1:-3 2:-4 2:-3 3:-3
W5N/GF-012,12542,-28246,-2:0 -2:2 -2:4 -1:-1 -1:0 -1:1 -1:2 -1:3 -1:4 0:-3 0:-2 0:-1 0:0 0:1
W5N/GF-013,12385,-28212,-2:-2 -2:-1 -1:-3 -1:-2 -1:0 -1:1 0:-3 0:0 0:1 1:-2 1:-1 1:0 1:1 2:-3 2:-2 2:-1 2:0 2:1 3:-2 3:-1 3:0 3:1 4:0
W5N/GF-015,12352,-28079,0:0 1:0 2:-1 2:0 3:-2
W5N/GF-016,12519,-28249,-2:-2 0:0 1:0 2:-4 3:-3 4:2
W5N/GF-017,12357,-28078,-1:1 0:0 0:1 1:0 1:1 2:-1 2:0 2:1 3:-3 3:-2 3:-1 3:1 4:-2 4:-1 4:1 5:1
W5N/GF-019,12439,-28066,-2:-2 -2:0 -1:-3 -1:-2 -1:-1 -1:0 -1:1 0:-4 0:-3 0:-1 0:0 0:1 1:-3 1:-2 1:-1 1:0 1:1 2:-3 2:-1 3:-2
W5N/GF-021,12458,-28216,-3:2 -2:3 0:0 1:0 1:1
W5N/GF-024,12473,-28295,-2:0 -1:-2 -1:-1 -1:0 -1:1 0:-3 0:-2 0:-1 0:0 0:1 1:0 4:0 5:1
W5N/GF-025,12389,-28075,-2:-3 -1:-2 0:-1 0:0 1:0
W5N/GF-027,12430,-28129,0:0
W5N/GF-028,12491,-28052,-2:-4 -2:-3 0:-3 0:0 1:-2 1:-1 2:-2 4:1
W5N/GF-029,12448,-28309,-3:-2 -2:-3 -2:-2 -2:-1 -2:0 -1:-3 -1:1 0:-1 0:0 0:1 1:-1 1:0 1:1 2:1 2:2 3:1 3:2 3:3
W5N/GF-030,12458,-28314,0:-1 0:0 0:1 0:2 1:2 1:3 1:4
W5N/GF-036,12413,-28217,-3:1 -3:2 -2:-2 -2:-1 -2:0 -2:1 -2:2 -2:3 -2:4 -1:-1 -1:0 -1:1 -1:2 -1:3 -1:4 0:-3 0:-1 0:0 0:1 0:2 0:3 0:4 1:-4 1:-3 1:0 1:1 1:2 1:3 1:4 2:-3 2:-2 2:-1 2:0 2:1 2:2 2:3 3:-2 3:-1 3:0 3:2 3:3
W5N/GW-001,12342,-28293,0:0 0:1 1:0
W5N/GW-002,12352,-28302,-1:0 -1:1 0:0 0:1 1:-1 1:0 2:0
W5N/GW-003,12322,-28280,0:0 1:0
W5N/GW-004,12323,-28305,-1:1 0:0
W5N/GW-005,12332,-28300,0:-1 0:0 0:1 1:0 1:1 1:3
W5N/GW-006,12343,-28312,0:0
W5N/GW-007,12388,-28300,-4:2 -3:2 0:0 0:1 1:0 1:1
W5N/GW-008,12397,-28294,-2:-1 -2:0 -1:-1 -1:0 -1:1 0:-1 0:0 0:1 1:1
W5N/GW-009,12331,-28328,-2:1 -1:0 0:0 0:1 1:0 1:1 2:-1 3:-1
W5N/GW-010,12347,-28277,0:-1 0:0 0:1 0:2 1:0 1:1 1:2 1:3
W5N/GW-011,12362,-28317,-1:2 0:0 0:1 1:0
W5N/GW-013,12345,-28332,-4:2 -3:-2 -2:-1 -2:0 -1:-1 0:0
W5N/GW-014,12348,-28254,-1:0 0:0 0:1 1:0 1:1 2:-1 2:0 2:1 2:2 3:0
W5N/GW-015,12340,-28245,-1:-1 -1:0 0:0 0:1 1:0 2:0
W5N/GW-016,12408,-28307,-1:-1 0:-1 0:0 1:-1 1:0 2:-4
W5N/GW-019,12293,-28223,0:-2 0:-1 0:0
W5N/GW-020,12290,-28272,0:0
W5N/GW-021,12376,-28320,-1:0 0:0 0:1
W5N/GW-022,12317,-28328,-2:1 -1:0 -1:1 0:0
W5N/GW-023,12276,-28202,-1:0 0:-1 0:0 0:1 0:2 0:3 1:2 1:3 2:3
W5N/GW-040,12337,-28302,-5:0 -4:1 -3:1 -3:2 -3:3 -2:2 0:-1 0:0 0:1
W5N/GW-041,12299,-28238,-5:0 -3:-1 -2:0 -1:1 0:0 1:1 2:1 2:2 3:2
W5N/HT-001,11716,-28229,-1:0 0:0
W5N/MG-001,12589,-27914,-5:1 -4:0 -3:0 -2:0 -1:0 0:0
W5N/MG-002,12584,-27907,0:0
W5N/MG-003,12468,-27981,-2:2 -2:3 -1:-1 -1:1 -1:2 0:-1 0:0 0:1
W5N/MG-004,12427,-27978,-1:0 0:0 1:0 2:-1
W5N/MG-005,12429,-27982,-1:3 0:0 1:0
W5N/MG-006,12448,-27978,-3:1 -3:2 -2:1 -1:-2 -1:-1 -1:0 -1:1 0:-2 0:0 0:1 1:1
W5N/MG-007,12548,-27992,-4:2 -2:0 -1:0 -1:1 0:-2 0:-1 0:0 3:1 3:2
W5N/MG-008,12459,-27973,-3:-3 -3:0 -2:0 -1:-3 -1:0 0:-1 0:0 1:-1 1:0 2:-1
W5N/MG-010,12611,-27912,-2:-4 -1:-2 -1:-1 -1:0 0:0 1:0 2:0
W5N/MG-012,12586,-27899,-1:0 -1:1 0:-4 0:0 0:1 1:0 1:1
W5N/MG-013,12483,-27980,-5:1 -4:-2 -4:-1 -4:1 -4:2 -3:-3 0:0
W5N/MG-015,12701,-28000,-3:-2 -3:-1 -2:-2 -2:-1 -2:0 -1:0 -1:2 0:0
W5N/MG-016,12706,-28007,-4:-3 -4:-2 -4:-1 -3:-1 -3:1 -2:-1 -2:0 -2:1 -1:-1 -1:0 0:-4 0:-1 0:0 1:-4 1:-1
W5N/MG-018,12628,-27985,-1:0 0:0
W5N/MG-019,12673,-27988,-5:1 -4:2 -3:1 -2:0 -1:0 0:0 1:0 2:0
W5N/MG-021,12390,-28018,-2:1 -1:0 0:0 0:1
W5N/MG-022,12658,-28008,-3:2 -2:2 -1:-1 -1:1 -1:2 0:0 0:1 0:2 1:0 2:0
W5N/MG-023,12393,-28025,-3:0 -2:0 -2:1 -1:0 -1:1 0:0 0:1 1:-1 1:0 2:0 3:0 4:0
W5N/MG-024,12696,-27943,-5:1 -4:1 -4:2 -3:2 -2:-1 -2:0 -2:1 -1:-1 -1:0 0:-1 0:0 1:-1 1:0 3:-2 3:-1 3:0
W5N/MG-025,12381,-28029,-2:1 0:0 0:1
W5N/MG-026,12625,-27928,-1:0 0:0
W5N/MG-027,12628,-27982,-2:-3 -1:0 0:-4 0:0 1:-3 2:-3 2:-2
W5N/MG-028,12468,-27951,-1:-1 0:0
W5N/MG-030,12618,-27924,-2:1 -1:0 -1:1 0:0
W5N/MI-001,12176,-28068,-1:0 -1:1 0:0 0:1
W5N/MI-002,12050,-28056,0:0
W5N/MO-001,12332,-27743,0:-1 0:0 1:-1 1:1
W5N/MO-002,12461,-27702,-2:1 -1:1 0:-1 0:0 0:1 1:0 1:1 2:1
W5N/MO-003,12345,-27735,0:-2 0:-1 0:0 1:-1 1:0
W5N/OR-001,11979,-27751,0:0
W5N/OR-002,11974,-27748,-1:1 0:0
W5N/OR-003,11971,-27751,0:0 2:3
W5N/OR-004,11988,-27755,0:0
W5N/OT-001,13641,-27711,-2:2 -2:3 -2:4 -1:-1 -1:0 -1:1 -1:2 0:-2 0:-1 0:0 0:1 0:2 1:-2 1:-1 1:1 1:2 2:-2
W5N/OT-003,13671,-27699,-4:0 -4:1 -4:2 -3:0 -3:1 -3:2 -3:3 -2:0 -2:1 -2:2 -2:3 -1:-1 -1:0 -1:1 -1:2 0:-1 0:0 0:1 0:2 1:-1 1:0 1:1 1:2 2:0 2:1 2:2 3:0 3:1 3:2 4:1 4:2
W5N/OT-004,13543,-27696,-2:0 -2:1 -2:2 -1:-1 -1:0 -1:1 -1:2 -1:3 0:-1 0:0 0:1 0:2 0:3 0:4 1:-1 1:0 1:1 1:2 1:3 1:4 2:0 2:1 2:2 2:3 3:0 3:1 3:2 3:3 4:1 4:2
W5N/OT-005,13651,-27610,-4:-1 -3:-2 -3:-1 -3:0 -2:-3 -2:-2 -2:-1 -2:0 -1:-3 -1:-2 -1:-1 -1:0 -1:1 -1:2 0:-2 0:-1 0:0 0:1 0:2 1:-2 1:-1 1:0 1:1 1:2 2:-2 2:-1 2:0 2:1 2:2 3:-1 3:0 3:1
W5N/OT-008,13592,-27711,-2:0 -1:0 -1:1 -1:2 0:-1 0:0 0:1 0:2 0:3 0:4 1:-2 1:-1 1:0 2:-2 2:-1
W5N/OT-010,13658,-27661,-3:-1 -2:-2 -2:-1 -1:-2 -1:-1 -1:0 -1:1 0:-2 0:-1 0:0 0:1 1:-1 1:0 1:1 1:2 2:0 2:1 2:2 3:2 3:3
W5N/OT-011,13631,-27651,-4:2 -3:0 -3:1 -3:2 -3:3 -2:0 -2:1 -2:2 -2:3 -1:0 -1:1 -1:2 -1:3 0:0 0:1 0:2 0:3 1:0 1:1 1:2
W5N/OT-012,13516,-27686,-3:-1 -2:-1 -2:0 -2:1 -1:-1 -1:0 -1:1 0:-1 0:0 0:1 1:-2 1:-1 1:0 1:1 2:-2 2:-1 2:0 3:-1
W5N/OT-013,13566,-27651,-1:0 -1:1 0:0 2:4 3:2 4:0 4:1 4:2
W5N/OT-014,13554,-27631,-1:-1 0:-1 0:0 0:1
W5N/OT-015,13613,-27552,-4:2 -3:0 -3:1 -3:2 -3:3 -2:-1 -2:0 -2:1 -2:2 -2:3 -1:-2 -1:-1 -1:0 -1:1 -1:2 -1:3 0:-2 0:-1 0:0 0:1 0:2 0:3 0:4 1:-1 1:0 1:1 1:2 2:-1 2:0 2:1 2:2
W5N/OT-016,13611,-27594,-2:2 -1:0 0:-1 0:0 2:2 3:2
W5N/OT-017,13599,-27583,-1:-1 -1:1 -1:2 0:-1 0:0 0:1 0:2 0:3 1:-1 1:0 1:1 1:2 2:-1 2:0 2:1 2:2 3:0 3:1
W5N/OT-018,13610,-27529,-1:-2 -1:-1 0:0 0:1
W5N/OT-019,13496,-27631,-3:0 -2:0 -1:-2 -1:0 -1:1 0:-1 0:0
W5N/OT-021,13484,-27638,0:0 1:0 1:1 2:1 3:1 4:0 4:1 5:0 5:1
W5N/OT-022,13582,-27544,-2:0 -2:2 -2:3 -1:-2 -1:-1 -1:1 -1:2 -1:3 0:-2 0:-1 0:0 0:1 0:2 0:3 1:-3 1:-2 1:-1 1:0 1:1 1:2 2:-3 2:-2 2:-1 2:0 2:1 2:2 3:-2 3:-1 3:0 3:1 4:-1 4:0 4:1 5:0
W5N/OT-024,13430,-27670,0:0 0:1 1:-1 1:0 2:0 2:1
W5N/OT-025,13524,-27554,-1:0 -1:1 0:-2 0:-1 0:0 0:1 1:-2 1:-1 1:0 1:1 1:2 2:-2 2:-1 2:0 2:1 3:-1
W5N/OT-029,13632,-27704,0:0 0:1 1:-1 1:0 2:-1 2:0 3:-1
W5N/PA-001,12188,-28168,0:0 0:1 1:0 2:-1 3:-2 3:-1
W5N/PA-002,12204,-28188,-1:0 -1:2 0:-2 0:-1 0:0 1:-2 1:-1 2:-2 3:-3
W5N/PA-003,12171,-28188,-1:0 0:0 1:-1 2:-1
W5N/PA-004,12161,-28219,0:0 1:1
W5N/PW-001,13319,-27512,0:0 2:0 3:-1
W5N/PW-002,13325,-27509,-3:-3 0:0 1:0
W5N/PW-003,13324,-27503,-1:0 0:0
W5N/PW-004,13353,-27491,-4:2 -3:2 -3:3 -2:2 -2:3 -1:2 -1:3 -1:4 0:0 1:0
W5N/PW-005,13327,-27489,-1:-1 -1:0 0:-2 0:-1 0:0 1:-2 1:-1
W5N/PW-006,13271,-27542,-1:0 0:0 2:1 2:2
W5N/PW-007,13301,-27515,-3:-3 -2:-3 -1:-1 -1:0 0:0 1:1
W5N/PW-008,13257,-27545,-1:-1 0:0 0:1 0:2
W5N/PW-009,13282,-27538,-2:-1 -1:-1 0:-1 0:0
W5N/PW-010,13347,-27509,0:0 1:0
W5N/PW-012,13247,-27488,-3:0 -2:-2 -2:-1 -2:0 -1:-3 -1:-2 -1:-1 -1:0 0:-1 0:0 1:0 2:-1 2:0 3:-1 3:0 3:1 4:0 4:1
W5N/PW-013,13211,-27554,0:-1 0:0 1:0 2:0 2:1 3:2 4:2
W5N/PW-014,13202,-27475,-4:-2 -3:-3 -3:-2 -2:-4 -2:-3 -2:-2 -2:-1 -2:0 -1:-3 -1:-2 -1:-1 -1:0 0:-2 0:-1 0:0 1:-2 1:-1 2:-3 2:-2 2:-1 3:-3 3:-2 3:-1 4:-3 4:-2
W5N/PW-015,13238,-27452,-3:-3 -2:-3 -1:-1 0:-2 0:-1 0:0 1:-2 1:-1 2:-3 2:-2 3:-3
W5N/PW-016,13234,-27462,-1:0 -1:1 0:0 1:-2 1:-1 1:0 2:-2
W5N/PW-017,13220,-27465,-3:1 -2:-1 -2:0 -1:-1 -1:0 0:0 0:1 1:-1 2:-2 2:-1 3:-2 3:-1
W5N/PW-022,13174,-27467,-1:-1 -1:0 0:-1 0:0 1:-1 1:0
W5N/PW-023,13210,-27572,-3:-1 -2:-1 -2:0 -1:-1 -1:0 0:0 1:2 3:1
W5N/PW-025,13314,-27429,-2:0 -2:2 -1:0 0:-1 0:0
W5N/PW-028,13161,-27530,-4:-2 -3:-2 -3:-1 -3:0 -2:-1 -2:0 -1:-1 -1:0 -1:1 0:0 1:-1 2:-1 3:-2
W5N/PW-030,13285,-27418,-4:-1 -4:0 -4:1 -3:-1 -3:0 -2:-1 -2:0 -1:-2 -1:-1 -1:0 0:-2 0:-1 0:0 1:-3 1:-2 1:-1 2:-3 2:-2
W5N/PW-031,13304,-27425,-1:-3 0:-3 0:0
W5N/PW-032,13175,-27545,-5:-2 -5:-1 -5:0 -5:1 -4:-3 -4:-2 -4:-1 -4:0 -4:1 -3:-4 -3:-3 -3:-2 -3:-1 -3:0 -3:1 -2:-3 -2:-2 -2:-1 -2:0 -1:-2 -1:-1 -1:0 0:-1 0:0 2:0
W5N/PW-034,13297,-27418,-2:-1 -2:0 -2:1 -1:-1 -1:0 -1:1 0:-2 0:-1 0:0 1:-1 1:0 2:-1 2:0 3:-1 3:0
W5N/SC-001,12360,-27555,0:0 0:1
W5N/SC-002,12444,-27434,0:-1 0:0 0:1 1:-3 1:-2 1:-1 1:0 1:1
W5N/SC-003,12441,-27413,-1:-1 0:-1 0:0
W5N/SC-004,12406,-27554,0:0 0:1
W5N/SC-005,12170,-27543,-4:-2 -4:-1 -3:-3 -3:-2 -3:-1 -3:3 -2:-1 -2:0 -2:3 -1:-3 -1:-2 -1:-1 -1:0 -1:1 -1:2 -1:4 0:-3 0:-2 0:-1 0:0 0:1 0:2 0:3 1:-3 1:-2 1:0 1:1 1:2 1:3 2:-3 2:-2 2:-1 2:1 2:2 2:3 3:-3 3:-2 3:-1 3:2 3:3 4:-2 4:-1 4:2
W5N/SC-007,12381,-27535,-1:0 0:0 1:0
W5N/SC-008,12478,-27534,-1:0 0:0 1:0 2:0
W5N/SC-009,12360,-27539,-1:0 0:0 1:-1
W5N/SC-010,12439,-27406,-1:-1 0:0 0:1
W5N/SC-013,12425,-27543,-1:1 0:0
W5N/SC-014,12457,-27471,-4:-1 -3:-2 -3:-1 -3:0 -2:-3 -2:-2 -2:-1 -2:0 -2:1 -2:2 -1:-3 -1:-2 -1:-1 -1:0 -1:1 -1:2 -1:3 0:-1 0:0 0:1 0:2 0:3 1:-2 1:-1 1:0 1:1 1:4 2:0 2:1 3:0 3:1 4:2
W5N/SC-016,12333,-27575,0:-1 0:0 1:0 1:1
W5N/SC-017,12495,-27521,-1:0 0:0 1:-1 1:0 2:0 2:2 2:3 3:2
W5N/SC-018,12460,-27510,-3:-3 -3:-2 -2:-3 -2:-2 -2:-1 -1:-4 -1:-3 -1:-2 -1:-1 -1:0 0:-3 0:-2 0:-1 0:0 0:1 1:-2 1:-1 1:0 3:-3
W5N/SC-019,12156,-27570,-5:0 -5:1 -4:2 -3:1 -3:2 -3:3 -2:0 -2:2 -2:3 -1:0 -1:1 -1:2 0:0 0:1 1:0 1:1 2:-3 2:-2 2:1
W5N/SC-020,12513,-27544,-2:1 -1:-3 -1:-2 -1:1 0:-1 0:0 0:1 1:-1
W5N/SC-021,12470,-27515,-5:1 -1:0 0:-1 0:0 1:0 1:1 2:1
W5N/SE-001,13336,-27705,-1:0 0:-1 0:0 0:1 1:-1 1:0 1:1
W5N/SE-002,13285,-27751,-2:-1 -2:0 -2:1 -1:-1 -1:0 -1:1 0:-1 0:0 0:1 0:2 1:0 1:1
W5N/SE-003,13355,-27710,-1:0 0:0 1:0
W5N/SE-004,13331,-27719,-4:-2 -3:-2 -1:0 -1:1 0:-1 0:0 0:1 1:-2 1:0 1:1 2:-2 3:-2
W5N/SE-005,13332,-27743,-1:-1 -1:0 0:-2 0:-1 0:0 1:-1 1:0 1:1 1:2 1:3 2:-2 2:-1 2:0 2:1 2:2 2:3 3:-2 3:-1 3:0 3:3 4:3
W5N/SE-006,13378,-27817,-4:-1 -4:0 -4:1 -4:2 -3:-2 -3:-1 -3:0 -3:1 -3:2 -3:3 -2:-3 -2:-2 -2:-1 -2:0 -2:1 -2:2 -2:3 -2:4 -1:-3 -1:-2 -1:-1 -1:0 -1:1 -1:2 -1:3 -1:4 0:-3 0:-2 0:-1 0:0 0:1 0:2 0:3 0:4 1:-3 1:-2 1:-1 1:0 1:1 1:2 1:3 1:4 2:-3 2:-2 2:-1 2:0 2:1 2:2 2:3 2:4 3:-3 3:-2 3:-1 3:0 3:1 3:2 3:3 3:4 4:-2 4:-1 4:0 4:1 4:2 4:3 5:-1 5:0 5:1 5:2
W5N/SE-007,13316,-27710,-4:1 -3:0 -3:1 -2:0 0:-1 0:0 0:2 2:-3 2:-2 2:-1 3:-3 3:-2 3:-1
W5N/SE-008,13316,-27700,-1:-1 -1:0 0:-1 0:0 0:1
W5N/SE-009,13291,-27709,-1:0 -1:1 -1:2 0:-1 0:0 0:1 0:2 1:-1 1:0 2:-1
W5N/SE-010,13308,-27729,-2:0 -1:0 -1:1 0:0 0:1
W5N/SE-011,13285,-27712,-3:2 -2:0 -2:1 -2:2 -1:0 -1:1 0:0 1:0
W5N/SE-012,13257,-27748,-4:0 -4:1 -1:1 0:-2 0:-1 0:0 0:1 1:1
W5N/SE-013,13310,-27765,-2:-1 -2:0 -2:1 -1:-1 -1:0 -1:1 0:-1 0:0 1:2 1:3
W5N/SE-015,13253,-27742,-4:0 -3:0 -2:-1 -2:0 -2:1 -1:0 0:-1 0:0 1:-1 1:0 2:-4 2:0 3:0 4:0 4:1 5:1
W5N/SE-016,13314,-27754,-1:-2 -1:-1 -1:0 0:-2 0:-1 0:0 0:1 1:-2 1:-1 1:0
W5N/SE-017,13298,-27721,-4:-1 -4:0 -3:-1 -3:0 -3:1 -2:-2 -2:-1 -2:0 -2:1 -2:2 -1:-2 -1:-1 -1:0 -1:1 -1:2 -1:3 0:-2 0:-1 0:0 0:1 0:2 0:3 1:-1 1:0 1:1 1:2 1:3 2:1 2:2 2:3
W5N/SE-018,13393,-27736,0:0 0:1
W5N/SE-019,13273,-27743,-1:0 -1:1 -1:2 0:0 0:1 0:2 1:0 1:1 1:2 3:-3 4:-2
W5N/SE-020,13312,-27737,-1:0 -1:1 0:0 0:1 0:2 1:0 1:1 1:2 2:2
W5N/SE-021,13276,-27719,-2:-1 -2:0 -1:-1 -1:0 -1:1 0:-4 0:-1 0:0 0:1 1:0 1:1
W5N/SE-023,13314,-27745,-1:-1 -1:0 0:-1 0:0 0:1 1:0
W5N/SE-024,13283,-27830,-3:-2 -2:-3 -2:-2 -2:-1 -1:-2 -1:-1 -1:1 0:-3 0:-2 0:-1 0:0 0:1 0:2 1:-2 1:-1 1:1 2:1 3:1
W5N/SE-025,13378,-27708,-1:-1 -1:0 0:-1 0:0 0:1
W5N/SE-026,13328,-27824,-5:0 -4:-2 -4:-1 -4:0 -4:1 -4:2 -3:-3 -3:-2 -3:-1 -3:0 -3:1 -3:2 -3:3 -2:-4 -2:-3 -2:-2 -2:-1 -2:0 -2:1 -2:2 -1:-3 -1:-2 -1:-1 -1:0 -1:1 -1:2 0:-3 0:-2 0:-1 0:0 0:1 0:2 1:-2 1:-1 1:0
W5N/SE-027,13309,-27827,-5:-2 -5:-1 -4:-2 -4:-1 -3:-4 -2:1 -2:2 -2:3 -1:0 -1:1 -1:2 -1:3 0:-1 0:0 0:1 0:2 0:3 1:0 1:1 1:2
W5N/SE-029,13220,-27828,-1:0 0:0 1:0 1:3 2:0 3:0 3:1 3:2 4:1
W5N/SE-030,13244,-27762,-2:3 -1:0 0:0 0:1
W5N/SE-031,13366,-27682,-4:0 -3:0 -3:3 -2:0 -2:3 -1:0 -1:1 -1:2 -1:3 -1:4 0:0 0:1 0:2 0:3 0:4 1:0 1:1 1:3 1:4 2:0 3:0 4:0 4:1 5:0 5:1
W5N/SE-032,13231,-27730,0:-1 0:0 1:-2
W5N/SE-033,13346,-27667,-2:-4 -2:-1 -1:-3 -1:-2 -1:-1 0:-1 0:0
W5N/SE-034,13247,-27817,-2:0 -1:-4 -1:-1 -1:0 0:-4 0:-1 0:0 1:-4 1:-3 2:-4 2:-3 3:-3
W5N/SE-035,13243,-27701,-1:1 0:0 2:0
W5N/SG-001,13700,-27197,-4:-1 -3:-3 -3:-2 -3:-1 -3:0 -3:1 -2:-4 -2:-3 -2:-2 -2:-1 -2:0 -2:1 -1:-4 -1:-3 -1:-2 -1:-1 -1:0 -1:1 0:-4 0:-3 0:-2 0:-1 0:0 0:1 0:2 1:-4 1:-3 1:-2 1:-1 1:0 1:1 2:-4 2:1
W5N/SG-002,13564,-27132,0:-1 0:0 1:0 2:0 3:0
W5N/SG-003,13594,-27052,-1:-1 -1:0 -1:2 0:0 0:1 1:0 2:0 2:1
W5N/SG-004,13671,-27170,-5:-1 -5:0 -5:1 -5:2 -4:-1 -4:0 -4:1 -4:2 -4:3 -3:-1 -3:0 -3:1 -3:2 -3:3 -3:4 -2:0 -2:1 -2:2 -2:3 -2:4 -1:0 -1:1 -1:2 -1:3 -1:4 0:0 0:1 0:2 0:3 1:2
W5N/SG-005,13549,-27128,0:0 0:1 1:0 1:1 2:1
W5N/SG-006,13552,-27121,0:-1 0:0 0:1 1:0 1:1 2:0
W5N/SG-007,13549,-27105,0:0 1:-2
W5N/SG-008,13544,-27130,-5:1 -2:0 -1:0 0:0 1:-1 1:0 4:2
W5N/SG-009,13623,-27076,-1:0 0:0 0:1
W5N/SG-010,13633,-27097,-1:-1 0:-1 0:0 1:-1 1:0
W5N/SG-011,13547,-27140,0:0 0:1
W5N/SG-012,13637,-27086,0:-1 0:0
W5N/SI-001,13040,-27722,-2:2 -1:1 -1:2 0:0 0:1 1:0 1:1 2:0 3:0 4:0 5:0
W5N/SI-002,12811,-27721,0:-1 0:0 1:0 2:0 3:0 4:0 5:0
W5N/SI-003,13007,-27717,-2:0 -2:1 -1:0 -1:1 0:0 0:1 1:1 2:1 3:2 4:2
W5N/SI-004,12876,-27717,-4:3 -3:3 -2:1 -2:2 -2:3 -1:0 -1:1 -1:2 -1:3 0:0 0:1 0:2 0:3 1:-1 1:0 1:2 1:3 2:2 2:3 3:2 3:3 4:2
W5N/SI-005,12893,-27710,0:0 0:1 1:-2 2:-2
W5N/SI-006,12852,-27709,-3:-1 -2:-1 -1:-1 -1:0 0:-2 0:0 1:-3 1:-2 1:0 1:1 2:-2 3:-2
W5N/SI-007,12840,-27717,-4:1 -2:2 -1:0 0:0 1:0 2:1
W5N/SI-008,13087,-27649,-3:-1 -1:0 -1:1 0:0
W5N/SI-009,13031,-27662,-1:0 0:-1 0:0 0:1 1:1 3:1 4:2
W5N/SI-010,13049,-27710,-4:-2 -4:-1 -4:0 -3:-3 -1:-4 -1:1 0:0 0:1 1:0
W5N/SI-012,13055,-27654,-1:1 0:-1 0:0 1:1 2:1
W5N/SI-013,13054,-27648,0:0 1:1
W5N/SL-001,12859,-28086,-3:-1 -3:0 -3:1 -2:-2 -2:-1 -2:0 -2:1 -2:2 -1:-2 -1:-1 -1:0 -1:1 -1:2 0:-2 0:-1 0:0 0:1 0:2 1:-1 1:0 1:1 1:2
W5N/SL-002,12947,-28060,-3:-3 -3:-2 -3:-1 -3:0 -3:1 -2:-3 -2:-2 -2:-1 -2:0 -2:1 -2:2 -1:-4 -1:-3 -1:-2 -1:-1 -1:0 -1:1 -1:2 0:-4 0:-3 0:-2 0:-1 0:0 0:1 0:2 0:3 1:-4 1:-3 1:-2 1:-1 1:0 1:1 1:2 1:3 2:-4 2:-3 2:-2 2:-1 2:0 2:1 2:2 2:4 3:-3 3:-2 3:-1 3:0 3:1 4:-2
W5N/SM-001,13051,-28024,-1:1 0:0
W5N/SM-002,13109,-27987,-1:0 -1:1 0:-1 0:0 0:1 1:0 3:2
W5N/SM-003,13119,-27964,-5:1 -2:-1 -2:0 -1:-2 -1:-1 -1:0 -1:1 -1:2 0:-2 0:-1 0:0 0:1 0:2 1:-1 1:0 1:1 1:2 1:3 2:-1 2:0 2:1 2:2 2:3 3:-1 3:0 3:1 3:2 4:-1 4:0 4:1
W5N/SM-004,13085,-27974,0:-1 0:0 1:-1 3:-3
W5N/SM-006,13150,-27981,-3:3 -2:3 -2:4 -1:2 -1:3 -1:4 0:0 0:3 0:4 1:4
W5N/SM-007,13041,-28064,-1:-2 -1:-1 0:-2 0:-1 0:0 0:1 1:-2 1:-1 1:0 1:1 1:2 1:3 2:0 2:1
W5N/SM-008,13121,-28059,-4:2 -3:1 -3:2 -3:3 -2:-1 -2:0 -2:1 -2:2 -2:3 -1:-1 -1:0 -1:1 -1:2 -1:3 0:-1 0:0 0:1 0:2 0:3 1:-1 1:0 1:1 1:2 2:-1 2:0 2:1 2:2 2:3 3:-1 3:0 3:1 3:2 4:0 4:1
W5N/SM-009,13131,-28066,-3:3 -2:1 -2:2 -2:3 -1:0 -1:1 -1:2 -1:3 -1:4 0:0 0:1 0:2 0:3 0:4 1:0 1:1 1:2 1:3 1:4 2:-2 2:-1 2:0 2:1 2:2 2:3 3:-3 3:-2 3:-1 3:0 3:1 3:2 3:3 4:-2 4:-1 4:0 4:1 4:2
W5N/SM-010,13148,-28098,-1:0 0:-4 0:-3 0:0 1:-2 1:-1 1:0 2:-1 3:-1
W5N/SM-012,13135,-28012,0:0
W5N/SM-013,13147,-28076,-4:1 -1:1 -1:2 -1:3 0:-2 0:-1 0:0 0:1 0:2 0:3 0:4 1:-2 1:-1 1:0 1:1 1:3 1:4 2:-1 2:0 3:-3 3:-2 3:0 4:-2
W5N/SM-014,13125,-28110,-2:2 -1:0 -1:1 -1:2 0:0 0:1 0:2 0:3 1:-1 1:0 1:1 1:2 1:3 1:4 2:0 2:1 2:2 2:3 3:2
W5N/SR-001,12102,-27744,0:-1 0:0 1:-1
W5N/SS-001,13539,-27453,-3:1 0:0 1:1 2:1
W5N/SS-003,13689,-27432,-4:2 -3:1 -3:2 -3:3 -2:1 -2:2 -2:3 -1:-2 -1:-1 -1:0 -1:1 -1:2 -1:3 0:-2 0:-1 0:0 0:1 2:1
W5N/SS-004,13537,-27460,-2:0 -2:1 -1:0 0:0
W5N/SS-005,13626,-27473,-1:0 -1:2 0:0 0:1 1:2 2:4 4:-2
W5N/SS-006,13571,-27463,-1:0 0:0 1:0
W5N/SS-007,13531,-27465,-1:0 0:0 1:-1
W5N/SS-008,13515,-27470,-1:0 0:0 0:1
W5N/SS-009,13559,-27486,-1:0 0:0 0:1 0:2 1:0 2:0 3:0
W5N/SS-010,13420,-27452,-5:-1 -4:-2 -4:-1 -3:-3 -3:-2 -3:-1 -2:-2 -2:-1 -1:0 -1:1 0:0 0:1 0:2 1:1 1:2
W5N/SS-012,13567,-27451,-3:0 -2:-1 -2:0 -1:-1 -1:0 0:-1 0:0 1:0
W5N/SS-013,13433,-27437,-2:0 -1:-1 -1:0 0:-1 0:0 0:1 1:0
W5N/SS-015,13615,-27443,-3:0 -1:-1 -1:0 -1:1 -1:2 -1:3 0:-1 0:0 0:1 0:2 0:3 1:0 1:1
W5N/SS-016,13608,-27427,-1:0 -1:1 0:-1 0:0 0:1 1:0 2:0 3:-1 3:0 4:-1 4:0 5:-1 5:0
W5N/SS-018,13603,-27455,0:0 1:1
W5N/SS-021,13424,-27515,0:0 1:0 2:-1
W5N/SS-023,13484,-27454,-1:-1 -1:0 0:-1 0:0 0:1 1:0
W5N/SS-024,13459,-27455,-3:-1 -3:0 -2:0 -2:1 -1:0 -1:1 -1:2 -1:3 0:-1 0:0 0:1 0:2 0:3 0:4 1:0 1:1 2:1
W5N/SS-026,13375,-27457,-2:-4 -2:-3 -1:-4 -1:-3 -1:0 0:-4 0:-3 0:-2 0:-1 0:0 1:-4 1:-2 1:-1 1:0 1:1 2:-1 2:0 2:1
W5N/SS-029,13485,-27463,-1:0 -1:1 0:0 0:1
W5N/SS-030,13680,-27522,-1:1 0:0 0:1 1:-1 1:0 2:-2 2:-1 2:0 3:-1 3:0
W5N/SS-032,13555,-27421,0:-1 0:0 1:-2 1:-1 1:0 2:-1
W5N/SS-036,13607,-27508,0:0 1:0 1:1
W5N/SS-037,13598,-27513,-1:-1 -1:0 0:-1 0:0 1:0 2:0 3:-2 3:-1 3:0 4:-1
W5O/KI-001,12824,-24691,-1:0 -1:1 -1:2 -1:3 0:-3 0:-2 0:-1 0:0 0:1 0:2 1:-4 1:-3 1:-2 1:-1 1:0
W5O/KI-013,12804,-24629,-1:-4 0:-2 0:-1 0:0 0:1 1:-2 1:-1 1:0 1:1 2:-1 2:0 5:0 5:1
W5O/OU-001,12812,-24626,-3:1 -2:-2 -2:0 -2:1 -1:-3 -1:-2 -1:-1 -1:0 -1:1 -1:2 -1:3 0:-4 0:-3 0:-2 0:-1 0:0 0:1 0:3 0:4 1:-1 1:0 1:1 2:-2 2:-1 2:0 2:1 3:-1
W5O/OU-002,12855,-24656,-1:-3 -1:1 -1:2 0:-3 0:-2 0:-1 0:0 0:2
W5O/OU-003,12811,-24600,-4:-2 -4:-1 -3:-3 -3:-1 -3:0 -2:0 -1:0 -1:1 0:-1 0:0 0:1 1:-1 1:2 3:1 4:0
W5O/OU-004,12935,-24608,-2:1 -1:-1 -1:0 -1:1 -1:2 -1:3 0:-1 0:0 0:1 0:2 0:3 1:-1 1:0
W5O/OU-005,12879,-24713,-1:0 -1:1 -1:2 -1:3 0:-1 0:0 0:1 0:2 1:-2 1:-1 2:-2 2:-1
W5O/OU-013,12820,-24624,-2:-4 -2:-3 -1:-4 -1:-3 -1:-2 -1:-1 -1:0 -1:1 -1:2 0:-1 0:0 0:1 1:0 2:1
W5O/QA-001,12915,-25858,-2:-1 -2:2 -1:-1 -1:0 0:0 1:0
W5O/QA-002,12906,-25844,-3:-1 -2:-1 -2:0 -1:-1 -1:0 0:0 1:0
W5O/QA-003,12954,-25889,-2:-1 -1:0 -1:1 0:0 0:1 1:0 1:1
W5O/QA-004,12917,-25835,-1:-1 0:0 1:0
W5O/SO-001,12972,-24602,0:0 0:1 1:0 1:1
W5O/SO-002,12989,-24657,-2:-2 -2:-1 -2:0 -1:-3 -1:-2 -1:-1 -1:0 -1:1 0:-3 0:-2 0:-1 0:0 0:1 1:-1 1:0 1:1 1:2 2:-1 2:0 2:1 2:2 3:-1 3:0
W5O/WI-001,12903,-25731,-1:0 -1:1 0:-1 0:0 0:1 1:-1
W5O/WI-002,12868,-25660,-1:0 0:-1 0:0 1:0
W5O/WI-003,12888,-25723,-2:3 -2:4 -1:1 -1:3 -1:4 0:0 0:1 0:2 0:3 0:4 1:0 1:1 1:2 1:3 1:4 2:0 2:2 3:2
W5O/WI-004,12875,-25675,-2:-2 -2:0 -1:0 0:0
W5O/WI-005,12867,-25694,-1:-1 0:-1 0:0 1:-1 1:0
W5O/WI-006,12894,-25730,-3:0 -2:-1 -2:1 -1:-1 -1:0 -1:1 0:-1 0:0 0:1 1:-2 1:-1 2:0
W5O/WI-007,12860,-25710,-4:1 -3:0 -2:0 -2:1 -1:-1 -1:0 -1:1 -1:2 0:-1 0:0 0:1 0:2 1:-1 1:0 1:1 1:2
W5O/WI-009,12910,-25734,-3:2 -3:3 -2:1 -2:2 -1:0 -1:1 0:0 0:1 1:0 1:1 2:1
W5O/WI-010,12875,-25683,-4:3 -2:0 -2:4 -1:0 0:-1 0:0 0:1 1:1
W5O/WI-011,12873,-25689,-3:0 0:-1 0:0 0:1 1:-2 1:-1 1:0 1:1 2:-3 2:-2 2:-1 2:0 2:1 3:0 3:1 4:-2
W5O/WI-013,12878,-25720,-4:0 -4:1 -1:0 -1:1 -1:2 0:-1 0:0 0:1 1:-3 1:0 1:4 2:-3 3:2
W5O/WI-014,12866,-25690,-1:-3 0:-4 0:-3 0:0 1:-3 1:-1 1:0 1:1 2:-3 2:-2 2:-1 4:-1 4:0
W5O/WI-015,12872,-25695,-3:0 -2:3 -1:3 -1:4 0:-1 0:0 0:1 0:2 0:3 1:-1 1:0 1:1 1:4 2:2 2:3 3:2 4:0 4:1 4:2 4:3 5:-1 5:0 5:1
W5O/WI-033,12883,-25702,-5:0 -4:-1 -4:2 -3:-3 -3:-2 -3:-1 -3:0 -2:-4 -2:-3 -2:-2 -2:-1 -2:0 -2:1 -2:2 -1:-4 -1:-3 -1:-2 -1:-1 -1:0 -1:1 -1:2 0:-4 0:-3 0:-2 0:-1 0:0 0:1 0:2 0:3 1:-4 1:-3 1:-2 1:-1 1:0 1:1 1:2 1:3 2:-4 2:-3 2:-2 3:-3 3:-2 3:-1 4:-2 4:-1 4:0 4:1
W5T/CH-001,11093,-27208,-1:-1 -1:0 -1:1 0:-1 0:0
W5T/CH-002,11091,-27222,-3:0 -2:0 -1:0 0:0 1:0
W5T/CH-006,11053,-27197,0:0
W5T/CH-010,11094,-27189,0:0
W5T/CI-001,10831,-26903,0:0
W5T/CI-002,10842,-26891,-1:0 0:0
W5T/CI-003,10839,-26898,-4:-1 0:-1 0:0
W5T/CI-004,10836,-26888,-1:0 0:0
W5T/CI-005,10837,-26891,0:0 2:-2 2:0 3:-2 3:0 4:-2 4:-1
W5T/CI-008,10845,-26907,0:0 0:1 1:1
W5T/CI-009,10847,-26880,-3:0 0:0
W5T/CI-010,10851,-26886,-4:2 0:0
W5T/CI-012,10810,-26904,0:0 1:0
W5T/DE-001,11378,-27079,0:0 1:-1 1:0
W5T/DE-002,11370,-27086,0:0
W5T/DE-003,11359,-27090,0:0 0:1 1:0 1:1 3:2 4:2
W5T/DE-006,11376,-27095,-4:-1 -3:-1 -2:-1 -2:0 -1:0 -1:1 0:-1 0:0 0:1 0:2 1:0 1:1 1:2 1:3 2:0 2:2
W5T/DE-007,11399,-27116,-4:-2 -1:0 0:-3 0:0 0:1 2:-2 3:-2
W5T/DE-009,11407,-27084,-4:0 -4:1 -3:-1 -3:0 -3:1 -2:-1 -2:0 -2:1 -2:2 -1:-1 -1:0 -1:1 -1:2 -1:3 0:0 0:1 0:2 0:3 1:0 1:2 2:2
W5T/DE-010,11420,-27068,0:-3 0:-2 0:0 1:-4 1:-3 1:-2 1:-1
W5T/DE-011,11399,-27030,-1:-1 -1:0 -1:1 0:-1 0:0 0:1
W5T/DE-012,11491,-27103,-1:0 0:0
W5T/DE-015,11417,-27112,-2:-3 -2:-2 -2:0 -1:-3 -1:0 0:0 0:3 1:2 2:1 2:2 2:3
W5T/DE-016,11349,-27064,0:0
W5T/DE-018,11374,-27017,-3:-2 -2:-2 -1:-2 -1:-1 0:-1 0:0 1:0 1:1 2:0 2:1
W5T/DE-019,11443,-27093,-2:-3 0:0 2:1
W5T/DE-020,11341,-27083,-1:0 0:0 0:1 1:1
W5T/DE-029,11380,-27094,-2:2 -1:-1 -1:0 -1:2 0:-1 0:0 1:0 2:0 4:1
W5T/DN-001,11176,-26996,0:0
W5T/DN-002,11200,-26958,-4:1 -3:1 -1:0 0:0
W5T/DN-003,11150,-27011,-4:-2 -3:-2 -2:-1 -1:-1 -1:0 0:0 1:0
W5T/DN-004,11154,-26995,-3:0 -3:1 -2:0 -2:1 -2:2 -1:0 -1:1 -1:2 0:0 0:1 0:2 1:0
W5T/DN-005,11200,-26994,0:0
W5T/DN-006,11217,-27011,0:0
W5T/DN-007,11232,-26957,-1:0 0:0 1:0 2:0
W5T/DN-009,11231,-27011,-1:0 0:0
W5T/DN-010,11224,-27025,0:-1 0:0
W5T/DW-001,11346,-27129,-1:-1 0:0 1:0
W5T/DW-002,11345,-27138,0:0 1:0 3:3
W5T/DW-003,11353,-27114,-1:-1 0:0 0:1 0:2
W5T/DW-004,11364,-27143,0:0
W5T/DW-005,11357,-27132,-4:1 -3:0 -2:0 -1:0 0:0 1:0
W5T/DW-006,11320,-27090,-1:0 0:0 0:1
W5T/DW-007,11361,-27149,-1:0 0:-1 0:0
W5T/DW-008,11369,-27128,-3:1 -2:1 -1:1 0:0
W5T/DW-010,11381,-27147,-1:-1 -1:0 0:0
W5T/DW-012,11371,-27170,0:0
W5T/DW-013,11341,-27094,0:-1 0:0
W5T/DW-015,11388,-27162,-1:0 -1:1 -1:2 -1:3 0:0
W5T/DW-019,11301,-27127,-3:0 -3:1 -2:-1 -2:0 -1:0 0:-1 0:0 1:-1
W5T/DW-020,11320,-27144,0:0 1:3
W5T/DW-021,11324,-27147,0:0 0:1 1:0 1:1 2:1 3:1
W5T/DW-024,11411,-27134,-1:0 0:0 0:1
W5T/DW-027,11359,-27172,0:0 2:3 3:3
W5T/DW-030,11379,-27138,-1:0 0:0 0:1 2:4
W5T/DW-031,11365,-27166,-2:-1 -1:-1 -1:0 0:-1 0:0 1:3 2:2 3:1 3:2 4:1
W5T/EA-001,11452,-27366,-1:-2 -1:-1 0:-3 0:-2 0:0
W5T/FR-001,11815,-27733,0:0
W5T/FR-002,11836,-27735,0:0
W5T/FR-003,11801,-27733,0:0
W5T/FR-004,11831,-27597,-2:1 0:0
W5T/FR-005,11788,-27733,0:0 1:0 3:-1
W5T/FR-006,11825,-27584,0:0 0:1 1:-2 1:-1 1:0 1:1 2:-2 2:-1 3:-2
W5T/GL-001,11246,-26902,-1:-1 0:-1 0:0 1:-2 1:-1 1:0 2:-2
W5T/GU-001,11811,-27308,0:0
W5T/GU-002,11825,-27313,-1:0 -1:1 -1:2 0:0 1:0 1:1 1:4 5:0
W5T/GU-003,11817,-27312,0:0 0:1
W5T/GU-004,11819,-27300,0:0 1:-1 1:0 2:-1 2:0 4:2
W5T/GU-005,11850,-27487,-1:0 0:-1 0:0
W5T/GU-006,11850,-27477,0:0 1:0 2:0 2:1
W5T/PU-001,11266,-27039,-1:0 -1:1 0:-1 0:0 1:-1
W5T/PU-002,11261,-27043,-1:-2 -1:-1 0:-1 0:0
W5T/PU-003,11278,-27066,-1:1 -1:3 0:0
W5T/PU-004,11282,-27028,0:0
W5T/PU-005,11245,-27038,-4:-3 -2:-4 -1:-1 -1:0 0:0 0:1 1:2 2:-3 2:2 3:2
W5T/PU-007,11276,-27036,0:0
W5T/PU-008,11263,-27024,0:0
W5T/QU-001,11574,-27458,0:0 0:1 1:0
W5T/QU-002,11536,-27474,-2:0 0:0
W5T/QU-005,11586,-27458,0:-1 0:0 1:-1
W5T/SD-001,11647,-27319,-3:-3 -3:-2 -3:-1 -2:-3 -2:-2 -2:-1 -1:-4 -1:-3 -1:-2 -1:-1 0:-4 0:-2 0:-1 0:0 1:-3 1:-2 1:-1 2:-3 2:-1 2:0 3:-1 3:0 4:-2 4:-1
W5T/SD-002,11554,-27322,-1:1 0:-1 0:0 1:-1 1:0 2:-2 3:-2 3:-1 4:-1
W5T/SD-007,11565,-27340,-3:3 0:0 0:4 1:3 1:4 2:3 2:4 3:3 4:3
W5T/SD-008,11532,-27310,-4:-2 -4:0 -4:1 -4:2 -3:-1 -3:0 -3:1 -2:-1 -2:0 -2:1 -2:2 -2:3 -1:-2 -1:-1 -1:0 -1:1 -1:2 0:0 0:1 1:-4 1:0 1:1 2:0 2:1 3:0 3:2 4:2
W5T/SN-001,11050,-26932,-1:0 0:-1 0:0
W5T/SN-002,11118,-26961,-5:0 -4:-1 -4:0 -4:1 -3:-2 -3:-1 -3:0 -3:1 -2:-2 -2:-1 -2:0 -2:1 -1:-3 -1:-2 -1:-1 -1:0 -1:1 0:-3 0:-2 0:-1 0:0 1:-3 1:-2 1:-1 1:0 2:-3 2:-2 2:-1 2:0 2:1 3:-3 3:-2 3:-1 3:0 4:-2 4:-1 4:0 4:1
W5T/SV-001,11142,-27218,0:0 0:1 1:0 1:2 4:0
W5T/SV-002,11278,-27261,-3:2 -3:3 -2:2 -2:3 -2:4 -1:2 -1:3 -1:4 0:0 0:1 0:2 0:3 1:1 1:2 1:3 2:1 2:2 3:1 4:0 4:1 5:0
W5T/SV-003,11173,-27225,-3:1 -3:2 -2:1 -1:1 -1:2 0:0 0:1 0:2 1:1 1:2 2:2 3:2 4:1 5:1
W5T/SV-004,11214,-27227,0:0 0:1 1:0 1:1 2:0 2:1 3:1 4:1
W5T/SV-006,11177,-27203,-4:1 -3:1 -3:2 -3:3 -2:0 -2:1 -2:2 -2:3 -1:0 -1:1 -1:2 -1:3 0:0 0:1 0:2 0:3 0:4 1:0 1:1 1:2 1:3 2:1 2:2 2:3 3:0 3:1 3:2 3:3 4:1 4:2
W6/CC-001,15303,-31896,0:0 0:1 0:2 1:2
W6/CC-002,12893,-31028,-1:-1 -1:0 -1:1 -1:2 -1:3 0:-4 0:-1 0:0 0:1 0:2 0:3 1:-1 1:1 1:2 1:3 1:4 2:3
W6/CC-003,12879,-30982,-3:-3 -2:-3 -2:-2 -2:-1 -2:0 -1:-3 -1:-2 -1:-1 -1:0 -1:1 0:-2 0:-1 0:0 0:1 1:-2 1:-1 1:0 1:1 1:2 2:-2 2:-1 2:0 2:2 3:2
W6/CC-004,14887,-32025,-3:1 -2:0 -1:0 0:0 0:1 1:1
W6/CC-005,12826,-31063,-1:-1 0:-1 0:0 1:-2 1:-1
W6/CD-001,13938,-30796,0:0 1:0
W6/CD-002,13711,-30732,-2:-1 -2:0 -1:0 0:-1 0:0 0:1 1:-1 1:0
W6/CD-003,13396,-30492,-1:0 0:0 1:-1
W6/CD-004,13723,-30734,-2:0 -2:1 -1:0 0:0
W6/CD-005,13695,-30761,-3:-1 -3:2 -3:3 -2:-1 -2:0 -2:1 -2:2 -1:-2 -1:-1 -1:0 -1:1 -1:2 -1:3 0:-1 0:0 0:1
W6/CD-006,13157,-30102,0:0 0:1 1:2 2:3
W6/CD-007,13495,-30662,-4:-1 -4:1 -3:-1 -3:0 -3:1 -2:-1 -2:0 -2:1 -1:-1 -1:0 0:-1 0:0 1:-1 1:0 2:-1 2:0 3:-1 3:0 3:1 4:-1 4:0 5:-1
W6/CN-001,15336,-31822,0:0 1:0
W6/CN-002,14995,-31642,-1:-1 0:-1 0:0 1:-1
W6/CN-003,14979,-31657,0:0 1:-1
W6/CN-004,15073,-31672,-4:1 -3:-1 -3:0 -3:3 -2:-1 -1:0 0:0
W6/CN-005,14812,-31414,-3:1 -2:1 -1:0 -1:1 0:0 0:1 1:0
W6/CN-006,14792,-31325,-4:1 -3:1 -2:1 -1:1 0:0
W6/CN-007,14974,-31589,0:-1 0:0 1:-1
W6/CN-008,15069,-31406,-2:0 -1:0 0:-1 0:0 1:-1 1:0 2:-1 2:0 3:-1
W6/CN-009,15113,-31674,0:-1 0:0
W6/CT-001,12629,-30425,0:0 1:-1 1:0
W6/CT-002,12523,-30386,-3:0 -2:0 0:0
W6/CT-003,12699,-30638,-1:-2 0:0 0:1
W6/CT-004,12725,-30668,0:-1 0:0
W6/CT-005,12722,-30677,-1:-1 0:0
W6/CT-006,12675,-30622,-1:0 0:0
W6/CT-007,12501,-30385,0:0 1:1 3:1
W6/CT-008,12416,-30320,-1:1 0:-1 0:0
W6/CT-009,12687,-30471,0:-2 0:-1 0:0 0:1
W6/CT-010,12720,-30688,0:0 1:0
W6/CT-011,12730,-30693,-1:0 0:0
W6/CT-012,12717,-30713,-1:0 0:-2 0:-1 0:0 0:1 0:2 1:-2 1:-1 1:0 1:1 2:0 3:0 3:1
W6/CT-013,12665,-30482,-1:0 0:-1 0:0 1:0 2:3 3:3
W6/CT-014,12721,-30704,-1:0 0:0 0:1
W6/CT-038,12638,-30442,0:0 1:-1 1:0 1:1 1:4 2:2
W6/CT-039,12666,-30421,-1:0 -1:1 -1:2 0:0 0:4
W6/CT-040,12708,-30637,-4:2 -3:1 -3:2 0:0 1:0
W6/CT-043,12614,-30439,0:0 1:-2 1:0 2:-3
W6/CT-044,12663,-30393,-1:0 0:-1 0:0 1:-2 1:-1 1:0 3:-2
W6/CT-046,12689,-30625,-2:-1 0:0
W6/CT-048,12676,-30632,-1:-1 0:0 1:0 1:1 1:2 1:3
W6/CT-050,12700,-30455,-1:0 0:0
W6/CT-051,12710,-30441,-1:0 -1:1 0:0 0:1 1:-1 1:0 1:1 1:2 2:-1 2:0 2:1 3:0
W6/CT-052,12683,-30624,-5:0 -4:-1 -4:0 -1:0 0:0 0:1 3:-2 3:-1 4:-1
W6/CT-053,12699,-30427,-1:-1 -1:0 0:-2 0:-1 0:0 1:-2 1:-1 2:-2 4:-2
W6/CT-054,12697,-30443,-1:1 -1:2 -1:3 -1:4 0:0 0:1
W6/CT-055,12646,-30378,-1:0 0:0 1:-4 1:0
W6/CT-056,12699,-30655,0:0
W6/CT-057,12975,-30856,-1:0 0:-1 0:0
W6/CT-058,12737,-30706,-3:2 -2:1 -1:0 0:-1 0:0
W6/CT-059,12980,-30856,0:0 0:1 1:0 2:0
W6/CT-061,12606,-30421,-1:-4 0:0 0:1 1:-1
W6/CT-062,12968,-30853,-2:-2 -2:-1 -1:-3 -1:-2 -1:-1 -1:0 0:-2 0:-1 0:0 0:1
W6/CT-063,12978,-30878,-1:-1 -1:0 0:-1 0:0 1:-1 1:0
W6/CT-064,12709,-30711,0:-2 0:0 0:1
W6/CT-065,12685,-30389,-1:-1 0:0 1:-1
W6/CT-066,12702,-30398,-1:-2 -1:-1 0:-3 0:-2 0:-1 0:0 1:-4 1:-3 1:-2 1:-1 1:0 2:-4
W6/CT-067,12734,-30648,-5:0 -4:-2 -4:-1 -3:-3 -2:4 -1:0 -1:1 -1:2 -1:3 0:0 0:1 0:2 1:-1 1:0 1:1 2:-1
W6/CT-245,12629,-30424,-1:0 0:0 0:1
W6/CT-246,12730,-30679,-5:-1 -5:0 -4:0 -3:0 -1:0 0:0
W6/CT-247,12731,-30694,-1:0 0:-1 0:0 1:-1 2:-2
W6/CT-248,12492,-30376,0:0 0:1
W6/CT-249,12488,-30372,-1:0 0:0 0:1
W6/IN-001,13595,-30720,-1:1 0:0
W6/IN-002,13605,-30726,-1:1 0:0 0:1 1:-1
W6/IN-004,13573,-30712,-1:0 -1:1 0:-1 0:0 1:-1
W6/IN-007,13544,-30681,-1:0 0:0
W6/IN-008,13732,-30751,-1:0 0:-1 0:0
W6/IN-010,13532,-30674,-3:-1 -2:-1 -1:0 0:0
W6/IN-012,13773,-30740,0:-1 0:0 1:0 1:1 3:-2
W6/IN-015,13791,-30773,-1:0 -1:2 -1:3 0:-1 0:0 0:1 0:4 1:-1 1:1 2:1 2:4
W6/IN-020,13808,-30728,0:-1 0:0 1:0
W6/IN-022,13755,-30893,-1:-1 -1:0 0:0
W6/IN-023,13811,-30905,-4:-2 -4:-1 0:0 2:4
W6/IN-024,13537,-30793,-5:-1 -4:2 -3:-2 -2:-3 -2:-2 -1:-4 0:-4 0:0 0:1 1:-4
W6/IN-025,13756,-30860,0:0 0:1 0:2 1:-3 1:1 1:2
W6/IN-028,13807,-30900,-4:-3 -4:-2 -3:-2 -2:-4 -2:-3 -2:-2 -1:-4 0:0 2:-4 4:-2
W6/IN-029,13755,-30877,-4:-2 -4:-1 -1:0 0:-4 0:0 1:0
W6/ND-001,14235,-31070,-3:0 -2:-1 -2:0 -1:0 0:0 0:1 1:0 1:2 1:3 3:-2
W6/ND-002,14252,-31068,0:0 1:1
W6/ND-003,13987,-30913,0:-1 0:0 2:-2 2:-1 2:0 3:-2 3:-1
W6/ND-004,14262,-31067,0:0
W6/ND-005,14160,-31013,-2:4 -1:0 0:0 0:1 1:0
W6/ND-007,13369,-30489,-2:-2 -1:-1 0:-1 0:0
W6/ND-009,14201,-31023,-2:-1 -1:-4 -1:-2 -1:-1 -1:0 0:-4 0:-3 0:-2 0:-1 0:0 1:-4 1:-1
W6/ND-011,14028,-30991,0:0
W6/ND-012,13994,-30964,-4:2 -3:2 -2:1 -2:2 -1:-1 -1:0 -1:1 0:-1 0:0 0:1 1:0
W6/ND-013,13351,-30484,-1:-1 0:0 0:1 1:0
W6/ND-014,13435,-30490,-1:0 -1:1 0:0 1:0
W6/ND-016,14130,-31013,-4:1 -3:1 -2:0 -2:1 -1:0 -1:1 0:-1 0:0
W6/ND-017,13661,-30588,-4:2 -1:0 -1:1 0:-1 0:0
W6/ND-018,14045,-30930,0:0 1:-1 3:0
W6/ND-019,14066,-30940,-4:-3 -4:-2 -3:-3 -3:-2 -3:-1 -2:-2 -2:-1 -1:-2 -1:-1 -1:0 0:-2 0:-1 0:0 1:-2 1:-1 2:-1
W6/ND-020,13377,-30598,0:0 1:-1 1:0 2:-1 2:0
W6/ND-021,13371,-30596,-1:0 0:0 1:0
W6/ND-024,13670,-30625,-1:0 0:0
W6/ND-026,13962,-30966,-3:-1 -2:-3 -2:-1 -2:0 -1:0 0:0 1:0
W6/ND-029,13963,-30881,-5:1 -4:1 -3:1 -2:1 -1:1 0:0 0:1 1:1 2:0 3:0
W6/ND-032,13393,-30595,-2:0 -1:0 0:0 2:-1
W6/ND-033,13807,-30651,-1:1 0:-1 0:0 2:-3 2:-2 2:-1 3:-2
W6/ND-034,14142,-30949,-3:-1 -2:-1 -2:0 -1:-2 -1:-1 -1:0 0:-2 0:-1 0:0 1:-2 1:-1 1:0 2:-2 2:-1
W6/ND-036,13363,-30594,-1:0 -1:1 0:-1 0:0 0:1 1:0 1:1
W6/ND-037,13973,-30976,-1:-1 -1:0 -1:1 -1:2 0:-1 0:0 0:1 0:3 1:-1 1:0 1:1 1:2 1:3 2:0 2:1 2:2 2:3
W6/ND-039,13351,-30498,0:-1 0:0 0:1
W6/ND-040,13408,-30655,-2:-1 -2:0 -1:-1 -1:0 0:-1 0:0 1:-2 1:-1 1:0 1:1 1:2 2:-2 2:0
W6/ND-046,13669,-30504,-1:0 0:0 1:-1 2:-2 3:-3
W6/ND-047,13917,-30873,-1:0 0:0 1:-1 1:0 3:0
W6/ND-048,14019,-30877,-3:0 -2:0 -1:-1 -1:0 0:-1 0:0 0:1
W6/ND-050,13855,-30711,-2:0 -1:0 0:0 0:1 1:2
W6/ND-051,13539,-30640,0:-1 0:0 1:-1
W6/ND-052,14033,-30874,-2:0 -1:0 -1:1 0:0 0:1 1:0 1:1 2:0 2:1
W6/ND-053,13622,-30577,-2:0 -1:-1 -1:0 0:0
W6/ND-054,13388,-30653,-1:-1 0:0 4:0
W6/ND-055,13475,-30528,-4:0 -3:0 -2:0 -2:1 -1:0 -1:1 0:-1 0:0 1:-1 1:0 1:1 2:-1 2:0 3:0 4:-1
W6/ND-378,13899,-30786,-1:0 0:-1 0:0 0:1 2:-4 2:-3
W6/ND-380,14050,-31066,-2:-1 -1:-1 -1:0 -1:1 0:0
W6/ND-381,13880,-30926,-5:-1 -4:-1 -1:0 0:0
W6/ND-382,14088,-31063,-1:1 0:-1 0:0 0:1
W6/ND-383,14063,-31042,-3:0 -2:0 -1:0 0:0 0:1 1:-4 1:0 2:-4
W6/ND-385,13959,-30811,-1:4 0:0 0:4 1:0 1:3 1:4
W6/ND-386,14152,-31106,-2:-1 -1:-1 0:0
W6/ND-387,14044,-31059,-2:0 -1:-4 -1:0 0:-4 0:0 3:-3 3:-2 3:-1 3:0 4:-2 4:-1
W6/ND-388,14221,-31127,-3:-1 -1:-1 -1:0 0:-4 0:-1 0:0 0:1 1:-4
W6/ND-389,14028,-30992,-4:0 0:0 1:0
W6/ND-392,13954,-30986,-4:-2 -3:-3 -3:0 0:-1 0:0 1:-1 1:0 2:-1 2:0
W6/ND-394,14132,-31060,0:-1 0:0 0:1 1:-2 1:-1 1:0 2:-2 2:-1 2:0 3:-2 3:-1 3:0 4:-2 4:-1 4:0 5:-1
W6/ND-395,14176,-31114,-4:-2 -4:-1 -4:0 -4:1 -3:-3 -3:-2 -3:-1 -3:0 -2:-4 -2:-3 -2:-2 -1:-4 0:0
W6/ND-396,14081,-30889,-3:-1 -3:0 -3:1 -2:-1 -2:0 -2:1 -1:-1 -1:0 -1:1 -1:2 0:-1 0:0 0:1 0:2 0:3 1:-4 1:-3 1:-1 1:0 1:1 1:2 2:-4 2:-3 2:0 2:1 2:2 2:3 3:1 3:2 3:3
W6/NE-001,15290,-31303,-1:0 0:0 1:0 4:0
W6/NE-002,15325,-31308,0:-1 0:0 2:-1
W6/NE-003,14986,-31653,0:-1 0:0
W6/NE-004,15273,-31293,-2:-2 -2:-1 -1:-2 -1:-1 -1:0 0:0 2:-2
W6/NE-005,15287,-31294,0:-2 0:-1 0:0 1:-1
W6/NE-006,15240,-31283,-4:-3 -3:-2 -2:-2 -2:-1 -1:-1 -1:0 0:-1 0:0
W6/NE-007,14989,-31632,-1:0 0:0
W6/NE-008,14995,-31653,-1:1 0:-1 0:0 1:-1
W6/NE-009,15009,-31647,-1:-1 -1:0 0:0 1:1
W6/NE-010,15380,-31808,-1:0 0:-1 0:0 1:-1 1:0 2:0
W6/NE-011,15265,-31286,-4:1 -3:0 -3:1 -2:0 -2:1 -1:0 -1:1 0:-1 0:0 0:1 1:-1 1:0 1:1 2:-1 2:0
W6/NE-012,15350,-31784,0:-1 0:0
W6/NE-013,14998,-31575,0:0 0:1 1:0
W6/NE-014,15026,-31601,-1:0 0:-1 0:0 0:1 1:-1 1:0
W6/NE-015,15542,-31294,-4:2 -3:1 -3:2 -3:3 -2:1 -2:2 -2:3 -1:1 -1:2 0:0 0:1 0:2 1:-1 1:0 1:1 1:2 2:-1 2:0 2:1 2:2 3:-2 3:-1 3:0 3:1
W6/NE-016,15451,-31829,0:-1 0:0 1:-1
W6/NE-017,15411,-31321,-1:0 0:-1 0:0 0:1 1:-1
W6/NE-018,15531,-31309,-1:0 -1:2 -1:3 0:-1 0:0 0:1 0:2 1:-1
W6/NE-019,14973,-31642,-1:0 -1:1 0:0 0:1 1:1
W6/NE-020,15034,-31610,-1:0 0:0 1:0
W6/NE-022,15381,-31762,0:0 0:1
W6/NE-023,15385,-31772,0:-1 0:0 1:-1 2:-1
W6/NE-024,15015,-31570,0:-1 0:0 1:-1
W6/NE-025,15101,-31295,-1:0 -1:1 0:-1 0:0 0:1
W6/NE-026,15450,-31323,-4:2 -3:1 -3:2 -3:3 -2:-1 -2:0 -2:1 -2:2 -2:3 -2:4 -1:-1 -1:0 -1:1 0:0 1:0 1:1 1:2 2:1 2:2 2:3 3:1 3:2 4:1
W6/NE-027,15163,-31358,0:0
W6/NE-029,15411,-31655,-1:0 0:-1 0:0 0:1 1:-1 1:0 2:-1
W6/NE-030,15399,-31643,-1:-1 -1:0 0:-4 0:-3 0:-1 0:0 1:-4 1:-3 1:-1 1:0
W6/NE-031,15487,-31835,-1:0 -1:1 -1:2 -1:3 0:0 0:1 0:2 1:1
W6/NE-032,14999,-31586,-1:0 -1:1 0:0
W6/NE-034,14991,-31559,-2:0 0:-1 0:0
W6/NE-035,14978,-31580,0:0
W6/NE-036,15479,-31812,-1:0 -1:1 0:-1 0:0 0:1 1:-1 1:0 1:1 2:-1 2:0
W6/NE-037,15210,-31277,-2:-2 -2:-1 -1:-1 -1:0 0:0
W6/NE-039,15002,-31619,0:0 0:1 1:0 1:1
W6/NE-040,15034,-31488,-2:0 -1:-1 -1:0 -1:1 -1:2 0:-1 0:0 0:1 0:2 0:3 0:4 1:-1 1:0 2:-1
W6/NE-041,14953,-31282,-4:1 -4:2 -3:2 -3:3 -2:0 0:-1 0:0 1:-3 1:0 2:-3 2:1
W6/NE-042,15360,-31760,0:0 0:1 0:2
W6/NE-043,14982,-31601,-1:0 -1:1 -1:2 0:-1 0:0 0:1 0:2
W6/NE-044,15091,-31313,-4:1 -3:-1 -3:0 -3:1 -2:-1 -2:0 -2:1 -2:2 -1:-2 -1:-1 -1:0 0:-1 0:0 0:1 1:0
W6/NE-045,15407,-31642,-1:0 0:-2 0:-1 0:0 1:-3 1:-2 1:-1 1:0 2:-2 2:-1 2:0
W6/NE-046,15385,-31323,-3:-1 -3:0 -2:-1 -2:0 -1:-2 -1:-1 -1:0 0:0
W6/NE-047,14986,-31461,-3:0 -2:-1 -2:0 -2:1 -2:2 -1:-1 -1:0 -1:1 -1:2 0:-2 0:-1 0:0 0:1 0:2 1:-2 1:-1 1:0 1:1 2:-2 2:-1 2:0 2:1 2:2 3:-2 3:-1 3:2 3:3 4:-2 4:-1 4:3
W6/NE-049,15394,-31670,-2:1 -2:2 -2:3 -2:4 -1:-1 -1:0 -1:1 -1:2 -1:3 -1:4 0:-2 0:-1 0:0 0:1 0:2 0:3 0:4 1:-1 1:0 1:1
W6/NE-050,15034,-31551,-1:0 0:0 1:0 1:4 2:4
W6/NE-051,15070,-31306,0:-1 0:0 1:-1 1:0 1:1
W6/NE-290,15340,-31307,-1:-1 -1:0 0:-1 0:0
W6/NE-291,15006,-31646,-4:2 -1:0 -1:1 0:0 0:1 1:0 4:-1
W6/NE-292,15402,-31322,0:0 1:-2 1:1
W6/NE-293,15356,-31764,-1:-1 0:-1 0:0 1:0
W6/NE-294,14918,-31461,0:0 0:1
W6/NS-001,14083,-31070,-1:0 0:0 2:0
W6/NS-002,14097,-31061,0:-1 0:0 0:1
W6/NS-003,14070,-31048,-2:-1 0:0
W6/NS-004,14105,-31083,-2:0 -1:0 -1:1 0:0 0:1 1:2
W6/NS-005,14054,-31071,-2:-1 -2:0 -1:0 -1:1 0:0 3:-3 4:-2 4:-1
W6/NS-006,14101,-31090,0:0
W6/NS-007,14075,-31071,0:0 3:1 4:1 4:2 5:0 5:1
W6/NS-008,14071,-31059,0:-3 0:-2 0:-1 0:0 1:-3 3:1
W6/NS-009,14079,-31075,-2:2 -1:0 0:-1 0:0
W6/NS-010,14140,-31096,-2:-2 0:-1 0:0
W6/NS-011,14067,-31079,-2:-2 0:0 1:1
W6/NS-012,14111,-31074,-1:-3 0:-3 0:0
W6/NS-013,14127,-31133,0:0
W6/NS-014,14096,-31075,0:0 0:1
W6/NS-015,14132,-31106,-1:-1 0:-1 0:0
W6/NS-016,14161,-31113,-1:1 0:0
W6/NS-017,14055,-31054,0:-1 0:0 0:1
W6/NS-018,14106,-31096,0:0
W6/NS-019,14214,-31150,-4:1 -4:2 -3:1 -2:0 -2:1 -1:0 0:0 1:-1 2:-1
W6/NS-020,14115,-31109,0:0
W6/NS-021,14127,-31118,0:0 0:1
W6/NS-022,14124,-31124,0:0
W6/NS-023,14216,-31164,0:0
W6/NS-024,14132,-31141,-4:2 0:0 0:1 0:3
W6/NS-025,14090,-31099,0:0 3:-3
W6/NS-026,14130,-31122,0:0
W6/NS-027,14224,-31133,-2:0 -1:0 0:-2 0:-1 0:0 1:-3 1:-1 2:-3 2:0
W6/NS-028,14108,-31106,-2:-2 -1:-1 -1:0 0:-1 0:0 1:-1 1:0 1:1 2:-2 2:-1
W6/NS-029,14119,-31102,-3:3 -1:4 0:0 1:0
W6/NS-030,14114,-31123,-1:0 0:0
W6/NS-033,14275,-31187,-2:-1 0:0
W6/NS-034,14160,-31161,-1:-2 0:-1 0:0
W6/NS-035,14017,-31123,0:0 0:1 0:2
W6/NS-036,14027,-31116,0:0 1:0
W6/NS-037,14220,-31142,0:0 0:1 1:-2 1:-1 1:0 2:-3 2:-2 3:-3
W6/NS-040,14284,-31187,-2:-1 -1:-1 0:0
W6/NS-041,14068,-31115,0:0 1:0 2:0 2:1 3:0 4:0
W6/NS-045,14097,-31128,0:-1 0:0 4:0 5:0 5:1
W6/NS-046,14122,-31110,0:0 1:0 1:1
W6/NS-047,14391,-31214,-3:-2 -2:-2 0:-1 0:0
W6/NS-050,14086,-31133,-3:1 -2:1 0:-1 0:0 1:0
W6/NS-051,14095,-31111,-2:-1 0:0 1:0
W6/NS-052,14129,-31154,-3:0 -1:0 0:0 0:1 1:1 4:1
W6/NS-055,14319,-31251,0:0
W6/NS-056,14150,-31175,-1:-1 -1:0 -1:1 0:-1 0:0 0:1 1:1
W6/NS-057,14153,-31184,-1:1 -1:2 0:-1 0:0 0:1 0:2 1:-2 1:-1 1:0
W6/NS-058,14055,-31101,-2:1 -1:-2 0:-1 0:0 1:-1 1:0 1:1 2:0
W6/NS-059,14248,-31135,-1:0 0:-1 0:0 0:1
W6/NS-061,14415,-31224,-3:-2 -2:-1 -1:-1 0:-1 0:0 2:-1
W6/NS-062,14338,-31247,-1:0 0:0 1:0
W6/NS-063,14249,-31188,-1:0 -1:1 -1:2 0:-1 0:0
W6/NS-064,14240,-31181,-2:1 -1:1 0:0
W6/NS-065,14347,-31217,0:0
W6/NS-066,14297,-31207,0:0
W6/NS-067,14387,-31292,-1:0 0:0
W6/NS-068,14407,-31290,0:0
W6/NS-070,14243,-31202,-3:-2 0:0
W6/NS-073,14306,-31249,0:-1 0:0 0:1 0:2 1:-1 1:0 2:0
W6/NS-075,14020,-31107,-3:-1 -1:0 0:0
W6/NS-076,14319,-31266,-2:3 0:-1 0:0 1:0
W6/NS-077,14251,-31199,0:-1 0:0
W6/NS-078,14257,-31203,0:0 1:0
W6/NS-079,14258,-31212,-1:-1 -1:0 0:0 0:1 1:0 2:1 3:1
W6/NS-081,14288,-31208,-4:1 -1:0 0:-2 0:0 1:-1 2:-1
W6/NS-083,14110,-31151,0:0
W6/NS-085,14165,-31208,0:-1 0:0
W6/NS-087,14348,-31264,-2:2 -2:3 -1:-1 -1:0 -1:1 -1:2 0:-1 0:0 1:0 2:0
W6/NS-088,14263,-31218,-1:-2 -1:0 -1:1 0:-1 0:0 0:1
W6/NS-089,14056,-31113,0:0 1:1 5:-1 5:0 5:1
W6/NS-091,14223,-31217,-1:3 0:0 0:1 0:3
W6/NS-092,14361,-31241,0:-1 0:0 1:-1 2:-3 3:-3
W6/NS-093,14250,-31222,-2:-4 -1:-4 0:-3 0:-1 0:0 1:-3 3:2
W6/NS-094,14401,-31299,0:0
W6/NS-096,14318,-31224,-1:1 0:0 0:1 1:0
W6/NS-097,14130,-31165,-1:-1 -1:4 0:0 1:0 2:-4 2:-3 3:-3 3:-2 4:-2 4:-1
W6/NS-099,14239,-31169,0:-1 0:0 2:-4
W6/NS-101,14175,-31211,-1:-1 0:0 1:0
W6/NS-102,14311,-31233,-1:-1 -1:0 0:0
W6/NS-103,14273,-31275,-1:0 0:0
W6/NS-104,14240,-31194,-1:0 0:0
W6/NS-108,14382,-31277,-1:0 -1:3 0:-1 0:0
W6/NS-110,14029,-31098,-4:-1 -4:0 -4:2 -3:-1 -2:4 0:0 1:1 2:2 2:3 3:2 4:1 5:0 5:1
W6/NS-111,14604,-31346,0:0 0:1 1:0 1:1 2:0 2:1 3:0 3:1
W6/NS-112,14038,-31103,0:0 1:0
W6/NS-114,14309,-31224,0:0
W6/NS-115,14517,-31325,0:-2 0:0 1:-4 1:-2
W6/NS-117,14111,-31181,-4:-2 -1:0 0:0 0:1 1:1 1:2 2:2 3:3
W6/NS-118,14084,-31164,-1:1 0:0 0:1 1:1 1:2 2:2 2:3 3:3
W6/NS-119,14058,-31148,-2:-2 -1:-4 -1:-3 -1:-2 -1:-1 0:-2 0:-1 0:0 1:-1 1:0 4:1
W6/NS-120,14269,-31153,-2:1 -1:-1 -1:0 0:-1 0:0 1:-2
W6/NS-121,14535,-31325,0:0 0:1 1:0
W6/NS-123,14598,-31336,-1:2 -1:3 0:0 0:1 0:3
W6/NS-126,14220,-31228,-1:-1 0:0 1:0
W6/NS-127,14391,-31270,-1:0 -1:1 0:-1 0:0 1:-1 1:0
W6/NS-128,14486,-31311,0:-1 0:0
W6/NS-129,14193,-31093,-2:0 -1:-1 -1:0 -1:1 0:-1 0:0 0:1 1:-1 1:0 1:1 2:0
W6/NS-132,14667,-31278,-4:1 -4:2 -3:1 -2:-2 -2:-1 -2:0 -2:1 -1:-2 -1:-1 -1:0 -1:1 0:-2 0:-1 0:0 0:1 1:0
W6/NS-133,14469,-31302,-2:1 -1:0 0:0 1:0
W6/NS-135,14419,-31280,-1:-1 0:-1 0:0
W6/NS-136,14314,-31211,-2:-3 -1:-1 0:-1 0:0
W6/NS-137,14043,-31112,-5:-2 -5:-1 -4:-3 -4:-2 -3:-4 -3:-3 -3:3 -2:3 -1:0 -1:3 -1:4 0:0 2:-3 2:-2
W6/NS-138,14533,-31287,-1:-1 -1:0 0:-1 0:0 0:1 1:0 1:2 1:3 2:0
W6/NS-139,14664,-31419,0:0
W6/NS-140,14088,-31167,0:0 1:1 4:-2 4:-1 5:0
W6/NS-142,14505,-31338,-4:1 -3:1 -2:1 -1:0 0:0
W6/NS-143,14254,-31264,-2:-1 -1:-1 -1:0 -1:1 0:-1 0:0 0:1 0:2 1:0
W6/NS-144,14099,-31187,-1:0 0:0 0:1 1:0 1:1 2:1 3:0
W6/NS-145,14301,-31196,-1:-4 -1:0 0:0 1:0 1:1
W6/NS-146,14619,-31261,-1:0 0:-1 0:0 1:0 3:-2 3:-1 4:-2 4:-1
W6/NS-147,14525,-31289,0:-1 0:0 0:1 0:2 0:3 1:0 1:1
W6/NS-148,14073,-31173,-4:-1 -2:0 -1:-2 -1:-1 -1:0 -1:1 0:-1 0:0 0:1 1:0 1:1 2:0 2:1 2:2 3:1 3:2
W6/NS-149,14551,-31336,-1:0 -1:1 0:0 0:1 3:3
W6/NS-151,14609,-31394,-1:1 0:0
W6/NS-153,14502,-31309,-1:1 0:0 0:1 1:-1 1:1 1:2 2:2
W6/NS-154,14449,-31304,-1:0 0:-1 0:0 1:0
W6/NS-155,14580,-31354,0:-1 0:0 1:0 1:1 1:3
W6/NS-156,14604,-31369,-2:0 -1:0 0:-2 0:-1 0:0 1:-2 1:-1 1:0 1:1 2:-3
W6/NS-158,14781,-31276,-1:-1 0:-1 0:0
W6/NS-160,14644,-31299,0:-3 0:-2 0:-1 0:0 0:1 1:-1 1:0 1:1 1:2
W6/NS-162,14689,-31394,0:-1 0:0 1:0 2:-4
W6/NS-163,14622,-31367,-1:1 0:0 0:1 0:2 1:0 1:2
W6/NS-165,14203,-31116,0:-1 0:0 0:1 1:0 1:1 2:0
W6/NS-167,14704,-31288,-1:1 -1:2 -1:3 0:0 0:1 0:3 1:-1 1:0 2:-1
W6/NS-169,14650,-31300,0:-2 0:-1 0:0 0:1 1:0 1:1 2:0 2:1
W6/NS-170,14590,-31396,0:-1 0:0 1:1 1:2 2:2 2:3 3:3
W6/NS-171,14533,-31371,-1:1 -1:2 0:-1 0:0 0:1 1:-1 1:0 2:-1
W6/NS-173,14129,-31230,-2:0 -1:-1 -1:0 -1:1 0:-3 0:-1 0:0 0:1 1:-1 1:0
W6/NS-174,14112,-31218,-4:-2 -2:-1 -1:0 0:0 0:1 1:3
W6/NS-175,14463,-31341,-2:-1 -1:0 -1:1 0:-3 0:-2 0:-1 0:0 1:-1
W6/NS-176,14895,-31611,-3:0 -3:1 -3:2 -2:0 -1:0 0:-1 0:0 1:-1
W6/NS-178,14210,-31250,-1:0 0:-1 0:0 0:1 1:-1 1:0 1:1 2:1 2:2 2:3 3:3
W6/NS-179,14569,-31390,0:-1 0:0 1:0 2:-1 2:0
W6/NS-180,14869,-31438,-3:-2 -3:-1 -2:-2 -2:-1 -1:-1 -1:0 -1:1 0:-1 0:0
W6/NS-181,14572,-31324,-2:0 -2:1 -1:0 -1:1 -1:2 0:0 0:1 1:-1 1:0 2:-2 2:-1 3:-2 4:-1 4:0 4:2 5:1
W6/NS-182,14706,-31430,0:0 1:0 2:0 3:0
W6/NS-183,14911,-31396,-1:1 0:0 0:1 1:-1
W6/NS-184,14581,-31386,0:-1 0:0 4:-1 5:-1
W6/NS-185,14813,-31453,-4:0 -4:1 -3:1 -3:2 -2:0 -2:1 -1:0 -1:1 0:-1 0:0 0:2 1:-1 2:-2
W6/NS-187,14046,-31182,0:0 1:0 2:0
W6/NS-188,14458,-31332,-2:-4 0:0
W6/NS-189,14539,-31273,-2:-3 -2:-2 -2:-1 -2:0 -1:-2 -1:-1 -1:0 0:-2 0:-1 0:0 1:-3 1:-2 1:-1 1:0 2:-3
W6/NS-191,14930,-31431,-1:-1 -1:0 0:-2 0:-1 0:0 1:0
W6/NS-193,14595,-31317,-3:2 -2:1 -2:2 -1:-2 -1:-1 -1:0 -1:1 -1:2 0:-3 0:-2 0:-1 0:0 0:1 1:-3 1:-2 1:-1 1:0 1:1 2:-3 2:-1
W6/NS-194,14714,-31473,0:0 1:0 1:1
W6/NS-195,14587,-31410,-1:0 -1:2 0:0 0:1 1:0 1:1 2:1
W6/NS-196,14820,-31459,-1:0 0:-1 0:0 1:-2 1:-1 1:1
W6/NS-197,14549,-31365,-1:0 0:0
W6/NS-198,14765,-31389,0:0 0:1 1:0
W6/NS-201,14922,-31467,-2:-1 -1:-1 -1:0 0:-1 0:0 1:-1 2:-2
W6/NS-202,14767,-31331,-2:4 0:0 2:-4 2:-3 3:-3
W6/NS-204,14554,-31354,-2:2 -1:-1 0:-1 0:0 0:1 1:-1 1:0
W6/NS-368,14098,-31083,0:0 4:1
W6/NS-369,14095,-31085,0:0 4:1
W6/NS-370,14235,-31157,0:-1 0:0
W6/NS-371,14162,-31172,-2:2 -1:0 0:0
W6/NS-372,14188,-31170,-4:2 -3:2 -2:4 -1:-1 -1:4 0:0 0:4
W6/NS-375,14345,-31246,0:-1 0:0 1:-1 1:0
W6/NS-376,14215,-31184,0:0 0:1 1:0
W6/NS-377,14394,-31296,-3:1 -1:0 0:0
W6/NS-382,14354,-31225,-1:1 0:0
W6/NS-386,14116,-31197,-2:-1 -1:0 0:0 0:1 0:2 0:3 1:-3
W6/NS-388,14107,-31208,-4:-1 -3:-2 -3:-1 -3:0 -3:1 -3:2 -2:-2 -2:-1 -2:0 -2:1 -2:2 -1:-3 -1:-2 -1:-1 -1:0 -1:1 -1:2 0:-1 0:0 0:1 0:2 1:0 1:1 1:2 1:3 2:2 2:3 4:2
W6/NS-389,14582,-31362,-1:0 0:-1 0:0 0:1 0:2
W6/NW-001,15185,-32044,0:-1 0:0
W6/NW-002,15169,-32046,-1:0 0:0
W6/NW-003,15186,-32041,0:-1 0:0
W6/NW-004,15174,-32032,0:0
W6/NW-005,15196,-32021,0:0
W6/NW-006,15325,-31921,0:0 1:2 3:1 3:2
W6/NW-007,15164,-31999,0:-3 0:0
W6/NW-008,15399,-32056,-4:-2 -3:-2 -3:-1 -2:0 -1:0 0:0
W6/NW-009,15187,-32019,0:0
W6/NW-011,15318,-31925,0:0 0:1 0:2
W6/NW-013,15289,-32019,0:0
W6/NW-015,15164,-32006,-2:2 0:0 1:0
W6/NW-016,15170,-32000,0:-1 0:0 0:1 1:3
W6/NW-017,15281,-31975,0:0 1:0
W6/NW-018,14828,-31994,-1:0 0:0 0:1 1:-2
W6/NW-021,15188,-32009,0:0 0:1
W6/NW-022,15160,-32032,0:0 0:1
W6/NW-027,15152,-32005,-1:0 0:0 1:3 1:4 2:4
W6/NW-030,15218,-32024,0:0 1:0 2:0
W6/NW-034,14890,-32034,0:-1 0:0
W6/NW-035,15260,-31980,0:-1 0:0
W6/NW-036,15122,-32026,0:0 1:0 2:0
W6/NW-038,15307,-31929,-2:2 -1:1 0:0
W6/NW-043,15298,-32014,-1:-4 0:0
W6/NW-047,15195,-31979,-1:0 0:0
W6/NW-048,14822,-32020,-3:1 -2:0 -2:1 -2:3 -1:0 0:0
W6/NW-050,15157,-32090,-2:1 -1:0 0:0 1:1
W6/NW-051,15328,-32020,0:0 1:0 2:0
W6/NW-396,15196,-32005,0:0 1:0
W6/SC-001,12900,-31043,-2:0 -1:-1 -1:0 0:-2 0:-1 0:0 1:-2 1:-1 1:0 1:1
W6/SD-001,13058,-30029,0:0 1:-1 2:0
W6/SD-436,12616,-30437,-2:-3 -1:-3 0:0
W6/SN-001,13547,-30806,0:-1 0:0
W6/SN-002,13576,-30811,0:0 0:1
W6/SN-003,13527,-30792,-1:-2 -1:-1 -1:0 0:0
W6/SN-004,13576,-30818,0:0
W6/SN-005,13566,-30813,-1:-1 0:0
W6/SN-006,13803,-30905,0:0
W6/SN-007,13594,-30833,-3:1 -2:0 0:0
W6/SN-008,13765,-30905,0:0
W6/SN-009,13741,-30867,-1:2 0:0
W6/SN-010,13535,-30864,0:0
W6/SN-011,13768,-30907,0:0
W6/SN-012,13756,-30889,-1:0 -1:1 0:-1 0:0
W6/SN-013,13824,-30932,0:0
W6/SN-014,13793,-30900,0:0 1:-2
W6/SN-015,13959,-31042,-1:1 0:0
W6/SN-016,13977,-31061,0:0 0:1
W6/SN-017,13818,-30929,0:0
W6/SN-018,13749,-30878,-3:0 0:-2 0:0 0:1
W6/SN-019,13818,-30947,0:0
W6/SN-020,14036,-31048,0:0 1:0
W6/SN-021,13961,-31041,0:0
W6/SN-022,13636,-30845,0:0
W6/SN-023,13625,-30820,0:-1 0:0 0:1 2:-4 2:-3
W6/SN-024,14061,-31074,-1:2 0:0 0:1 0:2
W6/SN-025,13717,-30833,-2:-4 -2:-3 -2:-2 -1:0 0:0
W6/SN-027,14108,-31090,0:0
W6/SN-028,14067,-31072,0:0
W6/SN-029,13431,-30760,0:0 1:0 2:0
W6/SN-030,14180,-31160,-1:0 -1:1 0:-2 0:-1 0:0
W6/SN-031,13447,-30805,0:0
W6/SN-032,14205,-31156,-1:1 0:0 0:1
W6/SN-033,13937,-30999,-2:1 -1:0 -1:1 0:0 1:-1
W6/SN-034,14391,-31224,0:-1 0:0 0:1 2:3
W6/SN-035,14267,-31195,-1:4 0:-1 0:0 1:-2 1:-1
W6/SN-036,14409,-31276,-1:0 0:-1 0:0
W6/SN-037,13283,-30824,-1:0 0:0 1:0 3:-3
W6/SN-038,14579,-31341,0:0 1:-1
W6/SN-039,14327,-31149,-1:0 0:-1 0:0
W6/SN-040,13980,-31129,-1:0 0:0
W6/SN-041,13130,-30882,-1:0 0:0 0:1
W6/SN-050,13742,-30867,0:0 2:-1
W6/SN-051,13958,-31042,0:0
W6/SN-052,13130,-30883,-1:0 0:-2 0:-1 0:0 1:-2 1:-1 1:0 2:-1 2:0
W6/SS-001,13738,-30864,0:0
W6/SS-002,13551,-30805,0:0
W6/SS-003,13711,-30840,0:0
W6/SS-004,13729,-30852,0:0
W6/SS-005,13592,-30819,0:0
W6/SS-006,13571,-30812,0:0 4:1
W6/SS-007,13533,-30795,0:0
W6/SS-008,13745,-30868,0:0
W6/SS-009,13589,-30825,-1:0 0:0
W6/SS-010,13588,-30831,0:0 3:0 3:3
W6/SS-011,13528,-30854,-1:0 0:-1 0:0 1:-1
W6/SS-012,13853,-30920,0:0 1:-1
W6/SS-013,13843,-30939,0:0
W6/SS-014,13839,-30929,0:0
W6/SS-015,13533,-30861,0:0
W6/SS-016,13846,-30934,-1:1 0:0
W6/SS-017,13571,-30856,0:0 1:0 3:1
W6/SS-018,13530,-30858,0:0 2:-3
W6/SS-019,13829,-30901,0:0
W6/SS-020,13568,-30856,0:0
W6/SS-021,13577,-30853,-2:-1 -1:-1 -1:0 0:0
W6/SS-022,13591,-30838,0:0
W6/SS-023,13726,-30839,0:0 1:0
W6/SS-024,13610,-30824,0:0
W6/SS-025,13726,-30843,-1:0 0:0
W6/SS-026,13595,-30856,0:0
W6/SS-027,13742,-30917,0:0
W6/SS-028,13557,-30803,0:0 1:0
W6/SS-029,13733,-30857,-2:3 0:0
W6/SS-030,13581,-30854,0:0
W6/SS-031,13566,-30853,-1:0 0:-1 0:0 1:-4
W6/SS-032,13756,-30868,-1:0 0:0
W6/SS-033,13754,-30904,0:0
W6/SS-034,13684,-30835,-1:-1 0:0
W6/SS-035,13551,-30812,-3:4 0:0 0:4 1:4 2:4
W6/SS-036,13720,-30844,-3:1 -2:0 -1:0 0:0 4:1
W6/SS-037,13528,-30805,0:-1 0:0
W6/SS-038,13776,-30905,-1:-1 -1:0 0:0 3:-2 4:-2
W6/SS-039,13533,-30806,0:0
W6/SS-040,13703,-30837,0:0
W6/SS-041,13538,-30862,-3:0 0:0
W6/SS-042,13837,-30945,-1:0 0:0
W6/SS-043,13730,-30846,-4:2 -1:0 0:0
W6/SS-044,13586,-30847,0:0
W6/SS-045,13741,-30899,0:0
W6/SS-046,13598,-30857,0:-1 0:0 1:0
W6/SS-047,13821,-30930,0:0
W6/SS-048,13751,-30870,-4:2 -1:2 0:0
W6/SS-049,13632,-30828,0:0 1:0
W6/SS-050,13530,-30848,0:-1 0:0 1:0 2:1
W6/SS-051,13730,-30897,0:0
W6/SS-052,13597,-30836,-2:3 -1:2 -1:3 0:-1 0:0
W6/SS-053,13603,-30818,-1:0 0:0
W6/SS-054,13780,-30912,-1:-1 0:-4 0:-3 0:-1 0:0
W6/SS-055,13769,-30903,-3:-2 0:0 5:-1
W6/SS-056,13590,-30856,0:0 0:1 1:1 2:1
W6/SS-057,13562,-30851,-1:0 0:-1 0:0 1:0 2:-2 3:-3 5:-1
W6/SS-058,13652,-30827,0:0
W6/SS-059,13891,-30956,0:0
W6/SS-060,13652,-30824,-2:0 -1:0 0:-1 0:0
W6/SS-061,13639,-30831,0:0 0:1
W6/SS-062,13734,-30844,0:0
W6/SS-063,13735,-30904,0:0 3:4
W6/SS-064,13743,-30905,0:-1 0:0
W6/SS-065,13858,-30911,0:0
W6/SS-066,13622,-30828,0:-1 0:0 1:-1 2:0 4:0
W6/SS-067,14004,-31044,0:0 0:1 1:-1 1:2
W6/SS-068,13893,-30933,-1:-3 -1:0 0:0
W6/SS-069,13703,-30853,0:0 2:-4
W6/SS-071,13972,-31057,0:0
W6/SS-072,13731,-30910,-2:1 -1:0 0:0
W6/SS-074,13677,-30857,-2:-1 0:0
W6/SS-075,13678,-30844,0:0
W6/SS-077,13533,-30815,-4:2 -3:3 -2:3 -1:0 -1:1 -1:2 0:-2 0:-1 0:0
W6/SS-078,13755,-30922,0:0
W6/SS-081,13695,-30853,0:0 5:0
W6/SS-082,13631,-30849,0:0
W6/SS-083,13642,-30846,0:0
W6/SS-084,13813,-30943,0:0
W6/SS-085,13509,-30791,0:-1 0:0 1:-2
W6/SS-086,13603,-30859,-5:-1 0:0
W6/SS-087,13624,-30833,0:0
W6/SS-088,13674,-30839,0:0
W6/SS-089,13751,-30882,0:0 1:-4 2:-3 3:-3
W6/SS-090,14005,-31038,-1:0 -1:1 -1:2 0:0 0:1
W6/SS-091,13745,-30853,-1:-1 0:-1 0:0
W6/SS-093,13862,-30929,-2:-3 -1:-3 0:-3 0:0
W6/SS-095,13881,-30953,0:0
W6/SS-096,13845,-30953,0:0 0:1
W6/SS-097,13688,-30838,-4:2 -3:2 -3:3 -2:2 -2:3 -1:1 -1:2 0:-1 0:0 1:3 3:2
W6/SS-099,13669,-30850,0:0 2:0
W6/SS-100,13720,-30894,0:0 3:1
W6/SS-101,14028,-31045,0:-1 0:0 3:3
W6/SS-102,13693,-30830,-2:-4 -1:-4 0:0 0:1
W6/SS-103,13554,-30845,-1:0 0:-1 0:0
W6/SS-104,13845,-30925,-3:-2 -2:0 -1:0 0:0
W6/SS-105,13687,-30866,-2:-2 0:0
W6/SS-108,13786,-30902,-1:-4 0:0 1:0
W6/SS-109,13590,-30861,0:0
W6/SS-111,13678,-30872,0:0 3:-1
W6/SS-113,13900,-30951,0:0
W6/SS-114,13732,-30877,0:0
W6/SS-115,13733,-30922,-4:1 0:0
W6/SS-120,13825,-30927,0:0
W6/SS-121,13977,-31072,0:-1 0:0
W6/SS-122,13911,-30966,0:0
W6/SS-123,13764,-30929,0:0 1:0
W6/SS-124,13501,-30870,0:0
W6/SS-125,13885,-30933,-4:-2 -2:-3 -1:-4 -1:-3 -1:0 0:-4 0:-3 0:0 1:-3 2:-3 2:-2 3:-2
W6/SS-126,13826,-30929,-4:-2 -4:-1 -3:-3 -3:-2 -1:-3 0:-4 0:0 1:-4 1:-3 1:-2
W6/SS-127,13882,-30945,-3:2 0:0
W6/SS-128,13669,-30825,-1:-1 -1:0 0:-1 0:0 1:-1
W6/SS-130,13483,-30873,0:0
W6/SS-131,13717,-30889,-1:-2 0:0 1:-1
W6/SS-132,13615,-30827,-4:1 -2:1 0:0 1:0 5:-1
W6/SS-133,13714,-30920,0:0
W6/SS-134,13877,-30932,-4:2 -1:0 0:0
W6/SS-135,13549,-30871,0:0 3:3 4:-1
W6/SS-136,13562,-30875,0:0
W6/SS-137,13668,-30831,-1:0 0:0 0:4
W6/SS-139,13712,-30866,-2:-2 0:0
W6/SS-140,13812,-30963,-1:-1 -1:0 0:0
W6/SS-142,13501,-30874,0:0
W6/SS-146,14015,-31039,-1:0 0:-1 0:0 1:-1
W6/SS-148,13968,-31047,-2:0 -1:0 -1:1 0:0
W6/SS-149,13522,-30824,0:0
W6/SS-150,13806,-30953,0:0
W6/SS-151,13526,-30876,0:0
W6/SS-152,13948,-31035,0:-1 0:0
W6/SS-156,13804,-30927,0:0 1:4
W6/SS-157,13992,-31047,-2:-4 0:0
W6/SS-160,13876,-30966,0:0
W6/SS-162,13655,-30879,0:0
W6/SS-163,13771,-30945,0:0
W6/SS-165,13517,-30878,-2:4 0:0 1:0
W6/SS-166,13717,-30868,-4:1 -3:0 0:0
W6/SS-168,13991,-31070,-3:2 -1:0 0:-1 0:0 1:-1
W6/SS-176,13509,-30821,-1:0 0:0
W6/SS-178,13711,-30909,0:0
W6/SS-180,13480,-30881,-2:-1 0:0 1:0
W6/SS-183,13702,-30909,-1:0 0:-1 0:0 2:-1
W6/SS-184,13877,-30996,0:0 1:1 4:-1
W6/SS-185,13618,-30844,0:0 1:0 1:1
W6/SS-186,13918,-30962,-4:-2 0:0
W6/SS-188,13889,-30908,0:0 1:-1 1:0 1:1 2:-1 3:-1
W6/SS-189,13938,-31093,0:0
W6/SS-190,13566,-30868,0:0
W6/SS-192,13945,-31097,0:0
W6/SS-193,13951,-31039,-4:2 -3:2 -2:2 0:0 3:-3 4:-2 5:-1
W6/SS-194,13491,-30779,0:-1 0:0 0:1
W6/SS-195,13560,-30887,-1:0 0:0
W6/SS-196,13649,-30894,-4:2 0:0 1:0 3:-2
W6/SS-197,13937,-31086,0:0 1:-1
W6/SS-198,13969,-31018,-2:2 0:0 0:1 1:0 1:1
W6/SS-199,13953,-31099,-3:1 0:-1 0:0
W6/SS-201,13961,-31102,0:0
W6/SS-203,13709,-30927,-4:-1 -3:-1 -2:-1 0:0 1:0 2:2 4:1 5:0
W6/SS-204,13991,-31081,0:0 1:0
W6/SS-205,13952,-31032,0:0
W6/SS-207,13897,-30921,-3:1 -2:0 -2:1 -1:0 0:0 1:0
W6/SS-209,13658,-30904,0:0 1:0
W6/SS-210,13488,-30817,0:0 1:1
W6/SS-212,13554,-30900,-2:-1 -1:2 0:0 1:1
W6/SS-215,13610,-30878,0:0
W6/SS-216,13954,-31028,-3:-2 -2:-3 0:0 0:1 0:2
W6/SS-217,13571,-30911,-3:0 -2:1 -1:1 0:0
W6/SS-218,13780,-30842,0:0 1:-1
W6/SS-219,14012,-31093,0:-2 0:0 1:0
W6/SS-220,13895,-30975,-1:-1 -1:0 0:-1 0:0 0:4 2:1 3:1 4:1 4:2
W6/SS-221,13930,-31033,-1:0 0:0
W6/SS-222,13771,-30953,-2:4 -1:0 -1:3 -1:4 0:0 0:3 0:4 1:3
W6/SS-225,13939,-31040,0:0
W6/SS-226,13771,-30843,0:0 1:0
W6/SS-227,13481,-30762,0:0 1:-1
W6/SS-229,13782,-30969,-2:1 -2:2 -2:4 0:0
W6/SS-230,14017,-31096,0:0
W6/SS-233,13641,-30886,0:0 1:0
W6/SS-235,13914,-31091,-1:0 0:0 1:1
W6/SS-236,13699,-30954,-1:-1 0:-1 0:0
W6/SS-237,13807,-31004,-3:3 -2:0 -2:1 -2:2 -2:3 -1:-2 -1:-1 -1:0 0:0
W6/SS-238,13718,-30950,-1:1 0:0 0:1
W6/SS-239,14011,-31100,-1:0 0:-1 0:0 0:4 1:-1
W6/SS-240,13755,-31006,0:0 1:0
W6/SS-241,13693,-30919,-1:0 0:-1 0:0 1:0
W6/SS-242,13902,-31088,0:0 1:0 2:0
W6/SS-243,13604,-30916,0:-1 0:0 1:0
W6/SS-244,13736,-30994,0:-1 0:0
W6/SS-245,13812,-31038,-1:1 0:-1 0:0 1:0 2:1
W6/SS-247,13435,-30896,0:0 1:1 5:1
W6/SS-248,13457,-30827,-1:1 0:0 0:1 1:1 2:1
W6/SS-251,13670,-30962,-2:3 -1:1 0:0 2:-1
W6/SS-252,13972,-31002,-1:0 0:-2 0:-1 0:0 0:1 1:0 1:1 2:0 2:1 3:1 3:2 4:1 4:2
W6/SS-253,13582,-30921,-2:4 0:0 0:1 1:-1 1:0 2:-1 3:-1 4:-1 5:-1 5:0
W6/SS-254,13429,-30777,-1:1 0:0 0:1 1:0 1:1 2:1
W6/SS-256,13449,-30783,0:-1 0:0 1:-1 1:0
W6/SS-257,13988,-31118,-1:0 0:0
W6/SS-258,13337,-30831,-1:-1 0:-1 0:0 1:-1
W6/SS-260,13776,-31020,0:0
W6/SS-261,13929,-31109,-3:-2 -2:-1 -2:0 -1:0 0:0 1:0 1:1 2:2
W6/SS-262,13403,-30749,0:0 1:0
W6/SS-263,13647,-30928,0:0
W6/SS-264,13878,-31018,0:-1 0:0 1:0
W6/SS-265,13771,-31003,-1:-1 0:0
W6/SS-266,13354,-30827,0:-1 0:0 1:-1 1:0
W6/SS-267,14026,-31095,-5:-1 -5:0 -4:-3 -4:1 -4:2 0:0
W6/SS-268,13742,-30969,-3:1 -2:-1 -2:0 -2:1 -2:2 -1:-1 -1:0 -1:1 0:-2 0:-1 0:0 0:1 1:-1 1:1 2:-1
W6/SS-270,13602,-30924,0:0 1:-1 1:0 2:0
W6/SS-272,13399,-30802,-4:0 -3:-1 -3:0 -2:-1 -2:0 -1:0 0:-1 0:0 0:1 1:-1 1:0
W6/SS-273,13699,-30969,-1:-2 0:-2 0:-1 0:0 1:-3 1:0 1:1 1:2 2:0 2:1 2:2
W6/SS-274,13380,-30788,-2:-1 0:0 1:0
W6/SS-275,13376,-30769,-4:-1 -1:0 0:0
W6/SS-276,14001,-31016,-2:-1 0:0
W6/SS-278,13684,-30934,0:0 3:1 4:1
W6/SS-279,13643,-30936,0:0 1:-1
W6/SS-280,13672,-30813,-1:-4 0:-4 0:0 1:0
W6/SS-282,13388,-30762,-1:0 0:0 1:0 1:1
W6/SS-283,13409,-30781,-1:0 0:0 0:1
W6/SS-284,13950,-30990,-3:-3 -1:-1 -1:0 -1:1 0:-1 0:0
W6/SS-285,13340,-30796,0:0 0:1 1:-3 1:-2 1:-1 1:0 1:2
W6/SS-286,13510,-30911,-1:-1 -1:0 -1:1 0:0 0:1
W6/SS-288,13436,-30907,-2:0 -1:0 0:0
W6/SS-289,13364,-30880,-5:-1 -1:0 -1:1 0:0 1:0
W6/SS-290,13384,-30784,0:0
W6/SS-291,13473,-30909,-3:3 -2:1 -1:0 -1:1 0:0 0:1 1:1 1:2 2:2 3:2
W6/SS-296,13964,-31125,-1:0 0:0
W6/SS-299,13549,-30916,0:-1 0:0 0:1
W6/SS-300,13895,-31107,-2:1 -1:0 -1:1 0:0 0:1 1:-1 1:0 2:-1
W6/SS-301,13842,-31037,0:0 0:1 1:0 1:1 2:1
W6/SS-302,13475,-30922,0:0 0:2 1:-1 1:0 1:2
W6/SS-304,13631,-30875,0:0 3:-1 4:-1
W6/SS-305,13280,-30809,0:0 0:1
W6/SS-306,13962,-30993,-1:-1 -1:0 0:-1 0:0
W6/SS-310,13451,-30924,-1:0 0:0
W6/SS-311,13395,-30866,0:-1 0:0 0:1 1:0 1:1 1:2
W6/SS-312,13415,-30830,-1:-1 0:0 1:-1
W6/SS-313,13993,-31134,-2:0 -1:0 0:-1 0:0 0:1
W6/SS-314,13606,-30954,-2:0 -2:3 -2:4 -1:1 -1:2 -1:3 -1:4 0:0 0:1 0:2
W6/SS-316,13986,-31154,-3:1 -2:-1 -2:0 -2:1 -1:-1 -1:0 -1:1 0:-2 0:0 0:1 1:-4 1:0 1:1 2:0 2:1 3:-3
W6/SS-317,13129,-30831,-2:1 -1:1 0:-1 0:0 0:1 0:2 1:-1 1:1 1:2
W6/SS-318,13236,-30729,0:0
W6/SS-320,14044,-31020,-1:-1 -1:0 0:0
W6/SS-321,13296,-30789,0:0
W6/SS-322,13849,-31113,-3:2 -1:-1 -1:0 0:-2 0:-1 0:0 1:1 1:2 1:3 2:3
W6/SS-323,13833,-31102,0:0 0:1 0:2
W6/SS-324,13280,-30831,-3:4 -2:4 -1:1 -1:4 0:0 0:1 0:4 1:3 1:4 2:3 2:4 3:3 4:1 4:2
W6/SS-326,13343,-30887,-1:0 0:0 0:1 1:0 1:1 2:0 2:1 3:2
W6/SS-327,13253,-30819,0:0 1:-1 1:0
W6/SS-328,13341,-30779,-1:0 -1:1 0:0 0:1 0:2
W6/SS-329,13252,-30882,0:-1 0:0 1:0
W6/SS-330,13277,-30879,0:0 0:1 1:0 1:1 2:1
W6/SS-331,13377,-30861,-3:3 -2:1 -2:3 -1:-1 -1:1 0:-3 0:-2 0:0 0:1 1:-4 1:-3 2:-4
W6/SS-332,13962,-31141,-1:-1 -1:0 -1:1 0:-4 0:0 0:1 1:0 1:1 1:2 2:-1 2:0 2:1 3:1 4:1
W6/SS-334,13582,-30959,-4:-1 -4:0 -3:0 -2:0 -1:-1 -1:0 0:0 1:0
W6/SS-335,13694,-31005,-5:0 -5:1 -4:0 -4:1 -3:-1 -3:0 -3:1 -2:-1 -2:0 -2:1 -1:0 -1:1 -1:2 0:-1 0:0 0:1 0:2 1:-1 1:0 1:1 1:2 1:3 1:4 2:-1 2:0 2:1 2:2 2:3 3:-1 3:0 3:1 3:2 3:3 4:2
W6/SS-338,13816,-30981,-4:1 -3:1 -2:0 -1:0 0:0
W6/SS-339,13817,-30883,-5:-1 -4:-1 0:0
W6/SS-342,13267,-30729,0:0
W6/SS-344,13603,-30901,-4:1 -2:-4 -1:-4 0:-4 0:0 1:-4 2:-4 3:-4 3:-3 4:-3 4:-2 4:-1 4:0 5:-2 5:-1 5:0 5:1
W6/SS-345,13283,-30741,-1:1 0:-1 0:0 0:1
W6/SS-346,13281,-30865,-3:0 0:-1 0:0
W6/SS-347,13225,-30728,0:0 1:0 2:0
W6/SS-349,13827,-31094,0:-1 0:0 1:-2
W6/SS-351,13248,-30730,-2:1 -1:0 0:0 2:-1
W6/SS-352,13882,-31059,-3:1 -2:1 -1:0 0:0
W6/SS-354,13608,-30976,-4:1 -3:1 -1:0 0:0 1:0 2:0
W6/SS-355,13398,-30849,0:0 1:0
W6/SS-356,13117,-30805,-3:1 -2:1 -1:0 0:0 1:-1 1:0 2:0
W6/SS-357,13323,-30898,0:-1 0:0 1:-1 2:3
W6/SS-358,13261,-30735,0:0
W6/SS-359,13310,-30783,0:0
W6/SS-360,13286,-30725,-2:0 -1:0 0:0
W6/SS-361,13110,-30812,0:-1 0:0 0:1 1:-1
W6/SS-573,13537,-30802,-1:4 0:0 2:-3 2:-2 2:4
W6/SS-574,13565,-30811,-1:-3 0:0 0:1
W6/SS-575,13759,-30902,0:0
W6/SS-576,13559,-30807,-3:2 -2:1 0:0 4:-3
W6/SS-577,13751,-30905,0:-1 0:0 2:1 2:2 2:3 3:2 3:3 4:1
W6/SS-578,13690,-30835,-3:0 -2:0 0:0 1:0
W6/SS-579,13642,-30831,0:0
W6/SS-580,13587,-30854,-4:-1 -4:0 -3:0 -2:1 0:-1 0:0 2:-2
W6/SS-581,13582,-30817,-1:0 -1:1 0:0
W6/SS-584,13736,-30871,0:0 2:4
W6/SS-589,13877,-30961,0:-1 0:0
W6/SS-595,13936,-31075,-1:-1 0:0 1:-1 2:0
W6/SS-598,13874,-31001,-4:1 -4:2 -3:1 -3:2 0:0 0:4
W6/SS-599,13478,-30776,0:0 1:-1 1:0
W6/SS-600,13453,-30756,-3:-3 -2:-4 -2:-2 -1:-4 -1:-3 -1:-2 0:-2 0:-1 0:0 1:-3 1:-2 1:-1 1:0 2:-2 2:-1 2:0 2:1 3:-2 3:-1 3:0 3:1 4:-2 4:0
W6/SS-603,13932,-31130,-2:0 -2:1 -2:2 -1:-2 -1:-1 -1:0 -1:1 -1:2 0:-2 0:-1 0:0
W6/SS-604,13888,-31023,-1:1 0:-1 0:0 0:1
W6/SS-605,13356,-30754,-1:4 0:0 0:1 0:4 1:0 1:1
W6/SS-610,13517,-30913,-5:2 -1:0 0:0 0:1
W6/SS-612,13428,-30854,-1:0 0:0 0:1 2:4 3:3 4:2
W6/SS-613,13915,-31055,-2:1 -1:0 -1:1 0:-2 0:-1 0:0 0:1 1:-2 1:-1 1:0
W6/SS-615,13619,-30916,-4:-2 -4:-1 -4:0 -4:1 -4:2 -3:-3 -3:-2 -3:-1 -3:0 -3:1 0:0
W6/SS-617,13316,-30734,-1:-2 -1:-1 -1:0 -1:1 0:-1 0:0 0:1 1:0 2:0
W6/SS-618,13140,-30823,-3:-3 -3:-2 -2:-3 -1:-3 -1:-2 -1:0 0:-1 0:0 1:-1 3:-1 4:-1
W6/WH-001,13993,-30819,-4:1 -3:1 -3:2 -2:1 -2:2 -2:3 -1:0 -1:1 -1:2 -1:3 0:-1 0:0 1:-1 1:0 2:0 3:-1 3:0 4:-1 4:0 5:-1 5:0
W6/WH-002,14014,-30823,0:0
W6/WH-003,13902,-30790,0:-1 0:0 1:-1 1:0
W6/WH-004,13888,-30782,-1:0 0:-1 0:0
W6/WH-005,13876,-30772,-1:0 0:0
W6/WH-006,13878,-30778,-2:0 -1:0 0:0 0:1 1:0 1:1 2:1 3:1
W6/WH-007,13850,-30775,-1:0 0:0 3:2
W6/WH-010,13893,-30758,-2:2 0:0 0:2
W6/WH-012,13802,-30788,0:-1 0:0 2:1 2:3
W6/WH-014,13848,-30796,-2:4 0:0 0:1 1:0
W7A/AE-001,13091,-29083,0:0
W7A/AE-002,13083,-29083,0:0 1:0
W7A/AE-003,13085,-29075,-3:-3 -2:-3 -1:0 0:0
W7A/AE-004,12559,-28533,-4:0 -4:1 -2:1 -1:0 0:0 1:0 2:0 3:-1 4:-2
W7A/AE-005,12569,-28543,-2:0 -1:-1 -1:0 0:-2 0:-1 0:0 1:-2 1:-1 1:0 2:-1 3:-1
W7A/AE-006,12576,-28418,-4:1 -4:2 -3:0 -3:1 -3:2 -3:3 -2:0 -2:1 -2:2 -1:-1 -1:0 0:-2 0:-1 0:0 0:1 1:-2 1:-1 1:0 1:1 1:2 1:3 2:0 2:1 2:2 2:3 3:0
W7A/AE-007,12111,-28613,-2:0 -1:-3 -1:-2 -1:0 0:-4 0:-3 0:-2 0:-1 0:0 1:-1 2:-3
W7A/AE-008,13114,-29128,0:0
W7A/AE-009,12634,-28536,-2:0 -2:1 -1:-1 -1:0 -1:1 0:0 0:1
W7A/AE-010,12115,-28626,-2:-1 -1:-1 -1:0 0:-3 0:-2 0:-1 0:0 0:1 1:-1 1:0
W7A/AE-011,12092,-28607,0:-1 0:0 1:-1 1:0
W7A/AE-012,11794,-28462,-3:3 -2:3 -1:0 0:0 0:1 1:0 2:1 3:1 3:2 4:1 4:2 5:1
W7A/AE-013,11627,-28723,-1:0 0:0
W7A/AE-014,11739,-28867,0:0
W7A/AE-015,13625,-28429,-2:-1 -1:-1 -1:0 0:-1 0:0 0:1 1:-2 1:0 1:1 1:2 2:-3 2:-2 2:3 2:4 3:-2 3:3 4:-2 5:-1
W7A/AE-016,12430,-28463,0:0 1:0 1:1 1:2 2:0
W7A/AE-017,13052,-29062,-1:0 0:-4 0:-3 0:-2 0:-1 0:0 1:-4 1:-3 1:-2 2:-4 2:-2 3:-2
W7A/AE-018,13037,-29220,-1:0 0:-1 0:0
W7A/AE-019,13480,-29206,-5:-1 -5:0 -4:-3 -4:-2 -4:-1 -4:0 -4:1 -4:2 -3:-4 -3:-3 -3:-2 -3:-1 -3:0 -3:1 -3:2 -2:-4 -2:-3 -2:-2 -2:-1 -2:0 -2:1 -2:2 -2:3 -1:-4 -1:-3 -1:-2 -1:-1 -1:0 -1:1 -1:2 0:-4 0:-3 0:-2 0:-1 0:0 0:1 0:2 1:-4 1:-3 1:-2 1:-1 1:0 1:1 2:-4 2:-3 2:-2 2:-1 2:0 2:1 2:2 3:-3 3:-2 3:-1 3:0 3:1 3:2 4:-2 4:-1 4:0 4:1 4:2
W7A/AE-020,12583,-28594,0:0 0:1 1:0 1:1 1:4
W7A/AE-021,12639,-28575,-1:0 0:-1 0:0
W7A/AE-022,12628,-28507,-1:-1 -1:0 0:-1 0:0 0:1 1:1
W7A/AE-023,13125,-29097,-3:0 -2:0 -1:-1 -1:0 0:-1 0:0
W7A/AE-024,12127,-28654,-3:-3 -2:-2 -1:0 0:0 1:0
W7A/AE-025,12385,-28483,-1:1 0:0
W7A/AE-026,12664,-28535,-5:0 -5:2 -4:3 -1:0 -1:1 0:0
W7A/AE-027,11736,-28877,0:0 1:0 1:1
W7A/AE-028,12889,-29008,-2:0 -2:2 -1:-1 -1:0 0:-2 0:-1 0:0 1:-2 1:-1 1:0 2:-3 2:-2 3:-3 3:-2
W7A/AE-029,12951,-29040,-4:-2 -4:-1 -4:0 -4:1 -3:-3 -3:-2 -3:-1 -3:0 -3:1 -3:2 -2:-2 -2:-1 -2:0 -2:1 -2:2 -1:-1 -1:0 -1:1 -1:2 -1:3 0:0 0:1 0:2 0:3 1:1 1:2 1:3 2:1 2:2
W7A/AE-030,12651,-28586,-1:0 -1:1 0:0 0:1 1:0
W7A/AE-031,11771,-28455,-1:-1 0:0 0:1 1:1
W7A/AE-032,13291,-28451,-2:-3 -1:-4 -1:-3 -1:-1 -1:0 -1:1 0:-3 0:-1 0:0 0:1
W7A/AE-033,12350,-28412,-2:2 -1:1 0:-1 0:0
W7A/AE-034,13146,-29126,-1:0 0:0 1:0
W7A/AE-035,12759,-29005,0:-1 0:0 0:1 1:-2 1:-1 1:0 1:1 2:-1 2:0 3:0
W7A/AE-036,13043,-29140,0:0 1:0
W7A/AE-037,13015,-29103,-1:0 0:0 0:1 1:0 1:1
W7A/AE-038,13098,-29037,-2:-1 -1:-1 -1:0 0:-1 0:0
W7A/AE-039,11816,-28438,0:0 0:1 1:0
W7A/AE-040,12393,-28541,0:-2 0:-1 0:0 1:0 2:0 2:1 3:-2
W7A/AE-041,13045,-29192,-1:-1 -1:0 0:-1 0:0 1:-1 1:0
W7A/AE-042,12615,-28622,-1:-1 -1:0 0:0
W7A/AE-043,12668,-28631,-1:-1 -1:0 0:-1 0:0
W7A/AE-044,12839,-29015,-4:-2 -4:-1 -4:0 -4:1 -4:2 -3:-3 -3:-2 -3:-1 -3:0 -2:-2 -2:-1 -2:0 -2:1 -1:-2 -1:-1 -1:0 -1:1 -1:2 -1:3 0:-1 0:0 0:1 0:2 1:-2 1:-1 1:0 1:1 1:2 1:3 3:-2
W7A/AE-045,12087,-28726,-5:0 -2:2 0:-1 0:0 0:1 0:3 0:4 1:1 1:2
W7A/AE-046,13387,-28599,0:-3 0:-1 0:0 1:-1 1:0 2:-1 2:0 3:-1 3:0 3:1 4:-1 4:0 4:1 5:-1 5:0 5:1
W7A/AE-047,12232,-28401,-1:0 -1:1 0:0 1:0
W7A/AE-048,12176,-28698,0:-2 0:-1 0:0 1:0 1:1 2:2 3:3 4:3
W7A/AE-049,12596,-28640,-4:1 -3:1 -2:0 -2:1 -1:-1 -1:0 0:-1 0:0 0:1 1:-1 1:0 1:1 2:0 2:3 3:1 3:2 4:1 4:2
W7A/AE-050,13275,-29473,-4:2 -3:2 -3:3 -2:3 -2:4 -1:1 -1:2 -1:4 0:0 0:1 0:2 0:3 0:4 1:0 1:1 1:2 1:3 1:4 2:1 2:2 2:3 2:4 3:1 3:2 3:3 3:4 4:1 4:2 4:3 5:1 5:2
W7A/AE-051,11857,-28470,-1:-1 0:0
W7A/AE-052,13088,-28981,-2:-1 -1:0 0:-1 0:0 1:0
W7A/AE-053,13469,-28960,-5:-1 -5:0 -4:-2 -4:-1 -4:0 -4:1 -3:-2 -3:-1 -3:0 -3:1 -3:2 -2:-2 -2:-1 -2:0 -2:1 -2:2 -1:-2 -1:-1 -1:0 -1:1 -1:2 0:-2 0:-1 0:0 0:1 0:2 1:-2 1:-1 1:0 1:1 1:2 2:-2 2:-1 2:0 2:1 2:2 3:-1 3:0 3:1 3:2 4:-1 4:0 4:1 4:2
W7A/AE-054,12180,-28468,-2:2 -1:1 0:0 1:-2
W7A/AE-055,13296,-28881,-3:2 -3:3 -2:2 -2:3 -2:4 -1:0 -1:1 -1:2 -1:3 -1:4 0:0 0:1 0:2 0:3 0:4 1:0 1:1 1:2 1:3 1:4 2:1 2:2 2:3 3:1 3:2 3:3 4:1
W7A/AE-056,12074,-28443,0:0 0:1 0:3 1:0 1:1 1:2 1:4 2:0 2:2 3:0 4:1 4:2
W7A/AE-057,12301,-28413,-3:0 -2:0 -1:0 -1:4 0:-1 0:0 1:-1 1:0 3:1 4:1
W7A/AP-001,12537,-28538,0:0 0:1 1:0 5:-1
W7A/AP-002,13503,-28410,0:0 1:0
W7A/AP-003,12608,-28519,-2:0 -1:-1 -1:0 0:-2 0:-1 0:0 0:1 1:0
W7A/AP-005,12589,-28485,-1:-1 -1:0 0:-2 0:-1 0:0 0:1 1:-2 1:-1 1:0
W7A/AP-006,12644,-28532,0:-1 0:0 1:0
W7A/AP-007,12555,-28436,-5:-1 -5:0 -4:-2 -4:0 -4:1 -4:2 -3:1 -3:2 -3:3 -2:1 -2:2 -2:3 -1:0 -1:1 -1:2 -1:3 0:0 0:1 0:2 1:0 1:1 1:2 2:0 2:1 2:2 3:0 3:1 4:-1 4:0 4:1
W7A/AP-009,13468,-28424,-4:-1 -3:-1 -3:0 -2:-1 -2:0 -2:1 -2:2 -1:-1 -1:0 -1:1 -1:2 0:-2 0:-1 0:0 0:1 0:2 1:-2 1:-1 1:0 1:1 1:2 2:-2 2:-1 2:0 2:1 3:-2 3:0 3:3
W7A/AP-010,12528,-28429,-4:-2 -4:-1 -3:-3 -3:-2 -3:-1 -2:-4 -2:-3 -2:-2 -2:1 -1:-4 -1:-3 -1:-2 -1:-1 -1:0 0:-4 0:-3 0:-2 0:-1 0:0 1:-4 1:-3 1:-2 1:-1 1:0 2:-4 2:-3 2:-2 2:-1
W7A/AP-013,13445,-28401,-4:-1 -3:-2 -3:0 -2:-2 -2:-1 -2:0 -2:1 -1:-3 -1:-2 -1:-1 -1:0 -1:1 0:-2 0:-1 0:0 0:1 0:2 1:-1 1:0 1:1 1:2 2:-2 2:-1 2:0 2:1 2:2 3:-2 3:-1 3:0 3:1 3:2 3:3 4:-2 4:-1 4:0 4:1 4:2 4:3 5:-1 5:0 5:1 5:2
W7A/AP-014,12651,-28537,-1:-1 -1:0 0:-1 0:0 0:1 0:2 1:0
W7A/AP-015,12516,-28418,-3:0 -3:1 -3:2 -3:3 -2:-2 -2:-1 -2:0 -2:1 -2:2 -1:-2 -1:-1 -1:0 -1:1 0:-3 0:-2 0:-1 0:0 1:-3 1:-2 1:-1 1:0 2:-2 2:-1 2:0 3:-2 3:-1 3:0 4:-1
W7A/AP-017,12639,-28562,0:0 0:1 1:0 1:1
W7A/AP-019,12525,-28546,-1:0 0:0 1:0 1:1 2:1 4:-2
W7A/AP-020,12582,-28406,-1:0 -1:3 0:0 0:1
W7A/AP-021,13436,-28416,0:0
W7A/AP-023,13374,-28404,-4:0 -3:0 -3:1 -3:2 -3:3 -2:-1 -2:0 -2:1 -2:2 -1:0 -1:1 -1:2 0:0 0:1 0:2 1:0 1:1 1:2 2:0 2:1 3:0 4:0
W7A/AP-025,12567,-28448,-1:-3 0:-4 0:-3 0:0 1:-4
W7A/AP-026,13370,-28413,0:-1 0:0 1:-2 1:-1 1:1 2:-2
W7A/AP-027,12648,-28577,-1:0 0:0 1:-1 1:0 2:0
W7A/AP-029,13402,-28407,0:0
W7A/AP-031,12685,-28538,-2:-3 -1:-1 0:-2 0:-1 0:0 1:-1 1:0
W7A/AP-032,12665,-28579,-1:-3 0:0 0:1 1:0 1:1
W7A/AP-033,12623,-28456,-1:-1 0:0 0:1 1:0 1:1 1:2 2:0 2:1 2:2 3:1 3:2 4:1 4:2
W7A/AP-034,13470,-28604,-4:-2 -4:-1 -4:0 -3:-3 -3:-2 -3:-1 -3:0 -3:1 -2:-4 -2:-1 -2:0 -2:1 -1:-4 -1:-3 -1:-2 -1:-1 -1:0 0:-4 0:-3 0:-1 0:0 0:1 1:-3 1:-2 1:-1 1:0 1:1 2:-2 2:-1 2:0 3:-4 3:-3 3:-2 3:-1
W7A/AP-037,12655,-28448,-3:0 -3:1 -2:-1 -2:0 -2:1 -2:2 -1:-1 -1:0 -1:1 -1:2 0:-2 0:-1 0:0 0:1 0:2 1:-1 1:0 1:1 1:2 2:-2 2:-1 2:0 2:1 2:2 3:-1 3:0 3:1
W7A/AP-038,13378,-28632,-3:-2 -3:-1 -2:-2 -2:-1 -2:0 -2:3 -1:-2 -1:-1 -1:0 -1:1 -1:2 -1:3 0:-2 0:-1 0:0 0:1 0:2 0:3 1:-1 1:0 1:2 1:3
W7A/AP-039,13345,-28625,-5:0 -4:-2 -4:-1 -4:0 -4:1 -4:2 -4:3 -3:-3 -3:-2 -3:-1 -3:0 -3:1 -3:2 -3:3 -2:-3 -2:-2 -2:-1 -2:0 -2:1 -2:2 -2:3 -1:-3 -1:-2 -1:-1 -1:0 -1:1 -1:2 -1:3 0:-3 0:-2 0:-1 0:0 0:1 0:2 1:-3 1:-2 1:-1 1:0 1:1 2:-3 3:-3
W7A/AP-042,12423,-28582,-3:0 -3:1 -3:2 -2:1 -1:0 0:-2 0:-1 0:0 0:1 0:2 1:-3 1:0 1:1 2:-3 2:0 3:-1 3:0 3:1 4:0 4:1 5:0 5:1
W7A/AP-043,12686,-28465,-1:-4 -1:-1 -1:0 0:-1 0:0
W7A/AP-046,12756,-28594,-3:-2 -1:-1 -1:0 -1:1 0:-1 0:0 0:1 1:-2 1:-1 1:0 2:-2 2:-1 2:0 3:-1
W7A/AP-047,13373,-28475,-4:0 -3:2 -3:3 -2:1 -2:2 -2:3 -1:-1 -1:1 -1:2 -1:3 0:0 0:2 0:3 0:4 2:-1 3:-1 3:0 3:1 4:-1 4:0 4:1 5:0
W7A/AP-048,13573,-28421,0:0
W7A/AP-049,13669,-28484,-3:-3 -3:-2 -3:-1 -3:0 -2:-4 -2:-3 -2:-2 -2:-1 -2:0 -1:-4 -1:-3 -1:-2 -1:-1 -1:0 -1:1 0:-4 0:-3 0:-2 0:-1 0:0 1:-4 1:-3 1:-2 1:-1 1:0 2:-3 2:-2 2:-1 2:0
W7A/AP-050,13550,-28482,-2:4 0:0 0:1
W7A/AP-051,13553,-28492,0:0
W7A/AP-052,13552,-28489,0:0
W7A/AP-053,13667,-28645,0:-2 0:-1 0:0 1:-3 1:0 2:-3
W7A/AP-054,13517,-28530,0:-1 0:0 1:0 2:0 3:0 4:0
W7A/AP-055,13527,-28528,0:0 1:0
W7A/AP-057,13549,-28512,0:0
W7A/AP-058,12826,-28532,-4:1 -3:-1 -3:0 -3:1 -3:2 -2:-1 -2:0 -2:1 -2:2 -2:3 -1:-1 -1:0 -1:1 -1:2 -1:3 0:-1 0:0 0:1 0:2 1:-1 1:0 1:1 2:-2 2:-1 2:0 3:-1 3:0
W7A/AP-060,12453,-28565,-3:-1 -2:-3 -2:-2 -2:-1 -2:1 -1:-2 -1:-1 -1:0 -1:1 0:-1 0:0 0:1 0:2 1:-1 1:0 1:1 1:2 1:3 2:-2 2:-1 2:0 2:1 3:-2 3:-1 3:0 3:1 3:2 4:-2 4:-1 4:0 4:1 4:2 5:0 5:1
W7A/AP-063,13373,-28477,-4:-3 -4:-2 -4:1 -3:-3 -3:-2 -3:-1 -2:-4 -2:-3 -2:-2 -2:2 -1:-4 0:0 1:-3 2:-4 2:-3 2:-2 3:-3 3:-2 3:-1 4:-2 4:-1
W7A/AW-001,12015,-28852,-2:-1 -2:0 -1:-1 -1:0 -1:1 0:0 0:1 0:2 0:3 1:0
W7A/AW-002,11933,-28788,-3:1 -3:2 -2:-3 -2:-2 -2:1 -2:2 -1:-2 -1:-1 -1:0 -1:1 -1:2 0:-2 0:-1 0:0 0:1 0:2 1:1 1:2
W7A/AW-003,12005,-28832,-1:-4 -1:-3 -1:-2 0:-4 0:-3 0:-2 0:-1 0:0 0:1 1:-3 1:0
W7A/AW-004,11896,-28783,-1:0 0:0 0:1
W7A/AW-005,12990,-29661,0:0 3:-2
W7A/AW-006,12746,-29272,-1:0 0:-2 0:-1 0:0 1:-1 1:0 4:1
W7A/AW-007,12615,-29027,0:0 0:1 1:0 2:0
W7A/AW-008,12870,-29213,-3:3 -2:2 -2:3 -1:1 -1:2 -1:3 -1:4 0:-1 0:0 0:1 0:2 0:3 0:4 1:0 1:1 1:2 1:3 1:4 2:0 2:1 2:2 2:3 3:3
W7A/AW-009,12326,-28860,-1:0 0:-3 0:-1 0:0 0:1 1:-2 1:-1 1:0 2:-3 2:-2 2:2
W7A/AW-010,12853,-29198,-5:-1 -5:0 -4:-2 -4:-1 -3:-3 -3:-2 -3:-1 -2:-3 -2:-2 -2:-1 -2:0 -1:-4 -1:-3 -1:-2 -1:-1 -1:0 0:-4 0:-3 0:-2 0:-1 0:0 0:1 1:-3 1:-2 1:-1 1:0 1:1 2:-3
W7A/AW-011,12523,-28883,-1:0 0:0 0:1 1:0 2:0 3:-1 3:0 4:-1
W7A/AW-012,11767,-29062,0:0
W7A/AW-013,12764,-29272,-4:-3 -4:-2 -3:-1 -2:-1 -1:-2 -1:-1 -1:0 0:0 0:1
W7A/AW-014,12475,-28992,-1:0 0:0 0:1
W7A/AW-015,12679,-29263,-1:1 -1:4 0:0 0:1 0:2 1:0 1:1
W7A/AW-016,12537,-28884,-5:-1 -5:0 -2:0 -2:1 -1:-1 -1:0 -1:1 0:-2 0:-1 0:0 1:-2 1:-1 2:-2 2:-1 2:0 3:-2 3:-1 4:-1
W7A/AW-017,12548,-28892,-2:3 -1:0 -1:1 -1:2 -1:3 0:-1 0:0 0:1 0:2 1:-1 1:0 1:1 1:2 1:3 2:0 2:1 2:2 2:3 3:0 3:1 4:0
W7A/AW-018,11991,-28869,-1:0 0:0 2:2 2:3 3:2
W7A/AW-019,12901,-29406,0:0 1:-1
W7A/AW-020,12791,-29321,-3:1 -2:1 -1:0 -1:1 -1:2 0:0 0:1 0:2 1:0 1:1
W7A/AW-021,12559,-28898,0:-3 0:-2 0:-1 0:0
W7A/AW-022,12557,-29013,0:0 1:0
W7A/AW-023,11924,-28811,0:-1 0:0 0:1 1:0 1:1
W7A/AW-024,12693,-28902,-4:1 -4:3 -3:1 -3:3 -2:-2 -2:0 -2:1 -2:2 -2:4 -1:-3 -1:-2 -1:0 -1:1 -1:2 -1:3 -1:4 0:-3 0:0 0:1 0:2 0:3 0:4 1:-3 1:-2 1:-1 1:0 1:1 1:2 1:3
W7A/AW-025,11838,-29063,-2:-1 -2:0 -2:1 -1:0 -1:1 0:0
W7A/AW-026,12702,-29111,-4:-2 -3:-3 -3:-2 -3:-1 -2:-2 -2:-1 -1:-4 -1:-3 -1:-1 0:-1 0:0 1:-1
W7A/AW-027,12717,-29272,-2:0 -1:0 -1:1 0:0 0:1 1:0 3:1
W7A/AW-028,13481,-29614,-4:2 -4:3 -3:2 -3:3 -3:4 -2:0 -2:1 -2:2 -2:3 -2:4 -1:-1 -1:0 -1:1 -1:2 -1:3 -1:4 0:-3 0:-2 0:-1 0:0 0:1 0:2 0:3 0:4 1:-3 1:-2 1:-1 1:0 1:1 1:2 1:3 2:-3 2:-2 2:-1 2:0 2:1 2:2 2:3 3:-2 3:-1 3:0 3:1 3:2 4:-1 4:0 4:1 4:2
W7A/AW-029,12729,-29119,-4:-1 -4:1 -4:2 -3:-1 -3:0 -3:1 -3:2 -2:-2 -2:-1 -2:0 -2:1 -1:-2 -1:-1 -1:0 -1:1 0:-1 0:0 0:1 1:-1 1:0 2:-1 2:0 3:-2 3:-1
W7A/AW-030,12564,-28933,0:0 1:0 1:1 1:2 2:-1 2:1 2:2 3:2 3:3
W7A/AW-031,12466,-28793,0:0 0:1 0:2 1:-1 1:0 1:1 1:2 2:2 3:2 3:3 4:2
W7A/AW-032,12596,-28896,-1:0 -1:1 0:-1 0:0 0:1 0:2 1:-2 1:-1 1:0 1:2 2:-1 3:-1 4:-1
W7A/AW-033,12466,-28982,-1:0 -1:1 0:-1 0:0
W7A/AW-034,13095,-29718,-2:-1 -2:0 -1:0 0:0
W7A/AW-035,13647,-29556,-2:0 -1:0 0:0 1:0
W7A/AW-036,11806,-28963,-3:0 -1:-1 -1:0 -1:1 0:0 1:0 3:0 3:1 4:1
W7A/CN-001,13448,-29154,0:-1 0:0 1:-1 1:0 1:1
W7A/CN-002,13423,-29158,-3:-3 -2:-3 0:0
W7A/CN-003,13406,-29143,-1:0 0:0
W7A/CN-004,13406,-29214,0:0 1:0 4:1
W7A/CN-005,13372,-29157,-3:-3 -2:-2 -2:-1 -1:0 0:0
W7A/CN-006,13458,-29264,-5:-1 -5:0 -4:-2 -4:-1 -4:0 -3:-2 -3:-1 -3:0 -3:1 -2:-2 -2:-1 -2:0 -2:1 -1:-2 -1:-1 -1:0 -1:1 -1:2 0:-3 0:-2 0:-1 0:0 0:1 1:-3 1:-2 1:-1
W7A/CN-008,13394,-29208,-3:0 -2:-1 -2:0 -1:0 0:-3 0:-1 0:0 1:-2 1:-1 2:-2
W7A/CN-009,13396,-29196,0:0 1:0 3:1 4:1 4:2 5:1
W7A/CN-010,13408,-29140,-2:-4 0:0
W7A/CN-011,13381,-29177,0:0
W7A/CN-012,13366,-29150,0:0
W7A/CN-013,13317,-29155,-4:-2 -4:-1 -4:0 -4:1 -4:2 -3:-3 -3:-2 -3:-1 -3:0 -3:1 -3:2 -2:-4 -2:-3 -2:-2 -2:-1 -2:0 -2:1 -2:2 -2:3 -1:-4 -1:-3 -1:-2 -1:-1 -1:0 -1:1 -1:2 0:-4 0:-3 0:-2 0:-1 0:0 0:1 0:2 0:3 1:-4 1:-3 1:-2 1:-1 1:0 1:1 1:2 2:-4 2:-3 2:-2 2:-1 2:0 2:1 2:2 2:3 3:-3 3:-2 3:-1 3:0 3:1 4:-3 4:-2 4:-1 4:0 5:-1 5:0
W7A/CN-014,13425,-29154,-2:-3 -2:-2 -1:-3 -1:-2 0:0
W7A/CN-015,13468,-29271,0:0 1:-1 1:0 2:0
W7A/CN-016,13603,-29118,-2:-3 -2:-2 -2:-1 -2:0 -1:-4 -1:-3 -1:-2 -1:-1 -1:0 0:-4 0:-3 0:-2 0:-1 0:0 0:1 1:-4 1:-3 1:-2 1:-1 1:0 1:1 2:-3 2:-2 2:-1 2:0 2:1 3:-3 3:-2 3:-1 3:0 3:1 4:-2 4:-1 4:0 4:1 4:2 5:0
W7A/CN-017,13389,-29175,0:0 1:0 2:2
W7A/CN-018,13431,-29238,-2:2 0:0
W7A/CN-019,13266,-29191,0:0 0:1 1:1
W7A/CN-020,13374,-29151,0:0 2:-3 3:-3 3:-2
W7A/CN-021,13421,-29146,-2:-4 0:0 1:-1
W7A/CN-022,13547,-28889,-4:-2 -4:-1 -3:-1 -2:-1 -2:0 -1:-2 -1:-1 -1:0 0:-2 0:-1 0:0 1:-2 1:-1 1:0 2:-1 2:0 3:0 3:1 4:0 4:1 4:2 5:-1
W7A/CN-024,13389,-29193,0:0
W7A/CN-025,13410,-29134,0:0
W7A/CN-026,13395,-29189,0:0 4:0
W7A/CN-027,13528,-29058,-2:2 -2:3 -1:1 -1:2 -1:3 -1:4 0:0 0:1 0:3 0:4 1:0 1:3 1:4 2:-1 2:3 3:-2 3:-1 3:3 4:-2
W7A/CN-028,13383,-29139,0:0
W7A/CN-029,13400,-29225,0:0
W7A/CN-030,13352,-29108,0:0 0:1 1:0 1:1 1:2
W7A/CN-031,13385,-29203,0:0
W7A/CN-035,13368,-29165,0:0 1:4
W7A/CN-036,13381,-29162,-2:3 -1:0 -1:3 0:0 0:3 1:0 1:3 2:2 4:2
W7A/CN-037,13459,-29293,-1:-4 -1:-3 -1:-2 0:-4 0:-3 0:-2 0:-1 0:0 1:-4 1:-3 1:-2 1:-1 1:0 2:-4 2:-3 2:-2 2:-1 3:-4 3:-3 3:-2 3:-1 4:-2 4:-1
W7A/CN-038,13435,-29246,0:0
W7A/CN-039,13675,-28907,-3:2 -1:0 0:0 0:1 1:-2 1:-1 1:0 1:1 2:-1 3:-1 4:-2 4:-1
W7A/CN-040,13472,-28917,-1:0 0:0 1:0
W7A/CN-041,13591,-29072,0:0 0:1 1:1 2:1
W7A/CN-042,13387,-29216,0:0
W7A/CN-044,13684,-29171,-3:1 -3:2 -2:1 -2:2 -1:1 -1:2 -1:3 0:0 0:1 0:2 0:3 1:1
W7A/CN-045,13498,-29094,-5:0 -4:-1 -4:0 -4:1 -3:-2 -3:-1 -3:0 -3:1 -3:2 -2:-2 -2:-1 -2:0 -1:-1 -1:0 0:-2 0:-1 0:0 1:-2 1:-1 2:-3 2:-2
W7A/CN-047,13351,-29128,-4:0 -4:1 -3:3 0:0
W7A/CN-048,13402,-29122,0:0 1:0 2:0 2:1 3:1
W7A/CN-049,13463,-29056,-2:3 -2:4 -1:-4 -1:-2 -1:-1 -1:0 -1:1 -1:3 -1:4 0:-4 0:-3 0:-2 0:-1 0:0 0:1 0:3 0:4 1:-4 1:-3 1:-2 1:-1 2:-3 2:-2 2:-1 3:-3 3:-2 3:-1 4:-2
W7A/CN-051,13231,-29481,0:0
W7A/CN-052,13684,-28910,-3:-2 -2:-3 -2:-2 -2:-1 -1:-4 -1:-3 -1:-2 -1:-1 -1:0 0:-4 0:-3 0:-2 0:-1 0:0 1:-3 1:-2 1:-1 2:-4 2:-3 2:-2 2:-1 3:-3 3:-2 4:-2
W7A/CN-053,13362,-29147,0:0 3:-3
W7A/CN-054,13418,-29243,-4:2 -1:0 -1:1 0:0 0:1
W7A/CN-055,13418,-29127,0:0 0:1 1:2
W7A/CN-056,13432,-29131,-1:2 0:0 0:1 0:2 0:3 1:0 1:1 1:2 2:0 3:0 4:-1
W7A/CN-057,13632,-28933,0:0 1:-1
W7A/CN-058,13368,-29237,-4:-3 -3:-3 -1:-1 0:0
W7A/CN-059,13409,-29267,0:0
W7A/CN-060,13379,-29137,-3:1 -2:0 -1:0 0:-4 0:0 1:-3 1:0 2:-3 2:-2 2:-1 3:-2 3:-1 4:-1 4:0
W7A/CN-061,13355,-29126,-4:-1 -3:-2 0:0
W7A/CN-062,13378,-29246,-1:0 0:0
W7A/CN-063,13381,-29250,-4:-3 -4:-2 -2:-1 -1:-1 0:0
W7A/CN-066,13384,-29213,-2:-1 -1:-1 0:0 2:-3 3:-2
W7A/CN-067,13363,-29154,0:0 0:3 1:3 2:2 3:2
W7A/CN-068,13385,-29220,0:0 1:3 2:3 3:3
W7A/CN-069,13498,-29313,-3:-3 -2:-4 -2:-3 -2:-2 -1:-4 -1:-3 -1:-2 0:-4 0:-3 0:-2 0:-1 0:0 1:-4 1:-3 1:-2 1:-1 1:0 1:1 2:-4 2:-3 2:-2 2:-1 2:0 2:1 2:2 2:3 3:-3 3:-2 3:-1 3:0 3:1 3:2 4:-1
W7A/CN-070,13438,-29018,-1:0 -1:1 0:0 0:1 1:0 2:-1 3:-2
W7A/CN-114,13434,-29159,0:0 1:-4 2:-2 3:-2 4:-2
W7A/CN-115,13446,-29241,0:0 0:4 1:2 1:3 3:2
W7A/CN-116,13334,-29153,-4:2 -3:3 -2:4 -1:4 0:0
W7A/CN-117,13377,-29179,0:0 3:1
W7A/CN-118,13367,-29116,-4:0 -1:1 0:0 0:1 0:3 1:3 2:3
W7A/CN-120,13420,-29141,0:-4 0:0 1:-4 1:-2 2:-2 2:0
W7A/CN-121,13536,-28943,-1:-4 -1:-1 -1:0 -1:3 0:-2 0:-1 0:0 1:-2 1:-1 1:0 1:1
W7A/CN-122,13665,-28921,0:0
W7A/CN-123,13643,-29085,-4:-2 -4:0 -3:-3 -3:0 -2:0 0:0 1:-1 2:-1 2:0 2:1 3:-1 3:1 3:2 4:0 4:2 4:3 5:1
W7A/CO-001,11634,-28726,0:-1 0:0
W7A/CO-002,11641,-28734,-3:-2 -2:-3 -2:-2 0:-3 0:0 1:-2 1:-1 1:0 2:-1
W7A/CO-003,11801,-28427,0:0 0:1 0:2
W7A/CO-004,11663,-28746,0:0 0:1 1:0 2:0
W7A/CO-005,11934,-28545,0:0
W7A/CO-007,11873,-28464,0:0
W7A/CO-008,11787,-28435,0:-2 0:-1 0:0 1:0
W7A/CO-009,11784,-28484,-2:1 -1:1 0:0 1:1 1:4 2:4
W7A/CO-010,11930,-28536,0:-2 0:-1 0:0 1:-2 2:-2
W7A/CO-011,11871,-28469,-2:1 -1:1 0:-1 0:0 2:-4 3:-3
W7A/CO-012,11838,-28458,0:-1 0:0 1:0
W7A/CO-013,11673,-28753,-2:-1 -2:0 -1:-1 -1:1 0:-2 0:0 0:1 1:0 2:0
W7A/CO-014,11786,-28758,0:-1 0:0
W7A/CO-015,11994,-28674,0:0 1:0 2:0
W7A/CO-016,11927,-28519,0:0
W7A/CO-018,11834,-28643,-2:1 -1:0 0:-1 0:0 1:-2
W7A/CO-019,11750,-28465,-1:-1 -1:0 -1:2 0:0 0:2 1:1
W7A/CO-022,11983,-28670,-1:0 0:0 1:0
W7A/CO-023,11785,-28423,-2:-1 0:0 1:0
W7A/CO-024,11768,-28761,0:0
W7A/CO-026,11647,-28637,-4:1 -3:1 -2:1 -2:2 -2:3 -1:0 -1:1 -1:2 0:0
W7A/CO-028,11617,-28710,0:-1 0:0 0:1 1:0
W7A/CO-029,11896,-28473,0:0 1:-2 1:1
W7A/CO-031,11889,-28474,-1:0 0:0 0:1
W7A/CO-032,11624,-28733,0:0 1:-1 3:1 4:1
W7A/CO-033,11728,-28476,-1:1 0:0 0:1 2:0 2:1 3:0
W7A/CO-034,11731,-28526,-3:2 -1:1 0:0 0:1
W7A/CO-035,11659,-28636,-3:1 -3:2 -1:1 0:0 0:1 1:0 2:0 2:1 3:1
W7A/CO-037,11796,-28629,-5:0 -4:-1 -1:0 0:-3 0:0
W7A/CO-038,11806,-28639,0:0
W7A/CO-039,11753,-28482,-2:0 -1:0 0:0 1:0 3:0
W7A/CO-041,11799,-28752,-4:-2 -4:-1 -3:-3 -3:-2 -2:-3 -2:-2 -1:-4 0:0 1:-1
W7A/CO-042,11820,-28489,0:-2 0:0 1:0 1:1 2:2
W7A/CO-044,11896,-28498,-1:0 0:0 1:-2 1:0 2:-1
W7A/CO-046,11749,-28487,-2:-1 -1:0 0:0 2:-2 3:-2 3:-1 4:-1
W7A/CO-047,11884,-28484,0:0 1:0
W7A/CO-049,11888,-28679,-5:1 -1:0 0:0 0:1
W7A/CO-050,11893,-28671,-1:0 0:0
W7A/CO-051,11785,-28747,0:0 1:-4 1:-1
W7A/CO-052,11943,-28531,-4:-2 -2:2 -1:0 -1:1 0:0 0:1 1:0
W7A/CO-053,11649,-28610,-1:1 0:-1 0:0 0:1 1:0 1:1
W7A/CO-054,11943,-28559,-3:2 -1:1 0:-1 0:0
W7A/CO-055,11842,-28653,0:0 1:1
W7A/CO-058,11852,-28644,0:0
W7A/CO-059,11990,-28401,0:0 0:1 0:2 0:3 1:0 3:-3 3:-2
W7A/CO-063,11687,-28399,-2:2 -1:0 -1:1 -1:2 0:0 0:1 1:0
W7A/CO-064,11686,-28485,-1:0 0:0 2:-3 3:-3 3:-2
W7A/CO-065,11892,-28459,0:0
W7A/CO-066,11648,-28616,0:-2 0:0 0:3 1:0 2:-3 2:0
W7A/CO-067,11761,-28614,-1:0 0:0 1:-1 2:-1 3:-2
W7A/CO-068,11849,-28646,-2:-1 0:0
W7A/CO-069,11632,-28750,-2:3 -1:2 0:0 0:1 1:0 4:3
W7A/CO-071,11827,-28428,-1:1 0:0 1:-2
W7A/CO-074,11681,-28490,-1:0 0:0 1:0 2:-1 4:-2
W7A/CO-075,11650,-28496,-1:0 0:0
W7A/CO-077,11899,-28504,-2:3 -1:2 -1:3 0:0
W7A/CO-078,11750,-28439,-3:-1 -2:-1 -1:-1 -1:0 0:-1 0:0 1:-1
W7A/CO-079,11951,-28568,0:0
W7A/CO-080,11706,-28495,0:0
W7A/CO-085,11885,-28490,-2:3 0:0 1:0 2:3 3:3 5:1
W7A/CO-088,11753,-28757,0:0
W7A/CO-090,11659,-28609,-1:0 0:0 0:1
W7A/CO-092,11899,-28759,-1:-1 0:0 0:1 0:2 0:3 1:3 1:4
W7A/CO-093,11949,-28540,0:-1 0:0 1:-2 1:-1 1:1 2:1
W7A/CO-094,11891,-28757,-1:0 0:0 1:0
W7A/CO-172,11815,-28435,0:0
W7A/CO-173,11818,-28467,-5:1 -4:-1 -4:1 -4:2 -3:1 -3:2 -3:3 -2:-2 -2:2 -1:-3 -1:0 0:-3 0:0
W7A/CO-176,11824,-28641,-3:-2 0:0 2:1 3:0 3:2 4:-2 4:0 5:0 5:1
W7A/CS-001,13082,-29079,0:-4 0:0
W7A/CS-002,13089,-29169,0:0 0:1 0:2 1:0 2:0
W7A/CS-003,13097,-29067,-4:-2 -4:-1 -3:-1 -1:0 0:-4 0:0 0:1 1:-4
W7A/CS-004,13102,-29103,-2:-1 -1:-1 -1:0 -1:1 -1:2 0:-2 0:-1 0:0 0:1 1:-1 1:1 2:-1
W7A/CS-005,13107,-29090,-1:1 0:-1 0:0 0:2
W7A/CS-006,13111,-29045,0:0 0:1 1:-1
W7A/CS-007,13110,-29091,-4:-1 -4:0 -4:1 -3:2 -2:0 -2:1 -2:2 -2:3 -1:2 0:-1 0:0
W7A/CS-008,13064,-29111,-2:-1 -2:0 -1:-1 -1:0 0:0
W7A/CS-009,13127,-29092,-4:1 -1:-1 -1:0 0:-2 0:-1 0:0 1:-1 1:0 2:-1 2:0 3:-2
W7A/CS-010,13086,-29157,-2:0 -1:0 -1:1 0:0 0:1
W7A/CS-011,13034,-29228,0:0 0:1 1:0 1:1 2:4
W7A/CS-012,13093,-29143,-1:0 0:-1 0:0
W7A/CS-013,13049,-29099,0:0 0:1 1:0 1:1 1:2 2:2
W7A/CS-014,13083,-29128,-1:0 -1:1 0:-1 0:0 0:1 1:0
W7A/CS-015,13096,-29158,-1:0 0:-1 0:0 1:0
W7A/CS-016,13089,-29023,-2:0 0:-2 0:-1 0:0 1:-2 1:-1 1:0 2:-2 3:-1
W7A/CS-017,12873,-28997,-1:0 -1:1 0:0 0:1 1:0
W7A/CS-018,13156,-29135,0:0 0:1 1:0 2:-1 2:0
W7A/CS-019,13119,-29171,-1:1 0:0 0:1 1:1
W7A/CS-020,12733,-28945,-2:0 -2:1 -1:-1 -1:0 -1:1 0:-1 0:0 0:1 1:0 1:1 2:0 2:1 2:2 2:3 3:-1 3:0 3:1 3:2 3:3 4:-1 4:0 4:1 4:2 5:-1 5:0
W7A/CS-021,12878,-29032,-1:-1 -1:0 0:0 1:-1 1:0 2:-1 2:0 3:-2 3:-1 4:-2 4:-1
W7A/CS-022,13107,-29170,-2:-1 -2:0 -1:-1 -1:0 0:-1 0:0
W7A/CS-023,13061,-29140,-1:0 -1:1 0:0 0:1 1:-2 1:-1 2:-2
W7A/CS-024,13141,-29082,-2:0 -1:-1 -1:0 -1:1 0:0 0:1
W7A/CS-025,13082,-29029,-1:1 0:0 0:1 1:0 1:1 1:3 1:4 2:3 2:4
W7A/CS-026,13011,-29202,-1:0 0:-1 0:0
W7A/CS-027,13138,-29071,-1:0 -1:1 0:0 0:1 1:0 1:1
W7A/CS-028,13135,-29165,-1:0 0:0
W7A/CS-029,13108,-29198,-1:0 -1:1 0:0 0:1
W7A/CS-030,13049,-29210,-2:3 -2:4 -1:4 0:0 0:1 1:0 1:1 3:-2 3:-1 3:0 4:-2 4:-1 4:0 5:-1
W7A/CS-031,13094,-29049,-3:-1 -2:-2 -1:-3 -1:0 0:-1 0:0 0:1 1:-3
W7A/CS-032,13062,-29165,-1:0 0:0
W7A/CS-033,13142,-29074,-1:-1 -1:0 0:-2 0:-1 0:0 1:-1 1:0
W7A/CS-034,13148,-29082,-1:-2 -1:-1 -1:0 0:-1 0:0
W7A/CS-035,13146,-29077,-2:-3 -1:0 0:-2 0:0 1:-1 1:0 2:0
W7A/CS-036,13062,-29228,0:0 0:1 1:0 1:1
W7A/CS-037,13112,-29030,-2:-2 -2:-1 -2:0 -2:1 -1:0 -1:1 0:-1 0:0 0:1 1:0 2:1
W7A/CS-038,13058,-29184,-1:0 -1:1 0:0
W7A/CS-039,13109,-29182,-1:-1 -1:0 0:0
W7A/CS-040,13106,-29035,-2:-4 -1:0 -1:1 0:0 0:1
W7A/CS-041,13153,-29169,-4:2 -3:3 -2:2 -2:3 -1:-1 -1:0 -1:3 0:-2 0:-1 0:0 1:-1
W7A/CS-042,13132,-29173,-1:-1 -1:0 0:-1 0:0
W7A/CS-043,13108,-29356,-5:0 -4:-1 -3:-1 0:0
W7A/CS-044,13156,-29092,-1:-1 0:-1 0:0 1:0
W7A/CS-045,13048,-29040,-1:0 0:-1 0:0 3:-1
W7A/CS-046,13164,-29077,-1:-1 -1:0 0:-1 0:0
W7A/CS-047,13144,-29174,-2:0 -2:1 -1:-1 -1:0 0:-1 0:0
W7A/CS-048,13156,-29064,0:0 0:1 1:0
W7A/CS-049,13070,-29209,-1:0 0:0 1:0 1:1 2:0 2:1
W7A/CS-050,13161,-29073,0:-1 0:0 1:-1 1:0 1:1 2:-1 2:2
W7A/CS-051,13088,-29205,-1:0 0:0 0:1
W7A/CS-052,13091,-29208,-2:3 -1:0 0:0 0:1
W7A/CS-053,13169,-29151,-1:-1 -1:0 0:-1 0:0 1:-1 1:0
W7A/CS-054,13110,-29208,-1:0 0:0
W7A/CS-055,12861,-29050,-2:1 -1:0 -1:1 0:-1 0:0 0:1
W7A/CS-056,13013,-29236,-1:-1 -1:0 0:-1 0:0 0:1 1:-2 1:-1 1:0 1:1 1:2
W7A/CS-057,13162,-29065,-5:0 -1:0 0:-1 0:0 0:1 1:-1 1:0 1:1
W7A/CS-059,13096,-29012,-1:-1 -1:0 0:-1 0:0 1:-1 1:0
W7A/CS-060,13203,-29104,-2:0 -1:-1 -1:0 -1:1 0:-1 0:0 0:1 1:0
W7A/CS-061,13131,-29377,-1:-1 0:-1 0:0
W7A/CS-062,12932,-29102,-4:-1 -3:-1 -3:0 -3:1 -2:-3 -2:-1 -2:0 -1:-4 -1:-1 -1:0 0:-4 0:-3 0:-2 0:-1 0:0 1:-4 1:-3 1:-2 1:-1 2:-4 2:-3 2:-2 3:-3 3:-2 4:-2
W7A/CS-064,13128,-29357,-1:0 0:0 1:0 1:1 2:0 2:1
W7A/CS-066,13058,-29027,-1:-1 0:0 2:-3 3:-3
W7A/CS-067,13178,-29071,0:-1 0:0 1:0
W7A/CS-068,13166,-29085,0:-1 0:0 1:0
W7A/CS-069,13067,-29005,-1:-1 -1:0 0:0 0:1 1:-1 1:0
W7A/CS-070,12849,-28867,-4:0 -4:1 -3:-1 -3:0 -3:1 -3:2 -2:-2 -2:-1 -2:0 -2:1 -2:2 -1:-2 -1:-1 -1:0 -1:1 0:-1 0:0
W7A/CS-072,13047,-29013,-4:0 -2:0 -1:0 0:0 1:0
W7A/CS-073,12904,-28880,-5:-1 -5:0 -4:-1 -4:0 -3:0 -3:1 -2:0 -2:1 -1:0 -1:1 -1:2 0:-1 0:0 0:1 0:2 1:0 1:1 2:0 2:1 2:2 3:2
W7A/CS-074,12806,-29047,0:0 1:0
W7A/CS-075,12916,-28891,-2:-3 -2:-2 -1:-4 -1:-3 -1:-2 -1:-1 -1:0 0:-4 0:-3 0:-2 0:-1 0:0 0:1 1:-4 1:-3 1:-2 1:-1 1:0 2:-4 2:-3 2:-2 2:-1 2:0 2:1 3:-3 3:-2 3:-1 3:0
W7A/CS-076,13102,-29006,-1:1 0:0 0:1 2:0 2:1 2:2 3:1
W7A/CS-077,13045,-28978,-1:2 0:0 0:1 0:2 1:0
W7A/CS-078,13044,-28992,-1:0 -1:1 0:-1 0:0 0:1 1:-1 3:0 4:-1
W7A/CS-079,13104,-29011,0:-1 0:0 0:1 1:0 1:1
W7A/CS-080,13074,-28973,-1:-1 -1:0 0:-1 0:0 0:1 1:0
W7A/CS-082,13078,-28978,0:0 1:0
W7A/CS-083,13069,-28983,0:0 1:0
W7A/CS-084,13113,-29002,0:0
W7A/CS-087,13073,-29195,-5:0 -5:1 -4:0 -4:1 -3:0 -3:1 -1:0 -1:1 0:0 0:1 0:2 1:1
W7A/CS-088,13024,-29169,-2:-1 -1:-1 -1:0 0:-1 0:0 1:-2 1:-1 1:0 2:-2 2:-1
W7A/CS-089,12910,-29092,-3:0 -2:-1 -2:0 -1:-2 -1:-1 -1:0 0:-3 0:-2 0:-1 0:0
W7A/CS-090,12923,-29103,0:0 2:-1 3:-2 3:-1 4:-1 4:0
W7A/GI-001,12525,-28894,-3:1 -2:-2 -2:-1 -2:0 -2:1 -1:0 0:0
W7A/GI-005,12648,-29031,-4:-2 -4:-1 -3:-2 0:0
W7A/GI-007,12526,-28910,-3:1 -2:0 -2:1 -1:0 -1:1 -1:2 0:0 0:1 0:2 0:3 1:1 1:2 2:1 3:1 4:1 4:2
W7A/GI-008,12567,-28649,0:0 1:0
W7A/GI-009,12692,-28890,-1:0 -1:2 0:-1 0:0 0:1 0:2 1:-1 1:0 1:1
W7A/GI-010,12593,-29034,-3:-3 0:0 0:1
W7A/GI-011,12422,-28840,-2:1 -1:-1 -1:1 0:0 1:0
W7A/GI-012,12327,-28851,-3:-1 -1:0 0:0 0:1
W7A/GI-013,12430,-28680,0:0
W7A/GI-014,12734,-29034,-3:-1 -3:0 -2:-2 -2:-1 -2:0 -1:-3 -1:-2 -1:-1 -1:0 0:-1 0:0 0:1 1:-1 1:0 1:1 2:0 2:1 2:2 3:0 3:1
W7A/GI-015,12574,-28904,-3:3 -2:1 -1:1 -1:2 0:0 0:1 1:0
W7A/GI-016,12565,-28938,0:0 1:-3 1:-2 1:-1 1:0 2:-2 3:0 5:1
W7A/GI-019,12634,-28865,-4:-1 -4:0 -4:1 -4:2 -3:-1 -3:0 -3:1 -3:2 -3:3 -2:-1 -2:0 -2:1 -2:2 -2:3 -2:4 -1:-1 -1:0 -1:1 -1:2 -1:3 -1:4 0:0 0:1 0:2 0:3 0:4 1:1 1:3
W7A/GI-020,12525,-28670,-1:0 0:0 0:1 1:1 2:1
W7A/GI-021,12296,-28843,-1:0 -1:1 0:-3 0:-2 0:-1 0:0
W7A/GI-022,12548,-28927,0:0
W7A/GI-023,12539,-28902,-1:1 0:0 1:0
W7A/GI-024,12465,-28801,-1:-1 -1:0 0:-2 0:-1 0:0 1:-2 1:-1 1:0 2:-3 2:-2 2:-1 2:0 3:-2 3:-1 3:0 4:-1 4:0
W7A/GI-025,12465,-28754,-2:0 -1:0 -1:1 0:-1 0:0 1:-2 1:0 2:-2 2:1 3:1
W7A/GI-026,12465,-28706,-2:0 -1:-1 -1:0 0:-1 0:0 0:1 1:-1 2:2
W7A/GI-028,12613,-28869,-1:-1 0:-1 0:0
W7A/GI-029,12677,-28906,-3:-1 -2:0 -1:1 0:-1 0:0 0:1 0:2 1:0 1:1
W7A/GI-030,12585,-28797,0:0 1:0 1:1
W7A/GI-031,12568,-28786,-3:1 -2:1 -2:2 -1:-2 -1:1 -1:2 -1:3 0:-2 0:-1 0:0 0:1 1:0
W7A/GI-032,12539,-28845,-1:-2 -1:-1 -1:0 0:0 0:1 1:0 2:1
W7A/GI-033,12443,-28798,0:0 1:-1 1:0 2:-1 2:0
W7A/GI-034,12587,-29020,0:0
W7A/GI-035,12535,-28850,0:0 1:0
W7A/GI-036,12566,-28863,-1:-1 -1:0 0:-4 0:-2 0:-1 0:0 1:-4
W7A/GI-037,12573,-28865,0:0
W7A/GI-038,12592,-29024,-1:-3 0:-3 0:-2 0:0 0:1 1:-2 1:-1 1:0 1:1 1:2 2:-1 2:3 3:0
W7A/GI-039,12616,-28945,-4:2 -3:2 -3:3 -2:2 -1:0 -1:1 -1:2 0:0 0:1 0:2 1:0 1:1 1:3 2:1
W7A/GI-040,12650,-28935,-1:1 0:0 0:1 1:-1 1:0 1:1 1:2
W7A/GI-042,12444,-28658,-1:0 -1:1 0:-1 0:0 0:1 1:-1 1:0 2:0 2:1 2:2 3:1
W7A/GI-043,12571,-28870,-4:1 -4:2 -3:3 -2:-3 0:-1 0:0
W7A/GI-045,12645,-28900,-3:3 -1:0 0:0 0:1
W7A/GI-046,12603,-28962,-1:-2 0:-1 0:0 1:0 1:1 2:1
W7A/GI-047,12500,-29007,-2:-4 -2:-3 -1:-4 -1:-3 -1:-1 -1:0 -1:3 0:-4 0:-3 0:-1 0:0 0:1 0:3 1:-4 1:0 1:1 2:-4 2:0 2:1 3:0 3:1 4:1
W7A/GI-048,12547,-28736,-4:-2 -4:-1 -3:-3 -3:-1 -3:0 -3:1 -3:2 -2:-1 -2:0 -2:1 -1:0 0:-1 0:0 1:0 2:-1 2:0 3:0 3:1
W7A/GI-049,12686,-28949,-1:4 0:0 0:1 0:2 0:3 0:4 1:-1 1:0 1:1 1:2 1:3 2:1 2:2 2:3 3:2 3:3 4:3
W7A/GI-051,12555,-28814,-4:1 -3:1 -3:2 0:0 0:1 1:-1 1:0 1:1 1:3 2:0 2:1 2:3 3:1 3:2 3:3 4:0 4:1 4:2 5:0
W7A/GI-053,12625,-28909,-4:2 0:0
W7A/GI-055,12721,-28987,0:0 0:1 0:2 1:0 1:1 1:2 2:-3 2:-2 2:-1 2:0 2:1 3:-3 3:-2 3:-1 3:0 3:1 3:2 3:3 4:-2 4:-1 4:0 4:1 4:2
W7A/GI-057,12551,-28697,-1:0 0:0
W7A/GI-058,12513,-28675,-2:-2 -2:-1 -1:-1 -1:0 0:0
W7A/GI-059,12453,-28806,0:0 1:0
W7A/GM-001,12249,-28714,0:-1 0:0
W7A/GM-003,12429,-28545,-1:-3 -1:-2 -1:-1 0:-3 0:-2 0:-1 0:0 1:-2 1:-1 2:-1 3:-1 4:-2
W7A/GM-004,12039,-28719,-1:-1 0:0
W7A/GM-005,12174,-28706,-2:-2 0:0
W7A/GM-006,12375,-28630,-2:1 -2:2 -1:0 -1:1 -1:2 0:-1 0:0 0:1 0:2 1:-2 1:-1 1:0 1:2 2:0 3:-3
W7A/GM-007,12117,-28598,0:0
W7A/GM-009,12355,-28603,-4:0 -4:1 -3:-1 -3:0 -3:1 -3:2 -2:-1 -2:0 -2:1 -2:2 -2:3 -1:-2 -1:-1 -1:0 -1:1 -1:2 -1:3 -1:4 0:-4 0:-3 0:-2 0:-1 0:0 0:1 0:2 0:3 0:4 1:-4 1:-3 1:-2 1:-1 1:0 1:1 1:2 1:3 1:4 2:-3 2:-2 2:-1 2:0 2:1 2:2 2:3 3:1 3:2 3:3 4:1 4:2
W7A/GM-010,12229,-28561,0:0 1:0
W7A/GM-011,12318,-28578,-1:2 -1:3 0:0 0:1 0:2 0:3 1:0 2:1 3:1
W7A/GM-014,12209,-28723,0:0 0:2 1:-1 1:0 1:1 2:0
W7A/GM-015,12234,-28730,-2:1 0:0 0:1 1:0 2:4
W7A/GM-017,12238,-28721,0:-3 0:-2 0:-1 0:0 1:-1 1:0
W7A/GM-018,12096,-28755,0:0 2:-1 4:-1
W7A/GM-019,12306,-28538,-1:3 0:0 0:1 1:-1 1:0 1:1 1:2 2:-2 2:1
W7A/GM-020,12034,-28589,-1:-1 -1:0 0:-1 0:0
W7A/GM-021,12174,-28691,-1:-1 0:0 4:-1
W7A/GM-022,12228,-28741,0:-1 0:0 1:-1
W7A/GM-023,12234,-28520,0:0 0:1 0:4 1:0 1:3 2:0 2:1
W7A/GM-024,12112,-28756,-2:-3 -1:-3 -1:-1 0:-1 0:0
W7A/GM-026,12300,-28543,0:0 0:1 0:2 0:3 0:4 1:0 1:2 1:3 2:-1 3:-1 4:-2
W7A/GM-027,12046,-28597,-1:0 -1:1 0:0 1:-1 1:0 1:1 2:0
W7A/GM-032,12063,-28737,-4:-3 -3:-2 -1:-1 -1:0 0:-3 0:-1 0:0
W7A/GM-034,12286,-28543,-1:-1 0:-1 0:0 1:-2 1:1 1:2 2:1 2:2
W7A/GM-038,12130,-28671,-4:3 -2:-1 -2:3 -1:-1 -1:0 -1:3 0:0 1:0 3:1 4:1
W7A/GM-039,12278,-28543,-1:1 0:0 0:1 1:0 1:1 3:-1 4:0
W7A/GM-041,12293,-28634,0:0
W7A/GM-042,12104,-28730,-2:-2 0:0
W7A/GM-043,12268,-28586,-1:0 0:-1 0:0 0:1 1:-1
W7A/GM-045,12161,-28709,0:0
W7A/GM-050,12180,-28723,-2:3 -1:0 0:0
W7A/GM-055,12303,-28574,-3:0 -3:1 -2:-1 -2:0 -1:-1 -1:0 0:-1 0:0 1:-1 1:0 2:-2 2:-1
W7A/GM-056,12118,-28747,-4:1 -4:2 0:0
W7A/GM-057,12143,-28664,0:0 0:1 1:0
W7A/GM-058,12070,-28612,-2:2 -1:2 0:-1 0:0 0:1 0:2
W7A/GM-063,12202,-28550,-1:2 0:0
W7A/GM-067,12363,-28658,0:0 1:-1 3:-3
W7A/GR-001,12441,-28477,-4:-1 -4:0 -4:2 -3:-2 -3:-1 -3:0 -2:-3 -2:-2 -2:-1 -2:0 -2:1 -1:-3 -1:-2 -1:-1 -1:0 -1:1 -1:2 0:-2 0:-1 0:0 0:1 0:2 0:3 1:-2 1:-1 1:0 1:1 1:2 1:3 2:-2 2:-1 2:0 2:1 2:2 2:3 2:4 3:-2 3:-1 3:0 3:1 3:2 3:3 4:-2 4:-1 4:0 4:1 5:0
W7A/GR-002,12506,-28454,-5:1 -5:2 -4:-1 -4:0 -4:1 -4:2 -4:3 -3:-3 -3:-2 -3:-1 -3:0 -3:2 -3:3 -2:-3 -2:-2 -2:-1 -2:0 -2:1 -2:2 -2:3 -1:-3 -1:0 -1:1 -1:2 0:0 0:1 1:-2 1:-1 1:0 2:-3 2:-2 2:-1 2:0 3:-2 3:-1
W7A/GR-003,12419,-28423,-3:-3 -3:-2 -2:-3 -2:-2 0:-3 0:-2 0:-1 0:0 1:-1 1:0 3:1
W7A/GR-005,12388,-28459,0:0 1:0 1:1 3:-1 4:1
W7A/GR-006,12335,-28413,0:0 1:0 3:1
W7A/GR-007,12303,-28482,-1:-1 0:0 0:1 1:1
W7A/GR-008,12403,-28413,0:0 0:1 1:1
W7A/GR-009,12341,-28407,0:-1 0:0
W7A/GR-010,12307,-28492,0:0
W7A/GR-011,12271,-28490,-2:-1 -2:0 -1:-1 -1:0 0:0
W7A/GR-012,12287,-28488,-1:0 0:0 0:1
W7A/GR-013,12360,-28470,-4:2 -3:1 -2:0 -2:1 -2:2 0:0
W7A/GR-014,12251,-28415,-4:2 -2:1 -2:2 -1:0 -1:1 -1:2 0:-2 0:0 1:-2 1:-1 1:0 2:-2
W7A/GR-015,12256,-28421,-2:-1 -1:0 0:-1 0:0 1:-1 1:0 2:-3 2:-1 2:0 2:1 3:0
W7A/GR-017,12279,-28473,0:0
W7A/GR-018,12267,-28445,0:0 1:0
W7A/GR-019,12221,-28406,-1:0 0:0
W7A/GR-020,12291,-28466,0:-4 0:-3 0:0
W7A/GR-021,12266,-28472,-1:0 0:0 1:0 1:1 2:1 4:2
W7A/GR-023,12361,-28448,-1:0 0:0
W7A/GR-024,12314,-28449,-3:1 -2:1 -1:0 0:0 1:0 2:1
W7A/GR-025,12266,-28435,-2:-1 -1:-1 0:-1 0:0 1:0
W7A/GR-026,12278,-28441,-2:2 -2:3 -1:-1 -1:0 -1:3 0:-3 0:-2 0:-1 0:0 0:3 1:-2 1:-1 1:3 2:3
W7A/GR-028,12281,-28406,-4:0 -3:1 -3:2 -3:3 -2:1 -1:0 0:0 0:1
W7A/GR-033,12310,-28508,-1:1 -1:2 -1:3 0:0 0:1 0:4 1:0 3:3
W7A/GR-035,12247,-28424,0:0 4:1 5:0 5:1
W7A/MN-001,12472,-28993,-2:1 0:0
W7A/MN-002,12577,-29043,-1:1 0:0
W7A/MN-003,12519,-29018,0:0 0:1 0:2 0:4 1:2
W7A/MN-004,12397,-28943,-1:0 0:0
W7A/NA-001,13574,-28715,-3:-3 -3:-1 -3:1 -2:-3 -2:-2 -2:-1 -1:-4 -1:-3 -1:-2 -1:-1 -1:0 0:-4 0:-3 0:-2 0:-1 0:0
W7A/NA-002,13657,-28767,-5:1 -4:-2 -4:-1 -4:0 -4:1 -4:2 -3:-1 -3:0 -3:1 -3:2 -3:3 -2:0 -2:1 -2:2 -2:3 -1:0 -1:1 -1:2 -1:3 -1:4 0:-1 0:0 0:1 0:2 0:3 0:4 1:-3 1:2 1:3 2:-3 2:-2
W7A/NA-008,12704,-28610,-1:-1 -1:0 0:-1 0:0
W7A/NA-009,13640,-28718,-4:-1 -3:-1 -3:0 -1:-2 -1:-1 0:-4 0:-2 0:-1 0:0 1:-4 1:-3 2:-3 2:-2 3:-3 3:-2 4:-3
W7A/NA-010,13150,-28729,-4:-2 -3:-3 -3:-2 -3:-1 -2:-3 -2:-2 -2:-1 -2:0 -1:-3 -1:-2 -1:-1 -1:0 -1:1 0:-4 0:-3 0:-2 0:-1 0:0 0:1 0:2 1:-4 1:-3 1:-2 1:-1 1:0 1:1 1:2 2:-2 2:-1 2:0 2:1 2:2 2:3 3:-1 3:0 3:1 3:2 3:3 4:-2 4:-1 4:0 4:1 4:2 4:3 5:-1 5:0 5:1
W7A/NA-011,12652,-28773,-4:-2 -4:0 -3:-2 -3:0 -3:1 -2:-2 -2:0 -2:1 -2:3 -1:-1 -1:0 -1:1 -1:2 0:-1 0:0 0:1 0:2 0:3 1:-1 1:0 1:1 2:-1 2:0 2:1 2:2 3:0 4:-1 4:0
W7A/NA-013,13119,-28750,-3:2 -3:3 -2:0 -2:1 -2:2 -2:3 -1:-1 -1:0 -1:1 -1:2 -1:3 -1:4 0:-2 0:-1 0:0 0:1 0:2 0:3 0:4 1:2
W7A/NA-014,13659,-28739,-4:0 -4:1 -3:-2 -3:-1 -3:0 -3:1 -3:2 -2:-3 -2:-2 -2:-1 -2:0 -2:1 -2:2 -2:3 -1:-3 -1:-2 -1:-1 -1:0 -1:1 -1:2 -1:3 0:-1 0:0 0:1 0:2 0:3 1:-2 1:-1 1:0 2:-1 2:0 3:0 4:0
W7A/NA-015,13127,-28779,0:0
W7A/NA-016,13177,-28753,-2:1 -2:2 -1:0 -1:1 0:0
W7A/NA-017,13123,-28774,0:0 1:-1 1:0
W7A/NA-018,13662,-28727,-2:0 -1:0 0:0 1:-1
W7A/NA-019,13659,-28676,-3:1 -2:-3 -2:-2 -2:-1 -1:-2 -1:-1 -1:0 -1:1 0:-1 0:0 0:1 0:2 1:-1 1:0 1:1 1:2 1:3 1:4 2:0 2:2 2:3
W7A/NA-020,13141,-28764,-1:1 0:0
W7A/NA-021,13693,-28675,-5:1 -4:-2 -4:-1 -4:1 -3:-3 -3:-2 -3:-1 -3:0 -3:1 -2:-3 -2:-2 -2:-1 -2:0 -1:-2 -1:-1 -1:0 0:0
W7A/NA-022,13298,-28828,-4:-1 -4:0 -4:1 -4:2 -3:0 -3:1 -3:2 -2:0 -2:1 -2:2 -2:3 -1:-1 -1:0 -1:1 -1:2 -1:3 0:-1 0:0 0:1 0:2 0:3 1:-1 1:0 1:1 1:2 1:3 2:-1 2:0 2:1 2:2 2:3 3:-2 3:-1 3:0 3:1 3:3 4:-2 4:-1 4:0 4:1
W7A/NA-023,13165,-28755,0:0
W7A/NA-024,13074,-28753,0:0
W7A/NA-025,13080,-28739,-1:-1 -1:0 -1:1 0:-1 0:0 0:1 1:0 1:1
W7A/NA-026,13048,-28732,-2:-1 -1:-2 -1:-1 -1:0 -1:1 -1:2 0:-2 0:-1 0:0 0:1 0:2 1:-2 1:-1 1:0 1:1 1:2 2:-3 2:-2 2:-1 2:0 2:1 2:2 3:-3 3:-2 3:0 3:1 3:2 4:-2
W7A/NA-027,13087,-28749,-1:0 0:0
W7A/NA-028,13084,-28751,0:0
W7A/NA-029,13069,-28700,-2:0 -1:-2 -1:-1 -1:0 -1:1 0:-2 0:-1 0:0 0:1 1:-1 1:0
W7A/NA-030,13030,-28729,-1:-1 -1:0 -1:1 -1:2 0:-1 0:0 0:1 0:2 0:3 1:-2 1:-1 1:0 1:1 1:2 1:3 2:-1 2:0 2:1 2:2 2:3 3:-1 3:0 3:1 4:0 4:1 5:0
W7A/NA-031,13196,-28725,-1:0 0:0
W7A/NA-032,13086,-28681,-3:-3 -3:-2 -2:-3 -2:-2 -2:-1 -1:-1 0:-1 0:0 0:1 0:2 1:-2 1:-1 1:0 1:1 1:2 2:-2 2:-1 2:0 2:1 2:2 2:3 3:-2 3:-1 3:0 3:1 3:2 3:3 4:-2 4:-1 4:0 4:1 4:2
W7A/NA-033,13065,-28739,0:0 1:0
W7A/NA-034,13143,-28752,0:0
W7A/NA-035,13077,-28702,0:0
W7A/NA-036,13068,-28666,-2:-2 -2:-1 -2:0 -2:1 -1:-2 -1:-1 -1:0 -1:1 -1:2 -1:3 0:-2 0:-1 0:0 0:1 0:2 1:-2 1:-1 1:0 1:1 1:2
W7A/NA-037,13098,-28779,0:0
W7A/NA-039,13046,-28705,0:-1 0:0
W7A/NA-040,13073,-28672,-1:0 0:0
W7A/NA-041,13089,-28658,0:0
W7A/NA-043,13097,-28769,0:0
W7A/NA-044,13019,-28614,-1:-1 0:-1 0:0 1:-1 1:0 1:1 2:0
W7A/NA-045,13696,-28669,0:0
W7A/NA-046,13197,-28737,-1:0 0:-1 0:0 0:1 1:-1 1:0
W7A/NA-047,13618,-28690,-1:-3 0:-4 0:-3 0:0 1:-3 2:-3
W7A/NA-048,13037,-28705,0:0 0:1 1:0
W7A/NA-049,13037,-28692,0:0
W7A/NA-050,13013,-28707,0:0
W7A/NA-059,13639,-28705,0:0
W7A/NA-060,13323,-28660,-5:-1 -5:0 -4:-2 -4:-1 -4:0 -3:-3 -3:-2 -3:-1 -3:0 -2:-4 -2:-3 -2:-2 -2:-1 -2:0 -1:-4 -1:-3 -1:-2 -1:-1 -1:0 0:-4 0:-3 0:-2 0:-1 0:0 0:1 1:-4 1:-3 1:-2 1:-1 1:0 2:-4 2:-3 2:-2 2:-1 3:-3 3:-2 3:-1
W7A/NA-061,12647,-28770,-5:1 -4:2 -3:1 -3:2 -3:3 -2:-2 -2:-1 -2:0 -2:1 -2:2 -1:-1 -1:0 -1:1 -1:2 0:-1 0:0 0:1 0:2 1:-2 1:-1 1:0 2:-1 2:0 3:1 3:2
W7A/NA-063,13692,-28682,-4:0 -4:1 -4:2 -3:2 -3:3 -2:2 -2:3 -1:3 0:0
W7A/NA-064,13695,-28686,0:0
W7A/NA-065,13699,-28664,0:0
W7A/NA-066,13700,-28671,0:0
W7A/NA-067,13622,-28700,0:0
W7A/NM-001,13485,-29464,-5:1 -3:0 -3:1 -3:2 -2:-1 -2:0 -2:1 -2:2 -2:3 -1:-1 -1:0 -1:1 -1:2 -1:3 0:-2 0:-1 0:0 0:1 1:-3 1:-2
W7A/NM-002,13627,-29650,0:0
W7A/NM-003,13466,-29483,-3:1 -3:2 -3:3 -2:0 -2:1 -2:2 -2:3 -1:0 -1:1 -1:2 0:0 0:1 0:2 1:0 1:1 1:2
W7A/NM-004,13431,-29472,-2:0 -1:0 0:0 0:3 1:3 2:-2 3:-2 4:-2 4:-1 4:0
W7A/NM-008,13619,-29638,-3:1 -3:2 -2:0 -2:1 -2:2 -2:3 -1:-1 -1:0 -1:1 -1:2 -1:3 0:-1 0:0 0:1 0:2 0:3 1:-1 1:0 1:1 1:2 1:3 2:1 2:2 3:2 4:2
W7A/NM-010,13504,-29469,-1:0 0:0 0:1 2:-1 2:0 3:-1
W7A/NM-011,13162,-29738,0:0 1:0
W7A/NM-012,13373,-29568,-1:0 0:-2 0:-1 0:0 1:-2 1:-1
W7A/NM-013,13703,-29349,-4:-1 -3:-1 -3:0 -3:3 -2:-1 -2:0 -2:1 -2:2 -2:3 -2:4 -1:0 -1:1 -1:2 -1:3 -1:4 0:0 0:1 0:2 0:3 0:4 1:-2 1:-1 1:0 1:1 1:2 1:3 1:4 2:0 2:1 2:2 2:4 3:-1 3:0 3:1 3:2 4:-1 4:0 4:1 4:2
W7A/NM-014,13110,-29724,0:0 1:0 3:-1
W7A/NM-015,13482,-29558,-4:-1 -4:0 -4:1 -4:2 -3:-1 -3:0 -3:1 -3:2 -3:3 -2:-3 -2:-1 -2:0 -2:1 -2:2 -2:3 -2:4 -1:-3 -1:-2 -1:-1 -1:0 -1:1 -1:2 -1:3 -1:4 0:-2 0:-1 0:0 0:1 0:2 0:3 0:4 1:-3 1:-2 1:-1 1:0 1:1 1:2 1:3 1:4 2:-3 2:-2 2:-1 2:0 2:1 2:2 2:3 2:4 3:-3 3:-2 3:-1 3:0 3:1 3:3 3:4 4:-2 4:-1
W7A/NM-016,13262,-29684,-1:0 0:0 0:1 3:2
W7A/NM-017,13390,-29550,-5:0 -4:0 -4:1 -4:2 -3:-1 -3:0 -3:1 -3:2 -3:3 -2:-2 -2:-1 -2:0 -2:1 -2:2 -2:3 -1:-3 -1:-2 -1:-1 -1:0 -1:1 -1:2 -1:3 -1:4 0:-3 0:-2 0:-1 0:0 0:1 0:2 0:3 0:4 1:-3 1:-2 1:-1 1:0 1:1 1:2 1:3 2:-3 2:-2 2:-1 2:0 2:1 2:2 2:3 3:-3 3:-2 3:-1 3:0 3:1 3:2 3:3 4:-2 4:-1 4:0 4:1 4:2
W7A/NM-020,13397,-29636,-3:1 -2:1 -2:2 -1:1 -1:2 -1:3 -1:4 0:0 0:1 0:2 0:3 1:0 1:1 1:2 1:3 1:4 2:1 2:2 2:3 3:1 3:3 4:1 4:2
W7A/NM-021,13203,-29646,-1:1 0:0 0:2 1:0 2:0 2:1 3:0
W7A/NM-022,13156,-29608,0:0 1:-2 1:-1 1:0 1:1 2:-2 2:-1 3:-2 3:1 4:1 4:2
W7A/NM-023,13071,-29561,-2:-2 -2:-1 -1:-2 -1:-1 -1:0 0:-2 0:-1 0:0 1:-2 1:-1 2:-1
W7A/NM-024,13691,-29378,-5:-1 -5:0 -4:-1 -4:0 -4:1 -3:-1 -3:0 -3:1 -3:2 -2:0 -2:1 -2:2 -1:-1 -1:0 -1:1 -1:2 -1:3 0:-1 0:0 0:1 0:2 0:3 1:-2 1:-1 1:0 1:1 1:2 1:3 1:4 2:-2 2:-1 2:0 2:1 2:2 2:3 3:-2 3:-1 3:0 3:1 3:2 3:3 4:-2 4:-1 4:0 4:1
W7A/NM-025,13436,-29549,-4:0 -4:1 -3:-1 -3:0 -3:1 -3:2 -2:-1 -2:0 -2:1 -2:2 -1:-1 -1:0 -1:1 -1:2 -1:3 0:-1 0:0 0:1 0:2 1:-2 1:-1 1:0 1:1 1:2 2:-3 2:-2 2:-1 2:0 2:1 2:2 3:-2 3:-1 3:0 3:1 4:-2 4:-1
W7A/NM-027,13521,-29481,-1:-3 -1:-2 -1:-1 -1:0 0:-3 0:-2 0:-1 0:0 1:-2
W7A/NM-028,13314,-29549,-4:-1 -4:0 -3:-1 -3:0 -3:1 -3:2 -2:-2 -2:-1 -2:0 -2:1 -2:2 -1:-2 -1:-1 -1:0 -1:1 -1:2 0:-2 0:-1 0:0 0:1 0:2 1:-2 1:-1 1:0 1:1 1:2 2:-2 2:-1 2:0 2:1 2:2 3:-1 3:0 3:1 3:2
W7A/NM-030,13581,-29685,-1:-1 -1:0 0:0
W7A/NM-031,13276,-29691,-3:1 -2:-3 -2:0 -2:1 -1:-2 -1:-1 -1:0 -1:1 0:-2 0:-1 0:0 0:1 1:1
W7A/NM-032,13513,-29430,0:-1 0:0 0:1 1:0
W7A/NM-033,13487,-29418,-1:0 -1:1 0:-1 0:0 0:1 0:2 1:-1 1:0
W7A/NM-034,13260,-29699,-3:2 -3:3 -2:1 -1:0 0:0 1:-1 1:0 2:-1 2:0 3:-2 3:-1 3:0 4:-2 4:-1
W7A/NM-035,13627,-29587,-4:-2 -4:-1 -4:0 -4:1 -4:2 -3:-3 -3:-2 -3:-1 -3:0 -3:1 -3:2 -3:3 -2:-3 -2:-2 -2:-1 -2:0 -2:1 -2:2 -2:3 -2:4 -1:-4 -1:-3 -1:-2 -1:-1 -1:0 -1:1 -1:2 -1:3 -1:4 0:-4 0:-3 0:-2 0:-1 0:0 0:1 0:2 0:3 0:4 1:-4 1:-3 1:-2 1:-1 1:0 1:1 1:2 1:3 1:4 2:-3 2:-2 2:-1 2:0 2:1 2:2 2:3 2:4 3:-3 3:-2 3:-1 3:0 3:1 3:2 3:3 4:-2 4:-1 4:0 4:1 4:2 5:0
W7A/NM-036,13097,-29549,-1:0 -1:2 0:0 0:1 0:2 0:3 0:4 1:0 1:3
W7A/NM-037,13503,-29543,-1:0 -1:1 0:0 0:1 0:2 0:3 1:0 1:1 1:2 1:3
W7A/NM-038,13544,-29525,0:0
W7A/NM-039,13551,-29461,-4:0 -3:0 -2:0 -1:-1 -1:0 0:-1 0:0 1:-1 1:0 2:-1
W7A/NM-040,13075,-29629,-3:2 -2:1 -1:1 0:0
W7A/NM-043,13671,-29396,-2:2 -2:3 -1:0 -1:1 0:0 0:1 1:1
W7A/NM-044,13539,-29513,-2:1 -2:2 -1:0 -1:1 0:0 0:1 1:0
W7A/NM-045,13602,-29600,-1:0 0:0 0:1
W7A/PE-001,11995,-28866,-1:0 0:0
W7A/PE-002,11997,-28825,-1:0 0:-1 0:0 0:1 1:0 4:-3
W7A/PE-003,12025,-28859,0:0 1:0 2:0
W7A/PE-004,12034,-28841,-2:0 -1:0 0:0 1:0
W7A/PE-005,11991,-28875,-3:1 -1:-1 -1:0 0:-1 0:0
W7A/PE-006,11773,-29060,0:0 1:0 1:1 2:2
W7A/PE-008,11769,-28853,-1:0 0:0 1:0
W7A/PE-009,11987,-28880,0:0 1:3 1:4 2:3 3:3
W7A/PE-010,11853,-29046,0:0
W7A/PE-012,11787,-28847,-1:0 0:-2 0:0 1:0 4:1
W7A/PE-013,11993,-28883,0:0
W7A/PE-014,11812,-28836,0:0 1:1
W7A/PN-001,12056,-28842,-4:-2 -3:-2 -1:1 0:0
W7A/PN-002,12147,-28774,0:0 1:-1 1:0 2:0
W7A/PN-003,12157,-28782,-1:1 0:0 0:1 1:0 1:1 1:2 2:2 3:0
W7A/PN-004,12393,-28954,-3:0 -1:-2 -1:0 0:0
W7A/PN-005,12382,-28951,0:0 1:0
W7A/SC-001,11733,-28866,0:0 4:-1 4:0 5:0 5:1
W7A/SC-002,11612,-28835,0:0 1:-1
W7A/SC-003,11642,-28840,-1:0 0:0 1:-1 1:0 2:0 4:-3
W7A/SC-004,11633,-28842,0:0 0:1 1:1
W7A/SC-005,11733,-28769,-3:1 -1:0 0:0
W7A/SC-007,11641,-28945,-4:0 0:0 1:0
W7A/SC-008,11669,-28835,-2:-2 -1:-1 0:0
W7A/SC-009,11738,-28770,-4:1 -1:-2 0:0
W7A/SC-010,11653,-28775,-4:-1 -4:1 -3:-1 -3:0 -1:1 -1:2 0:-1 0:0
W7A/SC-011,11647,-28834,-3:1 -2:0 -1:0 0:0
W7A/SC-012,11660,-28787,-2:3 -1:0 0:-1 0:0
W7A/SC-013,11741,-28774,0:0 1:0
W7A/SC-014,11669,-28795,0:0
W7A/SC-016,11647,-28940,-2:-3 0:-4 0:-3 0:0 1:0
W7A/SC-017,11679,-28897,-2:1 -1:0 0:0
W7A/SM-001,12996,-29661,-4:-2 -3:-3 -2:-3 -2:-2 0:-1 0:0
W7A/SM-002,13006,-29654,0:0
W7A/SM-003,12952,-29674,-2:0 -1:1 0:0 1:0
W7A/SM-004,12916,-29651,0:0 0:1
W7A/SM-006,12877,-29650,0:0 3:2
W7A/SM-007,12927,-29664,0:0 2:1
W7A/SM-009,12935,-29652,0:0
W7A/SM-011,12928,-29517,0:0 3:1
W7A/SM-013,12897,-29545,-2:1 -2:2 -1:0 0:0 0:1 1:0 2:0 3:-1 3:0
W7A/SM-016,12992,-29524,0:0
W7A/YV-001,12746,-29283,0:0 0:1 1:0 1:1
W7A/YV-002,12828,-29311,-1:0 0:0 1:0
W7A/YV-003,12851,-29216,-2:0 -1:0 0:0 1:1 2:1 3:1 4:2
W7A/YV-004,12944,-29505,-2:0 0:-1 0:0 1:-1 1:0
W7A/YV-005,12940,-29456,-1:-1 0:-1 0:0 1:-1
W7A/YV-006,12899,-29411,0:0 1:1
W7A/YV-007,12930,-29421,-4:-2 -4:-1 -3:-3 -3:-2 -3:-1 -2:-2 -2:-1 -1:-2 -1:-1 0:-2 0:-1 0:0 1:-2 1:-1 1:0 1:1 1:2 2:-1 2:3 3:1
W7A/YV-008,12649,-29250,0:-1 0:0 1:-3 1:-2 1:-1 1:0 2:-4 2:-3 2:-2 2:-1 2:0 3:-1
W7A/YV-009,13048,-29360,-1:-1 -1:0 0:0
W7A/YV-010,12943,-29410,0:0 0:2 0:3 1:-1 1:0 1:1 1:2 1:3 2:-3 2:-2 2:-1 2:0 2:1 2:2 2:3 3:-3 3:-2 3:-1 3:0 3:2 3:3 4:-3 4:-2 4:-1 4:0 4:1 5:-2 5:-1 5:0 5:1
W7A/YV-011,12818,-29317,0:0 0:1
W7A/YV-012,12680,-29274,-1:0 0:0 0:1 0:2 0:3
W7A/YV-013,12780,-29255,-3:-1 -3:1 -2:0 -2:1 -1:0 0:-1 0:0 3:1 4:0
W7A/YV-014,12831,-29194,-3:3 -2:1 -2:2 -1:0 -1:1 -1:2 0:-1 0:0 0:1 1:0
W7A/YV-015,12814,-29314,-1:-2 -1:-1 0:-1 0:0 3:-3
W7A/YV-016,12663,-29236,0:-1 0:0 0:1 1:0
W7A/YV-017,12943,-29164,-1:1 -1:2 0:0 0:1 0:2 0:3 0:4 1:-1 1:0 1:1 1:2 1:3 2:-3 2:-2 2:-1 2:0 2:1 2:2 2:3 3:-3 3:-2 3:-1 3:0 3:2 3:3 4:-2
W7A/YV-018,12970,-29393,-1:0 0:0 1:-2
W7A/YV-020,13078,-29453,-1:-1 0:-1 0:0 0:1 1:0 1:1 1:3 2:0 2:1 2:2 2:3
W7A/YV-021,12941,-29126,-1:1 0:-4 0:0 1:-1 1:0 2:-2
W7A/YV-022,13042,-29454,-2:-2 -2:-1 -2:0 -1:-3 -1:-2 -1:-1 -1:0 0:-3 0:-2 0:-1 0:0 0:1 1:-1 1:0 1:1
W7A/YV-023,12876,-29390,0:0 0:1 0:2 1:0 1:1 1:2 2:0 3:-2 3:-1
W7A/YV-024,12713,-29378,0:0 1:0
W7A/YV-025,12937,-29136,-5:-1 -5:0 -4:-1 -4:0 -4:2 -3:-3 -3:-2 -2:-2 -2:-1 -1:-3 -1:-2 -1:-1 -1:0 0:-1 0:0 1:-1 2:2 3:-3 3:-2 3:3 4:-1 4:1
W7A/YV-026,12766,-29135,0:-2 0:-1 0:0 0:1
W7A/YV-029,13021,-29491,-1:0 0:-2 0:-1 0:0 1:0 2:-3
W7A/YV-030,12786,-29368,0:-1 0:0 0:1 0:2 1:1 1:2 2:1 2:2 3:1 3:2
W7A/YV-032,12874,-29381,-2:-3 -2:-1 0:-3 0:0 0:1 0:2 0:3 0:4 1:0 2:0 3:-1
W7A/YV-033,12723,-29251,0:0
W7A/YV-034,12674,-29343,-2:-2 -2:1 -1:-1 -1:0 -1:1 0:0 1:0 2:-1 2:0 3:-1
W7A/YV-035,12819,-29177,0:0 1:-1 1:0 2:-4
W7A/YV-036,12920,-29117,0:0
W7A/YV-037,12876,-29233,0:0 1:-1 2:-1 3:-1
W7A/YV-038,12811,-29188,0:-2 0:-1 0:0 1:-1 1:0 2:-4 2:-3 3:-4
W7A/YV-039,12840,-29435,-1:0 -1:1 -1:2 -1:3 0:0 0:1 0:3 1:0
W7A/YV-043,12851,-29397,0:0 1:1 1:2 2:1
W7A/YV-044,12797,-29364,0:0 0:1 1:0 3:-2
W7A/YV-045,12810,-29267,-3:0 -1:-1 -1:0 -1:1 -1:2 -1:3 0:-1 0:0 0:1 0:2 0:3 1:-1 1:0 1:1 2:0 2:1 3:1 3:2
W7A/YV-048,12640,-29273,-1:1 0:0 1:0 2:0 3:0 4:0 5:0
W7A/YV-050,12761,-29152,-1:-1 -1:0 0:-1 0:0 1:-2 1:2
W7A/YV-051,12981,-29314,-4:-1 -4:0 -4:1 -4:2 -3:1 -3:2 -3:3 -2:-4 -2:-1 -2:0 -2:1 -2:2 -2:3 -1:-4 -1:-3 -1:-2 -1:-1 -1:0 -1:1 -1:2 -1:3 0:-4 0:-3 0:-2 0:-1 0:0 0:1 0:2 0:3 0:4 1:-4 1:-3 1:-2 1:-1 1:0 1:1 1:2 1:3 1:4 2:-4 2:-3 2:-2 2:-1 2:0 2:1 2:2 2:3 3:-2 3:-1 3:0 3:1 3:2 3:3 4:-1 4:0 4:1 4:2 5:-1 5:0
W7A/YV-052,12924,-29175,-3:0 -3:1 -2:-2 -2:-1 -2:0 -2:1 -2:2 -1:-1 -1:0 -1:1 -1:2 0:-2 0:-1 0:0 0:1 0:2 0:3 0:4 1:-1 1:0 1:1 1:2 1:3 1:4 2:-1 2:0 2:1 2:2 2:3 3:0 3:1 3:2 3:3 4:0 4:1
W7A/YV-054,12802,-29181,0:-1 0:0 0:1 0:3 1:2 1:3 2:1 2:2 2:3 3:1 4:1
W7A/YV-187,12905,-29410,-1:-1 -1:0 0:-1 0:0 0:1 1:-2 1:-1 1:0 1:1 2:-1 2:0 2:1 3:0 3:1 3:2 4:2
W7I/BC-001,16300,-29944,0:0 3:2
W7I/BC-002,16305,-29958,0:0
W7I/BC-003,16330,-29948,0:0 1:1
W7I/BC-005,16342,-29960,0:0 2:-2 2:-1
W7I/BC-006,16317,-29960,0:0
W7I/BC-007,16325,-29962,0:0 0:1
W7I/BC-008,16355,-29964,0:0
W7I/BC-009,16322,-29960,0:0
W7I/BC-011,16277,-29951,0:0
W7I/BC-012,16330,-29966,0:0
W7I/BC-014,16316,-29962,-1:1 -1:2 0:0 1:-1 2:1
W7I/BC-015,16276,-29968,0:0
W7I/BC-016,16294,-29976,0:0
W7I/BC-018,16336,-29956,0:0
W7I/BC-019,16280,-29972,0:-1 0:0
W7I/BC-021,16286,-29978,-3:-2 -1:1 0:0
W7I/BC-023,16297,-29987,0:0 1:1 2:0 4:1
W7I/BL-001,16203,-29722,0:0
W7I/BL-002,16212,-29725,-1:0 0:0
W7I/BL-003,16206,-29702,0:0
W7I/BL-004,16200,-29718,0:0
W7I/BL-005,16255,-29792,0:0
W7I/BL-006,16196,-29721,0:0 3:2
W7I/BL-007,16257,-29822,-5:0 -4:1 -2:1 -1:0 0:-1 0:0 1:-3 1:-2
W7I/BL-008,16238,-29833,0:0
W7I/BL-009,16255,-29845,0:0
W7I/BL-010,16241,-29840,0:0
W7I/BL-011,16245,-29821,0:-1 0:0 3:-2 4:-2
W7I/BL-012,16218,-29735,0:0
W7I/BL-013,16188,-29705,-1:0 0:0
W7I/BL-014,16155,-29646,0:0 2:-2 2:-1
W7I/BL-017,16166,-29663,0:0
W7I/BL-018,16273,-29941,0:0 1:0
W7I/BL-019,16165,-29660,0:0 1:0
W7I/BL-021,16174,-29713,0:0
W7I/BL-022,16160,-29658,0:0
W7I/BL-023,16174,-29665,-4:1 -3:1 0:0 1:1 4:0 5:0
W7I/BL-025,16222,-29764,0:0 2:-2 3:-3
W7I/BL-026,16230,-29874,-3:-1 -3:0 -1:0 0:0 1:0
W7I/BL-027,16181,-29674,-1:0 0:0
W7I/BL-028,16234,-29814,0:0 1:0 2:0
W7I/BL-030,16208,-29858,-3:1 -2:0 -1:0 0:0
W7I/BL-031,16187,-29722,-2:-1 0:0
W7I/BL-032,16266,-29935,0:0
W7I/BL-033,16177,-29671,-1:2 0:0
W7I/BL-034,16240,-29910,-3:0 -2:-1 -1:-1 0:0 1:0
W7I/BL-035,16284,-29931,-1:0 0:0
W7I/BL-036,16174,-29865,-3:4 -1:-1 -1:0 -1:1 -1:3 0:0 1:0
W7I/BL-037,16213,-29869,-1:0 0:0 1:0 3:1 5:0
W7I/BL-038,16201,-29862,-4:2 -3:0 -1:0 0:-4 0:0
W7I/BL-040,16266,-29862,-1:0 0:0 1:-1
W7I/BL-041,16181,-29867,-3:0 -2:0 -1:0 0:0
W7I/BL-042,16276,-29924,-5:-1 0:0 1:0 2:0
W7I/BL-046,16246,-29905,0:-1 0:0
W7I/BL-047,16191,-29749,0:0 0:1 0:2
W7I/BL-058,16164,-29725,-1:-1 -1:0 0:0 1:0 1:1
W7I/BL-059,16176,-29841,-1:0 -1:1 0:-1 0:0
W7I/BL-148,16245,-29840,-1:-1 0:0 1:0
W7I/BL-149,16239,-29828,-2:0 -1:3 0:-1 0:0 2:-1 3:0
W7I/CI-001,16348,-29449,0:0 1:0
W7I/CI-002,16342,-29450,-3:2 0:0 5:0 5:1
W7I/CI-003,16324,-29446,0:0
W7I/CI-004,16334,-29447,0:0 0:1 3:-1 4:-1
W7I/CI-005,16270,-29515,-1:0 0:0
W7I/CI-006,16265,-29514,0:0 1:0
W7I/CI-007,16326,-29453,-3:2 -1:0 0:0
W7I/CI-008,16354,-29453,-1:0 0:0
W7I/CI-009,16358,-29461,-1:-1 -1:0 0:0
W7I/CI-010,16380,-29462,-1:0 0:0
W7I/CI-011,16359,-29449,0:0 0:1 1:0 2:0 3:0 4:0
W7I/CI-012,16273,-29416,-1:-1 -1:0 0:0
W7I/CI-013,16219,-29496,0:0 0:1
W7I/CI-014,16371,-29458,-3:-4 0:0 1:0
W7I/CI-015,16355,-29466,-1:0 0:0 0:1
W7I/CI-016,16287,-29524,-1:0 0:0 1:0
W7I/CI-017,16284,-29519,-4:3 -1:1 0:0 0:1 0:2
W7I/CI-018,16249,-29510,-1:2 -1:3 0:0 4:-1
W7I/CI-020,16307,-29433,0:0
W7I/CI-021,16305,-29437,-2:0 -1:-1 -1:0 0:0 1:4
W7I/CI-022,15624,-29600,0:0 0:1 1:0 1:1
W7I/CI-023,16199,-29942,0:0 1:-2
W7I/CI-024,16108,-29932,0:0 4:2
W7I/CI-025,16173,-29878,0:0 1:0 2:0
W7I/CI-026,16312,-29434,-5:0 -4:0 -4:1 0:0
W7I/CI-027,16199,-29909,-4:0 0:0
W7I/CI-031,16212,-29920,-1:0 0:0 2:2
W7I/CI-033,16335,-29516,-1:0 -1:1 0:0
W7I/CI-036,16125,-29960,-4:3 -1:0 0:0
W7I/CI-040,16187,-29936,0:0
W7I/CI-140,16306,-29429,-3:3 0:-1 0:0 1:0
W7I/CU-001,16347,-29631,-1:0 0:0
W7I/CU-002,16326,-29619,0:0 0:1
W7I/CU-003,16320,-29613,-1:3 0:0
W7I/CU-004,16320,-29603,-2:0 -1:0 0:0
W7I/CU-005,16311,-29598,0:0 0:3 1:0
W7I/CU-006,16335,-29630,0:0
W7I/CU-007,16301,-29579,0:0 0:1
W7I/CU-009,16323,-29616,0:0 4:-2
W7I/CU-010,16313,-29590,0:0
W7I/CU-011,16327,-29624,0:0 2:-4
W7I/CU-012,16212,-29696,0:0 1:0
W7I/CU-013,16221,-29728,0:0
W7I/CU-014,16338,-29602,0:0
W7I/CU-015,16219,-29690,0:0 0:1
W7I/CU-016,16311,-29841,0:0
W7I/CU-017,16226,-29691,-3:1 0:0 1:0
W7I/CU-018,16308,-29572,-1:0 0:-1 0:0 1:-1
W7I/CU-019,16260,-29795,0:0
W7I/CU-020,16221,-29706,0:0
W7I/CU-021,16294,-29583,0:0
W7I/CU-022,16371,-29636,-1:-2 0:-1 0:0 1:0
W7I/CU-023,16263,-29813,0:0 1:-1
W7I/CU-024,16324,-29585,-4:2 -2:1 0:0
W7I/CU-025,16331,-29596,0:0
W7I/CU-026,16185,-29639,0:0
W7I/CU-027,16340,-29851,-3:0 0:0
W7I/CU-028,16312,-29585,0:-4 0:0 1:-4
W7I/CU-029,16333,-29636,0:0 1:0 3:-1
W7I/CU-030,16230,-29683,-1:0 0:0 0:1
W7I/CU-031,16334,-29852,-1:0 0:0
W7I/CU-032,16283,-29562,0:-1 0:0 1:-1 4:-3
W7I/CU-033,16293,-29568,-2:2 0:0 3:1 4:0 4:1
W7I/CU-034,16324,-29847,0:0
W7I/CU-035,16232,-29617,0:0
W7I/CU-036,16235,-29618,0:0 1:-1 2:-1 2:0 3:-4
W7I/CU-037,16330,-29847,0:0 1:-3
W7I/CU-038,16307,-29566,-1:0 0:-1 0:0
W7I/CU-039,16239,-29626,-1:3 0:0 0:1 0:3 0:4 1:-1 2:-2 3:-3
W7I/CU-040,16186,-29648,-3:-3 -1:0 0:0 2:-1 4:-2
W7I/CU-041,16327,-29838,0:0 1:0
W7I/CU-042,16195,-29636,0:0 0:1 1:1
W7I/CU-043,16381,-29658,0:0 1:2
W7I/CU-044,16402,-29659,0:0
W7I/CU-045,16413,-29671,0:0
W7I/CU-046,16431,-29664,-2:1 0:0
W7I/CU-047,16400,-29664,0:0
W7I/CU-048,16421,-29669,-1:0 0:0 2:-1
W7I/CU-049,16274,-29790,0:0
W7I/CU-050,16194,-29654,0:0
W7I/CU-051,16415,-29666,0:0
W7I/CU-052,16389,-29656,0:0
W7I/CU-053,16318,-29570,0:0 2:1
W7I/CU-054,16315,-29839,-4:-1 -3:-2 0:-1 0:0
W7I/CU-055,16320,-29782,-5:0 -3:-1 -1:0 0:0
W7I/CU-057,16246,-29618,-3:-1 -3:0 -3:1 -2:0 -2:1 0:0 1:0 2:-4
W7I/CU-058,16299,-29562,-2:-4 -1:-4 -1:0 0:0
W7I/CU-059,16258,-29754,0:0
W7I/CU-060,16205,-29649,-1:2 0:0 0:1
W7I/CU-061,16341,-29858,0:0
W7I/CU-062,16348,-29951,0:-2 0:0
W7I/CU-063,16405,-29668,0:0 4:-2
W7I/CU-064,16428,-29545,0:0 0:1 1:-2 1:-1
W7I/CU-066,16425,-29680,0:0
W7I/CU-067,16393,-29660,0:-1 0:0
W7I/CU-068,16307,-29854,0:0
W7I/CU-071,16312,-29940,0:0
W7I/CU-072,16352,-29950,0:0
W7I/CU-073,16275,-29843,0:0
W7I/CU-076,16346,-29859,-4:1 0:0
W7I/CU-078,16354,-29860,-1:0 0:0
W7I/CU-079,16230,-29745,-3:3 -3:4 -1:1 0:0 1:1 2:1
W7I/CU-081,16299,-29863,0:0 1:1 1:2
W7I/CU-082,16277,-29854,-1:0 0:0
W7I/CU-083,16338,-29949,-4:1 0:0
W7I/CU-084,16347,-29865,-3:-2 -3:-1 -1:5 0:0
W7I/CU-085,16189,-29667,0:0 1:0 2:-1 5:-1
W7I/CU-086,16509,-29817,0:0
W7I/CU-088,16277,-29771,-1:0 0:0
W7I/CU-091,16516,-29812,-1:0 0:0
W7I/CU-092,16475,-29897,0:0 4:-2
W7I/CU-093,16432,-29778,-3:-3 0:0 0:1 0:2
W7I/CU-097,16194,-29678,-1:0 0:0
W7I/CU-098,16264,-29859,-1:0 0:0 0:3
W7I/CU-099,16333,-29942,0:0
W7I/CU-101,16520,-29809,0:-1 0:0
W7I/CU-104,16341,-29587,-2:-4 0:-4 0:0 0:1
W7I/CU-106,16293,-29931,-1:-2 0:-1 0:0
W7I/CU-109,16470,-29891,0:0
W7I/CU-113,16463,-29923,0:0
W7I/CU-114,16270,-29676,0:0 3:-2
W7I/CU-118,16526,-29805,-4:-1 -1:0 0:0 1:0
W7I/CU-120,16447,-29922,0:0
W7I/CU-121,16367,-29886,0:0 0:1
W7I/CU-122,16313,-29830,0:-1 0:0 0:1 1:1
W7I/CU-123,16507,-29927,0:0
W7I/CU-124,16283,-29883,-4:0 -4:1 -2:1 0:0 2:2
W7I/CU-125,16453,-29781,-3:-1 -3:0 -2:-1 -1:0 0:0 1:0 2:0
W7I/CU-126,16493,-29855,0:0
W7I/CU-127,16320,-29937,-2:1 0:0 1:-3
W7I/CU-128,16377,-29885,-2:-1 -1:-1 -1:0 0:0 0:1 1:0
W7I/CU-130,16359,-29961,-3:-4 0:0
W7I/CU-131,16291,-29747,-2:4 -1:-1 -1:0 -1:1 -1:2 -1:3 -1:4 0:-2 0:0 0:1 0:2 1:2
W7I/CU-132,16375,-29970,-3:4 -1:0 0:0
W7I/CU-133,16451,-29870,0:0
W7I/CU-135,16491,-29881,0:0
W7I/CU-140,16448,-29838,-1:0 0:-2 0:-1 0:0 1:-1 1:0 2:0
W7I/CU-145,16425,-29851,-3:-1 -2:0 0:0 1:3
W7I/CU-148,16593,-29770,-1:0 0:-1 0:0
W7I/CU-151,16423,-29732,-1:0 0:0 1:-1 2:-1
W7I/CU-158,16363,-29899,-3:1 -1:0 0:0 0:1 1:1
W7I/CU-160,16215,-29580,0:0
W7I/CU-161,16461,-29873,-2:3 0:-1 0:0
W7I/CU-165,16202,-29681,0:0 0:1 0:2 2:-4
W7I/CU-169,16585,-29773,-1:0 0:0
W7I/CU-171,16271,-29711,-2:1 -1:1 0:0
W7I/CU-178,16394,-29573,-2:-1 -1:-3 -1:-2 -1:-1 0:-3 0:-2 0:-1 0:0 0:1 1:-2 1:-1 1:0 1:1 1:2
W7I/CU-184,16447,-30011,-4:-2 -3:0 -2:0 -1:0 0:0 1:0
W7I/CU-348,16198,-29638,-3:1 -2:1 0:-1 0:0 1:-3 1:0
W7I/CU-349,16314,-29613,-1:0 0:0 4:1 4:2 5:-1 5:0
W7I/CU-350,16333,-29943,0:0
W7I/ER-001,16288,-29417,-2:0 -1:0 0:0 1:0
W7I/ER-002,16291,-29419,0:0 0:1
W7I/ER-003,16302,-29425,-1:2 0:-1 0:0
W7I/ER-004,16414,-29362,-1:0 0:-1 0:0
W7I/ER-005,16570,-29010,-3:-1 -2:-1 -2:0 -1:0 -1:2 0:0 2:-1 2:0 3:0
W7I/ER-006,16360,-29384,-1:2 0:0 0:1 1:1 1:2 2:1 3:1
W7I/ER-007,16475,-29323,0:-1 0:0 1:0 2:0
W7I/ER-008,16559,-29015,0:0
W7I/ER-009,16504,-29038,0:-1 0:0 1:-2
W7I/ER-010,16564,-28997,0:0 1:0
W7I/ER-011,16060,-28931,-3:-1 -2:-1 0:0
W7I/ER-012,16472,-29317,0:0
W7I/ER-013,16062,-28940,0:0 2:0
W7I/ER-016,16506,-29133,-5:1 -4:1 -3:-3 -3:0 -2:-1 -2:0 -2:1 -1:0 -1:1 0:0
W7I/ER-017,16504,-29023,-1:1 0:0 0:1 1:0
W7I/ER-019,16504,-29085,-2:2 -2:3 -1:0 -1:1 0:0
W7I/ER-021,16085,-28961,-1:3 0:0 1:0
W7I/ER-023,15960,-28988,-3:2 0:0 1:0
W7I/ER-025,16437,-29362,-2:2 -1:1 0:0 0:1
W7I/LE-001,16383,-29478,0:0
W7I/LE-002,16427,-29381,-4:3 -3:1 -2:0 -1:0 0:-4 0:-1 0:0
W7I/LE-003,16471,-29569,-1:0 -1:1 0:0
W7I/LE-004,16462,-29427,0:0
W7I/LE-005,16467,-29564,-1:-1 0:-1 0:0 2:-4 2:-3
W7I/LE-006,16585,-29653,0:0
W7I/LE-007,16550,-29644,0:0
W7I/LE-008,16489,-29563,0:0
W7I/LE-009,16459,-29431,-3:0 -1:0 0:0
W7I/LE-010,16496,-29588,-1:-1 0:0 1:-1
W7I/LE-011,16440,-29502,0:0 1:-1
W7I/LE-012,16515,-29564,0:-2 0:0 1:-1 1:0
W7I/LE-013,16464,-29513,-4:0 -1:0 0:0
W7I/LE-014,16549,-29599,-1:0 0:0 0:1
W7I/LE-016,16580,-29650,0:0
W7I/LE-017,16453,-29512,0:0 1:1
W7I/LE-019,16539,-29607,-2:0 -1:0 0:0
W7I/LE-020,16566,-29641,-1:-3 -1:-2 0:-1 0:0 1:0 1:1
W7I/LE-021,16510,-29572,-1:0 0:0 3:1 3:2 4:1
W7I/LE-022,16595,-29657,-1:0 0:-1 0:0
W7I/LE-023,16411,-29493,-4:1 -4:2 0:-1 0:0 1:0
W7I/LE-024,16390,-29478,0:0 1:1 2:1
W7I/LE-025,16535,-29596,-1:0 0:0
W7I/LE-026,16498,-29440,-2:2 -1:0 -1:1 0:0 1:0
W7I/LE-027,16389,-29467,0:0 1:0
W7I/LE-028,16517,-29588,-1:-1 0:-1 0:0
W7I/LE-029,16499,-29576,0:-1 0:0 0:1 2:3 2:4
W7I/LE-030,16474,-29522,0:0 1:1
W7I/LE-031,16543,-29611,0:0
W7I/LE-033,16533,-29602,-1:1 0:0 1:0
W7I/LE-034,16497,-29552,0:-2 0:-1 0:0 1:-3 3:0
W7I/LE-035,16480,-29533,-3:2 -1:-1 -1:0 0:-1 0:0 1:0 2:1
W7I/LE-036,16504,-29568,-2:-4 -2:-3 -1:-4 0:0 1:-2 1:-1 1:0
W7I/LE-038,16393,-29486,0:0 0:1 1:0 4:-1
W7I/LE-039,16420,-29493,-2:0 -1:0 0:-2 0:-1 0:0 1:-2
W7I/LE-040,16497,-29568,-3:-3 -3:-2 0:0 0:1 1:0 1:1
W7I/LE-041,16393,-29481,-2:3 0:0
W7I/LE-044,16445,-29405,0:-1 0:0 1:-1
W7I/LE-045,16759,-29605,0:0 1:-1
W7I/LE-046,16423,-29499,-3:0 -2:-1 -2:0 -2:1 -1:-1 -1:0 -1:1 0:-1 0:0 1:-1 2:-1
W7I/LE-047,16751,-29596,0:0
W7I/LE-048,16497,-29560,0:-1 0:0 0:1 0:5
W7I/LE-049,16602,-29652,-2:0 -2:4 -1:0 0:0 1:-1
W7I/LE-050,16764,-29608,0:-1 0:0
W7I/LE-051,16768,-29610,0:0
W7I/LE-054,16436,-29412,-2:-1 -1:-2 -1:-1 -1:0 0:-1 0:0 0:1 1:0 1:1 1:2 3:-1
W7I/LE-055,16577,-29463,-1:0 0:-1 0:0 1:0 2:1 2:2 2:3 3:1 5:-1
W7I/LE-056,16406,-29483,-2:-4 -1:-4 -1:-1 0:0 0:1
W7I/LE-057,16528,-29465,0:0
W7I/LE-058,16401,-29389,-1:0 -1:1 -1:2 0:-2 0:-1 0:0 0:1 0:2 1:-1 1:0 1:1 1:2 2:0 2:1 3:0 3:1
W7I/LE-059,16731,-29845,0:0
W7I/LE-060,16535,-29470,-1:0 -1:1 -1:3 0:0 0:1 1:0
W7I/LE-061,16779,-29617,0:0 4:2
W7I/LE-062,16742,-29590,-2:2 -1:1 0:0 1:-1 1:0 2:-2
W7I/LE-064,16789,-29620,-1:0 0:0
W7I/LE-066,16624,-29744,-4:-3 -3:-2 -2:-1 -1:-1 0:0 2:0
W7I/LE-067,16601,-29542,-2:-1 -1:0 -1:1 0:0 0:1 1:1 2:2 3:3
W7I/LE-068,16721,-29847,-2:2 0:0 1:0
W7I/LE-069,16723,-29854,0:0 1:-1
W7I/LE-070,16710,-29578,0:-1 0:0 1:0 1:1 2:2 5:0
W7I/LE-071,16580,-29868,-1:1 0:0 1:-2
W7I/LE-072,16844,-29626,0:0 0:1
W7I/LE-075,16606,-29847,-1:-1 0:0 0:1
W7I/LE-081,16708,-29852,-1:1 0:0 3:3
W7I/LE-086,16835,-29632,-1:0 0:0
W7I/LE-087,16748,-29831,-1:0 0:-2 0:0 1:-3 1:0
W7I/LE-088,16745,-29848,0:0
W7I/LE-089,16542,-29446,-5:1 -5:2 -4:2 -4:3 -3:0 -3:1 -3:2 -2:0 -2:1 -1:0 -1:1 -1:2 -1:3 0:0 0:1 1:0 1:1 2:0 2:1 3:0 3:1 4:1
W7I/LE-090,16672,-29647,-1:0 0:-1 0:0 1:-1
W7I/LE-093,16699,-29851,0:0
W7I/LE-094,16716,-29845,-4:-3 -4:0 -4:1 -3:0 0:0 2:0 2:1 4:-1 4:1 4:2
W7I/LE-095,16560,-29485,-3:-3 -2:-3 -1:-3 -1:-2 0:-2 0:-1 0:0 1:-1 1:0 1:1
W7I/LE-101,16607,-29778,-1:0 0:0 0:1 0:3 0:5
W7I/SI-001,15739,-28972,-1:1 0:0 0:3 1:3 1:4
W7I/SI-003,15727,-29050,0:0 0:1 1:0 4:0
W7I/SI-004,15630,-29050,0:0 0:1
W7I/SR-002,16256,-29949,0:0
W7I/SR-004,16202,-30031,0:0 1:1
W7I/SR-005,16271,-29983,0:0
W7I/SR-007,16265,-29984,-2:-1 0:0 1:0 5:1
W7I/SR-008,16249,-29969,-2:-1 -1:0 0:0 1:0 2:-1
W7I/SR-009,16257,-29986,-1:0 0:0
W7I/SR-010,16184,-29967,0:0 3:-1 4:0
W7I/SR-183,16256,-29983,0:0
W7I/VC-001,16586,-30005,-1:-1 -1:0 0:-1 0:0 1:-1
W7I/VC-002,16617,-30003,0:0 1:-1
W7I/VC-003,16672,-29917,-4:-2 0:0 3:3
W7M/BE-001,16844,-29419,0:0 0:1
W7M/BE-002,16835,-29421,0:0 0:1
W7M/BE-004,16488,-29329,0:0 1:0
W7M/BE-006,16495,-29323,-1:0 0:0
W7M/BE-008,16876,-29410,0:0 1:1
W7M/BE-009,16781,-29604,0:0 1:0
W7M/BE-011,16798,-29434,-1:0 0:-1 0:0 1:-1
W7M/BE-013,16812,-29430,0:-1 0:0
W7M/BE-015,16867,-29420,0:0 1:0
W7M/BE-016,16862,-29421,-2:0 0:-1 0:0 1:0
W7M/BE-019,16822,-29431,-3:1 -2:1 -1:1 0:0 1:0
W7M/BE-020,16899,-29425,0:0 0:1 1:0
W7M/BE-021,16804,-29612,0:0 0:1 1:1
W7M/BE-024,16498,-29315,0:0
W7M/BE-028,16829,-29431,-3:0 -2:0 -1:0 -1:1 0:0 1:1
W7M/BE-029,16585,-29212,-2:-1 -2:0 -1:0 0:-1 0:0
W7M/BE-031,16603,-29460,0:0 1:0
W7M/BE-032,16836,-29439,0:-1 0:0
W7M/BE-036,16819,-29424,0:-1 0:0 0:1
W7M/BE-037,16806,-29435,0:0 0:1
W7M/BE-039,16593,-29224,0:0 0:1
W7M/BE-049,16506,-29134,-1:-4 0:0
W7M/BE-050,16893,-29410,-3:-2 -2:-2 -1:0 0:0
W7M/BE-051,16504,-29085,-1:-1 0:-1 1:-2
W7M/BE-053,16723,-29512,-2:0 -1:0 0:0 1:5
W7M/BE-057,16891,-29437,-1:0 0:0
W7M/BE-060,16834,-29620,0:-1 0:0 1:1
W7M/BE-061,16573,-29427,-1:-1 -1:0 0:-1 0:0 1:-1 1:0 2:0 2:1 3:0 4:0
W7M/BE-062,16509,-29098,-3:3 -3:4 -2:2 -2:3 -1:1 -1:3 0:-1 0:0 1:1
W7M/BE-064,16554,-29367,-3:0 -2:0 -1:0 0:-1 0:0 1:-1 2:-1
W7M/BE-069,16626,-29464,-2:4 -1:0 0:0 1:0 4:-1 4:0
W7M/BE-071,16918,-29421,-2:1 -2:2 -1:1 -1:2 0:0 0:1 1:-1 1:0 1:1
W7M/BE-072,16550,-29410,-3:-1 -3:2 -2:-1 -2:0 -2:1 -1:-1 -1:0 -1:1 -1:2 -1:3 0:-2 0:-1 0:0 0:1 0:2 0:3 1:-4 1:-3 1:-2 1:-1 1:0 2:-4 2:-3 2:-2 3:-4 3:-3
W7M/BE-075,17014,-29562,-4:-2 -1:0 0:0
W7M/BE-076,16875,-29389,-4:-2 -3:-3 -3:-2 -2:-3 -1:1 -1:2 0:0 0:1 0:2 1:0 1:1 2:-1 2:0 2:1 3:-1 3:0
W7M/BE-077,16934,-29458,-4:-1 -2:-1 -1:-1 -1:3 0:-1 0:0 0:1 1:-1 1:0 2:-1 2:0 3:0 3:1
W7M/BE-078,16662,-29318,-4:-1 -4:0 -3:-2 -3:-1 -3:0 -3:1 -2:-2 -2:-1 -2:0 -1:-2 -1:-1 -1:0 0:-2 0:-1 0:0 0:1 1:-1 1:0 2:0 3:0 3:1
W7M/BE-079,16571,-29380,-4:1 -4:2 -3:0 -3:1 -3:2 -2:0 -2:1 -1:-1 -1:0 -1:1 0:-1 0:0
W7M/BE-081,16880,-29494,-2:0 -1:-1 -1:0 0:-2 0:-1 0:0 1:-4 1:-3 1:0 2:-5
W7M/BE-082,16564,-29409,-2:-1 -1:-1 -1:0 -1:1 0:0 0:1 1:0
W7M/BE-085,16764,-29486,-4:-1 -4:0 -3:-1 -3:0 -2:-2 -2:-1 -2:0 -1:-2 -1:-1 -1:0 0:-3 0:-2 0:-1 0:0 0:1 1:-2 1:-1 1:0 2:-1 2:0 3:-1 3:0 3:1
W7M/BE-087,16591,-29520,-4:-1 -4:0 -4:1 -3:-1 -3:0 -3:1 -3:2 -2:-4 -2:-2 -2:-1 -2:0 -2:1 -2:2 -1:-4 -1:-3 -1:-2 -1:-1 -1:0 -1:1 -1:2 -1:3 0:-4 0:-3 0:-2 0:-1 0:0 0:1 0:2 0:3 1:0 1:1 1:2 1:3 2:1 2:2 2:3
W7M/BE-088,16586,-29407,-3:1 -2:0 -2:1 -1:-1 -1:0 -1:1 0:-1 0:0 0:1 1:0 1:1 2:0
W7M/BE-089,16643,-29359,-4:1 -4:2 -3:1 -3:2 -2:1 -2:2 -2:3 -1:-1 -1:0 -1:1 0:-1 0:0 0:1 0:2 1:-1 1:0 1:1 2:0 2:1 3:0 4:0 5:-1 5:0 5:1
W7M/BE-091,16805,-29393,-2:0 -2:1 -1:0 -1:1 0:0 0:1 1:0 1:1
W7M/BE-092,16891,-29391,-1:0 -1:4 0:0 0:1 0:3 1:-1 1:0 2:0 3:-1 3:0
W7M/BE-093,16730,-29549,-2:2 -1:0 -1:1 0:-1 0:0 0:1 1:-2 1:-1 1:0 1:1 2:-2 2:-1 2:0 3:-2 3:-1 3:0 4:-3 4:-2 4:-1
W7M/BE-096,16895,-29488,-3:1 -1:0 0:-1 0:0 1:-1 1:0 2:-1 2:0 2:1
W7M/BE-097,16848,-29515,-1:0 0:-2 0:-1 0:0 1:-1 1:0 2:-1 2:0
W7M/BE-100,16944,-29478,0:0 0:1 0:2 0:3 0:4 0:5 1:0 1:1 1:3 1:4 1:5
W7M/BE-102,16529,-29363,-3:-1 -2:-1 -2:0 -2:4 -1:-2 -1:-1 -1:0 -1:1 -1:2 -1:3 0:-2 0:-1 0:0 0:1 1:-1
W7M/BE-103,16588,-29441,-1:0 0:0 0:1
W7M/BE-104,16849,-29391,-2:2 -1:-3 -1:0 -1:2 0:-2 0:-1 0:0 0:1 0:2 1:-2 1:0 1:1 1:2 1:3 2:3
W7M/BE-196,16837,-29436,-1:0 0:-4 0:0 1:-4
W7M/BR-001,16635,-29026,0:0
W7M/BR-002,16680,-29026,0:0
W7M/BR-003,16645,-29028,0:0
W7M/BR-004,16663,-29026,0:0 0:1
W7M/BR-005,16769,-29024,0:0
W7M/BR-008,16803,-29002,-1:0 0:0
W7M/BR-011,16725,-29032,0:0 0:1
W7M/BR-014,17023,-29530,0:0
W7M/BR-015,16751,-29045,-1:0 -1:4 -1:5 0:0 1:0
W7M/BR-017,16797,-29012,0:0
W7M/BR-018,16659,-29035,-1:3 0:0
W7M/BR-020,17055,-29477,0:0
W7M/BR-021,17069,-29453,-1:2 -1:3 0:0
W7M/BR-022,16579,-29008,-3:1 -1:0 -1:1 0:0
W7M/BR-023,16893,-29169,-4:0 -1:-1 0:-1 0:0 1:-1
W7M/BR-024,16613,-29205,0:0
W7M/BR-026,16876,-29178,-1:0 0:0
W7M/BR-027,16627,-29199,0:-1 0:0 1:0 3:1
W7M/BR-028,16631,-29129,-1:0 0:-1 0:0
W7M/BR-029,16863,-29164,-1:-2 0:-1 0:0
W7M/BR-030,16618,-29203,-2:-1 -1:-1 0:-1 0:0
W7M/BR-032,17054,-29484,0:0 2:3
W7M/BR-033,16645,-29181,-1:0 0:0
W7M/BR-034,16877,-29189,0:0 0:3 1:1
W7M/BR-035,16870,-29172,-1:0 0:0 0:1
W7M/BR-036,16886,-29199,-1:0 -1:5 0:0 1:3
W7M/BR-037,16862,-29173,0:0 0:1 1:1 2:0 2:1
W7M/BR-040,16883,-29181,0:0 1:0
W7M/BR-042,16859,-29161,-2:2 0:0
W7M/BR-044,16880,-29173,-2:-3 -1:-3 0:-1 0:0 1:1 2:2
W7M/BR-045,16777,-29043,0:0
W7M/BR-048,16638,-29115,-2:0 -1:-2 -1:-1 -1:0 -1:1 0:-2 0:-1 0:0 1:-4 1:-3 1:-2 1:1 2:-4 2:-3 2:1 3:-4
W7M/BR-052,17039,-29515,-2:3 -2:4 -1:0 0:-1 0:0
W7M/BR-053,16941,-29287,-1:-2 -1:-1 0:-2 0:-1 0:0 1:-1 1:0
W7M/BR-054,16846,-29146,0:0 0:1 1:1
W7M/BR-055,16857,-29172,-2:2 -1:1 0:0
W7M/BR-058,16622,-29114,-3:2 -3:3 -2:1 -2:4 -1:1 0:0 2:3 3:4
W7M/BR-059,16868,-29186,0:-1 0:0 1:0 1:1 1:2
W7M/BR-060,17045,-29506,-1:2 -1:3 -1:4 0:0 1:-1 2:-1
W7M/BR-064,16610,-29193,-4:1 -2:1 -1:1 0:0 1:0
W7M/BR-071,17057,-29494,0:-1 0:0
W7M/BR-072,16912,-29187,-4:0 0:0 1:1
W7M/BR-073,16701,-29018,-4:0 -3:0 -2:0 -1:-1 0:-1 0:0 1:-1 2:-1
W7M/BR-074,16630,-29106,0:0 1:-1 1:0 1:1 2:0 3:-1 3:0 4:-1 4:0 5:0
W7M/BR-075,16656,-29112,-3:3 -2:2 -1:0 -1:1 0:0 1:-2 2:-1 3:0
W7M/BR-076,16875,-29206,0:0 1:1 3:0
W7M/BR-078,16752,-29024,0:-1 0:0 1:-1
W7M/BR-079,17058,-29499,0:-2 0:-1 0:0
W7M/BR-081,16663,-29114,-4:1 -3:-1 -3:3 -2:-2 -2:-1 -2:0 -1:-1 -1:0 0:-1 0:0 1:1 2:2
W7M/BR-084,16658,-29120,-4:-2 -3:-3 -3:-2 -1:-1 -1:0 0:-1 0:0 1:-2 1:-1 2:-1 3:-2 3:-1 4:-1
W7M/BR-085,16712,-29158,-3:-1 -2:-1 -1:-1 -1:0 0:0 0:1
W7M/BR-087,16728,-29037,-4:3 -3:2 -2:2 -2:3 -2:4 0:0
W7M/BR-089,16736,-29157,-3:2 -3:3 -2:-1 -2:0 -1:-1 -1:0 0:-2 0:-1 0:0 1:0 2:1
W7M/BR-091,16609,-29096,-1:1 0:-1 0:0 0:1 0:2 0:3 0:4 0:5 1:-2 1:-1 1:0 1:1 1:2 1:3 1:5 2:-3 2:-2 2:-1 2:0 3:-2 3:0 3:1 3:2 3:3 4:0 4:1 4:2
W7M/BR-092,16598,-29113,-4:2 -4:3 -3:-1 -3:0 -3:1 -3:2 -3:3 -3:4 -2:0 -2:1 -2:2 -2:3 -1:0 -1:1 -1:2 -1:3 0:-1 0:0 0:1 0:2 1:-3 1:-1 1:0 1:1 2:0 2:1
W7M/BR-093,16617,-29131,-2:-2 -2:-1 -2:1 -1:-2 -1:-1 -1:0 -1:1 -1:2 0:-3 0:-2 0:-1 0:0 0:1 0:2 1:0 2:0
W7M/BR-094,17017,-29558,0:-1 0:0
W7M/BR-095,16972,-29376,-1:-3 -1:-2 -1:-1 0:-3 0:-2 0:-1 0:0 1:-1 1:0 2:-1
W7M/BR-096,16782,-29227,-1:1 0:0 0:1 1:2
W7M/BR-098,16931,-29179,-1:-1 0:0 0:1
W7M/BR-101,16987,-29411,-1:-4 -1:0 -1:1 0:-1 0:0 0:1 1:-4 1:-1 1:0 2:-4
W7M/BR-102,16999,-29423,-2:0 -1:0 0:0 2:4
W7M/BR-170,16670,-29015,-3:0 -1:1 0:0 1:0 2:1
W7M/BR-171,16875,-29183,0:0
W7M/CL-001,17450,-29359,-1:-1 0:-1 0:0 1:0
W7M/CL-002,17522,-29383,-1:0 0:0
W7M/CL-003,17533,-29405,-1:0 -1:1 0:0
W7M/FN-001,17968,-29587,0:0 0:1
W7M/FN-002,18127,-29733,0:0
W7M/FN-003,18000,-29616,0:0
W7M/FN-004,18131,-29731,0:0
W7M/FN-005,18103,-29713,-1:0 0:0
W7M/FN-006,18108,-29708,0:0
W7M/FN-007,18147,-29743,0:0
W7M/FN-008,18087,-29694,-2:-3 0:0 1:-1
W7M/FN-009,17993,-29602,-1:-1 0:0
W7M/FN-010,18052,-29614,0:0
W7M/FN-011,17954,-29564,0:-1 0:0
W7M/FN-013,18134,-29694,0:-1 0:0
W7M/FN-014,18082,-29696,-1:0 0:0 3:-2 4:0
W7M/FN-015,17922,-29571,0:0
W7M/FN-016,18116,-29692,0:0
W7M/FN-017,17961,-29583,0:0 1:1 2:2
W7M/FN-018,17941,-29545,0:0
W7M/FN-019,18005,-29628,-1:0 0:0 1:2
W7M/FN-020,18000,-29595,0:0
W7M/FN-021,17962,-29549,0:0
W7M/FN-022,18122,-29725,0:0 0:1
W7M/FN-023,18043,-29611,0:0 4:-1
W7M/FN-025,18079,-29626,0:0
W7M/FN-026,17953,-29585,-1:0 0:0
W7M/FN-028,18008,-29633,-1:0 0:0 0:1
W7M/FN-029,17932,-29532,0:0
W7M/FN-030,18128,-29750,-4:2 -4:3 -3:3 -1:-1 -1:2 0:0
W7M/FN-032,18112,-29730,0:0
W7M/GA-001,17032,-29547,-1:0 0:0
W7M/GA-002,17166,-29422,0:0
W7M/GA-005,17167,-29443,0:0 0:1 1:0
W7M/GA-006,17195,-29431,-1:0 0:0 0:1 1:4 1:5
W7M/GA-008,17179,-29434,0:0 0:1
W7M/GA-009,17143,-29463,-1:0 0:0 1:1 1:2
W7M/GA-011,17060,-29634,-3:0 -2:0 -1:0 0:0 1:-1
W7M/GR-001,18120,-29648,-2:0 -1:0 0:0
W7M/GR-002,18047,-29597,0:0
W7M/GR-003,18100,-29632,0:0
W7M/GR-004,18033,-29593,0:0 1:0
W7M/GR-005,18093,-29632,-1:-1 0:-1 0:0
W7M/GR-006,18016,-29583,0:0
W7M/GR-007,17961,-29536,0:0
W7M/GR-008,18131,-29636,0:0
W7M/GR-009,18101,-29626,0:0
W7M/GR-010,18103,-29629,-4:-3 0:0
W7M/GR-011,17708,-29376,0:0 0:1
W7M/GR-012,18058,-29599,0:0 0:1 0:2
W7M/GR-013,17994,-29556,0:0
W7M/GR-014,17976,-29538,-1:-1 -1:4 -1:5 0:0
W7M/GR-015,18039,-29594,-4:1 0:0
W7M/GR-016,18110,-29651,0:0
W7M/GR-017,18076,-29620,0:0
W7M/GR-018,18113,-29603,-2:-2 0:0
W7M/GR-019,18040,-29607,0:0
W7M/GR-020,17723,-29381,0:0 1:0
W7M/GR-021,18118,-29684,0:0
W7M/GR-022,18026,-29616,0:0
W7M/GR-023,18123,-29586,0:0
W7M/GR-024,18087,-29598,-1:-2 0:-1 0:0
W7M/GR-025,18099,-29653,0:0
W7M/GR-026,18011,-29598,0:0
W7M/GR-172,18097,-29633,-5:1 -3:0 0:0 1:0 2:0 2:2 3:0 3:2 4:1 4:2
W7M/HB-001,16787,-28992,0:0 0:1
W7M/HB-002,16641,-28971,-1:1 0:0 1:-1
W7M/HB-004,16798,-28981,-3:0 -2:0 -1:0 0:-1 0:0 0:1 1:-1 1:0 2:0 3:0
W7M/HB-005,16820,-28906,-1:2 0:0 2:-1 3:0
W7M/HB-006,16816,-28888,-1:-4 -1:0 0:-4 0:0 1:-4 1:2 2:-4
W7M/HB-007,16807,-28897,0:0 1:-1
W7M/HB-008,16724,-28931,0:0 3:3
W7M/HB-010,16788,-28926,-3:0 -2:-1 -2:0 -1:0 0:0 1:-1 4:-2
W7M/HB-011,16733,-28922,-1:0 0:0 1:0
W7M/HB-012,16647,-28948,-4:1 -3:1 -3:2 -3:3 -3:4 -2:-1 -2:0 -2:1 -1:-1 -1:0 -1:1 0:-2 0:-1 0:0 1:1 2:1
W7M/HB-013,16749,-28939,-3:3 -1:2 0:-1 0:0 0:1 0:2 1:-4 1:-3 1:-1
W7M/HB-015,16691,-28920,-1:-2 -1:-1 0:-2 0:-1 0:0 0:1 2:1
W7M/HB-018,16616,-28965,-1:0 0:-1 0:0 1:-2 2:-4
W7M/HB-021,16998,-28899,-2:2 -1:1 0:0
W7M/HB-023,17001,-28901,0:0 1:0 1:1 4:-2
W7M/HB-024,16660,-28988,-4:-2 -4:-1 -4:0 -3:-2 -3:-1 -3:0 -2:0 -1:0 -1:1 0:0 0:1 0:2 1:0 1:1
W7M/HB-026,17196,-28955,-2:-2 -1:-2 -1:-1 0:-2 0:-1 0:0 1:0 1:1 1:2
W7M/HB-027,17200,-28971,-1:0 0:-1 0:0 1:-1 2:-1
W7M/HB-028,16845,-28887,-2:4 -1:0 -1:4 0:0
W7M/HB-029,17145,-29142,0:-1 0:0 0:1 1:-1 1:0 1:1 1:2 3:-1 3:0 4:0
W7M/HB-030,16714,-28977,0:0 0:1 0:2 1:-2 1:-1 1:0 2:-2
W7M/HB-031,16959,-28890,0:0 1:0 2:0
W7M/HB-032,16629,-28996,-3:0 -2:0 -1:0 0:0 1:-1
W7M/HB-034,16984,-28895,0:0
W7M/HB-143,17005,-28902,-1:0 0:0
W7M/HB-144,17150,-29146,0:-1 0:0 1:-1 1:0
W7M/LM-001,17549,-29667,-1:1 0:0
W7M/LM-002,17519,-29665,0:0 2:-3
W7M/LM-004,17540,-29661,0:0
W7M/LM-005,17523,-29662,-1:0 0:0
W7M/LM-006,17605,-29579,0:0
W7M/LM-008,17673,-29595,0:0
W7M/LM-009,17533,-29657,0:0
W7M/LM-010,17286,-29752,-1:0 0:0 1:0 1:1 3:2 3:3
W7M/LM-011,17554,-29561,-4:1 -1:0 0:0
W7M/LM-013,17576,-29673,0:0
W7M/LM-015,17514,-29654,0:-1 0:0
W7M/NF-001,17395,-28804,-2:0 -2:1 -1:-1 -1:0 -1:1 0:-1 0:0 1:-1 1:0 2:1 2:2 2:3 3:1 3:2 3:3 4:1 4:2 4:3
W7M/PS-001,16768,-28596,0:-1 0:0
W7M/PS-002,16703,-28550,-1:-1 -1:0 0:-1 0:0
W7M/PS-003,16699,-28539,0:0
W7M/PS-004,16710,-28531,-1:0 0:0 0:1 1:2 1:3 1:4 2:1
W7M/PS-005,16728,-28592,0:0 0:1 0:2 1:0 1:1
W7M/PS-006,16726,-28587,0:-1 0:0 0:1 1:-2
W7M/PS-007,16703,-28557,-2:4 -1:-3 -1:3 -1:4 0:0
W7M/PS-008,16689,-28534,-1:0 0:-2 0:-1 0:0 1:-2 1:-1
W7M/PS-009,16713,-28547,-2:0 -1:0 0:0 1:0 2:3 3:2 3:3 4:2
W7M/PS-010,16763,-28604,-1:-1 -1:0 0:-1 0:0
W7M/PS-011,16681,-28529,-2:-2 -1:-3 -1:-2 0:-5 0:-3 0:-2 0:-1 0:0 1:-5 1:-1 2:-1
W7M/PS-012,16706,-28545,-1:-1 -1:0 0:-4 0:-3 0:-2 0:-1 0:0 1:-4 1:-3 2:-4 2:-3 2:-2 3:-1
W7M/PS-013,16684,-28523,-1:0 0:-2 0:-1 0:0 0:1 1:-1 1:0
W7M/PS-014,16703,-28566,-2:-1 -1:-1 0:0
W7M/PS-015,16695,-28547,-3:2 -2:0 -2:1 -1:0 -1:2 0:0
W7M/PS-016,16676,-28528,-1:0 0:0 1:-4 2:-4 2:-3 4:-2
W7M/PS-017,16714,-28550,-2:4 -1:2 0:-3 0:-2 0:-1 0:0 0:2 1:-3 1:3 1:4 2:4
W7M/PS-018,16775,-28601,-2:1 -1:0 0:-1 0:0 1:-1 1:0 5:0
W7M/PS-019,16760,-28617,0:-1 0:0
W7M/PS-020,16701,-28575,-1:-3 -1:2 0:-2 0:-1 0:0
W7M/PS-024,16693,-28529,-1:-2 -1:-1 0:-1 0:0 1:-1 1:0 1:1 2:1
W7M/PS-025,16672,-28542,-1:1 0:0 0:1
W7M/PS-026,16732,-28621,-1:-2 -1:-1 -1:0 0:0 1:4 2:-4
W7M/PS-027,16786,-28653,-1:-1 0:-1 0:0 1:1 1:2
W7M/PS-029,16764,-28652,0:-5 0:0 1:-5 1:-3
W7M/PS-031,16732,-28630,0:0
W7M/PS-032,16728,-28530,-3:-1 -2:-1 -2:0 -1:0 0:0 0:1 0:2 0:3 0:4 1:0 1:1 1:2 1:3 1:5 2:0 2:1 2:2 3:2
W7M/PS-033,16749,-28568,0:-1 0:0 0:1 1:0 1:1 1:4
W7M/PS-034,16741,-28651,0:0
W7M/PS-035,16733,-28662,-2:-1 -2:0 -1:-1 -1:0 0:-1 0:0
W7M/PS-036,16737,-28654,-3:2 -2:0 -2:1 -1:-1 -1:0 0:-1 0:0 0:1 1:0
W7M/PS-037,16739,-28511,-2:-3 -2:-2 -2:-1 -2:0 -1:-3 -1:-2 -1:-1 -1:0 -1:1 -1:2 0:-1 0:0 0:1
W7M/PS-038,16703,-28453,-4:-2 -3:-2 -1:0 0:0 1:-1 1:0 3:-2
W7M/PS-072,16733,-28574,0:-1 0:0 0:1 1:0 1:1
W7M/RC-001,16996,-29765,-1:-1 0:0
W7M/RC-002,17039,-29791,0:0
W7M/RC-004,16980,-29777,-1:0 0:0
W7M/RC-005,17037,-29780,0:0
W7M/RC-006,17259,-29754,0:-1 0:0
W7M/RC-007,17015,-29768,0:-1 0:0
W7M/RC-012,16972,-29808,0:0 1:-1
W7M/RC-013,17226,-29752,0:0 0:1 1:1
W7M/RC-014,17227,-29766,0:0
W7M/RC-016,17064,-29796,-2:0 0:0
W7M/RC-017,17277,-29746,-1:-2 -1:1 -1:2 0:0
W7M/RC-018,17127,-29780,0:0
W7M/RC-019,17099,-29762,0:-1 0:0 0:1 1:1
W7M/RC-021,17065,-29784,0:-1 0:0
W7M/SF-001,16727,-28596,0:-1 0:0 1:-2
W7M/SF-002,16722,-28603,-1:-1 0:0 0:1
W7M/SF-003,16722,-28607,0:0
W7M/SF-004,16720,-28594,-1:1 0:-2 0:-1 0:0 1:-2 1:-1
W7M/SF-005,16728,-28605,-1:5 0:0 1:-1 1:0 2:0 3:0
W7M/SF-006,16715,-28611,-1:-1 0:-1 0:0
W7M/SF-007,16722,-28624,-1:1 0:0
W7M/SF-009,16715,-28617,-5:-1 -4:-1 -3:-1 -1:4 0:0 0:4
W7M/SF-012,16780,-28683,0:0 0:1
W7M/SF-013,16711,-28628,-1:0 0:0 2:0
W7M/SF-014,16810,-28773,-1:1 0:0
W7M/SF-015,17043,-28718,0:0
W7M/SF-016,16782,-28666,-1:-1 0:-1 0:0 1:-1 1:0 2:0
W7M/SF-017,16739,-28704,0:0
W7M/SF-018,16668,-28864,0:-1 0:0 1:-3
W7M/SF-020,16841,-28768,-2:2 0:0
W7M/SF-021,17042,-28729,-1:-1 0:0
W7M/SF-022,16764,-28830,0:0
W7M/SF-023,16801,-28726,-1:-1 0:0
W7M/SF-026,16816,-28728,-1:0 0:0 3:-1 4:-1
W7M/SF-028,16774,-28675,-1:-1 -1:0 0:-1 0:0 1:-5 1:-4 2:-5 2:-4
W7M/SF-029,17057,-28733,0:0 0:1 1:3
W7M/SF-030,16715,-28634,-4:2 -3:3 -2:3 0:0 1:0
W7M/SF-031,16780,-28747,0:-1 0:0
W7M/SF-032,16763,-28738,0:0 4:0
W7M/SF-037,16739,-28768,0:0
W7M/SF-038,16678,-28676,0:-1 0:0
W7M/SF-039,16739,-28673,-4:0 -3:0 -1:-1 0:0 1:0 2:-1 3:-1 3:0 4:-1
W7M/SF-040,16829,-28726,-2:-1 -1:-1 -1:1 0:-2 0:-1 0:0 0:2
W7M/SF-042,16805,-28739,0:0 0:1 1:0
W7M/SF-043,16693,-28627,-1:0 0:-5 0:-1 0:0 2:-2
W7M/SF-050,17047,-28736,-1:0 0:0
W7M/SF-053,16708,-28829,-1:0 0:0 3:1
W7M/SF-057,16678,-28646,-2:-1 -2:2 -1:0 0:0
W7M/SF-059,16683,-28640,0:0 0:2
W7M/SF-060,16686,-28649,-1:1 0:0
W7M/SF-061,16723,-28725,-1:1 0:0 2:2
W7M/SF-065,16726,-28814,-1:1 0:0
W7M/SF-066,16742,-28807,0:0 1:-1
W7M/SF-074,16743,-28686,-1:0 0:0 1:-3 1:-1 1:0
W7M/SF-079,16778,-28812,0:-1 0:0
W7M/SF-080,16709,-28709,-1:0 -1:1 0:0 0:1
W7M/SF-081,16812,-28789,0:0 1:0
W7M/SF-083,17020,-28719,-1:0 0:0 1:-2 1:-1 1:3 4:-2
W7M/SF-084,16791,-28696,-3:2 -1:1 0:0 1:0
W7M/SF-085,16829,-28683,-1:0 -1:1 0:0 0:1 1:0 1:1 1:2 2:-1 3:-1
W7M/SF-086,16722,-28667,0:-4 0:-1 0:0 1:-2 1:0
W7M/SF-087,16758,-28664,0:0 4:2
W7M/SF-088,16860,-28769,0:0
W7M/SF-089,17050,-28726,0:0 1:1
W7M/SF-091,16695,-28652,-4:1 -3:1 -3:2 -2:0 -2:1 -1:0 -1:1 0:-1 0:0
W7M/SF-093,16816,-28663,-1:-1 -1:0 -1:1 -1:2 -1:3 0:-1 0:0 0:1 1:0 1:1 2:1 3:1 3:2 4:1
W7M/SF-094,16702,-28907,0:-1 0:0 1:0 2:0 3:1
W7M/SF-096,17075,-28749,-1:2 0:0 0:2 0:3 5:1
W7M/SF-098,16841,-28682,-2:0 -2:1 -1:-2 -1:-1 -1:0 0:-2 0:-1 0:0 0:1 1:-2 1:-1 1:0 1:1 2:-2 2:-1 2:1 3:-3 3:-2
W7M/SF-099,16833,-28660,-1:0 -1:1 0:0 0:1 0:2 1:0 1:1 1:2
W7M/SF-103,16702,-28705,-5:-1 -4:-2 -4:-1 -3:-1 -2:-1 -2:0 -1:0 -1:1 -1:3 0:0 0:1 0:2
W7M/SF-110,16713,-28655,-1:-2 -1:0 -1:1 0:-1 0:0 1:-1 1:0
W7M/SF-116,16738,-28840,-1:2 -1:3 0:-1 0:0 0:1
W7M/SF-117,16716,-28886,0:-1 0:0 1:-1 1:0 1:1
W7M/SF-119,16874,-28745,-4:2 -3:1 -2:-4 -2:-3 -2:0 -2:1 0:-1 0:0
W7M/SF-120,16687,-28799,0:-1 0:0 1:-2
W7M/SF-121,16856,-28653,-1:2 -1:3 0:-1 0:0 0:1 1:-4 1:-3 1:0 2:-4
W7M/SF-123,16856,-28717,-1:0 0:0
W7M/SF-124,17120,-28734,-2:-3 -2:1 -1:-3 -1:0 -1:1 0:0 1:0 1:1 1:2 1:3 1:4 1:5 2:0 2:1 3:0 3:1 4:0
W7M/SF-126,16790,-28790,0:0
W7M/SF-129,17107,-28724,-1:0 0:0 1:1 2:3
W7M/SF-212,16686,-28632,-2:1 -1:0 0:-4 0:-1 0:0 1:-2
W7M/SF-217,16681,-28682,-3:2 -3:3 0:-1 0:0 0:1 1:0
W7N/CK-001,13433,-30130,0:0
W7N/CK-002,13444,-30118,-1:0 -1:1 0:0 1:0 2:0
W7N/CK-003,13459,-30137,0:0 1:0
W7N/CK-004,13466,-30143,0:-1 0:0 1:0 2:-1
W7N/CK-005,13455,-30126,0:0
W7N/CK-006,13434,-30137,-4:1 0:0
W7N/CK-007,13463,-30130,0:0
W7N/CK-008,13422,-30108,0:0
W7N/CK-009,13576,-30001,0:0 0:1 1:0 1:1 1:2 2:2 2:3
W7N/CK-010,13591,-29996,-3:-1 -1:0 -1:1 0:0
W7N/CK-011,13549,-30013,0:0 0:1
W7N/CK-013,13569,-30008,-1:-1 0:0
W7N/CK-014,13489,-30159,0:-1 0:0 1:-1
W7N/CK-015,13451,-30098,-1:0 0:-1 0:0 1:-1
W7N/CK-016,13470,-30175,0:-1 0:0 1:-1 2:-2 2:-1 2:0 3:-3
W7N/CK-017,13320,-30079,-3:1 0:0
W7N/EL-001,14538,-30502,-2:0 -1:0 0:0 1:0
W7N/EL-002,14555,-30494,-1:1 0:0 2:1 3:1 4:2
W7N/EL-003,14546,-30497,0:0 0:1 1:1
W7N/EL-004,14577,-30489,0:0 0:1 1:2
W7N/EL-005,14661,-30162,-2:0 -1:0 0:0 0:1 1:1
W7N/EL-007,14583,-30329,-1:1 0:0 1:-1 1:0
W7N/EL-008,14500,-30594,-1:0 0:0
W7N/EL-009,14591,-30329,0:0 0:1
W7N/EL-010,14707,-30456,-3:-1 -2:-1 -2:0 -1:-2 -1:-1 -1:0 0:-1 0:0 1:-1 1:0 2:-1 2:0 3:0
W7N/EL-011,14766,-30290,-1:1 0:0 0:1 1:0 1:3 2:0 3:0 3:1
W7N/EL-012,14555,-30507,-1:0 0:0 0:1
W7N/EL-014,14553,-30325,-2:1 -1:0 -1:1 0:0
W7N/EL-015,14766,-30158,-1:0 -1:1 0:0 3:1
W7N/EL-017,14964,-30433,-1:-1 0:-2 0:-1 0:0 1:0
W7N/EL-019,14611,-30209,-2:0 -2:1 -1:0 -1:1 0:0 0:1
W7N/EL-023,14735,-30442,-1:0 0:0
W7N/EL-028,14875,-30361,-1:0 -1:1 -1:4 0:0 1:0
W7N/EL-029,14722,-30360,-1:0 0:-1 0:0 1:0
W7N/EL-034,14515,-30269,0:0 0:1 1:0 2:-2
W7N/EL-036,14782,-30301,0:0 0:1
W7N/EL-038,14541,-30343,-2:0 -1:0 0:0 1:0
W7N/EL-040,14566,-30232,-3:0 -3:1 -2:0 -1:0 0:-1 0:0 1:0 1:1 2:1 3:0 3:1 4:0 4:1
W7N/EL-041,14675,-30390,-1:0 0:-1 0:0 1:0
W7N/EL-043,14741,-30356,0:0 0:1 1:1
W7N/EL-046,14527,-30356,-4:0 -2:0 -1:0 0:0 1:0 1:3 3:1
W7N/EL-047,14715,-30369,-1:0 0:0 1:1
W7N/EL-052,14683,-30370,-3:0 -2:0 -1:0 -1:1 0:0 0:1 1:0
W7N/EL-057,14869,-30577,-1:-2 -1:-1 0:-1 0:0
W7N/EL-058,14600,-30243,0:-1 0:0
W7N/EL-061,14549,-30638,-2:0 -1:-1 -1:0 0:-2 0:-1 0:0 1:-1 2:-1 3:-1
W7N/EL-062,14977,-30429,-1:0 0:-1 0:0
W7N/EL-063,14834,-30392,0:-1 0:0 1:0 1:1 2:1 3:0
W7N/EL-064,14650,-30480,-3:0 -2:0 -1:0 -1:1 0:0 0:1 1:-2 1:-1 1:0 1:1 2:-2
W7N/EL-065,14630,-30239,-3:-2 -2:-2 -2:-1 -1:0 0:-2 0:-1 0:0 1:0 2:1 3:1 4:1
W7N/EL-212,14556,-30507,0:0 1:0
W7N/EM-001,14017,-30821,-4:-2 -4:-1 -3:-1 -2:-1 0:0
W7N/EM-002,14024,-30820,-4:-1 -3:-1 -3:0 -3:1 -2:0 0:0
W7N/EM-003,14284,-30936,-1:0 0:0 1:0
W7N/EM-004,14240,-30933,-1:0 0:0
W7N/EM-005,14034,-30810,-3:-1 -2:0 -1:0 -1:1 0:0 0:1 1:0 1:1 2:0 3:0
W7N/EM-006,14254,-30938,0:0 0:2 1:0 1:1 2:0
W7N/EM-011,14167,-30970,-3:-2 -1:0 0:0 1:3 1:4 2:3 2:4
W7N/EM-012,14195,-30912,-1:-1 0:-1 0:0
W7N/EM-013,13964,-30706,-2:-1 -1:-3 -1:-2 -1:-1 -1:0 0:-2 0:-1 0:0 0:1 1:0 1:1 1:2 1:3 1:4 2:1 2:4 3:1
W7N/EM-014,14215,-30909,-4:3 -1:0 -1:1 0:0 0:1 1:1 1:2
W7N/EM-015,13993,-30791,0:-2 0:-1 0:0 0:1 1:-1 1:0 1:1 2:0 2:1 3:0 3:1 4:0 4:1
W7N/EM-016,14177,-30943,0:0 0:1 1:0 1:1
W7N/EM-017,13977,-30676,-2:-1 -1:0 0:0 1:0 1:1 2:-1 2:0 2:1
W7N/EM-019,13891,-30623,-2:-3 -1:-2 -1:-1 -1:0 0:-2 0:-1 0:0 0:1 0:2 1:-4 1:-3 1:1
W7N/EM-020,14181,-30903,-3:1 -3:2 -2:0 -2:1 -2:2 -1:0 -1:1 -1:2 -1:3 0:0 0:1 0:2 0:3 1:0 1:1 1:2 1:3 2:1 2:2 2:3
W7N/EM-021,14364,-30947,-2:-1 -1:-1 0:-1 0:0 0:1 1:-1
W7N/EM-022,14201,-30723,-1:0 0:0
W7N/EM-025,14083,-30598,-2:3 -1:2 0:0 0:1
W7N/EM-026,14162,-30908,-5:2 -4:-1 -3:1 -2:1 -1:0 -1:1 0:0 0:1 1:0
W7N/EM-027,13855,-30612,-1:-2 0:-1 0:0 0:1 0:2 1:-4 1:-2 1:0 1:2
W7N/EM-028,14180,-30984,-1:0 -1:1 0:0 0:1
W7N/EM-030,13985,-30667,-1:0 0:0
W7N/EM-031,13874,-30619,0:-1 0:0 0:1 0:2 0:3 0:4 1:0 1:1 2:0
W7N/EM-035,14177,-30797,-2:0 -1:-1 0:0
W7N/EM-037,14176,-30954,-1:0 0:0 0:1 1:-1 1:0 1:1 2:0
W7N/EM-039,14098,-30780,-1:-1 -1:0 -1:3 0:-1 0:0 0:1 0:2 0:3 1:3
W7N/EM-040,14185,-30832,-2:-1 -1:-1 -1:0 -1:2 -1:3 0:0 0:1 0:2 1:0 1:1 1:2 2:2 2:3
W7N/EM-043,14007,-30680,-2:-1 -1:-1 0:-1 0:0 1:0
W7N/EN-001,15485,-30046,0:0
W7N/EN-002,15496,-30050,-4:1 -1:0 0:0
W7N/EN-003,15192,-29708,0:0 1:0 2:-1 5:0
W7N/EN-004,15193,-29976,-3:1 0:0 1:0
W7N/EN-005,15466,-30043,0:0 0:1 0:2
W7N/EN-006,15478,-30044,0:0
W7N/EN-007,15378,-30202,-3:-3 -2:-1 -1:0 0:0 1:0 2:0
W7N/EN-008,15480,-30040,-1:0 0:0
W7N/EN-009,15365,-30210,0:-1 0:0 3:1 4:0 4:1
W7N/EN-010,15477,-30024,-1:-2 0:-2 0:-1 0:0 1:-2 1:-1 1:0 1:1 2:-1
W7N/EN-011,15470,-30084,0:0 1:0 5:0
W7N/EN-013,15476,-30058,-3:3 -1:-2 -1:-1 -1:0 -1:1 0:-2 0:0
W7N/EN-016,15484,-30070,-4:-1 -4:0 -3:-1 -2:-1 -1:-1 0:0
W7N/EN-019,15437,-30244,-4:0 -1:-1 -1:0 0:-1 0:0 1:-3 1:-2 4:2
W7N/EN-023,15458,-30228,-1:2 -1:3 -1:4 0:-1 0:0 0:1 1:0
W7N/EN-024,15293,-30216,-1:-1 0:-1 0:0 1:0
W7N/EN-027,15407,-30203,0:0 3:-2 4:-2
W7N/EN-028,15350,-29951,-1:1 0:0 1:0 2:-1 2:0
W7N/EN-030,15541,-29964,-2:-1 -1:-1 0:-2 0:-1 0:0 1:-1 1:0 2:0 2:1 3:0 3:1 4:0 4:1
W7N/EN-031,15506,-30167,-4:0 -3:0 -2:-1 -2:0 -1:-1 -1:0 0:-1 0:0 1:0 2:0
W7N/EN-032,15213,-30275,-1:0 0:0 1:0 2:0
W7N/EN-033,15304,-29943,0:0 0:1 1:1 3:2
W7N/EN-034,15231,-30203,-3:0 -1:0 0:0 0:1 1:0 1:1
W7N/EN-036,15414,-29853,-2:0 -1:0 0:0 0:1 1:0 3:0 4:1 4:2
W7N/EN-037,15347,-29946,-2:1 -1:-1 -1:0 -1:1 0:-1 0:0 0:1 1:1
W7N/EN-038,15416,-30204,-4:-1 -3:0 -2:0 -1:0 0:-1 0:0 0:1 1:-1 1:1
W7N/EN-042,15470,-30109,-1:-1 -1:0 0:0 0:1 1:1
W7N/EN-043,15476,-29907,-1:0 0:-1 0:0 0:1 1:-4 1:-3 1:-2
W7N/EN-044,15370,-29974,0:0 0:1 1:0
W7N/EN-045,15355,-29957,-1:-2 -1:-1 -1:0 -1:1 0:-3 0:-1 0:0 0:1
W7N/EN-046,15316,-30290,-4:-3 -2:-4 -2:-3 -1:-4 -1:-3 -1:0 0:-4 0:-2 0:-1 0:0 1:-4 1:0 1:1 2:-4
W7N/EN-047,15328,-30198,-2:0 -1:-1 -1:0 0:0 0:1 1:1 1:2
W7N/EN-048,15411,-30259,0:0 1:0
W7N/EN-207,15233,-30203,0:0
W7N/ES-001,15045,-30072,-2:3 0:-1 0:0
W7N/ES-003,15166,-29980,-3:0 -2:-1 0:0
W7N/ES-004,15038,-30055,0:0
W7N/ES-006,15046,-30065,-3:-3 -3:-2 0:0
W7N/ES-007,15060,-30039,0:0 1:-1
W7N/ES-008,15053,-30042,0:0 2:-1 2:0
W7N/ES-009,14991,-30071,0:0
W7N/ES-010,15032,-30053,-1:0 0:0 0:1
W7N/ES-011,15148,-29980,0:0 1:0
W7N/ES-012,14971,-30073,0:0
W7N/ES-013,15018,-30055,-1:1 0:0 0:1
W7N/ES-014,15023,-30051,-1:0 0:-1 0:0
W7N/ES-016,14901,-30089,0:0 1:-1
W7N/ES-018,15077,-30026,-2:-2 -1:-2 -1:-1 0:-1 0:0 1:0
W7N/ES-025,15019,-29902,-1:0 0:0
W7N/ES-028,15102,-30020,-1:0 0:0 1:0
W7N/ES-031,14887,-29925,-4:2 -3:1 -2:1 -1:0 0:0 1:0
W7N/ES-032,14999,-29765,0:0 1:0
W7N/ES-033,14894,-29929,0:0 1:0 2:-1
W7N/ES-034,15157,-29842,-1:0 0:0 0:1 2:2 3:1 3:2 4:1 4:2
W7N/ES-035,14905,-29985,-4:2 -4:3 -2:0 -2:2 -1:-3 -1:0 -1:1 -1:2 0:-1 0:0 0:1 0:2 1:0 2:0
W7N/ES-040,15119,-30016,-1:1 0:0 1:0
W7N/ES-041,14971,-29759,-1:1 0:0 0:1 1:0 2:0 4:-1
W7N/ES-042,15061,-29847,-2:1 -1:0 -1:1 0:0 1:0
W7N/ES-043,15033,-29907,0:0 1:0 4:3
W7N/ES-046,14966,-30206,-2:1 -1:0 -1:1 0:0 0:1 1:0 1:1 2:0 2:1 2:2 3:0 3:1 3:2 4:0 4:2
W7N/ES-047,15004,-30212,-5:0 -4:0 -3:0 -2:0 -1:0 -1:1 0:0
W7N/ES-048,15059,-29763,0:0
W7N/ES-050,14934,-29834,-1:0 0:-1 0:0
W7N/ES-132,15059,-30035,-2:-4 -2:-3 -1:-4 -1:-3 0:-4 0:0 1:0
W7N/HU-001,15432,-30623,0:-1 0:0
W7N/HU-002,15395,-30644,0:0
W7N/HU-003,15369,-30643,-1:0 0:0
W7N/HU-004,15428,-30920,-2:-2 -1:1 0:0 1:0 1:2 2:0
W7N/HU-006,15133,-30627,-4:-1 -3:0 0:0 1:0
W7N/HU-009,15297,-30838,-1:1 0:0 0:1 0:2 1:1 1:2 2:1 2:2 3:1 3:2 3:3
W7N/HU-011,15260,-30874,-1:0 0:0
W7N/HU-014,15365,-30976,-5:1 -4:0 -4:1 -3:-3 -3:-2 -3:-1 -3:0 -3:1 -2:-3 -2:-2 -2:-1 -2:0 -1:-4 -1:-3 -1:-2 -1:-1 -1:0 -1:1 0:-3 0:0 0:1
W7N/HU-015,15477,-30613,-1:1 0:-1 0:0 1:-1 1:0 2:1
W7N/HU-017,15244,-30549,-3:-1 -1:0 0:0 1:0 2:1
W7N/HU-018,15330,-30651,-1:0 0:-1 0:0 1:0 2:0 3:0
W7N/HU-019,15288,-31006,-2:2 -1:1 -1:2 0:0 0:1 0:2 1:0 1:1 1:2
W7N/HU-021,15064,-30504,0:0 0:1 1:-1 1:1
W7N/HU-022,15221,-31058,-1:0 0:0
W7N/HU-023,15547,-30788,-2:4 -1:2 -1:3 0:0 0:1 0:2 1:-4 1:-2 1:-1 1:0 1:1 1:2 2:-4 2:-3 2:-2 2:-1 2:0 2:1 3:-3 3:-2 3:-1 3:0 3:1 4:-3 4:-2 4:-1 4:0 4:1 5:-1 5:0 5:1
W7N/LN-001,14303,-29878,-1:-1 0:0 4:0 4:1
W7N/LN-002,14262,-29930,-1:0 -1:2 0:0
W7N/LN-003,14320,-29938,0:0 1:-1 1:0 2:-2 3:-2
W7N/LN-005,14034,-29839,0:0 1:-2 1:0 2:-2 2:-1 2:0
W7N/LN-006,13870,-30139,-1:0 0:-1 0:0 1:-1
W7N/LN-007,14166,-29791,-4:2 -3:-1 -3:0 -3:1 -3:3 -2:0 -1:0 0:0 0:1 1:0 1:1 2:1
W7N/LN-010,14166,-29715,-3:2 -3:3 -2:2 -1:1 -1:2 0:0 0:1 0:2 1:0 1:1 1:2 2:0 2:1 3:0
W7N/LN-011,14289,-29878,-1:-1 0:0
W7N/LN-014,14043,-30108,0:0
W7N/LN-016,14086,-29845,-4:-1 -3:0 -2:0 0:0 1:0 1:1 2:1 3:1 4:1 5:2
W7N/LN-017,14128,-29773,-1:0 0:0 0:1 0:2 0:3 0:4 1:-2 1:-1 1:1 3:-3
W7N/LN-018,14239,-29862,-2:-2 0:0
W7N/LN-019,14228,-29942,0:0 1:0 2:1
W7N/LN-021,14068,-29702,-1:0 0:0 1:0
W7N/LN-022,14008,-30105,0:0
W7N/LN-024,13942,-30053,0:0
W7N/LN-027,14061,-29708,-1:1 0:0 0:4
W7N/LN-028,14223,-29770,-4:0 -4:1 -3:1 0:0 1:0
W7N/LN-029,14203,-29863,-3:-1 -2:-1 -1:-1 -1:0 0:0 1:0 2:-1 4:-1
W7N/LN-030,14066,-29975,0:0 0:1 1:0 1:1
W7N/NN-001,14352,-30450,0:-1 0:0 0:1 1:-1 1:0
W7N/NN-002,14368,-30450,0:-2 0:-1 0:0 0:1 0:2 1:-2 1:-1 1:0 1:1 4:-3 4:-2 4:-1 5:-1 5:0
W7N/NN-003,14382,-30561,0:0
W7N/NN-005,14369,-30535,-2:2 -1:1 0:-3 0:0 0:2 1:-1 1:0
W7N/NN-006,14192,-30079,0:0
W7N/NN-010,14487,-30523,-1:0 0:0
W7N/NN-011,14322,-30459,-1:-1 -1:0 0:-1 0:0 1:-2 1:-1 1:0
W7N/NN-012,14414,-30549,0:0 0:1 1:0
W7N/NN-014,14374,-30362,-4:0 -3:0 -3:1 -2:1 -1:-2 -1:-1 -1:0 -1:1 0:-2 0:-1 0:0 0:1 1:-2 1:-1 2:-3 2:-2 2:-1 3:-3 3:-2 3:-1 4:-3 4:-2 4:-1
W7N/NN-016,14449,-30538,0:0
W7N/NN-017,14318,-30465,-1:0 -1:1 0:0 0:1 1:0 2:4
W7N/NN-021,14203,-30079,0:0
W7N/NN-022,14450,-30426,0:0
W7N/NN-023,14457,-30413,-1:0 0:-2 0:-1 0:0
W7N/NN-025,14385,-30348,0:0 0:1 0:2 1:0 1:1
W7N/NN-027,14306,-30284,0:0
W7N/NN-029,14469,-30416,-2:-2 -2:-1 -2:1 -1:-1 -1:0 -1:1 0:0 0:1 1:0 1:1
W7N/NN-030,14498,-30274,0:0
W7N/NN-031,14353,-30564,0:0
W7N/NN-033,14465,-30615,-1:0 0:0
W7N/NN-035,14317,-30287,-1:0 0:0 0:1 2:1
W7N/NN-036,14320,-30292,-2:-4 0:0
W7N/NN-038,14444,-30328,-2:-1 -1:0 0:0 1:0 3:0 3:1 4:0 5:0
W7N/NN-039,14335,-30436,-2:0 -1:-1 -1:0 0:0
W7N/NN-042,14326,-30291,-1:-4 -1:-1 0:-4 0:-1 0:0 1:0
W7N/NN-043,14311,-30301,-1:0 0:0 0:1 1:1 2:1
W7N/NN-045,14318,-30300,-1:-1 0:0
W7N/NN-048,14274,-30071,0:0 1:-1 1:0 2:-1 2:0 3:0
W7N/NN-049,14302,-30377,-2:-2 -2:-1 -1:-1 0:0 1:0 2:1 2:2
W7N/NN-051,14463,-30318,-2:-1 -1:-1 -1:0 0:0 1:0 2:0 2:1 3:1 4:1 4:2
W7N/NN-054,14436,-30274,0:0 1:0
W7N/NN-055,14354,-30612,-2:1 -1:0 0:-1 0:0 0:1 1:0 1:1 3:1 3:2 4:0 5:-1
W7N/NN-056,14335,-30614,-3:2 -2:2 -1:0 0:0
W7N/NN-058,14495,-30330,-3:0 -1:-1 -1:0 0:-1 0:0 1:0
W7N/NN-062,14232,-30051,0:0
W7N/NN-063,14207,-30411,-5:-2 -2:-2 -2:-1 -1:-4 -1:-3 -1:-2 -1:-1 -1:0 0:-3 0:-2 0:-1 0:0 1:-2 1:-1 2:-2 2:-1 2:0 2:1 2:2 2:3 3:0 3:1 3:2
W7N/NN-066,14287,-30481,0:0 1:0 1:4
W7N/NN-069,14348,-30170,-1:0 0:0 0:1
W7N/NN-071,14418,-30428,-1:1 0:0 0:1 1:0 2:1
W7N/NN-072,14501,-30330,-5:1 -2:1 -1:0 -1:1 -1:2 0:0 0:1 1:0 1:1 2:-1 2:0 2:1 3:0
W7N/NN-073,14183,-30316,-1:-1 0:-1 0:0 1:0
W7N/NN-075,14392,-30258,-4:0 -2:-1 -1:-1 -1:0 0:-2 0:-1 0:0 0:1 1:-2 1:-1 1:0 1:1 2:0 2:1 2:2 3:0 3:1 3:2 4:0 4:1
W7N/NN-077,14221,-30437,-4:0 -3:0 0:0
W7N/NN-080,14380,-30288,-2:-1 -1:-2 -1:-1 0:-2 0:-1 0:0 1:0 2:0 3:-1 3:0 4:0 4:2
W7N/NN-081,14409,-30249,-3:1 -2:1 -2:2 -1:0 -1:1 0:-1 0:0
W7N/NN-082,14405,-30617,0:0 1:-1 1:0 1:2
W7N/NN-086,14202,-30319,0:0 0:2
W7N/NN-090,14454,-30194,0:-1 0:0
W7N/NN-093,14461,-30184,-2:0 -1:-1 -1:0 0:-1 0:0 1:-1 1:0 2:-1
W7N/NN-096,14259,-30319,0:-1 0:0 1:0
W7N/NN-097,14381,-30595,-2:1 -1:-1 -1:0 -1:1 -1:2 0:-1 0:0 0:1 0:2
W7N/NN-098,14499,-30421,-5:0 -5:1 -4:0 -4:1 -4:2 -3:0 -3:1 -2:-2 -2:-1 -2:0 -2:1 -1:-1 -1:0 -1:1 0:-2 0:-1 0:0 0:1 1:-3 2:-2 3:-3 3:-2 3:-1
W7N/NN-099,14246,-30313,-2:0 -1:0 0:0
W7N/NN-107,14261,-30052,-3:-1 -3:0 -3:2 -2:0 -1:0 0:0 0:1 1:0
W7N/NN-112,14492,-30309,-1:0 -1:1 0:0 0:1 1:0 2:-1 3:-1
W7N/NN-113,14421,-30671,-2:1 -2:2 -1:0 -1:1 0:0 2:-1
W7N/NN-114,14372,-30685,0:0 0:1 1:0 2:0 2:1 2:2 3:-2
W7N/NN-115,14236,-30445,-1:0 0:0 1:-1
W7N/NN-126,14190,-30532,-5:0 -4:0 -3:0 -2:0 -1:0 0:-1 0:0 1:-1 1:0
W7N/NN-273,14307,-30283,0:0 4:-1
W7N/NN-274,14181,-30319,0:0 0:1
W7N/NS-001,14119,-30133,-1:0 0:0 1:1 2:2 3:2 3:3
W7N/NS-002,14103,-30141,0:0 0:1 1:0 2:0
W7N/NS-003,14130,-30127,-1:0 0:0 0:1
W7N/NS-005,14059,-30329,-4:1 -2:2 -1:2 0:0 0:1 1:-1 1:0 4:1 5:1
W7N/NS-013,14019,-30244,0:0 1:0
W7N/NS-017,13690,-30508,0:0
W7N/NS-018,13681,-30497,0:0 1:1
W7N/NS-019,14097,-29975,-1:-2 -1:-1 0:0
W7N/NS-020,13487,-30187,-1:0 0:0 0:1 1:0 2:0 2:4
W7N/NS-022,13887,-30230,-5:-1 -5:0 -4:-1 -3:-1 -2:-1 -2:0 -1:0 0:0 1:0
W7N/PC-001,14579,-30667,-4:-1 -1:1 0:0 0:1 0:3 1:0 2:0
W7N/PC-002,14644,-30709,0:-1 0:0
W7N/PC-003,15008,-30774,0:-1 0:0 1:0
W7N/PC-004,14954,-30606,0:0 1:0 1:1 2:1 3:1 3:2
W7N/PC-007,14684,-30595,-2:-1 -1:-1 -1:0 0:-1 0:0
W7N/PC-009,14548,-30666,0:-1 0:0 1:0
W7N/PC-013,14698,-30679,-1:0 0:0
W7N/PC-014,15024,-30590,-2:1 -2:3 -1:0 -1:1 -1:2 -1:3 0:0 0:1 1:0 1:1 2:0 2:1 3:0
W7N/PC-015,14672,-30694,0:0
W7N/PC-018,14660,-30791,0:0
W7N/PC-019,14658,-30702,-1:-1 -1:2 -1:3 0:-1 0:0 0:1 0:2 0:3 1:-1 1:0 1:1 2:-2
W7N/PC-023,14647,-30798,0:0 1:1
W7N/TR-001,14267,-31066,-4:-1 -4:0 0:0
W7N/TR-002,14272,-31020,-2:-3 -2:-2 -2:-1 -1:-3 -1:-2 -1:-1 -1:0 0:-1 0:0 1:0
W7N/TR-003,14403,-31121,-5:0 -4:0 -3:0 -2:0 -1:0 0:-1 0:0 0:1 1:0 2:-1 3:-1
W7N/TR-004,14394,-31115,-1:0 0:-1 0:0 0:1
W7N/TR-005,14373,-31126,-1:-2 -1:-1 0:-3 0:-2 0:-1 0:0 1:-3 1:-2 1:-1 1:0 1:1 2:-3 2:-2 2:0 2:1 3:0 3:1 3:2 4:2
W7N/TR-006,14501,-31220,-1:0 -1:2 -1:3 0:-1 0:0 0:1 0:2 0:3 0:4 1:-1 1:0 2:-1 3:-1
W7N/TR-007,14460,-31220,-1:2 -1:3 -1:4 0:0 0:1
W7N/TR-008,14452,-31113,-1:-1 0:-1 0:0
W7N/TR-009,14301,-31072,0:0
W7N/TR-010,14376,-31115,-4:-2 -4:-1 -4:0 -3:-3 -3:-1 -3:0 -2:-2 -2:-1 -2:0 -1:0 0:0 0:1 1:0
W7N/TR-011,14438,-31111,-3:1 -2:1 -1:0 -1:1 0:0 0:1 1:0
W7N/TR-012,14491,-31113,-1:0 0:-1 0:0 1:0
W7N/TR-014,14474,-31219,0:0 1:0
W7N/TR-015,14309,-31015,-4:0 -2:-2 -2:-1 -1:-1 -1:0 -1:1 0:-1 0:0 1:-2 1:-1 1:0 2:-2 5:-1
W7N/WC-001,14571,-31229,0:0 0:1 1:-1 1:0 2:-1
W7N/WC-002,14568,-31235,-1:0 0:0 0:1 0:2 1:1
W7N/WC-003,14562,-31230,-2:-4 -1:0 -1:1 0:-1 0:0 1:-1 2:-4
W7N/WC-004,14560,-31220,-2:-1 -2:0 -1:-1 -1:0 -1:1 0:0 1:0
W7N/WC-005,14552,-31224,-4:1 -2:0 -1:0 0:-3 0:-2 0:-1 0:0
W7N/WC-006,15107,-31103,-1:2 0:0 0:1 1:0
W7N/WC-007,15116,-31102,-2:0 -1:0 0:-1 0:0 1:-1
W7N/WC-008,14519,-31227,-3:1 -3:2 -3:3 -2:0 -2:1 -2:2 -1:-1 -1:0 -1:1 0:-1 0:0 0:1 1:0 1:1 1:2
W7N/WC-009,14805,-31184,-1:1 0:0 0:1 1:0 2:0 3:0 4:0
W7N/WP-001,14439,-29770,0:0
W7N/WP-002,14545,-29740,-1:0 0:0 1:2
W7N/WP-003,14425,-29765,-4:-2 0:0
W7N/WP-004,14597,-29844,-1:0 0:0 1:-1 3:-1
W7N/WP-005,14588,-29843,-3:-1 -2:-1 -1:-1 0:0 1:0
W7N/WP-007,14569,-29844,-3:1 -2:-1 -2:1 -1:0 0:0 3:1 4:1
W7N/WP-008,14412,-29768,-1:-1 -1:0 0:-2 0:-1 0:0 1:0
W7N/WP-009,14401,-29765,-4:1 -3:1 -3:2 -2:0 -2:1 -1:0 0:-1 0:0
W7N/WP-010,14451,-29772,0:-1 0:0 1:0 1:1
W7N/WP-011,14411,-30059,-5:1 -1:0 0:0
W7N/WP-014,14386,-29755,0:0 1:1
W7N/WP-016,14400,-29753,-1:1 0:-1 0:0 1:0
W7N/WP-017,14330,-29881,-1:0 0:-1 0:0 1:0
W7N/WP-018,14635,-29846,-1:0 0:0
W7N/WP-019,14540,-29856,-2:-1 -1:-1 -1:0 0:-1 0:0 1:-1 1:0 2:0
W7N/WP-020,14481,-29928,0:0 0:1 1:0
W7N/WP-021,14394,-29770,-1:0 -1:1 0:0 0:1 1:3 1:4 2:3 2:4
W7N/WP-023,14424,-29746,0:0
W7N/WP-024,14530,-30089,-1:0 0:0 2:0 3:-1 3:0 4:-1
W7N/WP-025,14504,-29848,-1:0 -1:1 -1:2 0:0 0:1 1:0 1:1 2:0 4:0
W7N/WP-027,14802,-29921,0:0
W7N/WP-031,14858,-30101,-1:0 0:-2 0:-1 0:0 1:0
W7N/WP-032,14373,-29771,-3:1 -2:1 -1:0 -1:1 0:0 1:0 3:1
W7N/WP-033,14462,-29926,-2:2 -1:0 -1:1 -1:2 0:0
W7N/WP-034,14541,-29879,-1:1 0:0 0:1 1:-1 1:0
W7N/WP-038,14720,-29915,-2:-1 -1:-1 0:0
W7N/WP-039,14467,-29784,-1:0 0:0 1:0
W7N/WP-041,14419,-29921,-1:0 -1:1 0:0 1:0 2:0 3:0 3:1
W7N/WP-042,14609,-29763,-3:-1 -3:0 -1:0 0:0 0:1 1:0 1:1 1:2
W7N/WP-044,14532,-29875,-1:0 0:0
W7N/WP-046,14804,-29845,-1:0 0:0 0:1
W7N/WP-049,14409,-29851,-1:-3 -1:-2 -1:-1 0:-4 0:-3 0:-2 0:-1 0:0 1:-4 1:-3 1:-2 1:-1 1:0 2:-1
W7N/WP-052,14700,-29923,-2:0 -1:-1 -1:0 0:-1 0:0 1:0
W7N/WP-057,14690,-29721,-1:1 0:0
W7N/WP-059,14762,-29857,-4:-1 -1:0 0:0 1:0
W7N/WP-060,14435,-30059,-3:-4 -2:-4 -1:-4 0:-4 0:-1 0:0 0:1 0:2 1:-4 1:1 1:2 2:-4 2:2 3:2
W7N/WP-063,14475,-30061,0:0 0:3 0:4 1:0 1:3 1:4 2:-1 3:-2 3:-1 4:-2 4:-1
W7N/WP-065,14621,-29937,-4:0 -3:0 -2:0 -1:0 0:0
W7N/WP-068,14403,-29929,-3:4 -2:1 -2:3 -2:4 -1:1 -1:4 0:0
W7N/WP-073,14478,-29858,-1:0 0:0 2:-4
W7N/WP-074,14595,-29916,0:0 1:0 2:0
W7N/WP-075,14516,-30050,-2:0 -1:0 0:0 1:0 1:1
W7N/WP-076,14531,-30074,-5:0 -4:0 -3:0 -3:1 -2:0 -2:1 -1:0 -1:1 0:0
W7N/WP-077,14801,-29791,-1:-1 -1:0 0:-1 0:0
W7N/WP-078,14503,-29855,-2:1 -1:4 0:0 0:1 0:4 1:4 2:4
W7N/WP-079,14574,-29716,0:-1 0:0 1:-1 1:0 3:-2 4:-1
W7N/WP-080,14477,-30053,-1:0 -1:1 0:-4 0:0 0:1 1:-4 1:0 2:0
W7N/WP-083,14406,-30041,0:0 0:1
W7N/WP-084,14801,-30095,-1:2 0:-1 0:0 0:1 1:0 1:1
W7N/WP-085,14525,-30063,-4:1 -3:1 -1:0 0:0 0:1 0:2 1:0 1:1 1:2 2:-1 2:0 2:1 3:-3 3:-2 3:-1 3:0
W7N/WP-090,14748,-29953,0:0 1:0 2:0 4:1
W7N/WP-094,14558,-29971,0:0 0:1 1:-1 1:0 1:1 2:-1 3:-1 4:-2
W7N/WP-096,14689,-30112,-4:-1 -3:-1 -2:-1 -1:-1 -1:0 0:-1 0:0 0:1 3:0 3:1 3:2 4:-1 4:0 4:1
W7N/WP-103,14787,-30093,-2:-1 -1:-1 -1:0 0:0 0:1 1:0
W7N/WP-104,14769,-30019,-1:0 0:0 0:1
W7N/WP-109,14708,-30019,-1:0 0:0 0:1 1:-2 1:-1 1:0 2:-3 2:-2 2:-1 2:0 3:-2 3:-1 3:0
W7N/WP-116,14551,-30041,-4:0 -3:0 -2:0 -1:0 0:0 1:0 2:0
W7N/WP-117,14474,-30031,-2:-3 -2:-2 -2:-1 -1:-4 -1:-1 -1:0 0:-4 0:-1 0:0 1:0 1:1
W7N/WP-119,14638,-30159,-1:0 0:0 1:0 1:1 2:1
W7N/WP-121,14602,-29965,0:0 0:1 1:0
W7N/WP-122,14515,-30057,-1:0 0:0 0:1 1:0 1:1 1:4 2:4
W7N/WP-128,14745,-29924,-5:0 -4:0 -3:0 -2:0 -1:0 0:-1 0:0 1:-1
W7N/WP-129,14436,-29931,-1:3 -1:4 0:0 0:4 2:-1
W7N/WP-131,14576,-30071,-4:1 -3:1 -2:0 -1:0 0:0 1:0 2:0
W7N/WP-134,14611,-30182,-2:1 -1:0 -1:1 0:-1 0:0 0:1 1:-1 1:0 2:0
W7N/WP-135,14586,-29884,0:-1 0:0 1:0 2:0 3:0
W7N/WP-136,14599,-30179,-2:0 -1:0 -1:1 0:-1 0:0 0:1 1:-1 1:0
W7N/WP-219,14421,-30060,-5:1 -1:0 0:0
W7O/CE-001,15578,-31313,-1:0 0:0 1:0 1:1 2:0 3:0 4:-1 5:-1
W7O/CE-002,15666,-31283,0:0 0:1
W7O/CE-003,15739,-31479,-3:1 -2:0 -1:0 0:0 1:0 1:1 2:0 2:3
W7O/CE-004,15668,-31289,-2:-3 -2:-2 -2:1 -1:-3 -1:-1 -1:0 0:-1 0:0
W7O/CE-005,15900,-31605,-1:-1 -1:0 0:-2 0:-1 0:0 0:1 0:2 1:3
W7O/CE-006,15676,-31291,0:-1 0:0 1:-2 1:-1 2:-2
W7O/CE-007,15758,-31456,-5:0 -4:-1 -4:0 -3:-2 -3:-1 -2:-2 -2:-1 -2:0 -2:4 -1:-2 -1:-1 -1:0 -1:3 -1:4 0:-2 0:-1 0:0 0:1 0:2 0:3 0:4 1:-2 1:-1 1:0 1:1 1:2 1:3 1:4
W7O/CE-008,15725,-31183,-1:0 0:-2 0:-1 0:0 1:-2 1:-1 1:0 2:-4 2:-3 2:-2 2:-1 2:0 3:-3 3:-2 3:-1 3:1 4:-3 4:-2
W7O/CM-001,16334,-31711,-1:-1 -1:0 0:-1 0:0
W7O/CM-002,16358,-31712,0:0
W7O/CM-003,16351,-31715,0:0
W7O/CM-004,16327,-31693,0:0
W7O/CM-005,16288,-31690,-1:0 -1:1 0:-1 0:0 1:0
W7O/CM-006,16118,-31810,0:0 3:1
W7O/CM-007,16320,-31687,0:0 4:-3 4:-2 4:0 5:0
W7O/CN-001,16805,-31692,-1:0 0:0
W7O/CN-002,16545,-31719,0:0
W7O/CS-001,15720,-31854,0:0
W7O/CS-002,15982,-31789,0:0
W7O/CS-003,15897,-31776,-1:0 0:0
W7O/CS-004,15983,-31829,0:0 0:1 1:1
W7O/CS-005,15997,-31782,-2:-1 -1:1 -1:2 0:0 2:0
W7O/CS-006,15672,-31794,-1:0 -1:1 -1:2 0:-1 0:0
W7O/CS-007,15983,-31784,-1:-4 0:-1 0:0 1:-1
W7O/CS-008,15908,-31815,0:0
W7O/CS-009,15889,-31793,-1:-1 -1:0 0:-1 0:0 1:0 2:0
W7O/CS-010,15888,-31799,-1:0 0:0
W7O/CS-011,15915,-31806,0:-2 0:0 1:-2 1:-1 1:0
W7O/CS-012,15745,-31809,0:-1 0:0 1:-1
W7O/CS-195,16006,-31781,-5:0 -1:-1 0:-2 0:-1 0:0 1:-2 1:-1
W7O/NE-001,16762,-30538,-2:0 0:0 1:-1
W7O/NE-002,16741,-30515,0:0 0:1 0:2
W7O/NE-003,16736,-30527,0:0 0:1 1:0 1:1
W7O/NE-004,16779,-30559,-1:0 0:0 1:-1
W7O/NE-005,16772,-30537,0:-1 0:0 1:-2 1:-1 2:-2
W7O/NE-006,16690,-30533,0:0
W7O/NE-008,16727,-30548,-1:0 0:0
W7O/NE-009,16717,-30533,0:0
W7O/NE-010,16727,-30528,-4:-3 -1:-1 0:0
W7O/NE-011,16754,-30515,-4:1 -4:2 -3:1 0:0 1:0
W7O/NE-012,16748,-30572,0:-3 0:0
W7O/NE-013,16748,-30538,-2:-2 0:0 0:1
W7O/NE-014,16736,-30570,0:0
W7O/NE-015,16598,-30757,0:0
W7O/NE-016,16690,-30545,0:0
W7O/NE-017,16791,-30565,-1:1 -1:2 0:0
W7O/NE-018,16411,-30916,0:0 1:0
W7O/NE-019,16713,-30561,0:0
W7O/NE-020,16596,-30749,-1:0 0:0
W7O/NE-021,16623,-30774,0:0
W7O/NE-022,16710,-30519,-2:-3 -1:-1 0:0
W7O/NE-023,16640,-30773,-1:0 0:0 0:1 0:2 0:3 1:1 1:2 2:2 3:3
W7O/NE-024,16797,-30562,-4:-1 0:0
W7O/NE-025,16774,-30585,-1:2 0:0 0:1 1:0 4:-2 4:0
W7O/NE-026,16647,-30782,0:0
W7O/NE-027,16716,-30600,0:0 0:1
W7O/NE-028,16724,-30602,0:0
W7O/NE-029,16645,-30789,-1:0 0:-3 0:0
W7O/NE-030,16713,-30543,-3:1 0:0 5:0 5:1
W7O/NE-031,16627,-30790,-2:0 0:0
W7O/NE-032,16407,-30893,-1:-5 0:-1 0:0 1:0 3:2 4:-3
W7O/NE-033,16402,-30911,-2:-1 -1:-1 0:0 0:1 1:4
W7O/NE-034,16606,-30813,0:-2 0:0 1:-2 2:-2
W7O/NE-035,16560,-30876,-1:0 0:0 0:1
W7O/NE-036,16616,-30789,0:0 1:0 2:0
W7O/NE-037,16403,-30859,-5:-1 -4:-1 -2:0 -1:0 0:0 0:1 0:5 1:-1
W7O/NE-038,16612,-30806,-3:-4 -3:-3 -1:0 0:0 3:-1
W7O/NE-259,16757,-30545,-3:-1 -2:-1 0:-1 0:0
W7O/SE-001,15791,-30880,-3:2 -2:2 -1:0 -1:1 0:0 1:-1 2:-1 3:0 4:0
W7O/SE-002,15592,-30899,-3:0 -3:1 -3:2 -2:0 -1:-1 -1:0 0:-1 0:0 1:0 2:0 2:1
W7O/SE-003,15600,-30710,-3:-3 -2:-4 -2:-3 -1:-5 -1:-4 -1:-3 -1:-2 -1:-1 0:-5 0:-4 0:-3 0:-2 0:-1 0:0 1:-4 1:-1 3:0 5:0
W7U/BE-001,14146,-29272,-3:-2 -2:-2 -1:-2 0:-1 0:0 1:-1 1:0 1:1 2:-1 2:1 2:2 3:2 4:2
W7U/BE-002,14189,-29255,0:-1 0:0 1:-1
W7U/BE-003,14155,-29285,-5:0 -4:0 -3:-1 -3:0 -2:-1 -2:0 -1:-1 -1:0 0:-1 0:0
W7U/BE-006,14237,-29296,0:0 3:0 4:1
W7U/BE-007,14172,-29656,0:0
W7U/BE-008,14216,-29380,0:0
W7U/BE-010,14255,-29677,-4:0 -3:0 -2:-1 0:-1 0:0 1:0 2:-2 4:-2
W7U/BE-011,14222,-29306,-1:0 0:-1 0:0 0:1 0:2 1:1
W7U/BE-012,14205,-29580,-1:0 0:0 1:0 2:0 2:1
W7U/BE-015,14242,-29371,-1:0 -1:1 0:-1 0:0 0:1 1:0
W7U/BO-001,15522,-29523,-4:-1 -4:0 -4:1 -4:2 -4:3 -3:-1 -3:0 -3:1 -3:2 -3:3 -2:-1 -2:0 -2:1 -2:2 -2:3 -2:4 -1:-4 -1:-2 -1:-1 -1:0 -1:1 -1:2 -1:3 0:-4 0:-3 0:-2 0:-1 0:0 0:1 0:2 0:3 1:-4 1:-3 1:-2 1:-1 1:0 1:1 2:1
W7U/BO-003,15440,-29621,-1:0 0:-2 0:-1 0:0 1:0
W7U/CA-001,15527,-29088,-2:-1 -1:0 0:0 0:1
W7U/CA-002,15530,-29077,-1:-5 -1:-4 0:-5 0:-4 0:0 2:-3 3:-3
W7U/CA-003,15501,-29086,-4:-2 -2:-1 0:0
W7U/CA-005,15435,-29093,0:-1 0:0 0:1
W7U/CR-001,14672,-28953,-5:2 -4:1 -4:2 -3:1 -3:2 -2:1 -2:2 -1:0 -1:1 0:-1 0:0 1:1
W7U/CR-002,14683,-28737,-4:2 -4:3 -3:2 -3:3 -2:0 -2:1 -2:2 -2:3 -1:0 -1:1 -1:2 -1:3 0:0 0:1 0:3 0:4
W7U/CR-003,14640,-28930,-5:0 -4:0 -4:1 -4:2 -3:-4 -3:-2 -3:-1 -3:0 -3:1 -3:2 -3:3 -2:-4 -2:-3 -2:-2 -2:-1 -2:0 -2:1 -2:2 -1:-4 -1:-3 -1:-2 -1:-1 -1:0 -1:1 -1:2 0:-4 0:-3 0:-2 0:-1 0:0 0:1 1:-2 1:0 2:-2 2:1
W7U/CR-005,14635,-28730,-2:2 -1:1 -1:2 0:0 0:1 1:1 2:0 2:1 3:0 3:1 3:2 4:0 4:1
W7U/DA-001,15100,-28615,-4:-1 -1:-1 -1:0 0:-1 0:0 1:-1
W7U/DA-002,15109,-28561,-2:0 -1:-1 -1:0 0:-2 0:-1 0:0 1:0
W7U/DA-005,15093,-28520,-1:0 -1:1 0:0
W7U/DA-006,15106,-28494,-2:-1 -2:0 -1:-1 -1:0 -1:3 0:0 0:1 0:2 0:3 1:0 1:1 1:2 1:3 2:2
W7U/DA-007,15174,-28626,-4:-2 -4:-1 -4:0 -3:-2 -3:-1 -3:0 -3:2 -2:-1 -2:0 -2:1 -2:2 -1:-2 -1:-1 -1:0 -1:1 -1:2 -1:3 0:-1 0:0 0:1 0:2 0:3 0:4 1:-2 1:-1 1:0 1:1 1:2 1:3 1:4 2:-2 2:-1 2:0 2:1 2:2 2:4 3:-1
W7U/DA-011,15179,-28410,-3:0 -3:1 -2:0 -2:1 -1:-1 -1:0 -1:1 0:0 1:0 2:-1 2:0 2:4
W7U/DU-001,15087,-28735,0:0 0:1 2:-3
W7U/DU-002,15106,-28748,0:-1 0:0 0:1
W7U/DU-003,15102,-28767,-2:-2 0:0
W7U/DU-004,15097,-28798,0:0
W7U/DU-005,15096,-28770,0:0 0:1 4:2 5:2
W7U/DU-006,15074,-28814,-1:0 0:-1 0:0
W7U/DU-007,15080,-28814,0:0
W7U/DU-008,15086,-28778,-2:0 -1:0 0:0
W7U/DU-009,15093,-28832,0:0
W7U/DU-010,15114,-28674,-1:-1 -1:0 -1:1 -1:3 -1:4 0:-5 0:-4 0:-3 0:-2 0:-1 0:0 0:3 0:4 1:-4 1:-2 1:-1 1:4
W7U/DU-011,15090,-28827,0:0
W7U/DU-012,15092,-28815,-4:-2 -3:-2 0:0
W7U/DU-013,15098,-28682,-4:-1 -4:0 -3:-1 -3:0 -3:1 -2:-1 -2:0 -2:1 -2:2 -1:-1 -1:0 0:0 1:0 1:1
W7U/DU-014,15096,-28721,-1:-1 -1:0 -1:1 0:-3 0:-2 0:-1 0:0 1:-2 1:-1 1:0
W7U/DU-015,15078,-28861,-1:0 0:0
W7U/DU-016,15082,-28677,-3:3 -2:0 -2:1 -2:2 -2:3 -1:-1 -1:0 -1:1 0:-2 0:0
W7U/DU-017,15067,-28749,-1:0 0:0 1:0 2:0 3:0 4:0
W7U/DU-018,15104,-28680,-4:-3 -4:-2 -4:-1 -3:-4 -3:-3 -2:-4 0:-2 0:-1 0:0 1:-2 1:-1 1:0 1:1 4:2
W7U/DU-019,15073,-28882,-1:0 0:0
W7U/DU-020,15085,-28760,0:0 1:0 2:0
W7U/DU-021,15050,-28808,-1:0 0:-1 0:0 0:1 1:-2 1:-1 1:0 1:1 2:-3 2:-2 3:-3 3:-2 4:-2
W7U/DU-023,15033,-28851,-1:3 -1:4 0:0 1:-1 2:0
W7U/DU-026,15035,-28863,-3:0 -2:0 -2:1 -1:-1 -1:0 0:-1 0:0 1:0 3:-2 4:-2
W7U/DU-027,15008,-28836,-4:-2 -3:-3 -2:-4 -2:-3 -1:-3 -1:-1 -1:0 0:-2 0:-1 0:0 0:1 0:2 1:-1
W7U/DU-029,15000,-28820,-3:3 -2:1 -2:2 -2:3 -1:0 -1:1 -1:2 -1:3 0:0 0:1 0:2 0:3 1:-1 1:0 2:-1 3:-3 3:-2 3:-1 4:-2 4:-1
W7U/DU-030,15028,-28765,-1:-1 -1:0 0:0 0:1 0:2 0:3 0:4 1:4
W7U/DU-032,14997,-28876,-1:0 -1:1 -1:3 0:-1 0:0 0:1 0:3 1:-1 1:0 2:-2 2:-1 3:-2 4:-2
W7U/DU-033,14971,-28806,-5:-1 -4:-2 -4:-1 -4:1 -3:-1 -3:1 -3:3 -2:-1 -2:0 -2:1 -2:3 -1:-1 -1:0 -1:1 -1:2 -1:3 0:0
W7U/DU-034,14802,-28831,-1:-2 0:-1 0:0 0:1 1:0
W7U/DU-035,14794,-28844,-2:4 -1:3 0:-1 0:0 0:3 1:0
W7U/DU-037,14764,-28819,-2:1 -1:1 -1:2 -1:3 0:-2 0:-1 0:0 0:1 0:3 0:4 1:-4 1:-3 1:-1 1:0 1:1 2:-3 2:-1 4:-1
W7U/DU-038,14825,-28869,-1:-2 -1:-1 -1:0 0:-2 0:0 1:0 1:1 3:2 3:3
W7U/DU-043,14773,-28779,0:0 0:1 0:2 1:-1 1:0 1:1 1:2 1:3 1:4 2:-3 2:1 2:2 2:3 2:4 3:1 3:2 3:3 3:4 4:0 4:1
W7U/DU-044,14812,-28843,-3:-3 -3:-2 -2:-3 -2:-2 -1:-1 0:0 0:1 1:0
W7U/DV-001,15215,-29128,0:-1 0:0 3:-1
W7U/DV-002,15197,-29125,-1:0 0:0 1:1 4:0
W7U/DV-004,15171,-29120,-3:1 -2:1 -1:1 0:-1 0:0 1:0
W7U/EM-001,14620,-28963,-2:0 -1:0 -1:1 0:-1 0:0 0:1 1:-1 1:0 1:1 2:-1 2:0
W7U/EM-002,14600,-28963,-1:1 0:0 0:1 0:2 1:-1 1:0 1:1 2:0 4:0 4:1 4:2 5:0
W7U/EM-003,14631,-28963,-1:-1 -1:1 -1:2 0:-1 0:0 0:1
W7U/EM-004,14525,-28964,-1:-4 -1:-3 -1:-2 0:-4 0:-3 0:-2 0:-1 0:0 0:1 1:-4 1:-3 1:-2 1:-1 1:0 2:-4 2:-3 2:-2 2:-1 2:0 3:-3 3:-2 3:-1 3:0 4:-2
W7U/EM-006,14594,-28974,-4:0 -4:1 -3:0 -3:1 -2:0 -2:1 -1:0 -1:1 0:0 0:1 1:0 1:1 2:0 2:1 3:0 3:1 4:0 4:1 5:0
W7U/EM-007,14460,-28965,-3:2 -2:-1 -2:0 -2:1 -2:2 -2:3 -1:-1 -1:0 -1:1 -1:2 0:-1 0:0 0:1 0:2 1:0 1:1 2:0 2:1 3:0 4:0 5:0
W7U/EM-008,14594,-28713,0:0
W7U/GA-001,14100,-28853,0:-1 0:0 2:-1 3:0
W7U/GA-002,14041,-29139,-4:2 -3:0 -3:1 -3:2 -3:3 -2:-1 -2:0 -2:1 -2:2 -2:3 -2:4 -1:-1 -1:0 -1:1 -1:2 -1:3 -1:4 0:0 0:1 0:2 0:3 0:4 1:-1 1:0 1:1 1:2 1:3 1:4 2:0 2:1 2:2 2:3 2:4 3:0 3:1 3:2 3:3 4:1 4:2 4:3
W7U/GA-004,13983,-29134,-2:0 -1:-1 -1:0 0:-1 0:0 1:-1 1:0 2:0 3:-3 3:-2 3:-1 3:0 4:-3 4:-2 4:-1
W7U/GA-006,14125,-28858,-5:-1 -5:0 -5:1 -4:2 -1:0 0:0
W7U/GA-007,14027,-29232,0:0 1:0
W7U/GA-008,14126,-29204,-4:-1 -4:0 -4:1 -4:2 -3:-1 -3:0 -3:1 -3:2 -2:-1 -2:0 -2:1 -2:2 -2:3 -1:-1 -1:0 -1:1 -1:2 -1:3 -1:4 0:0 0:1 0:2 0:3 0:4 1:1 1:2 1:3 2:3
W7U/GA-009,14112,-28847,-1:-1 -1:0 0:0
W7U/GA-011,14039,-29242,0:0
W7U/GA-012,14039,-28832,-4:2 -4:3 -3:3 0:0 0:1
W7U/GA-013,14006,-29214,-1:2 0:0 0:1 0:2 1:-1 1:0 1:2 2:-2 2:-1
W7U/GA-014,13929,-29115,0:-1 0:0 1:-1 1:0 2:-1 3:-1
W7U/GA-015,14126,-28837,0:0 1:0
W7U/GA-016,14080,-28844,0:0 1:0
W7U/GA-017,13966,-29328,-2:1 -1:1 -1:2 0:0 0:1 0:2 1:1
W7U/GA-018,13970,-29319,-3:3 -2:2 -2:3 -2:4 -1:0 -1:1 -1:2 0:-4 0:0 0:1 0:2 0:3 0:4 1:-4 1:-3 1:-2 1:-1 1:0 1:1 1:2 1:3 1:4 2:-1 2:0 2:1 2:2 2:3 3:1 3:2 4:1
W7U/GR-001,14526,-28586,-4:-2 -4:-1 -3:-2 -2:-4 -2:-3 -2:-2 -2:-1 -1:-4 -1:-3 -1:-2 -1:-1 -1:0 0:-1 0:0 1:-1 1:0 1:1 2:-2 2:-1 2:0 3:-1 3:2 4:-1 4:2 5:0
W7U/GR-002,14533,-28595,-2:1 -1:0 -1:1 0:-2 0:-1 0:0 0:1 1:-2 1:-1 1:0 1:1 2:-2 2:-1 2:0 2:1 2:2 3:-2 3:-1 3:0 3:1 3:2 4:-1 4:0 4:1 4:2 5:0 5:1
W7U/GR-003,14546,-28608,-3:3 -2:-2 -2:2 -2:3 -1:-2 -1:-1 -1:1 -1:2 -1:3 -1:4 0:-2 0:-1 0:0 0:1 0:2 0:3 0:4 1:-2 1:-1 1:0 1:1 1:2 1:3 1:4 2:-2 2:-1 2:0 2:1 2:3 3:-2 3:0 3:1 3:2 4:-2 4:-1 4:0 4:1 4:2
W7U/GR-004,14519,-28566,-1:-1 0:0 0:1 1:0 1:1 1:3 2:0 2:1 3:0 3:2 4:-1
W7U/GR-005,14515,-28552,-2:-1 0:-1 0:0 1:-2 1:0 3:2 4:2
W7U/GR-006,14274,-28406,-2:-1 -2:0 -1:-4 -1:-3 -1:-2 -1:-1 -1:0 0:-4 0:-3 0:-2 0:-1 0:0 1:-4 1:-3 1:-2 1:-1 1:0 1:1 1:2 2:-4 2:-3 2:-2 2:-1 2:0 2:1 2:2 3:-3
W7U/IR-001,13996,-29351,-2:0 -1:-1 -1:0 0:-1 0:0
W7U/IR-002,13957,-29393,-2:4 0:0 0:1 1:0 1:1
W7U/IR-003,13914,-29411,0:-1 0:0 1:-1 1:0 2:-1
W7U/IR-004,14030,-29327,-1:0 -1:1 0:0
W7U/IR-005,13959,-29413,-1:0 0:0 0:1 1:0 1:1 2:-1 2:0 2:1 2:2 3:0 3:1 3:2 4:1
W7U/IR-006,14046,-29309,0:-1 0:0
W7U/IR-007,14005,-29361,-4:1 -4:2 -3:2 -2:1 -1:0 -1:1 -1:2 0:0 0:1 0:2 1:0 1:1 1:2
W7U/IR-008,14053,-29335,-2:-2 -2:-1 -1:-2 -1:-1 0:-1 0:0 0:1 1:-1 1:0 2:1
W7U/JU-001,14758,-29663,0:0
W7U/JU-002,14740,-29672,-3:3 -2:3 0:-1 0:0 0:1
W7U/JU-003,14730,-29679,-1:0 0:0 1:0
W7U/JU-004,14755,-29102,-4:-2 -4:-1 -2:0 -1:0 0:0
W7U/JU-005,14769,-29104,0:0
W7U/JU-012,14742,-29699,-1:-1 0:0 1:0
W7U/KA-001,13895,-29380,-2:2 -2:3 0:0
W7U/KA-005,13879,-29230,-2:-1 -1:-1 -1:0 -1:1 -1:2 -1:3 0:-1 0:0 0:1 0:2 1:-1 2:-2 2:-1
W7U/KA-006,13865,-29353,-2:0 -1:1 0:0 0:1 0:2 0:3 0:4 1:0 1:1 1:2 1:3 1:4 2:3
W7U/MI-001,14442,-29212,-1:-1 0:0
W7U/MI-003,14442,-29218,-1:0 0:0
W7U/MI-004,14588,-29510,-1:0 0:0 0:1
W7U/MI-005,14553,-29219,-1:0 0:0 2:-1
W7U/MI-006,14325,-29253,-2:-3 -2:-2 -2:4 -1:-2 -1:-1 -1:0 0:-1 0:0 0:4 1:4
W7U/MO-001,15236,-29082,-3:3 -2:2 -1:1 -1:2 0:0 1:0
W7U/NU-001,15102,-28743,-5:-1 -4:-2 0:0
W7U/NU-002,15119,-28735,0:-1 0:0
W7U/NU-003,15078,-28725,0:-1 0:0 1:1
W7U/NU-004,15112,-28738,0:0 1:0
W7U/NU-005,15095,-28804,0:0
W7U/NU-006,15110,-28757,-3:0 -2:0 -1:0 0:0 1:0
W7U/NU-007,15108,-28742,-4:-2 0:0
W7U/NU-008,14236,-28446,0:0 0:1 1:1
W7U/NU-009,14245,-28447,0:0
W7U/NU-010,15085,-28850,-2:0 -1:-1 -1:0 0:0
W7U/NU-011,14236,-28454,0:0
W7U/NU-012,15114,-28640,-2:-2 -2:-1 -1:-3 -1:-2 -1:-1 -1:0 -1:1 -1:2 0:-2 0:-1 0:0 0:1 0:2 1:0 1:1
W7U/NU-013,14751,-29667,0:0
W7U/NU-014,15099,-28603,-2:-1 -2:0 -1:-2 -1:-1 -1:0 -1:1 0:-2 0:-1 0:0 0:1 1:-1 1:0
W7U/NU-015,14748,-29105,-4:-1 0:0
W7U/NU-016,14959,-29075,-2:1 0:0
W7U/NU-017,15019,-29078,-2:-1 -1:-1 0:0
W7U/NU-018,15012,-29091,0:0
W7U/NU-019,14589,-29000,-2:0 -1:0 -1:1 0:0 0:1 1:0 2:-1 2:0 3:-3
W7U/NU-020,14272,-29186,0:0 0:1 1:0 1:1 1:2 2:0 2:1
W7U/NU-021,15066,-28878,0:-2 0:-1 0:0 1:-2 1:-1 1:0
W7U/NU-022,14602,-28990,-1:-2 -1:-1 -1:1 0:-1 0:0 1:-1 1:0 1:1 2:-2
W7U/NU-023,14905,-29052,-1:0 0:0 1:3 2:3
W7U/NU-024,15024,-29069,0:-4 0:-1 0:0 0:3 1:-4
W7U/NU-025,14985,-29330,-1:0 0:0
W7U/NU-026,14928,-29060,0:0 1:0 2:0
W7U/NU-027,15031,-29064,0:-1 0:0 0:1
W7U/NU-028,14805,-29067,0:-1 0:0 1:0 1:1 2:-1 3:-3 3:-2 4:-2
W7U/NU-029,14049,-29221,0:0 1:-1
W7U/NU-030,14653,-28961,-4:0 -3:0 -1:0 0:0 0:1 1:-1 2:-1
W7U/NU-031,13716,-28873,-3:0 -2:0 -2:1 -1:0 -1:1 0:0 0:1 0:2 1:-1 1:0 1:1 1:2 2:-1 2:0 3:-1
W7U/NU-032,14832,-28903,-3:-1 -3:4 -2:-1 -1:0 0:-4 0:0 0:1 0:2 1:0 1:1 1:2 2:1 3:2
W7U/NU-033,15063,-29085,-1:0 0:0
W7U/NU-034,14975,-28955,-1:1 0:0 0:1 0:2 0:3 1:0 1:1 2:0 3:0 3:1 4:2
W7U/NU-035,14847,-29044,0:0
W7U/NU-036,14948,-28852,-4:-2 -4:-1 -4:0 -4:2 -3:-3 -3:-2 -3:-1 -3:0 -3:1 -2:-4 -2:-3 -2:-2 -2:-1 -2:0 -1:-4 -1:-3 -1:-2 0:-4 0:-3 0:-2 0:-1 0:0 0:1 1:-4 1:-3 1:-2 1:-1 1:0 2:-4 2:-3 2:-2
W7U/NU-037,14690,-29100,-2:0 0:0 1:0 2:-1
W7U/NU-038,15522,-29083,-1:1 0:0 0:1 1:1 3:0
W7U/NU-039,14769,-28881,-1:3 -1:4 0:-2 0:-1 0:0 0:1 0:3 1:-3 1:-2 1:-1 1:0 1:1 1:2 1:3 2:-2 2:1
W7U/NU-040,14792,-29097,0:0 1:0
W7U/NU-041,14724,-28904,-1:0 0:-1 0:0 1:0 1:1 2:0 2:1 2:2 3:0 4:0
W7U/NU-042,15326,-29160,0:0 1:-1
W7U/NU-043,14589,-29221,0:0
W7U/NU-044,15449,-29094,-4:2 -3:1 -2:0 -1:0 0:0 0:1 1:1 1:2 1:3
W7U/NU-045,15514,-29553,-3:-1 -2:-1 -2:0 -2:1 -2:2 -1:0 -1:1 -1:2 -1:3 0:-1 0:0 0:1 0:2 1:0 1:1 1:2
W7U/NU-046,13912,-29258,-1:-2 -1:-1 -1:0 -1:1 -1:2 0:0 0:1 0:2 3:-1 4:-1 4:0
W7U/NU-047,14461,-29074,-1:0 0:-1 0:0 1:-1 1:0
W7U/NU-048,15259,-29136,0:0 1:-1
W7U/NU-049,15330,-29113,0:-1 0:0 1:1 2:1
W7U/NU-050,15113,-28974,-1:0 0:0 0:1 0:2 1:-2 1:-1 1:0 1:1 1:2 2:-2 2:-1 2:0 2:1 2:2 2:3 3:-2 3:-1 4:-2 4:-1
W7U/NU-051,15420,-29171,-1:1 -1:2 0:0 3:-1 3:0
W7U/NU-052,15131,-29032,-3:1 -1:-1 -1:0 0:-2 0:0 0:1 1:0
W7U/NU-053,15555,-29031,-4:1 -4:2 -3:0 -3:1 -3:2 -2:0 -2:1 -2:2 -1:-1 -1:0 -1:1 0:-1 0:0 0:1 1:-1 1:0 1:1 2:-1 2:0 2:1 2:2 3:0 3:1 4:0 4:1
W7U/NU-054,15341,-29041,-3:-2 -3:2 -2:-2 -1:-2 -1:-1 -1:0 -1:1 -1:2 0:-2 0:-1 0:0 0:1 0:2 1:-1 1:0 1:1 1:2 2:1 2:2 2:3 3:1 3:2 3:3 4:1 4:2
W7U/NU-055,15348,-29095,-4:0 -3:0 -2:0 -1:0 -1:1 0:0 0:1 0:2 1:-1 1:0 1:1 2:-1 2:0 2:1
W7U/NU-056,15491,-29046,-1:0 -1:1 0:0 0:1 1:0 1:1 2:0 2:1 2:2 2:3 3:3
W7U/NU-057,15058,-29048,-5:-1 -5:0 -4:0 -1:0 0:-1 0:0 1:0
W7U/PI-001,14216,-29255,-2:-3 -1:1 0:0 0:1 1:1
W7U/PI-003,14237,-29270,-1:1 0:0 0:1 1:0 2:0
W7U/PI-006,14222,-29187,-2:0 -2:1 -1:-2 -1:-1 -1:0 -1:1 -1:2 0:-2 0:-1 0:0 0:1 0:2 1:-2 1:-1 1:0 1:1 2:-2 3:-2 3:-1 3:0 4:-2 4:-1 4:0 5:-1 5:0
W7U/PI-007,14194,-29138,-4:-2 -4:-1 -4:0 -4:1 -4:2 -3:1 -2:-1 -1:-2 -1:-1 -1:0 -1:1 -1:2 0:-1 0:0 0:1 1:0 1:1 1:2 2:0 3:0 4:0 5:0
W7U/PI-008,14167,-29190,-1:1 -1:3 0:0 0:1 0:3 1:0 1:1 1:2 1:3 2:1 2:2 2:3 3:1
W7U/PI-012,14248,-29283,-4:0 -3:-3 -2:4 -1:4 0:0 1:0 1:4
W7U/SE-001,14321,-29074,0:0 1:0
W7U/SE-002,14305,-29171,-4:0 -4:1 -4:2 -3:0 -3:1 -3:2 -3:3 -2:1 -2:2 -1:-1 -1:0 -1:1 -1:2 0:-1 0:0 0:1 0:2 0:3 1:-2 1:-1 2:-3 2:-2
W7U/SE-004,14293,-29155,-4:-2 -4:-1 -3:-1 -2:-1 -2:0 -1:0 0:0 0:1 1:0
W7U/SE-005,14334,-29096,-4:2 -4:3 -3:2 -2:-4 -2:-1 -2:0 -2:1 -1:-4 -1:-2 -1:-1 -1:0 -1:1 0:-4 0:-2 0:-1 0:0 1:-3 1:-2 1:-1
W7U/SE-006,14266,-29032,0:0 1:0 2:-1
W7U/SE-007,14291,-29072,-4:-1 -3:-1 -3:0 -3:1 -2:-1 -2:0 -2:1 -1:-1 -1:0 -1:1 0:-2 0:-1 0:0
W7U/SE-008,14300,-29063,-4:0 -3:-1 -3:0 -2:-1 -2:0 -1:-1 -1:0 0:0 1:0 2:0
W7U/SE-010,14333,-29024,-1:0 -1:1 0:0 1:0
W7U/SE-012,14431,-29070,-3:-2 -3:-1 -2:-2 -2:-1 -1:-2 -1:-1 -1:0 0:-2 0:-1 0:0 0:1 1:-1 1:0 3:1 4:1
W7U/SE-013,14324,-29247,-4:-1 -3:-1 -1:0 -1:1 0:-2 0:0 0:1 1:-1 1:0 1:1 2:1
W7U/SE-014,14430,-28997,-1:-2 -1:1 0:0 0:1 1:0 1:1 2:1 3:1 3:2
W7U/SE-015,14420,-29188,0:0
W7U/SJ-001,14222,-28454,0:0
W7U/SJ-003,14004,-28505,-1:-1 0:0 1:0
W7U/SJ-004,14010,-28527,-2:-3 -1:-3 0:-2 0:0 1:-3 1:-2 1:-1 1:0 2:-2 2:0 3:0
W7U/SJ-005,14020,-28515,0:-2 0:0 1:-2 1:0 4:0 5:0
W7U/SJ-006,14050,-28529,-2:-1 -2:0 -1:-2 -1:-1 -1:0 0:0
W7U/SJ-007,14028,-28589,-3:0 -3:1 -2:0 -1:0 0:0 0:1 1:-1 1:0 1:3 2:-1 2:0 3:-1 4:-1 5:-1
W7U/SJ-008,13935,-28609,0:-1 0:0 1:0
W7U/SL-001,15034,-29094,-1:2 0:-1 0:0
W7U/SL-002,15012,-29084,-1:-1 0:0 2:3
W7U/SL-003,15009,-29104,0:0 0:1 1:0
W7U/SL-005,15033,-29053,0:0 0:1 1:0
W7U/SL-006,15038,-29075,-2:1 -1:0 0:0
W7U/SL-007,15058,-29090,0:0
W7U/SL-008,15045,-29055,-1:3 0:0 0:1 2:0 3:-1 3:1 4:-2
W7U/SL-010,15071,-29064,-2:-4 -1:-2 0:-2 0:-1 0:0 0:1
W7U/SL-011,15060,-29075,-1:0 0:0 2:3 2:4 3:-3 3:3
W7U/SL-012,15130,-29103,0:0
W7U/SL-013,14987,-29212,0:0 1:-3 1:-2 1:0
W7U/SL-014,15042,-29216,0:0 0:1
W7U/SL-015,15005,-29216,-1:0 0:-1 0:0
W7U/SL-017,15059,-29220,-3:0 -2:0 -1:0 0:0
W7U/SM-001,15114,-28809,0:-1 0:0
W7U/SM-002,15104,-28809,0:0 1:0 3:-2
W7U/SM-003,15105,-28774,-2:1 -1:1 0:0 1:0
W7U/SM-004,15103,-28789,-2:0 0:0 3:-1 4:-1
W7U/SM-005,15122,-28694,-3:-3 -3:-2 -3:-1 -2:-2 -2:-1 -1:-1 0:-1 0:0 1:0 2:0 3:0 4:0 5:0 5:1
W7U/SM-006,15101,-28842,-1:0 0:0
W7U/SM-007,15091,-28847,-2:1 -1:1 0:0
W7U/SM-008,15101,-28824,-3:0 -2:0 0:0 2:0
W7U/SM-009,15108,-28824,0:0
W7U/SM-010,15087,-28866,0:0
W7U/SM-011,15099,-28863,0:0 1:0
W7U/SM-012,15090,-28860,0:0
W7U/SM-013,15105,-28832,-4:1 0:0 1:0
W7U/SM-014,15097,-28869,0:0 1:-1 1:4
W7U/SM-015,15076,-28884,-2:2 0:0
W7U/SM-016,15073,-28902,-1:1 0:0
W7U/SM-017,15072,-28911,-1:0 0:0
W7U/SM-019,15085,-28883,0:0 0:1 1:0 1:1 3:1 5:0
W7U/SM-020,15076,-28893,0:-1 0:0 0:1 1:-2 1:-1
W7U/SM-025,15114,-28895,-1:0 0:0 1:0
W7U/SM-026,15059,-28903,-3:-1 -3:0 -2:-1 -2:0 -1:0 0:-1 0:0 1:0 2:0 3:0 4:0
W7U/SM-028,15065,-28923,-3:1 -2:1 -1:1 0:-1 0:0 2:4
W7U/SM-029,15137,-28907,-4:-1 -1:0 0:0 0:1 1:0
W7U/SM-030,15127,-28912,-3:2 -2:1 -1:0 0:-1 0:0 0:1 0:4
W7U/SM-033,15065,-28944,-2:-3 -1:-2 0:-1 0:0 1:1 1:2 1:3
W7U/SM-034,15115,-28884,-1:-1 -1:0 -1:1 0:-1 0:0 0:1 0:2 0:3 2:-2
W7U/SM-035,15101,-28921,-4:-1 -3:1 -2:2 -2:3 -1:0 -1:1 -1:2 -1:3 -1:4 0:-4 0:-3 0:-2 0:-1 0:0 0:3 0:4 1:-2 1:0 1:4 2:-2 2:0
W7U/SM-036,15071,-28958,-1:0 0:-1 0:0 1:-1 2:-1 3:-1 3:0 4:-1
W7U/SM-042,15037,-29033,-1:-2 -1:-1 0:-1 0:0 1:-4 1:0 2:-4 2:0 3:0 3:1
W7U/SM-043,15191,-28935,-2:-1 -1:-1 0:-2 0:-1 0:0 1:-1 1:0 2:-1
W7U/SP-001,14487,-29025,-4:0 -3:-3 -3:-2 -3:-1 -2:-3 -2:-2 -2:-1 -1:-4 -1:-3 -1:-2 -1:-1 -1:0 -1:3 0:-4 0:0 0:1 0:2 0:3 0:4 1:-4
W7U/SP-003,14583,-29012,-3:1 -2:-4 -2:-1 -2:0 -2:1 -2:3 -1:0 -1:1 -1:2 0:0 0:1 0:2
W7U/SP-005,14457,-29057,0:0
W7U/SP-006,14490,-29040,-3:3 -2:2 -2:3 -1:1 -1:2 0:0 0:1 0:2 1:1
W7U/SP-007,14502,-29041,-2:2 -1:1 0:-1 0:0 1:-2 1:-1 2:-2
W7U/SP-010,14725,-29057,0:-1 0:0 1:-1 1:0 3:-1
W7U/SU-003,14273,-28445,-4:-2 -2:-2 0:0
W7U/SU-004,14264,-28444,0:0 1:1
W7U/SU-005,14260,-28440,0:0
W7U/SU-006,14210,-29264,0:-1 0:0 0:1 0:4 1:0
W7U/SU-007,14229,-29275,0:0
W7U/SU-008,14222,-29280,0:-1 0:0
W7U/SU-009,14299,-29099,-5:-1 -5:0 -4:-2 -4:-1 -4:0 -4:1 -3:-2 -3:-1 -3:0 -3:1 -3:2 -2:-2 -2:-1 -2:0 -2:1 -1:-1 -1:0 -1:1 0:-1 0:0 0:1 1:-1 1:0 1:1 1:2 2:0 2:1 2:2 3:1 3:2 3:3 4:2
W7U/SU-010,14337,-29075,-2:-1 -1:-1 0:-1 0:0 1:-1 1:0 2:-2 2:-1 3:-3
W7U/SU-011,14327,-29048,-2:-1 -2:0 -2:1 -1:-1 -1:0 -1:1 0:0
W7U/SU-012,14114,-28858,-3:2 -2:1 -1:0 -1:1 0:0 1:0
W7U/SU-013,14058,-28852,-1:0 0:0
W7U/SU-014,14014,-28506,0:-2 0:-1 0:0
W7U/SU-015,14133,-29037,-5:-1 -5:0 -5:1 -4:-3 -4:-2 -4:-1 -4:0 -4:1 -4:2 -4:3 -3:-3 -3:-2 -3:-1 -3:0 -3:1 -3:2 -3:3 -2:-4 -2:-3 -2:-2 -2:-1 -2:0 -2:1 -2:2 -2:3 -2:4 -1:-4 -1:-3 -1:-2 -1:-1 -1:0 -1:1 -1:2 -1:3 -1:4 0:-4 0:-3 0:-2 0:-1 0:0 0:1 0:2 0:3 0:4 1:-4 1:-3 1:-2 1:-1 1:0 1:1 1:2 1:3 1:4 2:-3 2:-2 2:-1 2:0 2:1 2:2 2:3 3:-3 3:-2 3:-1 3:0 3:1 3:2 3:3 4:-1 4:0 4:1
W7U/SU-016,13955,-29384,0:0 0:1 0:4 1:1 1:2 1:3 2:2 2:3 2:4 3:4
W7U/SU-017,14228,-29032,-4:-2 -4:-1 -4:0 -4:1 -4:2 -3:-3 -3:-2 -3:-1 -3:0 -3:1 -3:2 -2:-3 -2:-2 -2:-1 -2:0 -2:1 -2:2 -1:-3 -1:-2 -1:-1 -1:0 -1:1 -1:2 0:-2 0:-1 0:0 0:1 0:2 1:-2 1:-1 1:0 1:1 1:2 2:-2 2:-1 2:0 2:1 2:2 2:3 3:-2 3:-1 3:0 3:1 3:2 3:3 4:-2 4:-1 4:0 4:1 4:2 4:3 5:0 5:1
W7U/SU-021,14081,-29224,-4:0 -3:0 -1:0 -1:1 -1:2 0:0 0:1 0:2 1:1
W7U/SU-022,14032,-28828,-2:2 -1:1 0:0 0:1 1:1 2:1
W7U/SU-024,13822,-29556,-2:1 -1:0 -1:1 0:0 0:1 1:-2 1:3 2:-2 2:4 3:1 3:2
W7U/SU-026,14218,-29172,-2:1 -1:0 0:-2 0:-1 0:0 1:-2 1:-1 1:0 1:1 2:-1 2:0 2:1
W7U/SU-027,14397,-29233,-3:2 -2:2 -2:3 -1:2 0:0
W7U/SU-028,13910,-29442,-4:-2 -3:-3 -3:-2 -2:-3 -2:-2 -2:-1 -1:-3 -1:-2 -1:-1 -1:0 -1:1 -1:2 0:-2 0:-1 0:0 0:1 0:2 1:-2 1:0 1:1 1:2
W7U/SU-029,14383,-29237,-2:0 -1:0 -1:1 0:-2 0:-1 0:0 1:-2 1:0 2:-3
W7U/SU-030,14589,-28968,-4:-1 -4:0 -3:-1 -3:0 -2:-1 -1:-1 -1:0 -1:1 0:0 0:1 1:0 1:1 2:0 2:1 3:0
W7U/SU-032,14266,-29502,-1:0 0:0 1:0
W7U/SU-033,14497,-29534,-1:0 0:0
W7U/SU-036,13958,-29246,0:0 1:-1 1:0 1:1 2:-1 2:2
W7U/TO-001,14782,-29661,-1:0 0:0
W7U/TO-003,14952,-29216,0:-1 0:0 1:1 1:4
W7U/TO-005,14972,-29219,0:0
W7U/TO-006,14982,-29223,-1:0 0:0 3:0 4:-1
W7U/TO-007,14961,-29322,-2:1 -1:1 0:0 3:-2
W7U/TO-008,14962,-29236,0:0 1:0
W7U/TO-009,14809,-29308,-1:2 0:0 1:-1 1:0 2:-1 3:-1 4:-1
W7U/TO-010,14807,-29659,-5:-1 -5:0 -5:1 -4:0 -1:0 0:0 0:1 1:-1 1:0
W7U/TO-011,14981,-29318,-4:2 -2:1 -1:1 0:-4 0:0 1:-4
W7U/TO-013,15038,-29327,-1:0 0:0
W7U/TO-014,14906,-29309,0:0 1:0 1:1
W7U/UI-001,15078,-28602,-2:-1 -2:0 -1:-2 -1:-1 -1:0 -1:1 0:-3 0:-2 0:-1 0:0 1:-1 2:-1 3:-1 3:0 4:-1 4:0
W7U/UI-002,15089,-28635,-4:2 -3:1 -3:2 -3:3 -3:4 -2:0 -2:1 -2:2 -2:3 -2:4 -1:-1 -1:0 -1:1 0:-2 0:-1 0:0 0:1 1:-2 1:-1 1:0 1:1 2:2
W7U/UI-003,15088,-28535,-4:-1 -4:0 -3:-1 -3:0 -2:-1 -2:0 -2:1 -1:-1 -1:0 0:-1 0:0 1:-3 1:-2 1:-1 1:0 2:-2 2:0 4:-1
W7U/UI-004,15081,-28553,-4:1 -2:0 -1:-1 -1:0 0:-1 0:0 0:1 1:-1 1:0 2:-1
W7U/UI-005,15092,-28488,-2:-2 -2:1 -2:2 -2:3 -2:4 -1:-1 -1:0 -1:1 0:-1 0:0
W7U/UT-002,14996,-29088,0:-1 0:0
W7U/UT-004,14962,-29073,-4:-1 -4:0 -4:1 -3:-3 -3:0 -2:-3 -2:-2 -1:-4 0:-4 0:0 1:-4 1:0
W7U/UT-005,14998,-29057,0:0
W7U/UT-006,14921,-28989,-4:2 -4:3 -1:2 0:0 0:1 0:2 1:1 1:2 2:2 3:2
W7U/UT-008,14894,-29060,-1:0 -1:1 0:0
W7U/UT-010,14833,-28960,-3:1 -3:2 -1:0 0:0 1:0 1:1 2:0
W7U/UT-011,14762,-28989,-5:-1 -5:2 -4:-2 -4:-1 -4:1 -4:2 -4:3 -3:-3 -3:-2 -3:-1 -3:1 -3:2 -3:3 -3:4 -2:-3 -2:-2 -2:1 -2:2 -2:3 -2:4 -1:-3 -1:-2 -1:-1 -1:0 -1:1 -1:2 -1:3 -1:4 0:-4 0:-3 0:-2 0:-1 0:0 0:1 0:2 0:3 0:4 1:-4 1:-3 1:-2 1:-1 1:0 1:1 1:3 2:-3 2:-1 2:0 2:1 3:1
W7U/UT-012,14926,-29026,0:0
W7U/UT-014,14938,-29025,-1:1 0:0 0:1 1:0 1:1 2:-1
W7U/UT-015,14902,-29062,0:0 1:-1 1:0 3:3
W7U/UT-016,14966,-29093,-1:1 0:0 0:1 3:0 3:1 4:0 5:0
W7U/WA-001,14966,-28909,-1:-1 -1:0 -1:1 -1:2 -1:3 0:-2 0:-1 0:0
W7U/WA-002,14954,-28952,-1:0 0:0 1:0 5:-1
W7U/WA-004,15028,-28901,-2:0 -2:1 -2:2 -2:3 -1:-1 -1:0 -1:1 0:-1 0:0
W7U/WA-005,14929,-28941,-3:1 -3:2 -2:1 -2:2 -2:4 -1:1 0:0 0:1
W7U/WA-007,14946,-28897,-3:-1 -2:-1 -2:0 -2:1 -2:2 -1:-1 -1:0 -1:1 -1:2 -1:3 0:-2 0:-1 0:0 0:1 0:2 0:3 1:-4
W7U/WA-013,14914,-28914,-2:-1 -2:0 -2:1 -2:2 -1:0 -1:1 -1:2 0:0
W7U/WA-014,14811,-28920,-1:0 -1:1 0:-1 0:0 1:-1 1:0 1:1 2:1 3:0 3:1
W7U/WS-001,13857,-29527,-4:-2 -1:1 0:0 0:1
W7U/WS-004,13876,-29533,-3:2 -2:1 -1:0 -1:2 0:0 0:1 0:2 1:1 2:0 2:1 2:2 2:3 2:4
W7U/WY-001,14254,-29030,0:0 1:-1
W7U/WY-003,14203,-29034,-1:-1 -1:0 0:-1 0:0
W7W/CH-001,17866,-31476,0:0
W7W/CH-002,17583,-31485,0:0
W7W/CH-003,17837,-31461,0:0
W7W/CH-004,17956,-31488,0:0
W7W/CH-005,17828,-31460,0:0
W7W/CH-006,17842,-31460,-4:-1 -4:0 0:0
W7W/CH-007,17584,-31467,-2:1 0:0
W7W/CH-008,17584,-31471,-1:5 0:0 0:3
W7W/CH-009,17870,-31362,0:0
W7W/CH-010,17593,-31459,-2:0 -1:0 0:0
W7W/CH-011,17582,-31482,-1:-3 0:-4 0:-3 0:-2 0:0
W7W/CH-012,17796,-31503,0:0
W7W/CH-013,17815,-31410,0:0 1:0 1:1
W7W/CH-014,17812,-31488,-1:0 0:0
W7W/CH-015,17587,-31461,0:-2 0:0 1:2
W7W/CH-016,17959,-31491,-2:2 -2:3 0:-2 0:0
W7W/CH-017,17915,-31397,0:0
W7W/CH-018,17867,-31463,0:0
W7W/CH-019,17614,-31471,0:0
W7W/CH-020,17858,-31343,-3:1 0:0 1:2
W7W/CH-021,17581,-31475,0:0 2:4
W7W/CH-022,17820,-31414,0:0
W7W/CH-023,17844,-31474,0:0
W7W/CH-024,17800,-31507,0:0 1:-2
W7W/CH-025,17826,-31425,0:0 2:0
W7W/CH-026,17846,-31472,0:0 1:0
W7W/CH-027,17819,-31418,0:0
W7W/CH-028,17824,-31448,0:0
W7W/CH-029,17874,-31366,-4:3 -3:3 0:0
W7W/CH-030,17880,-31450,0:0
W7W/CH-031,17847,-31342,0:0
W7W/CH-032,17581,-31455,0:0
W7W/CH-033,17887,-31446,0:0
W7W/CH-034,17867,-31432,0:0 2:0
W7W/CH-035,17953,-31505,0:0
W7W/CH-036,17929,-31521,0:0 0:1
W7W/CH-037,17589,-31451,-1:-1 0:0
W7W/CH-038,17872,-31451,0:-1 0:0 3:1
W7W/CH-039,17850,-31341,-3:0 0:-1 0:0
W7W/CH-040,17807,-31398,0:-1 0:0 4:-3
W7W/CH-041,17862,-31443,-1:0 0:0 3:1
W7W/CH-042,17891,-31509,0:0
W7W/CH-043,17873,-31431,0:0
W7W/CH-044,17923,-31409,0:0
W7W/CH-045,17838,-31450,0:0 1:0
W7W/CH-046,17928,-31458,0:0
W7W/CH-047,17895,-31503,0:0
W7W/CH-048,17856,-31372,0:0
W7W/CH-049,17667,-31494,0:0
W7W/CH-050,17827,-31450,0:-1 0:0
W7W/CH-051,17964,-31456,0:0 1:0
W7W/CH-052,17860,-31485,-1:-1 0:0
W7W/CH-053,17825,-31411,0:0
W7W/CH-054,17813,-31421,0:0
W7W/CH-055,17862,-31352,-4:3 -3:2 -2:1 -1:-1 -1:0 -1:1 0:0 4:0 4:1
W7W/CH-056,17870,-31439,0:0
W7W/CH-057,17910,-31398,0:0 3:1 4:1 5:-1 5:0
W7W/CH-058,17604,-31484,-2:-2 0:0
W7W/CH-059,17814,-31453,0:0
W7W/CH-060,17816,-31497,-4:0 -3:0 -1:0 0:0 0:1
W7W/CH-061,17809,-31423,-4:3 -2:3 -1:0 -1:3 0:0 4:1
W7W/CH-062,17826,-31335,-3:-3 -1:-1 0:-1 0:0
W7W/CH-063,17833,-31423,-4:-3 -1:0 0:-1 0:0 1:-1
W7W/CH-064,17897,-31472,-3:0 0:0
W7W/CH-065,17925,-31421,0:0
W7W/CH-066,17881,-31486,0:0
W7W/CH-067,17928,-31441,0:0 0:1
W7W/CH-068,17882,-31474,0:0 0:1 2:1
W7W/CH-069,17844,-31354,-1:-2 0:0 0:4
W7W/CH-070,17868,-31454,0:0 3:1 3:4 4:1
W7W/CH-071,17825,-31328,-1:0 0:0 1:0
W7W/CH-072,17961,-31414,0:0
W7W/CH-073,17602,-31491,0:0 0:1
W7W/CH-074,17872,-31461,-4:-2 -4:-1 -4:0 0:0
W7W/CH-075,17965,-31422,-2:-1 -1:4 0:0 0:1 2:1 3:0
W7W/CH-076,17957,-31421,0:0
W7W/CH-077,17968,-31435,0:0
W7W/CH-078,17919,-31417,0:0 2:-3
W7W/CH-079,17958,-31448,0:0
W7W/CH-080,17891,-31480,-1:0 0:0
W7W/CH-081,17644,-31471,-2:1 -2:2 -1:0 -1:1 0:0
W7W/CH-082,17861,-31373,-5:0 -4:1 -4:2 -4:3 -3:0 -3:1 -2:0 0:0 1:4 2:4 3:4
W7W/CH-083,17827,-31355,0:0
W7W/CH-084,17652,-31467,-1:-1 0:0
W7W/CH-085,17945,-31424,0:0
W7W/CH-086,17959,-31463,-1:0 0:-1 0:0 1:1 2:1
W7W/CH-087,17833,-31417,0:0
W7W/CH-088,17593,-31446,0:-1 0:0
W7W/CH-089,17878,-31461,0:0
W7W/CH-090,17795,-31444,0:0
W7W/CH-091,17790,-31440,-4:0 -2:0 0:0
W7W/CH-092,17883,-31395,0:-2 0:-1 0:0 5:1
W7W/CH-093,17821,-31351,0:0 1:-1
W7W/CH-094,17937,-31420,0:0 1:0 2:0
W7W/CH-095,17772,-31478,0:0
W7W/CH-096,17976,-31421,0:0
W7W/CH-097,17783,-31436,0:0 2:-4
W7W/CH-098,17595,-31478,0:-1 0:0 0:1
W7W/CH-099,17643,-31488,0:-4 0:0
W7W/CH-100,17937,-31516,0:0
W7W/CH-101,17804,-31393,-1:-1 0:-1 0:0 0:1 1:-5 2:-4
W7W/CH-102,17903,-31402,0:0
W7W/CH-103,17615,-31519,0:0 1:-1
W7W/CH-104,17939,-31441,-2:1 0:0
W7W/CH-105,17894,-31397,-4:2 -3:3 -2:2 -1:0 -1:1 0:0
W7W/CH-106,17903,-31459,-1:0 0:0
W7W/CH-107,17780,-31537,0:-1 0:0 0:1
W7W/CH-108,17836,-31433,-2:1 -1:0 0:0
W7W/CH-109,17927,-31448,-1:0 0:-5 0:-4 0:-3 0:-1 0:0 1:-5
W7W/CH-110,17949,-31484,-1:0 0:-1 0:0 1:-2 2:-3 2:-2 3:-3 4:-3
W7W/CH-111,17764,-31508,0:0
W7W/CH-112,17875,-31500,0:0
W7W/CH-113,17829,-31362,-3:4 -2:5 0:-2 0:-1 0:0
W7W/CH-114,17677,-31491,-4:-2 -4:-1 0:0 2:1 3:1 3:2
W7W/CH-115,17788,-31387,0:0 1:0
W7W/CH-116,17805,-31426,-1:0 0:0 1:2 1:3 1:4 2:3 2:4
W7W/CH-117,17897,-31407,-4:1 -1:1 0:0 0:1
W7W/CH-118,17840,-31442,-1:3 0:0
W7W/CH-119,17650,-31490,-1:1 0:0 2:-4 2:3 3:-3
W7W/CH-120,17564,-31453,-1:0 0:0 0:1 2:4
W7W/CH-121,17599,-31449,-3:-3 -3:1 -3:2 -2:-4 -2:-3 -2:0 -2:1 -2:2 -1:-3 -1:1 -1:2 -1:3 0:0 0:2
W7W/CH-122,17778,-31517,0:-2 0:0
W7W/CH-123,17799,-31389,-2:0 -2:1 -2:2 -2:3 -2:4 -1:0 0:0
W7W/CH-124,17758,-31519,0:0
W7W/CH-125,17806,-31445,-2:2 0:0 1:-1 1:0
W7W/CH-126,17929,-31434,-1:-5 0:-5 0:-4 0:0 1:-4
W7W/CH-127,17774,-31493,0:0
W7W/CH-128,17937,-31506,0:0
W7W/CH-129,17916,-31505,0:0
W7W/CH-130,17890,-31467,-4:-3 -3:-3 -3:-2 -2:-3 0:-3 0:0 1:-3 2:-4
W7W/CH-131,17917,-31494,-4:-1 0:0 1:2
W7W/CH-132,17739,-31342,0:0 1:-1
W7W/CH-133,17915,-31511,0:0
W7W/CH-134,17602,-31507,0:0
W7W/CH-135,17948,-31420,-4:-3 -4:-2 -3:-3 -3:-2 -3:-1 0:0 0:1
W7W/CH-136,17855,-31430,0:-2 0:-1 0:0 1:-1 1:4
W7W/CH-137,17943,-31519,-3:-2 -2:-3 -2:-2 -1:-2 0:-5 0:-3 0:-1 0:0 1:0
W7W/CH-138,17938,-31508,0:0
W7W/CH-139,17894,-31464,-1:0 0:0 0:1 1:1
W7W/CH-140,17757,-31367,-2:2 -1:0 -1:1 -1:2 0:-1 0:0 1:3
W7W/CH-141,17816,-31358,-1:-1 -1:1 -1:2 0:0 0:1
W7W/CH-142,17810,-31460,-2:1 0:0 3:2 4:2 4:3
W7W/CH-143,17930,-31514,-2:-5 -2:-4 -2:-2 -1:-3 0:-5 0:0
W7W/CH-144,17919,-31503,-4:-2 0:-1 0:0
W7W/CH-145,17799,-31457,0:0
W7W/CH-146,17709,-31499,-1:0 0:0
W7W/CH-147,17626,-31450,-3:2 -2:2 -1:2 0:0 0:1 0:2 2:-1 2:0
W7W/CH-148,17617,-31509,-1:0 0:0 1:-1
W7W/CH-149,17735,-31387,-1:-1 -1:0 -1:1 0:-1 0:0 1:-1 2:-1
W7W/CH-150,17939,-31460,-3:0 -2:0 0:0
W7W/CH-151,17937,-31513,0:-2 0:0
W7W/CH-152,17924,-31484,0:0
W7W/CH-153,17755,-31469,0:0 0:1 1:0
W7W/CH-154,17761,-31472,-1:0 0:0 0:1
W7W/CH-155,17734,-31383,-1:2 0:0
W7W/CH-156,17703,-31504,-1:0 0:0 1:2
W7W/CH-157,17763,-31412,-2:-4 -1:-2 -1:-1 0:-5 0:0 1:0 3:4
W7W/CH-158,17660,-31512,-1:-2 -1:-1 0:0 1:0
W7W/CH-159,17621,-31501,-1:-1 0:-1 0:0 1:-1
W7W/CH-160,17760,-31409,-1:-1 -1:0 0:-1 0:0
W7W/CH-161,17630,-31531,0:0 0:1
W7W/CH-162,17680,-31513,0:0
W7W/CH-163,17768,-31471,-2:-3 -1:-4 -1:-1 0:-5 0:-4 0:0 1:-5 1:-4
W7W/CH-164,17657,-31472,-1:0 0:0 1:1
W7W/CH-165,17776,-31428,-4:2 -2:1 -1:-3 -1:0 0:-2 0:-1 0:0 1:0
W7W/CH-166,17651,-31539,0:0
W7W/CH-167,17737,-31402,-1:0 -1:1 0:0 0:1 1:0
W7W/CH-168,17727,-31373,-1:0 0:-1 0:0 1:-3 1:-2 2:-5 2:-4 2:-3
W7W/CH-169,17794,-31522,-1:1 0:0 3:0 4:0 4:1 4:2
W7W/CH-170,17767,-31427,-5:-1 -4:1 -3:0 -3:1 -3:2 -2:-1 -2:0 -2:1 -1:-2 -1:-1 -1:0 -1:1 0:-3 0:0 4:1 4:2
W7W/CH-171,17755,-31526,-4:-1 -2:-1 -1:-1 0:-1 0:0 0:1
W7W/CH-243,17819,-31458,0:0 4:-2
W7W/CH-244,17839,-31472,0:0 3:-2 4:-3 4:-2
W7W/CH-246,17957,-31445,0:0 0:1
W7W/CH-247,17916,-31505,0:-1
W7W/CH-248,17923,-31491,-5:0 0:0
W7W/CH-249,17628,-31534,-4:0 -3:-2 -2:-2 0:0
W7W/CW-001,17616,-31557,0:-1 0:0
W7W/CW-002,17595,-31586,0:0
W7W/CW-003,17582,-31497,-1:-1 0:0
W7W/CW-004,17617,-31566,0:0 1:-2 1:-1
W7W/CW-005,17590,-31589,0:0 3:2
W7W/CW-006,17601,-31581,0:0
W7W/CW-007,17623,-31556,0:0
W7W/CW-008,17564,-31460,-1:0 0:0
W7W/CW-009,17607,-31570,0:0
W7W/CW-010,17574,-31511,-1:0 0:0
W7W/CW-011,17622,-31535,0:0 0:1 1:0 2:0
W7W/CW-012,17599,-31510,0:0
W7W/CW-013,17559,-31470,0:0 1:1 3:2
W7W/CW-014,17594,-31509,-2:-3 -1:0 0:-1 0:0
W7W/CW-015,17583,-31592,0:0 1:-1 4:2
W7W/CW-016,17565,-31483,0:0 2:0
W7W/CW-017,17512,-31365,-3:2 -3:3 -2:2 -1:1 -1:2 0:-1 0:0 0:1 0:2 1:-1 1:0 1:2
W7W/CW-018,17605,-31521,-2:3 0:-2 0:-1 0:0
W7W/CW-019,17564,-31487,0:0 1:-1 2:4
W7W/CW-020,17570,-31503,0:0
W7W/CW-021,17614,-31531,0:0
W7W/CW-022,17613,-31546,0:-5 0:0
W7W/CW-023,17572,-31581,0:0
W7W/CW-024,17580,-31527,0:0 1:0 2:0
W7W/CW-025,17610,-31560,-2:4 -1:4 0:0 0:3 0:4 0:5 1:4 2:4 3:1 3:2 3:3 3:4 4:1 5:0 5:1
W7W/FR-001,18037,-30851,-2:1 -1:0 0:-1 0:0 1:0 2:1 3:1
W7W/FR-002,17993,-30855,-2:0 -1:0 0:-1 0:0
W7W/FR-003,18030,-30850,-1:0 -1:1 0:0 0:1 1:0 1:1
W7W/FR-004,18023,-30851,-3:-3 -3:-2 -2:-2 -2:-1 -1:-1 0:-1 0:0 0:1 1:0 1:1
W7W/FR-005,17998,-30854,-4:-2 -3:-2 0:-1 0:0 1:-1
W7W/FR-006,17984,-30860,0:-1 0:0 1:-1 1:0
W7W/FR-007,17967,-30848,-2:-1 -2:0 -1:-1 -1:0 -1:1 0:-1 0:0 1:-1
W7W/FR-008,18007,-30855,-1:0 0:-1 0:0 1:-1 2:-4 2:-3 2:-2
W7W/FR-009,18046,-30851,-1:1 0:-1 0:0 0:1 1:-1 1:0 3:0 4:-1 5:-1 5:0
W7W/FR-010,18028,-30834,-1:-1 -1:2 -1:3 0:-1 0:0 0:1 1:-5 1:-4 1:0 1:1 2:-5 2:-4
W7W/FR-011,17984,-30870,-1:0 -1:1 -1:2 0:0 0:1
W7W/KG-001,17623,-31558,-5:-1 -5:0 0:0
W7W/KG-002,17603,-31578,-2:-2 0:0
W7W/KG-003,17639,-31543,0:-1 0:0
W7W/KG-004,17652,-31543,-1:0 -1:1 0:-1 0:0 0:4
W7W/KG-005,17605,-31606,-1:0 0:0
W7W/KG-006,17615,-31576,-3:4 0:0 0:5 1:4 1:5 3:4 4:3
W7W/KG-144,17597,-31587,-2:2 0:0
W7W/LC-001,17107,-31822,0:0 0:1 0:3 1:-1
W7W/MC-001,17112,-31639,-1:-1 -1:0 0:-1 0:0 0:1 1:0 1:1
W7W/MC-002,17226,-31614,0:0
W7W/MC-003,17331,-31578,0:0 0:1
W7W/MC-004,17320,-31582,0:0 0:1
W7W/MC-005,17114,-31622,-1:0 -1:1 0:-1 0:0
W7W/MC-006,17232,-31601,-3:-2 -1:0 0:0
W7W/MC-007,17342,-31564,0:-2 0:0
W7W/MC-008,17340,-31572,-4:-3 -2:0 -1:0 0:0
W7W/MC-009,17353,-31573,-3:-4 -1:0 0:0 1:0 2:0 4:0
W7W/MC-010,17227,-31566,-3:4 -2:0 -2:1 -2:2 -2:3 -2:4 -1:0 -1:1 -1:2 0:-1 0:0 0:1 1:-1 1:0 1:1 2:-1 2:1 2:2 2:3 3:-2 3:-1 3:2 4:2
W7W/MC-011,17360,-31608,0:-1 0:0 1:-3 2:-3
W7W/MC-012,17400,-31599,-3:4 0:0 0:1 1:0
W7W/MC-013,17367,-31605,-2:0 -1:0 0:0
W7W/MC-014,17243,-31553,-1:-5 -1:3 -1:4 0:-4 0:-3 0:-2 0:-1 0:0 0:1 0:2 0:3 1:-2 1:-1 1:0 1:1 1:2 1:3
W7W/MC-015,17315,-31576,0:0 1:1 3:-2
W7W/MC-016,17299,-31572,0:0 0:1
W7W/MC-017,17399,-31625,0:0 1:-1 2:0 3:2
W7W/MC-018,17205,-31594,0:0 1:-1 1:0 1:3 2:-1
W7W/MC-019,17295,-31582,0:-1 0:0
W7W/MC-020,17334,-31625,0:0
W7W/MC-021,17368,-31567,-1:1 0:0
W7W/MC-022,17250,-31539,-1:-4 -1:-3 -1:-2 -1:-1 0:-1 0:0 0:1 0:2 0:3 0:4
W7W/MC-023,17357,-31635,0:0 1:0 2:0
W7W/MC-079,17217,-31617,0:0 1:-1
W7W/MC-080,17347,-31578,-1:-2 -1:0 0:0
W7W/NO-001,17704,-32217,-2:2 -2:3 0:0 0:1
W7W/NO-002,17708,-32093,0:0 0:1
W7W/NO-003,17693,-32065,0:0
W7W/NO-004,17715,-32094,0:0
W7W/NO-005,17692,-32070,0:0
W7W/NO-006,17702,-32089,0:0
W7W/NO-007,17716,-32092,-2:-1 0:-1 0:0 2:0
W7W/NO-008,17696,-32211,0:-1 0:0 1:-1 4:-1 5:-2 5:-1 5:0
W7W/NO-009,17675,-32123,0:0
W7W/NO-010,17697,-32066,-4:-3 -4:0 -3:2 0:0 1:-1
W7W/NO-011,17674,-32118,0:0 1:0
W7W/NO-012,17733,-32085,-1:-1 0:-1 0:0 1:0
W7W/NO-013,17713,-32119,-1:1 -1:4 0:0 2:-1
W7W/NO-014,17705,-32208,-3:-4 -3:-3 -2:-4 -2:-3 -1:-5 0:0
W7W/NO-015,17706,-32084,-3:-2 0:0 0:1 2:-4
W7W/NO-016,17726,-32090,0:0 1:0
W7W/NO-017,17701,-32229,0:0
W7W/NO-018,17712,-32106,0:0 0:1 1:-1 1:0
W7W/NO-019,17719,-32083,-3:0 0:0
W7W/NO-020,17738,-32201,0:0
W7W/NO-021,17713,-32063,-1:-1 0:0 0:1
W7W/NO-022,17711,-32206,-5:-2 0:0
W7W/NO-023,17698,-32090,0:0 1:-1 1:2 2:1 3:0 3:1 4:2 4:3 5:0
W7W/NO-024,17717,-32058,-1:-1 0:0
W7W/NO-025,17740,-32197,-4:-1 -3:-3 -2:-3 0:0 1:1
W7W/NO-026,17662,-32137,0:0
W7W/NO-027,17674,-32134,0:0
W7W/NO-028,17706,-32064,0:0 0:1
W7W/NO-029,17649,-32068,0:-1 0:0 1:0
W7W/NO-030,17704,-32128,-3:2 -1:0 0:0
W7W/NO-031,17738,-32081,0:0 0:1 1:0 2:-1
W7W/NO-032,17681,-32110,0:0
W7W/NO-033,17722,-32112,-1:0 0:-1 0:0 1:-1 1:0
W7W/NO-034,17723,-32133,-2:2 -1:2 0:0 1:-2
W7W/NO-035,17750,-32126,-1:0 -1:1 -1:2 -1:3 -1:4 -1:5 0:-2 0:-1 0:0 0:3
W7W/NO-036,17730,-32123,-3:-3 -2:-3 -2:-1 -1:-1 0:0 0:1 2:4
W7W/NO-037,17700,-32108,0:0 0:1
W7W/NO-038,17734,-32127,0:0 1:0 3:1
W7W/NO-039,17665,-32134,0:0 0:1
W7W/NO-040,17685,-32187,0:0
W7W/NO-041,17723,-32063,-4:-1 -3:-2 -3:0 -2:0 -1:0 0:0
W7W/NO-042,17695,-32121,0:0
W7W/OK-001,17968,-31381,0:0
W7W/OK-002,17965,-31378,-1:3 0:0 1:0
W7W/OK-003,17980,-31403,0:0 1:-1
W7W/OK-004,17884,-31361,0:0
W7W/OK-005,18084,-31390,0:0
W7W/OK-006,18046,-31400,0:0
W7W/OK-007,18119,-31302,0:0
W7W/OK-008,18098,-31389,-1:0 0:-1 0:0 1:-1
W7W/OK-009,18144,-31300,0:-1 0:0
W7W/OK-010,18085,-31395,-1:4 0:0 0:5
W7W/OK-011,18071,-31392,0:0 4:0
W7W/OK-012,17865,-31337,0:0
W7W/OK-013,18085,-31401,0:0 0:5
W7W/OK-014,18060,-31336,0:-1 0:0
W7W/OK-015,18078,-31370,0:0
W7W/OK-016,18067,-31384,0:0
W7W/OK-017,18001,-31441,0:0
W7W/OK-018,18060,-31341,0:0
W7W/OK-019,18139,-31301,-3:1 0:0 1:0
W7W/OK-020,18121,-31243,-4:-1 -3:0 0:0
W7W/OK-021,17975,-31404,0:0 5:0
W7W/OK-022,17954,-31387,0:0 0:1
W7W/OK-023,18118,-31310,-1:1 0:0 1:0 4:-3
W7W/OK-024,17970,-31411,0:0
W7W/OK-025,18133,-31288,0:-1 0:0 1:-1
W7W/OK-026,18139,-31352,-1:0 0:0 1:0
W7W/OK-027,17876,-31364,0:0
W7W/OK-028,17980,-31399,0:-3 0:-2 0:0 1:-4
W7W/OK-029,18025,-31233,0:-1 0:0 1:-1 2:-2
W7W/OK-030,18093,-31372,0:0
W7W/OK-031,18094,-31333,-4:-2 -3:-1 0:0 1:-1 2:-1
W7W/OK-032,18110,-31313,0:0
W7W/OK-033,18048,-31348,-1:-2 -1:-1 0:0
W7W/OK-034,18000,-31421,-1:1 0:0
W7W/OK-035,18147,-31235,-2:0 -1:-1 -1:0 0:-1 0:0 1:-1 1:0 1:1 2:-2 2:-1 2:0 3:-2 4:-2
W7W/OK-036,18142,-31284,-1:0 0:-1 0:0 1:-2 1:-1 1:0
W7W/OK-037,18067,-31365,-3:1 -2:1 0:0 2:-2 3:-2
W7W/OK-038,18120,-31320,-3:2 -1:1 0:0
W7W/OK-039,18038,-31350,0:-1 0:0
W7W/OK-040,18077,-31407,-3:-1 -2:-1 0:0
W7W/OK-041,18143,-31230,0:-1 0:0 1:-2 1:-1 1:0 1:1 2:1 2:2 3:-4
W7W/OK-042,18050,-31410,0:0
W7W/OK-043,17967,-31388,-4:3 0:-1 0:0 1:-1
W7W/OK-044,18139,-31268,-3:2 -2:2 -2:3 -1:1 0:0 0:1 1:-1 2:-1
W7W/OK-045,18109,-31333,-1:0 0:-3 0:0 0:1 1:-3
W7W/OK-046,17955,-31402,0:0 0:1
W7W/OK-047,18006,-31441,0:0
W7W/OK-048,18033,-31229,-4:1 -4:2 -4:3 -1:-2 -1:-1 0:-1 0:0 1:0
W7W/OK-049,18137,-31231,-4:-1 -3:-1 -3:0 -3:1 -2:0 -2:1 -1:-1 -1:0 0:-1 0:0 1:-2
W7W/OK-050,18111,-31350,-2:0 -1:0 0:0 0:2 1:-1
W7W/OK-051,18104,-31339,0:-1 0:0 0:1 1:-1 1:0
W7W/OK-052,18076,-31318,-1:0 0:-1 0:0 1:-1 2:0
W7W/OK-053,18048,-31393,-2:-4 0:0 2:-4
W7W/OK-054,18130,-31318,0:-2 0:-1 0:0 1:-2 1:-1 1:0
W7W/OK-055,17958,-31408,0:0
W7W/OK-056,17876,-31349,-2:-1 -1:0 0:0 1:1 2:2 3:2 3:3
W7W/OK-057,17942,-31411,0:0
W7W/OK-058,18132,-31194,0:-1 0:0 1:0
W7W/OK-059,18141,-31253,-3:-3 -2:-3 -2:-2 -2:-1 -2:0 -1:0 -1:1 0:0 0:1 1:0 1:1
W7W/OK-060,18065,-31342,-5:0 -4:1 -2:5 -1:5 0:0 1:0
W7W/OK-061,18146,-31243,0:-2 0:-1 0:0
W7W/OK-062,18079,-31327,0:0 3:-2 4:-2
W7W/OK-063,18072,-31425,-3:-1 0:0
W7W/OK-064,18138,-31450,0:0
W7W/OK-065,17996,-31239,0:-1 0:0 0:1
W7W/OK-066,18108,-31321,0:-1 0:0
W7W/OK-067,18137,-31192,-4:-3 -1:-1 -1:0 0:-1 0:0 2:1
W7W/OK-068,18144,-31211,-1:0 0:0 1:0 2:0
W7W/OK-069,17890,-31373,0:0 0:1
W7W/OK-070,17941,-31406,-2:-4 -1:-4 0:-1 0:0
W7W/OK-071,18080,-31421,0:0 0:1 1:0 3:0
W7W/OK-072,18057,-31377,0:0
W7W/OK-073,18005,-31422,-1:1 0:0 0:1
W7W/OK-074,17925,-31405,-3:-4 -2:-3 -1:-2 0:0
W7W/OK-075,18072,-31330,0:0 1:1
W7W/OK-076,18116,-31438,-1:-2 0:0 1:1
W7W/OK-077,18087,-31349,-2:0 -1:-1 -1:0 0:0
W7W/OK-078,18002,-31432,-1:-1 0:0 1:0
W7W/OK-079,18075,-31333,-3:4 -2:3 0:0
W7W/OK-080,18094,-31274,-4:-4 -4:1 -4:2 -3:-4 -3:2 -2:1 -1:-1 -1:0 0:-1 0:0
W7W/OK-081,18109,-31357,0:0 0:1
W7W/OK-082,18127,-31345,-1:0 0:0 0:1
W7W/OK-083,18142,-31239,-1:-1 -1:0 0:0 1:3 1:4 2:-4 2:2 2:3 2:4 3:2 3:3 4:2
W7W/OK-084,18078,-31340,-1:1 0:0 1:-2 1:-1
W7W/OK-085,17938,-31364,-1:0 0:-1 0:0
W7W/OK-086,18099,-31441,-2:-1 0:0
W7W/OK-087,17915,-31388,-2:1 -2:2 -1:0 -1:5 0:0 2:1 3:1
W7W/OK-088,18131,-31360,-1:1 -1:2 0:-1 0:0 0:1 1:-2 2:-2
W7W/OK-089,18113,-31283,-3:-4 -2:-5 -2:-4 -1:-4 -1:-1 0:-1 0:0 0:2 1:-2 1:-1 1:0 1:1
W7W/OK-090,18052,-31307,-2:-1 -2:0 -1:0 0:0
W7W/OK-091,18056,-31268,-1:-1 -1:0 0:0 1:0 1:1
W7W/OK-092,18006,-31414,0:0 1:-1 2:-1
W7W/OK-093,18124,-31184,0:-2 0:0
W7W/OK-094,17961,-31224,0:-1 0:0 1:0 1:1 2:0 3:-1
W7W/OK-095,18038,-31413,-1:0 0:-1 0:0
W7W/OK-096,18095,-31320,-2:0 -2:1 -1:0 0:-1 0:0 1:-2 1:-1
W7W/OK-097,18023,-31426,-3:-4 0:-1 0:0 1:1
W7W/OK-098,18036,-31366,-4:1 -3:1 -1:-1 0:0 1:0
W7W/OK-099,18068,-31022,0:0 0:1 0:2 1:0 1:1
W7W/OK-100,18102,-31432,-1:-5 -1:-4 0:0 0:1
W7W/OK-101,18138,-31377,-1:-2 -1:-1 -1:0 -1:1 -1:3 -1:4 -1:5 0:0 0:1 0:4 1:0 1:4 2:-1 2:0
W7W/OK-102,18006,-31408,0:0 0:1
W7W/OK-103,18048,-31300,-3:1 -2:0 -2:1 -1:0 0:0 0:1 1:1 2:1 2:2 3:2
W7W/OK-104,18056,-31232,-3:3 -1:-1 -1:0 -1:1 0:-2 0:-1 0:0 0:1 4:-1 4:2
W7W/OK-105,17951,-31415,0:0
W7W/OK-106,18109,-31368,0:0 0:1 1:-1 1:0 2:-1
W7W/OK-107,18011,-31356,0:0 1:0 1:1 2:1 3:0
W7W/OK-108,18075,-31233,-4:2 -3:2 -1:0 0:-2 0:-1 0:0 0:1 1:0
W7W/OK-109,18051,-31419,-3:-4 -3:-3 -2:-5 -2:-4 0:-1 0:0 1:0
W7W/OK-110,18113,-31425,0:0 1:-2 1:-1 1:1
W7W/OK-111,17979,-31238,-2:-2 -1:-3 -1:-2 -1:-1 -1:0 0:-1 0:0 0:1 1:0
W7W/OK-112,18118,-31368,-1:-1 -1:0 -1:1 -1:2 -1:3 0:-1 0:0 0:2 1:2
W7W/OK-113,18063,-31303,0:-1 0:0 0:1 1:-5 1:-1 2:-4
W7W/OK-114,17915,-31006,-1:-1 -1:0 -1:1 -1:2 0:-1 0:0 0:1 0:2 1:0
W7W/OK-115,18110,-31222,-2:2 -1:-1 -1:0 -1:1 -1:2 0:-2 0:-1 0:0 0:1 0:2 1:-2 1:-1 1:0 2:-1
W7W/OK-116,18059,-31207,0:-1 0:0 1:-1 1:0 2:-2
W7W/OK-117,18032,-31253,-3:-2 -2:-4 -2:-3 -2:-2 -1:-4 -1:-3 -1:-2 -1:-1 -1:1 0:-4 0:-3 0:-2 0:-1 0:0 0:1 0:2 1:-4 1:-3 1:-2 1:-1 1:0 1:1 2:-4 2:-3 2:-2 2:-1 2:0 3:-4 3:-3
W7W/OK-118,18072,-31300,-2:-3 -1:-5 0:-5 0:-1 0:0 1:-5 1:-1
W7W/OK-119,18128,-31259,-1:-1 0:0 0:1 1:1 2:-4 2:-3 3:-4 3:-3 4:-3 4:-2 4:-1 5:-1 5:0 5:1 5:2
W7W/OK-120,17974,-31258,-2:0 -1:-1 -1:0 -1:1 0:0 0:1 1:0 1:1 2:3 2:4
W7W/OK-121,18142,-31432,-4:-1 -4:0 -3:-1 -3:0 -2:0 -2:1 -1:0 0:0 1:0 2:0
W7W/OK-122,18088,-31232,-2:-2 -2:-1 -2:1 -2:2 -2:3 -1:-2 -1:-1 -1:0 -1:1 -1:4 0:-3 0:-2 0:-1 0:0 0:1 1:-2 1:-1 2:-3 2:-2 3:-3
W7W/OK-123,18006,-31336,0:0 0:1 1:-1
W7W/OK-341,17999,-31422,0:0
W7W/OK-342,17965,-31411,0:0
W7W/OK-343,17901,-31382,0:0 0:1 0:2
W7W/PL-001,17223,-31627,0:0 3:-2
W7W/PL-002,17236,-31641,0:0
W7W/PL-003,17313,-31693,-1:0 0:0
W7W/PL-004,17259,-31617,-5:1 -3:1 -3:2 -3:3 -3:4 -2:1 -1:1 0:0 1:-1 1:0
W7W/PL-005,17250,-31640,-2:3 0:0
W7W/PL-006,17180,-31616,0:0 1:0
W7W/PL-007,17313,-31687,0:0
W7W/PL-008,17317,-31702,0:0 0:1
W7W/PO-001,18128,-30509,-5:0 -1:0 0:0 1:-1 3:-1
W7W/PO-002,18127,-30581,-3:-4 0:-2 0:-1 0:0
W7W/PO-003,18137,-30496,-2:0 -1:-1 -1:0 0:0
W7W/PO-004,18104,-30525,-1:-1 0:-1 0:0 3:4
W7W/PO-005,18040,-30544,-1:2 -1:3 0:0 1:0
W7W/PO-006,18123,-30481,-1:-1 0:-1 0:0 4:0 4:1
W7W/PO-007,18092,-30494,-3:-1 -2:-1 -1:-1 -1:0 0:-1 0:0 0:1
W7W/RS-001,17352,-31709,-2:-1 0:-1 0:0 0:1 1:-1 1:0 1:1
W7W/RS-002,17356,-31713,0:0 0:1
W7W/RS-003,17351,-31696,0:0
W7W/RS-004,17351,-31670,0:0
W7W/RS-005,17379,-31686,-4:0 0:0 0:2 2:0 3:-1 3:0
W7W/RS-006,17364,-31680,-2:-3 -2:-2 -1:-3 -1:0 0:0 0:1 1:1
W7W/RS-007,17379,-31706,0:0 1:-1 1:0
W7W/RS-008,17388,-31668,-1:0 0:-1 0:0 1:-1
W7W/RS-009,17387,-31703,0:0
W7W/RS-010,17376,-31642,-1:0 0:-1 0:0 1:-1 4:0
W7W/RS-011,17384,-31669,0:0 1:-1 3:0
W7W/RS-012,17335,-31722,0:0 2:3 2:4 3:1 3:2 3:3 4:-3 4:-2 4:1 5:-2 5:-1 5:0 5:1
W7W/RS-013,17369,-31644,0:0
W7W/RS-014,17391,-31629,-3:1 -3:2 -3:4 -1:0 0:0 0:1 1:-1 2:-1 3:-2 3:0
W7W/RS-015,17359,-31666,0:0
W7W/RS-016,17348,-31637,0:0
W7W/RS-017,17400,-31627,-5:-2 -1:0 0:-1 0:0
W7W/RS-018,17402,-31631,0:0 1:-1 2:-2
W7W/RS-019,17394,-31663,-2:0 -1:0 0:0 1:0
W7W/RS-020,17357,-31660,0:0 4:0
W7W/SK-001,17961,-31510,-1:-1 0:0
W7W/SK-002,17976,-31499,-2:1 0:0
W7W/SK-003,17971,-31463,0:-1 0:0
W7W/SK-004,17890,-31519,0:0 0:1
W7W/SK-005,17961,-31520,-2:-1 0:0
W7W/SK-006,17976,-31546,0:0
W7W/SK-007,17967,-31526,0:0
W7W/SK-008,17992,-31480,0:0
W7W/SK-009,17994,-31488,0:0
W7W/SK-010,17993,-31535,0:0
W7W/SK-011,17983,-31538,0:0
W7W/SK-012,17981,-31547,-4:1 -4:2 -2:2 0:0
W7W/SK-013,17888,-31513,0:0 1:-5
W7W/SK-014,17995,-31434,0:0
W7W/SK-015,18021,-31446,0:0
W7W/SK-016,18013,-31547,0:0
W7W/SK-017,17995,-31492,0:0
W7W/SK-018,17931,-31528,0:0
W7W/SK-019,17895,-31530,0:0 1:1
W7W/SK-020,17909,-31522,0:0 0:1 0:2
W7W/SK-021,17949,-31535,0:0 1:-1
W7W/SK-022,17981,-31474,-1:0 0:0
W7W/SK-023,17993,-31531,-1:-5 -1:-4 -1:0 0:-5 0:-3 0:0
W7W/SK-024,17993,-31447,0:-1 0:0
W7W/SK-025,17979,-31465,0:0
W7W/SK-026,17972,-31434,0:0
W7W/SK-027,17993,-31474,-1:-3 -1:-2 0:0
W7W/SK-028,17986,-31465,0:0
W7W/SK-029,17976,-31474,0:0
W7W/SK-030,17985,-31473,-5:1 -5:2 -4:0 -1:1 0:0
W7W/SK-031,18010,-31494,0:0
W7W/SK-032,17977,-31464,-5:-1 -5:1 -5:2 -4:2 -4:3 -3:2 0:0
W7W/SK-033,18015,-31452,-1:0 0:0 1:1 2:0
W7W/SK-034,17971,-31486,0:0
W7W/SK-035,17938,-31521,-1:0 -1:1 0:0
W7W/SK-036,17974,-31477,-1:2 0:0
W7W/SK-037,17918,-31527,0:-1 0:0
W7W/SK-038,17981,-31442,-1:-1 0:0
W7W/SK-039,17986,-31552,-3:3 -3:4 -2:3 -2:4 -1:3 -1:4 0:0
W7W/SK-040,18013,-31541,0:-5 0:-4 0:0 0:1
W7W/SK-041,17942,-31522,-3:1 0:0 1:-1
W7W/SK-042,18007,-31455,-3:1 0:0
W7W/SK-043,18000,-31508,-2:2 -1:1 0:0 2:-1 3:-2
W7W/SK-044,17986,-31435,-1:-1 -1:0 -1:1 -1:4 0:0
W7W/SK-045,17970,-31553,0:0
W7W/SK-046,17945,-31527,0:0 1:0 2:0
W7W/SK-047,17905,-31563,0:0
W7W/SK-048,17928,-31583,-1:-3 -1:0 0:-4 0:0
W7W/SK-049,17949,-31532,-1:-2 -1:-1 -1:2 0:-4 0:0 1:-3 2:-4
W7W/SK-050,17909,-31530,0:0
W7W/SK-051,17906,-31527,-4:-2 -3:-2 -2:5 -1:2 -1:5 0:0 0:5 2:4 2:5 3:4
W7W/SK-052,17910,-31548,0:0
W7W/SK-053,17921,-31576,0:0 1:0
W7W/SK-054,18016,-31463,-5:2 -2:0 -1:0 0:0
W7W/SK-055,17917,-31596,0:0
W7W/SK-056,18004,-31552,0:0
W7W/SK-057,17963,-31562,0:-1 0:0
W7W/SK-058,18001,-31587,0:-1 0:0
W7W/SK-059,17915,-31548,0:0
W7W/SK-060,17922,-31528,-4:-2 -4:-1 -4:2 -3:0 -3:1 -3:2 0:0 1:0 3:0 4:1 5:1
W7W/SK-061,17967,-31446,-4:-1 0:-1 0:0
W7W/SK-062,17991,-31581,-2:-2 0:0 3:0
W7W/SK-063,17922,-31554,-1:0 0:0 0:1
W7W/SK-064,17970,-31455,-5:0 -5:1 -3:-4 -3:-3 -1:-5 -1:-4 0:-5 0:0 1:-5 1:-4 1:-3 2:-4
W7W/SK-065,18006,-31583,0:0 1:2
W7W/SK-066,17998,-31560,-4:0 0:0 0:1
W7W/SK-067,18005,-31476,-1:0 0:0
W7W/SK-068,18001,-31479,-2:1 -1:0 -1:5 0:0 1:-1
W7W/SK-069,17942,-31594,0:0 0:1
W7W/SK-070,17913,-31572,0:-1 0:0
W7W/SK-071,17911,-31554,0:0 0:2 0:3 0:4 0:5
W7W/SK-072,17893,-31568,-2:-4 -2:-3 -1:-3 0:-2 0:0
W7W/SK-179,18013,-31551,0:0 1:0 2:0
W7W/SN-001,17819,-31540,0:-1 0:0 1:-1
W7W/SN-002,17836,-31494,0:0
W7W/SN-003,17838,-31487,0:0
W7W/SN-004,17801,-31536,-1:3 -1:4 0:0 0:1 0:3 1:2
W7W/SN-005,17816,-31504,0:0
W7W/SN-006,17803,-31523,0:0 3:3 3:4
W7W/SN-007,17854,-31504,0:0 1:2
W7W/SN-008,17793,-31599,0:0
W7W/SN-009,17811,-31511,0:0 1:0
W7W/SN-010,17872,-31509,0:0
W7W/SN-011,17862,-31500,0:0
W7W/SN-012,17807,-31530,-4:-3 -4:-2 -4:-1 -4:0 -3:-3 -3:-2 0:0 1:1 1:2 1:3
W7W/SN-013,17820,-31497,-1:0 0:0
W7W/SN-014,17833,-31499,0:0 1:3 1:4 2:4
W7W/SN-015,17868,-31519,0:0 0:1 1:-1 1:0 3:-2
W7W/SN-016,17764,-31598,0:0
W7W/SN-017,17808,-31565,0:0
W7W/SN-018,17830,-31608,0:0
W7W/SN-019,17772,-31602,0:0 1:0 2:-1
W7W/SN-020,17763,-31605,0:0
W7W/SN-021,17867,-31541,0:0
W7W/SN-022,17767,-31600,-4:2 -2:-4 -2:1 0:0
W7W/SN-023,17886,-31546,0:0
W7W/SN-024,17869,-31525,-1:5 0:-4 0:0 0:4 1:4 1:5 2:3 4:3
W7W/SN-025,17792,-31551,0:0
W7W/SN-026,17855,-31619,0:0
W7W/SN-027,17805,-31577,0:0
W7W/SN-028,17840,-31690,0:0 1:0
W7W/SN-029,17855,-31687,0:0 1:0
W7W/SN-030,17777,-31606,-3:4 0:0
W7W/SN-031,17779,-31612,-1:1 0:0 2:-1
W7W/SN-032,17857,-31569,-3:4 0:0
W7W/SN-033,17775,-31556,0:0
W7W/SN-034,17841,-31559,-2:4 -1:-1 -1:2 0:0 0:1 1:1 2:0
W7W/SN-035,17801,-31575,0:0 3:-2 4:-1
W7W/SN-036,17882,-31555,0:0
W7W/SN-037,17774,-31633,0:0
W7W/SN-038,17847,-31540,0:0 2:-4 2:-3
W7W/SN-039,17772,-31554,-1:-1 0:0 3:-3 3:-1 4:-2 4:-1 4:0
W7W/SN-186,17796,-31558,0:0 0:1 2:-3
W7W/SO-001,17632,-32101,0:0
W7W/ST-001,18121,-30589,-1:0 0:0
W7W/ST-002,17939,-30600,-1:-2 -1:-1 0:-1 0:0 0:1
W7W/WH-001,18065,-31723,-1:-2 -1:-1 0:-2 0:-1 0:0
W7W/WH-002,18085,-31668,0:0
W7W/WH-003,18062,-31735,0:0 1:4 1:5
W7W/WH-004,18063,-31500,0:0
W7W/WH-005,18136,-31574,0:0
W7W/WH-006,18132,-31589,0:0
W7W/WH-007,18144,-31576,0:0
W7W/WH-008,18128,-31578,0:0
W7W/WH-009,18129,-31579,-2:0 0:0
W7W/WH-010,18031,-31448,0:0 1:0
W7W/WH-011,18085,-31582,0:0
W7W/WH-012,18141,-31475,0:0
W7W/WH-013,18078,-31595,-1:3 0:0 0:3
W7W/WH-014,18087,-31600,-4:0 -1:0 0:0
W7W/WH-015,18064,-31589,-1:2 0:0
W7W/WH-016,18051,-31490,0:0
W7W/WH-017,18141,-31514,0:0
W7W/WH-018,18146,-31567,0:-5 0:-4 0:-3 0:-2 0:0 1:-4 1:-3
W7W/WH-019,18064,-31583,-1:-5 -1:-3 0:0
W7W/WH-020,18138,-31510,0:0
W7W/WH-021,18146,-31684,0:0
W7W/WH-022,18111,-31449,0:0
W7W/WH-023,18065,-31592,0:-2 0:0
W7W/WH-024,18122,-31600,0:0
W7W/WH-025,18134,-31570,-1:0 0:-4 0:0 1:-4 1:-3 1:-2 1:-1 3:-2
W7W/WH-026,18140,-31680,0:0
W7W/WH-027,18145,-31484,0:0 1:-1
W7W/WH-028,18095,-31452,-3:0 0:0
W7W/WH-029,18134,-31476,-1:1 0:-2 0:0
W7W/WH-030,18022,-31543,0:0
W7W/WH-031,18115,-31585,0:0
W7W/WH-032,18136,-31480,-3:3 0:0 1:0
W7W/WH-033,18135,-31594,-3:3 -2:3 -1:1 -1:2 -1:3 0:0 0:2 0:3
W7W/WH-034,18018,-31500,0:-1 0:0
W7W/WH-035,18102,-31450,0:-1 0:0 2:-1
W7W/WH-036,18057,-31637,-1:1 0:0
W7W/WH-037,18092,-31553,-1:1 -1:2 0:0
W7W/WH-038,18126,-31447,0:0
W7W/WH-039,18128,-31479,-1:0 0:-1 0:0
W7W/WH-040,18032,-31436,-2:0 -1:0 0:0
W7W/WH-041,18095,-31608,-1:-1 0:0
W7W/WH-042,18031,-31459,-3:2 -2:1 0:0 3:-2
W7W/WH-043,18147,-31473,-2:1 -2:2 -1:0 0:-1 0:0 1:-2 2:-3 3:1 4:1
W7W/WH-044,18086,-31469,-1:-1 0:0
W7W/WH-045,18021,-31546,0:0 0:2 1:2 1:4
W7W/WH-046,18024,-31550,0:0 2:0
W7W/WH-047,18136,-31513,0:0 1:2 1:3 5:0
W7W/WH-048,18146,-31635,-1:1 0:0
W7W/WH-049,18138,-31696,0:0 0:1
W7W/WH-050,18023,-31491,-1:0 0:0
W7W/WH-051,18034,-31522,-1:1 0:0 0:3
W7W/WH-052,18034,-31428,0:0
W7W/WH-053,18038,-31451,-4:1 -4:2 -3:1 -3:2 0:0
W7W/WH-054,18071,-31568,0:0
W7W/WH-055,18094,-31596,-4:-2 -1:0 0:0 0:1 0:2
W7W/WH-056,18064,-31472,0:0 1:1
W7W/WH-057,18086,-31493,0:-1 0:0
W7W/WH-058,18050,-31609,0:0
W7W/WH-059,18141,-31604,0:0
W7W/WH-060,18064,-31439,0:0
W7W/WH-061,18075,-31469,0:0 0:1
W7W/WH-062,18039,-31604,0:0
W7W/WH-063,18137,-31644,0:0 0:1
W7W/WH-064,18095,-31498,-2:0 0:0 1:1
W7W/WH-065,18086,-31542,0:0
W7W/WH-066,18108,-31666,0:0
W7W/WH-067,18099,-31562,0:0
W7W/WH-068,18057,-31578,-2:0 0:0
W7W/WH-069,18016,-31488,-1:0 0:-2 0:0
W7W/WH-070,18133,-31564,-1:2 0:-4 0:0
W7W/WH-071,18126,-31633,-1:0 0:0
W7W/WH-072,18107,-31607,0:0 0:1
W7W/WH-073,18110,-31612,0:0
W7W/WH-074,18096,-31650,-1:0 0:0
W7W/WH-075,18045,-31639,0:0 1:1
W7W/WH-076,18108,-31601,0:0 2:-1 3:-1
W7W/WH-077,18073,-31603,0:0
W7W/WH-078,18087,-31648,0:0
W7W/WH-079,18076,-31443,-2:1 -1:1 -1:2 0:0 1:0
W7W/WH-080,18023,-31646,-1:0 0:-1 0:0 1:0 2:0
W7W/WH-081,18144,-31655,0:0 0:1
W7W/WH-082,18047,-31564,0:0 0:1
W7W/WH-083,18133,-31459,-1:0 0:0
W7W/WH-084,18101,-31566,0:0
W7W/WH-085,18033,-31471,0:0 1:-1
W7W/WH-086,18121,-31658,0:-1 0:0
W7W/WH-087,18039,-31768,0:0
W7W/WH-088,18122,-31569,-1:1 -1:2 0:0 1:-4 1:-3 1:-2
W7W/WH-089,18067,-31609,0:0 3:-2
W7W/WH-090,18141,-31495,0:0
W7W/WH-091,18104,-31662,0:0 1:-2 3:-3
W7W/WH-092,18036,-31603,0:0
W7W/WH-093,18068,-31574,-1:-2 0:0
W7W/WH-094,18070,-31572,0:0 0:2 0:3 0:4 1:3
W7W/WH-095,18142,-31489,-1:0 0:0 2:4 3:3
W7W/WH-096,18110,-31596,-1:-1 0:0 0:1
W7W/WH-097,18126,-31545,0:0
W7W/WH-098,18121,-31674,0:0
W7W/WH-099,18117,-31498,0:-1 0:0 0:2
W7W/WH-100,18121,-31479,0:-1 0:0 3:3 4:-1 4:3 5:-1 5:0 5:1
W7W/WH-101,18096,-31632,-3:1 -2:1 -1:1 0:0
W7W/WH-102,18057,-31591,0:0 2:2 2:3 3:3 4:2
W7W/WH-103,18049,-31632,-2:-5 0:0 1:-5 1:-3 2:-5
W7W/WH-104,18101,-31658,0:0
W7W/WH-105,18021,-31509,-3:4 -2:3 -2:4 -1:2 -1:4 -1:5 0:0 0:4 1:0
W7W/WH-106,18053,-31505,-1:-1 0:-1 0:0 4:-1
W7W/WH-107,18067,-31556,0:0 1:0
W7W/WH-108,18121,-31677,-1:-1 0:0
W7W/WH-109,18047,-31577,0:0
W7W/WH-110,18112,-31655,0:0
W7W/WH-111,18099,-31544,0:0
W7W/WH-112,18042,-31771,0:0
W7W/WH-113,18034,-31765,0:0 3:-2
W7W/WH-114,18104,-31540,0:0 0:1
W7W/WH-115,18062,-31540,-1:-2 0:-1 0:0
W7W/WH-116,18100,-31655,-3:3 -3:4 0:0 2:-4 2:-3
W7W/WH-117,18053,-31622,-4:-2 -3:-2 0:0 0:1
W7W/WH-118,18095,-31533,-1:0 0:0
W7W/WH-119,18107,-31555,-1:0 0:0
W7W/WH-204,18038,-31768,0:0
W7Y/EW-001,15318,-27687,-1:-2 0:-1 0:0 1:0 1:1
W7Y/EW-002,15323,-27679,-2:-1 -2:0 -1:-1 -1:0 0:-4 0:-1 0:0 0:1 0:2 1:-1 1:0 1:1 1:2 1:3 2:2 2:3 2:4
W7Y/EW-003,15654,-27460,0:0 1:0 1:1
W7Y/FT-001,15994,-28556,0:0
W7Y/FT-002,15972,-28547,-1:0 0:0
W7Y/FT-003,15986,-28549,0:0
W7Y/FT-004,15986,-28547,0:-3 0:0
W7Y/FT-005,15970,-28543,-1:1 0:0 2:-3
W7Y/FT-006,15987,-28556,-1:5 0:0
W7Y/FT-007,16002,-28559,-3:1 -2:0 -2:1 -1:0 0:0
W7Y/FT-008,15990,-28543,0:0 0:2 0:4 1:0 1:1 1:2 1:3 2:0 2:1
W7Y/FT-009,15989,-28547,0:0
W7Y/FT-010,16005,-28562,0:0 1:0 2:0
W7Y/FT-011,16040,-28561,-1:0 0:-3 0:-1 0:0 0:1 1:-4 1:-1 1:0 2:-3 3:-4 3:-3 3:-2 4:-3
W7Y/FT-012,15966,-28530,-1:0 0:-1 0:0 1:-1 1:0 2:-1 2:0
W7Y/FT-013,15817,-28419,0:-1 0:0 1:-1
W7Y/FT-014,15963,-28537,-3:3 0:0
W7Y/FT-015,15982,-28545,-1:-4 0:-4 0:-3 0:0 3:-3 4:-1
W7Y/FT-016,15848,-28437,0:0
W7Y/FT-017,16024,-28566,-1:-3 -1:-1 -1:0 -1:1 0:-4 0:-3 0:-1 0:0 0:1 1:-4 1:-3 1:2 2:-4 2:3
W7Y/FT-018,15894,-28463,-2:0 -1:0 0:0 0:1 1:0 2:0
W7Y/FT-019,15987,-28517,-1:-4 -1:-3 -1:-2 -1:-1 -1:0 -1:1 0:-4 0:-3 0:-2 0:-1 0:0 0:1 0:2 0:3 1:-4 1:-3 1:-2 1:-1 1:0 1:1 1:2 1:3 1:4 2:-4 2:-3 2:-2 2:-1 2:0 2:1 2:2 2:3 2:4
W7Y/FT-021,15919,-28479,-4:-2 -3:-3 -2:-3 -2:-2 -2:3 -1:-2 -1:2 -1:3 0:-1 0:0 1:-2 1:-1
W7Y/FT-022,15882,-28470,0:0
W7Y/FT-023,15880,-28464,0:0
W7Y/FT-024,15996,-28551,-3:-4 -2:-4 -1:-5 -1:-4 -1:-3 -1:0 0:-5 0:-4 0:-3 0:-1 0:0 1:-5 1:-3 1:-1 1:0
W7Y/FT-025,15907,-28482,0:0
W7Y/FT-026,15850,-28430,-2:2 -1:1 -1:2 0:0 1:-1 1:0
W7Y/FT-027,16273,-28520,0:0 0:1 2:-2
W7Y/FT-028,15856,-28453,0:0
W7Y/FT-030,15871,-28465,0:-1 0:0 1:0
W7Y/FT-031,15982,-28540,0:-4 0:-3 0:-1 0:0
W7Y/FT-033,15783,-28386,0:-1 0:0 0:2 3:-4
W7Y/FT-035,15837,-28435,-1:1 0:0 1:0
W7Y/FT-036,15840,-28438,0:0
W7Y/FT-037,15909,-28493,0:-1 0:0
W7Y/FT-038,15886,-28466,0:0
W7Y/FT-039,15864,-28457,0:-1 0:0 1:-1
W7Y/FT-041,15833,-28433,0:0 0:1 0:2 1:0
W7Y/FT-042,15838,-28445,-1:3 0:0
W7Y/FT-043,15933,-28530,-3:0 -2:0 0:0 1:-1 2:0 2:1 3:0 4:0
W7Y/FT-044,15874,-28469,-1:0 0:0
W7Y/FT-045,15840,-28447,-3:3 0:0 1:0 2:-1
W7Y/FT-047,16246,-28484,-3:2 0:0 2:0 3:1 4:1
W7Y/FT-048,15853,-28449,-1:0 0:0
W7Y/FT-049,15861,-28433,-5:2 -4:1 -4:2 -4:3 -3:1 -1:2 0:0
W7Y/FT-050,16269,-28501,0:0 1:0 3:0 4:0
W7Y/FT-051,16024,-28552,0:-5 0:-3 0:-1 0:0 1:-3 4:-2 5:-2 5:-1 5:0
W7Y/FT-053,15867,-28451,-2:0 -2:1 -1:0 0:0
W7Y/FT-054,15914,-28504,0:0 1:0
W7Y/FT-055,15866,-28427,-1:3 0:-2 0:0 1:-2
W7Y/FT-058,16199,-28454,-3:-3 -2:-4 -2:-3 -1:-2 0:-1 0:0 3:3
W7Y/FT-059,16046,-28556,-5:-1 -5:0 -4:-3 -4:0 -4:1 -4:2 -4:3 -3:-4 -3:3 -3:4 -2:-4 -2:-3 -1:-4 -1:-2 -1:0 0:-4 0:-3 0:0 0:1 1:-4
W7Y/FT-060,15845,-28447,0:0
W7Y/FT-062,15916,-28498,-5:0 -4:0 0:0 1:0 2:0
W7Y/FT-063,15905,-28490,-2:0 -2:1 -1:0 0:0 3:-3 3:-2
W7Y/FT-064,15949,-28522,0:-4 0:-1 0:0 1:-1 1:0
W7Y/FT-065,16056,-28549,-2:-1 -2:0 -1:-1 -1:0 -1:1 0:-1 0:0 0:1 1:-1 1:0 1:1
W7Y/FT-066,16229,-28495,-4:0 0:0 1:0
W7Y/FT-068,15888,-28474,-5:0 -1:1 0:0
W7Y/FT-072,15895,-28476,0:0 1:-1
W7Y/FT-074,15902,-28480,0:0 3:-3 3:-2
W7Y/FT-075,15904,-28461,0:0 1:0
W7Y/FT-078,15956,-28526,-1:2 0:0 2:0 2:1 3:-1 4:-2 4:-1 4:0 5:0
W7Y/FT-079,15944,-28520,-1:0 -1:1 -1:2 0:0 0:1 0:2 3:3
W7Y/FT-080,16065,-28550,0:-1 0:0
W7Y/FT-081,16210,-28580,-4:-2 -4:-1 -3:-2 -2:-2 -2:2 -1:-2 -1:-1 -1:0 -1:1 -1:2 0:-1 0:0 0:1 1:0 4:0 4:1
W7Y/FT-083,16235,-28570,-3:1 0:0 1:4 2:1
W7Y/FT-084,16234,-28550,-4:-3 -4:-2 -3:-4 -3:-3 -2:-4 -1:-5 -1:-4 -1:-3 0:-5 0:0
W7Y/FT-087,15909,-28479,-3:-3 -2:-4 -1:-3 0:-4 0:0 1:-4 3:-4 5:-1 5:0
W7Y/FT-090,16057,-28540,-1:0 0:0
W7Y/FT-094,16248,-28526,-2:-1 0:0
W7Y/FT-095,16193,-28575,0:0 1:0 3:-1
W7Y/FT-097,16203,-28635,0:-1 0:0
W7Y/FT-098,15834,-28400,-1:-3 -1:-2 -1:1 0:-1 0:0 3:0
W7Y/FT-100,16235,-28607,-4:-2 -4:-1 -3:-3 -3:-2 -2:-2 -1:-2 0:-1 0:0 1:-1
W7Y/FT-101,15873,-28437,-4:3 -3:3 -1:-1 -1:0 0:-1 0:0 1:-2
W7Y/FT-103,16220,-28613,-5:1 -4:-1 -4:0 -4:1 -4:2 -3:-2 -3:-1 -3:0 -3:1 -3:2 -2:-2 -2:-1 -2:0 -2:1 -2:2 -1:-2 -1:-1 -1:0 -1:1 -1:2 -1:3 0:-2 0:-1 0:0 0:1 1:-1 1:0
W7Y/FT-104,16206,-28483,0:0 3:1
W7Y/FT-105,16222,-28560,0:0
W7Y/FT-106,16085,-28548,-2:-4 -2:-3 -1:-4 -1:-3 -1:-2 -1:-1 -1:0 -1:1 0:-4 0:-3 0:-2 0:-1 0:0 0:1 0:2 1:-1 1:0 1:1
W7Y/FT-109,15794,-28367,-2:-4 -1:-1 -1:0 0:-1 0:0
W7Y/FT-111,15839,-28382,-3:1 -2:0 -1:-1 -1:0 -1:1 0:-1 0:0 1:-2 1:-1
W7Y/FT-114,16203,-28512,0:0 0:1 1:1 2:2
W7Y/FT-116,16246,-28541,-2:4 -1:3 -1:4 0:0 0:2 1:2 1:4 2:1 2:2 2:3 2:4 3:1 3:2 3:3 4:2 5:1
W7Y/FT-119,15880,-28412,-1:-1 0:0 1:0 2:0
W7Y/FT-121,16286,-28651,-4:-3 -4:1 -3:-4 -3:-3 -3:0 -3:1 -3:2 -2:-4 -2:-3 -2:-2 -2:-1 -2:0 -2:1 -2:2 -2:3 -2:4 -1:-3 -1:-2 -1:-1 -1:0 0:-2 0:-1 0:0 1:-1 1:0 4:-2 4:-1
W7Y/FT-122,16198,-28632,-2:1 0:0 3:-3 3:-2 4:-3
W7Y/FT-126,15970,-28455,0:0 0:1
W7Y/FT-127,16203,-28656,0:0 2:-3 2:-2 3:-4 3:-3 3:-2 4:-3 4:-2 4:-1
W7Y/FT-128,15865,-28396,0:0 0:1 1:-1 1:0
W7Y/FT-129,16176,-28653,-3:-3 -3:-2 -3:-1 -2:-3 -2:-2 -2:-1 -1:-3 -1:-2 -1:-1 -1:0 0:-4 0:-3 0:-2 0:-1 0:0 1:-1 1:0 1:1 2:-1 2:0 2:1 3:0
W7Y/FT-130,16105,-28574,-1:-1 -1:0 -1:1 -1:2 0:-1 0:0 0:1 0:2 1:-1 1:0 1:1 2:0
W7Y/FT-131,15759,-28355,-5:0 -2:0 -1:0 -1:1 -1:2 0:-1 0:0 0:1 0:2 0:3
W7Y/FT-133,15987,-28466,-3:-4 0:0 0:1 1:0 2:0 3:1
W7Y/FT-134,16125,-28442,-2:0 -1:-1 -1:0 -1:1 0:-1 0:0 0:1 1:-1 1:0
W7Y/FT-135,16129,-28637,-1:-1 -1:0 -1:1 -1:2 0:-1 0:0 0:1 1:0 1:1 2:1
W7Y/FT-136,16186,-28523,-4:0 -3:-1 -3:0 -2:0 -2:1 -1:-1 -1:0 -1:1 0:-1 0:0 0:1 1:0 1:1 2:0 3:0 3:1
W7Y/FT-189,15892,-28470,-3:-1 -2:-1 -1:-1 0:-1 0:0
W7Y/FT-190,16250,-28527,-1:0 0:-2 0:0 1:-3
W7Y/FT-191,15998,-28493,-1:-2 -1:-1 -1:0 0:-1 0:0 1:0
W7Y/FT-192,15952,-28443,-1:1 0:0 0:1 0:2 1:0 1:1
W7Y/NW-001,16437,-27910,0:-1 0:0 1:-1
W7Y/NW-002,16445,-27912,0:0
W7Y/NW-003,16433,-27905,-3:3 -2:0 -1:-3 -1:-2 -1:-1 0:0
W7Y/NW-005,16202,-28439,0:0
W7Y/NW-007,16206,-28440,0:0
W7Y/NW-008,16416,-27903,-1:-3 -1:-2 -1:-1 -1:0 -1:1 0:-3 0:-2 0:-1 0:0 0:1
W7Y/NW-009,16390,-27893,-2:-2 -1:0 0:-1 0:0 1:-2 1:-1 1:0 2:-2 2:-1 3:-3 3:-2 3:-1
W7Y/NW-010,16398,-27893,0:-1 0:0 4:-1 4:0
W7Y/NW-013,16375,-27884,-1:-2 -1:0 -1:1 0:-2 0:-1 0:0 0:1
W7Y/NW-014,16463,-27938,-4:1 -4:2 -2:-4 -2:-3 -2:-2 -1:-1 -1:1 -1:2 -1:3 0:-1 0:0 0:1 1:0 1:1 2:0 2:1 3:0
W7Y/NW-015,16420,-27933,0:-1 0:0 0:1 1:-1 1:0 1:1 1:2 1:3 2:3 2:4
W7Y/NW-017,16498,-27952,-4:1 -1:0 -1:1 -1:2 0:0 0:1 1:0
W7Y/NW-019,16506,-27962,-2:0 0:-1 0:0 1:-3 1:-2 1:-1 1:0
W7Y/NW-021,16516,-27965,0:-1 0:0 0:1 0:2 0:3 1:0 1:1
W7Y/NW-023,16333,-27877,0:-1 0:0
W7Y/NW-024,16344,-27876,-4:-3 -4:-2 0:0 1:0 1:1
W7Y/NW-026,16523,-27980,-2:2 -1:0 -1:1 -1:2 -1:3 0:0 0:1 0:2 0:3 1:0 1:1 1:2 2:-2 2:-1 2:1 3:-3 3:-2 3:-1 4:-2 4:-1
W7Y/NW-027,16329,-27871,-1:-1 0:0
W7Y/NW-028,16565,-28062,-4:0 -3:0 -3:3 -2:1 -2:2 -2:3 -1:0 -1:1 -1:2 -1:3 0:0 0:1 0:2 0:3 0:4 1:0 1:1 1:2 1:3 2:-1 2:0 2:1 2:2 2:3 3:-1 3:0 3:2 3:3 4:2 4:3
W7Y/NW-029,16540,-27964,-4:-2 -1:3 0:0 0:1 0:2 0:3 0:4 1:-1 1:0 1:1 1:2 2:0 2:1 3:0 4:-1 4:0
W7Y/NW-030,16588,-28082,-1:0 -1:1 0:-1 0:0 0:1 1:-2 1:-1 1:0 1:1 1:2 2:-4 2:-3 2:-2 2:-1
W7Y/PA-001,16281,-28474,0:0 1:0 1:1
W7Y/PA-003,16282,-28458,-3:0 -2:0 -1:-1 -1:0 0:-1 0:0 0:1 0:2 1:2 1:3
W7Y/PA-004,16250,-28473,0:0 1:0
W7Y/PA-006,16369,-28493,-3:-3 -2:-3 -2:-2 -2:1 -1:-2 -1:-1 -1:0 0:-1 0:0 2:1 3:2
W7Y/PA-007,16518,-28523,0:0 1:0 1:5
W7Y/PA-008,16283,-28545,0:0
W7Y/PA-009,16520,-28538,0:0
W7Y/PA-010,16521,-28545,0:0
W7Y/PA-011,16416,-28544,-1:-1 -1:0 0:0 1:4 2:2 2:3 2:4 3:2 3:3 4:2
W7Y/PA-012,16237,-28461,-1:-1 0:0
W7Y/PA-013,16289,-28612,0:0
W7Y/PA-015,16320,-28547,-2:2 0:0 0:1 2:2 4:3
W7Y/PA-017,16243,-28458,-1:-2 -1:-1 -1:0 0:-2 0:-1 0:0 2:3
W7Y/PA-018,16421,-28594,0:-1 0:0 1:-1 1:0
W7Y/PA-019,16289,-28604,0:-1 0:0
W7Y/PA-020,16296,-28546,-4:-1 -3:-1 0:0 1:-1 2:0
W7Y/PA-022,16521,-28588,0:0 1:0 2:0
W7Y/PA-023,16305,-28579,-2:-2 -2:0 -1:-2 -1:0 0:-1 0:0
W7Y/PA-025,16231,-28450,0:0 0:1 1:0 1:1 1:2
W7Y/PA-028,16391,-28614,-1:0 0:0
W7Y/PA-030,16257,-28449,-1:0 0:0 0:1 1:0 1:1 2:1 3:1
W7Y/PA-031,16379,-28598,0:0 1:0
W7Y/PA-034,16403,-28601,0:-1 0:0 1:0
W7Y/PA-036,16289,-28557,0:0
W7Y/PA-038,16273,-28485,-1:0 0:0
W7Y/PA-041,16657,-28615,0:0
W7Y/PA-046,16388,-28577,-1:0 0:0 0:1 2:2 2:3 3:3
W7Y/PA-047,16530,-28585,0:0
W7Y/PA-051,16554,-28584,-2:-1 -2:0 -1:0 0:0 1:4
W7Y/PA-056,16266,-28595,-3:-2 -3:-1 -2:-2 -2:-1 -1:-2 -1:-1 0:0
W7Y/PA-063,16347,-28595,-1:-1 0:0
W7Y/PA-065,16400,-28625,-1:0 0:0 1:-1 2:-4
W7Y/PA-066,16349,-28590,0:0
W7Y/PA-067,16414,-28653,0:0 1:-1
W7Y/PA-070,16615,-28621,0:0 1:-1
W7Y/PA-071,16396,-28454,-2:-2 -1:-2 -1:-1 -1:1 0:-1 0:0 0:1 1:0 1:1 1:2
W7Y/PA-072,16259,-28569,-4:-3 -3:-4 -3:-3 -3:-2 -3:-1 -2:-3 -2:-2 -2:-1 -1:-5 -1:-2 -1:-1 0:-2 0:-1 0:0 1:-2
W7Y/PA-073,16533,-28604,-2:-1 0:0
W7Y/PA-077,16490,-28605,-2:-3 -1:-2 0:-1 0:0 1:0
W7Y/PA-079,16422,-28665,0:-1 0:0 3:0
W7Y/PA-083,16370,-28641,-2:1 -1:-4 -1:-3 -1:-2 -1:-1 -1:0 -1:1 0:-1 0:0
W7Y/PA-089,16319,-28632,0:0 0:1 1:-1 2:-2 2:-1 3:-2 3:-1
W7Y/PA-090,16406,-28661,-3:-1 -3:0 -2:-1 -2:0 -2:1 -1:0 0:0
W7Y/PA-091,16611,-28596,-1:-5 -1:-4 0:-5 0:-4 0:0 2:-5
W7Y/PA-093,16543,-28628,-1:0 0:0
W7Y/PA-094,16314,-28483,0:-1 0:0 1:-1 1:0
W7Y/PA-095,16435,-28664,-1:-1 0:0
W7Y/PA-096,16656,-28645,0:0
W7Y/PA-097,16344,-28581,-1:-1 0:0 1:-1
W7Y/PA-099,16508,-28614,-3:-2 -1:0 0:0 2:-2
W7Y/PA-102,16434,-28626,-1:0 -1:1 0:0 0:1 0:2 1:1 2:1 3:1
W7Y/PA-103,16529,-28629,-2:-2 0:-4 0:-3 0:-2 0:-1 0:0 1:2
W7Y/PA-105,16657,-28655,-2:0 -1:0 -1:1 0:0
W7Y/PA-106,16584,-28608,-1:-1 0:0
W7Y/PA-110,16539,-28635,0:0 0:1
W7Y/PA-112,16447,-28675,-1:0 -1:1 0:0 0:1
W7Y/PA-122,16408,-28675,-2:1 0:0
W7Y/PA-123,16644,-28502,0:0 0:1 1:0
W7Y/PA-124,16559,-28642,0:0
W7Y/PA-126,16354,-28617,-1:-3 -1:-2 0:-3 0:-2 0:0 1:-1
W7Y/PA-127,16449,-28685,0:0
W7Y/PA-128,16490,-28673,0:-1 0:0
W7Y/PA-130,16455,-28653,-1:-2 0:-1 0:0 0:1 0:2 1:0
W7Y/PA-133,16477,-28683,-1:-1 -1:0 0:0 0:1 0:2
W7Y/PA-134,16568,-28612,0:0 0:1 1:1 1:2
W7Y/PA-135,16622,-28498,-4:1 -4:2 -4:3 -3:-1 -3:0 -3:1 -2:-1 -2:0 -2:1 -1:-1 -1:0 -1:1 0:0 0:1 1:0
W7Y/PA-136,16630,-28661,0:0 1:0
W7Y/PA-141,16520,-28663,-3:0 -2:0 -1:0 0:-1 0:0 0:1 1:0
W7Y/PA-144,16473,-28679,-2:1 -1:0 -1:3 0:-1 0:0
W7Y/PA-147,16467,-28646,-1:-1 0:0 1:2
W7Y/PA-148,16651,-28877,-3:0 -2:0 -1:0 0:0 1:0 1:1 2:0
W7Y/PA-149,16657,-28669,0:-1 0:0
W7Y/PA-150,16492,-28510,-2:2 -1:0 -1:1 0:0 0:1 1:-1 1:0
W7Y/PA-153,16445,-28688,0:0 2:2 3:3
W7Y/PA-155,16599,-28869,0:-1 0:0 1:1
W7Y/PA-156,16626,-28873,-1:0 -1:1 0:-3 0:-2 0:-1 0:0 0:2 1:-3
W7Y/PA-158,16481,-28654,0:0
W7Y/PA-159,16589,-28540,0:-1 0:0 0:1 1:-1 1:0 2:-1 3:-2
W7Y/PA-161,16631,-28505,-1:0 0:0 1:0
W7Y/PA-162,16463,-28684,0:0 1:1
W7Y/PA-163,16591,-28759,0:0 0:1 1:-1 1:0 1:1
W7Y/PA-164,16447,-28576,0:0 0:1 0:2 1:1 1:2
W7Y/PA-165,16630,-28870,-3:-3 0:-1 0:0 1:0 2:0 2:1
W7Y/PA-166,16564,-28618,-1:-1 0:-1 0:0
W7Y/PA-168,16494,-28647,0:-5 0:-1 0:0 1:0
W7Y/PA-169,16499,-28691,-3:0 -3:1 -2:0 -1:0 -1:1 -1:2 0:0
W7Y/PA-170,16667,-28635,-1:1 0:0
W7Y/PA-172,16616,-28867,0:-1 0:0 0:1 1:1 1:2 2:2 2:3
W7Y/PA-175,16630,-28593,-2:0 -1:0 0:0
W7Y/PA-176,16646,-28684,-5:-1 -5:0 -4:0 -3:0 -2:-1 -1:-2 -1:-1 -1:0 0:0 1:0 2:0
W7Y/PA-257,16518,-28574,0:0 3:-2
W7Y/PA-259,16420,-28663,0:0 2:-4 3:-2 4:-2
W7Y/PA-260,16489,-28586,0:0 1:0 4:0 5:0
W7Y/SL-001,15981,-28550,0:0
W7Y/SL-002,15980,-28559,0:0
W7Y/SL-003,16000,-28563,-1:4 0:0 0:3 2:3
W7Y/SL-004,15986,-28561,-1:4 0:0
W7Y/SL-005,15976,-28558,0:0
W7Y/SL-006,16013,-28565,-1:-1 0:0
W7Y/SL-007,15960,-28541,0:0
W7Y/SL-008,15979,-28564,0:0 0:2 1:4
W7Y/SL-009,15988,-28566,0:0
W7Y/SL-010,15814,-28430,0:0
W7Y/SL-011,15990,-28569,0:-1 0:0
W7Y/SL-012,15818,-28427,-1:0 0:0
W7Y/SL-013,15878,-28474,0:0
W7Y/SL-014,15874,-28475,0:-1 0:0
W7Y/SL-016,15883,-28478,0:0 3:-3
W7Y/SL-017,15862,-28472,0:0
W7Y/SL-018,15793,-28410,-3:0 -3:1 -2:0 -1:0 0:-1 0:0 1:0 2:-3
W7Y/SL-019,15950,-28548,0:0 0:2
W7Y/SL-021,15911,-28511,0:0
W7Y/SL-022,15979,-28573,-4:1 -2:-2 -1:0 0:0
W7Y/SL-023,15868,-28474,0:0
W7Y/SL-024,15984,-28585,0:0 1:-2 1:-1 2:-1 2:0
W7Y/SL-025,15924,-28523,-2:1 0:0 1:1 4:1
W7Y/SL-026,15866,-28463,-2:4 -1:4 0:0 0:4 0:5 1:1 1:4 2:4 4:-2
W7Y/SL-027,15826,-28429,0:0
W7Y/SL-028,15967,-28569,-3:0 -2:0 -1:0 0:-1 0:0 1:0
W7Y/SL-029,16048,-28587,-3:-2 -2:-4 -2:-3 -2:-2 -1:-4 -1:-3 -1:0 -1:2 0:-4 0:-3 0:0 0:1 0:2 1:-4 1:-3 1:-2 1:-1 1:0 2:-4 2:-3 2:-2 2:-1 2:0 3:-4 3:-2
W7Y/SL-030,15833,-28448,-1:1 0:0 3:2 4:2
W7Y/SL-031,16022,-28584,-2:-1 -1:-2 -1:-1 -1:0 0:-3 0:-2 0:-1 0:0 0:1 1:-2 1:-1
W7Y/SL-032,15925,-28540,0:0 1:0
W7Y/SL-033,16001,-28603,-2:4 -1:3 -1:4 0:-1 0:0 0:2 0:3 0:4 0:5 1:3 1:4 2:4
W7Y/SL-038,16054,-28721,0:0
W7Y/SL-039,16067,-28588,-4:2 -3:-2 -3:-1 -3:1 -3:2 -2:-2 -2:-1 -2:0 -2:1 -2:2 -1:-2 -1:-1 -1:0 -1:1 0:-3 0:-2 0:-1 0:0 1:-5 1:-4 1:-3 1:-2 2:-4 2:-3 2:-2 3:-4 3:-3
W7Y/SL-040,16008,-28592,-1:0 0:-1 0:0 1:-1
W7Y/SL-043,15900,-28504,-3:0 -1:0 0:0
W7Y/SL-044,16060,-28720,0:0 0:1
W7Y/SL-045,16026,-28622,-1:-3 -1:-2 -1:-1 -1:0 0:-1 0:0
W7Y/SL-046,16094,-28591,-4:1 -4:2 -3:1 -3:2 -3:3 -2:1 -2:2 -2:3 -2:4 -1:-1 -1:0 -1:1 0:-1 0:0 0:1 1:-1 1:0
W7Y/SL-047,15960,-28573,0:0 0:1 1:0 1:1 2:3 2:4
W7Y/SL-048,16059,-28732,-1:0 0:-1 0:0 1:-1 2:3
W7Y/SL-049,16030,-28706,0:0
W7Y/SL-050,15956,-28571,-1:1 0:0 0:1 1:1 4:3
W7Y/SL-051,15828,-28449,-2:-4 -1:-4 0:-3 0:-2 0:0 1:-1 1:0 4:-1 4:0 4:1
W7Y/SL-052,16010,-28622,-3:-3 -3:2 -2:0 -2:1 -2:2 -2:4 -1:-2 -1:0 -1:4 0:-3 0:-2 0:-1 0:0 0:3 0:4 1:-2 1:3 1:4 2:4
W7Y/SL-054,16043,-28715,0:-1 0:0 1:0
W7Y/SL-055,15849,-28797,-4:2 -3:2 -1:0 0:0 1:-1 2:-1
W7Y/SL-056,15844,-28477,0:-1 0:0 1:-1 1:0 1:1
W7Y/SL-057,15981,-28602,0:-1 0:0 0:1 0:4 1:-1 1:0 2:-1 2:0
W7Y/SL-060,15973,-28602,-4:0 -3:-4 -3:0 -2:-4 -2:-1 -2:0 -2:1 -1:-5 -1:-4 -1:-3 -1:-2 -1:-1 -1:0 -1:1 0:-4 0:-3 0:-2 0:-1 0:0 1:-4 1:-1 1:0 1:1 2:-4 2:-1 2:0 3:-1
W7Y/SL-061,15957,-28795,-1:0 -1:1 0:0 0:1
W7Y/SL-063,15773,-28791,-3:-3 -3:-2 -3:-1 -2:-3 -2:-2 -2:-1 -1:-2 -1:-1 0:-1 0:0 0:1 1:-1 1:0 1:1 2:0
W7Y/SL-065,15856,-28487,0:-1 0:0 0:1 1:0 2:1 3:1 4:0 4:2 5:0
W7Y/SL-067,15749,-28794,-2:0 -1:0 0:0 1:0 2:-1 2:0 3:-1 3:0 4:-1 4:0
W7Y/SL-068,15846,-28789,0:0
W7Y/SL-070,16057,-28700,-1:-4 -1:-1 -1:1 -1:2 0:-5 0:-4 0:0 0:1 1:1
W7Y/SL-074,15953,-28594,-4:1 -3:1 -2:0 -2:1 -1:0 -1:1 0:-1 0:0 0:1 1:-1 1:0 1:1 1:2 4:3
W7Y/SL-075,15703,-28772,-4:-1 -4:1 -4:2 -3:-1 -3:0 -3:1 -3:2 -2:-2 -2:-1 -2:0 -2:1 -1:-2 -1:-1 -1:0 -1:1 0:-2 0:-1 0:0 1:-3 1:-2 1:-1 1:0 1:1 2:-3 2:-2 2:-1 2:0 2:1 2:2 3:-3 3:-2 4:-3 4:-2 4:-1 4:0 5:-1 5:0
W7Y/SL-076,15799,-28787,-4:-1 -3:-1 -2:-1 -1:-1 -1:0 0:0 1:-1
W7Y/SL-077,15913,-28783,-3:2 -3:3 -2:1 -2:2 -2:3 -1:0 -1:1 0:0 0:1 3:-3
W7Y/SL-078,16044,-28628,0:-3 0:-2 0:-1 0:0 0:1 1:-4 1:-3 1:-2 1:-1 1:0 1:1 1:2 2:-4 2:-3
W7Y/SL-079,16033,-28684,-1:0 -1:1 -1:2 -1:3 -1:4 0:-1 0:0 0:1 0:2 0:3 0:4 1:-2 1:-1 1:0 1:1 2:-2 2:-1 2:0 2:1 3:-3 3:-2 3:-1 4:-3 4:-2 5:-2
W7Y/SL-114,15884,-28474,0:0
W7Y/SL-116,15985,-28610,-2:0 -1:-2 -1:0 0:-1 0:0 1:-4 1:-1 2:-2 2:-1 3:-3 3:1 4:-2 4:1
W7Y/SL-117,15813,-28790,-1:0 0:0 1:-1 1:0 2:-1 3:-3 3:-2 4:-3
W7Y/SW-001,15779,-28809,0:0 4:-1
W7Y/SW-002,15419,-27742,-3:-3 -1:-3 -1:-2 -1:0 0:-3 0:-1 0:0 1:0 1:1 2:0 2:1
W7Y/SW-004,15254,-27873,-1:-2 -1:-1 -1:0 -1:1 0:-5 0:-4 0:-3 0:-2 0:-1 0:0 0:1 1:-4 1:-3 1:-1 1:0 1:1 2:-4 2:1
W7Y/SW-006,15197,-27783,-1:0 0:0 0:1 1:0 1:1 2:1 3:0
W7Y/SW-008,15823,-28848,0:0 4:-1
W7Y/SW-010,15352,-27740,-1:0 0:0 0:1 1:-3 1:-2 1:-1 1:0
W7Y/SW-011,15260,-27867,-1:-1 -1:0 -1:1 0:-1 0:0 0:1 1:-1 1:0 2:-2 2:-1 2:0 2:1
W7Y/SW-012,15873,-28800,0:-1 0:0
W7Y/SW-013,15846,-28855,0:0
W7Y/SW-014,15778,-28845,-4:1 -2:0 -1:0 0:0 2:-1
W7Y/SW-015,15773,-28856,-1:0 0:-1 0:0
W7Y/SW-017,15348,-27648,-4:0 -4:1 -3:-1 -3:0 -2:-1 -2:0 -1:-1 -1:0 -1:1 0:-1 0:0 0:1 1:-1 1:0 1:1 1:2 2:-1 2:0 2:1 2:2 3:-1 3:0 4:-1 5:-1
W7Y/SW-019,15984,-28798,-1:1 0:0 0:1 5:1
W7Y/SW-022,15236,-27861,-1:-3 -1:-2 -1:-1 0:-3 0:-2 0:-1 0:0 1:-3 1:-2 1:-1 1:0 1:1 2:3 3:3
W7Y/SW-026,15798,-28867,0:-1 0:0 4:-1 4:2
W7Y/SW-027,15927,-28820,-1:0 0:0 1:0 2:0 3:0
W7Y/SW-028,15722,-28822,-5:1 -4:0 -4:1 -3:0 -2:0 -1:0 0:0 2:-2 2:-1 3:-2 3:-1 3:0
W7Y/SW-029,15914,-28860,-4:0 -3:0 -2:0 -1:0 0:0
W7Y/SW-032,15875,-28850,-1:0 0:0 1:-1
W7Y/SW-035,15719,-28830,-4:0 -4:1 -3:1 -3:2 -2:1 -1:0 -1:1 0:0 0:1 0:3 1:0 1:3 2:3 2:4 3:4
W7Y/SW-036,15901,-28851,-3:-2 -2:-1 -1:0 0:0
W7Y/SW-039,15929,-28873,-2:-2 0:0
W7Y/SW-040,15898,-28871,0:0
W7Y/SW-041,15952,-28887,0:0 1:-1 2:-1
W7Y/SW-043,15928,-28885,-3:1 -3:2 0:0 1:0 4:0 5:0
W7Y/SW-046,15378,-27757,-4:0 -3:-3 -2:-2 -2:-1 -2:1 -1:-1 -1:0 0:-1 0:0 1:0 2:0 3:-1
W7Y/SW-048,15650,-27927,0:-1 0:0 1:-3 1:-2 1:-1
W7Y/TT-001,16200,-28855,0:0
W7Y/TT-002,16202,-28854,-3:-1 -2:-2 0:0
W7Y/TT-003,16196,-28858,0:0 3:2
W7Y/TT-004,16235,-28849,-1:0 0:0
W7Y/TT-005,16192,-28859,0:0
W7Y/TT-006,16202,-28849,0:-4 0:0
W7Y/TT-007,16181,-28860,0:0
W7Y/TT-008,16192,-28854,0:-4 0:-3 0:0 3:-3
W7Y/TT-009,16079,-28740,0:0
W7Y/TT-010,16069,-28727,0:0 0:1 1:0 1:1 2:0 3:0
W7Y/TT-011,16223,-28853,0:0
W7Y/TT-012,16185,-28859,-4:-2 -4:0 0:0 5:-1 5:0
W7Y/TT-013,16215,-28848,-1:-2 0:0 0:1 0:2
W7Y/TT-014,16071,-28753,0:0
W7Y/TT-015,16263,-28849,-1:1 -1:2 0:0 0:1 4:0
W7Y/TT-016,16269,-28845,-1:-4 0:-3 0:0 1:1
W7Y/TT-018,16220,-28667,-3:1 -2:1 0:0 1:-1 1:0 2:-3 2:0 2:1
W7Y/TT-019,16166,-28868,-1:-1 0:0 0:1
W7Y/TT-020,16127,-28783,-2:1 -1:0 0:0
W7Y/TT-022,16065,-28745,-2:-2 -1:1 0:0 1:1 2:1 3:0
W7Y/TT-023,16075,-28795,-1:0 0:0
W7Y/TT-024,16231,-28868,0:0 3:1 4:1
W7Y/TT-026,16094,-28768,0:0 1:-1
W7Y/TT-027,16202,-28868,0:0 0:1
W7Y/TT-030,16247,-28853,0:0 0:1 1:0
W7Y/TT-031,16102,-28747,-1:-1 0:0 1:0 2:0
W7Y/TT-032,16174,-28882,0:0
W7Y/TT-034,16260,-28867,-1:1 0:0
W7Y/TT-035,16135,-28882,0:0 1:1
W7Y/TT-038,16167,-28886,0:0
W7Y/TT-039,16248,-28861,0:-1 0:0
W7Y/TT-040,16275,-28677,-1:0 -1:3 -1:4 0:-1 0:0 0:1 0:2 0:3 3:-3 3:-2 3:-1 4:-1
W7Y/TT-043,16287,-28855,0:0 2:-1
W7Y/TT-044,16097,-28809,-2:-1 -1:-1 0:-1 0:0
W7Y/TT-045,16159,-28871,0:0 0:1 3:-3 4:-1
W7Y/TT-046,16200,-28669,0:0 0:1
W7Y/TT-047,16179,-28876,-1:-3 0:0
W7Y/TT-049,16259,-28662,-1:0 0:-1 0:0 0:1 0:2 0:3 1:1 2:5
W7Y/TT-052,16230,-28685,-2:3 -1:-1 -1:2 -1:4 0:-1 0:0 0:1 0:2
W7Y/TT-054,16157,-28893,-1:-1 0:0
W7Y/TT-057,16243,-28869,0:0
W7Y/TT-058,16300,-28682,-4:3 -1:-1 -1:0 -1:1 0:-3 0:-2 0:-1 0:0 0:1 1:-2 1:0 2:1 3:1 4:0 4:1
W7Y/TT-063,16122,-28902,0:0 1:2
W7Y/TT-064,16193,-28713,-2:1 -1:0 0:0
W7Y/TT-066,16194,-28752,0:0 0:1 1:4
W7Y/TT-067,16394,-28784,-1:0 0:0 1:-1 2:-4 2:-3
W7Y/TT-069,16249,-28684,-1:-3 -1:-2 -1:-1 0:-4 0:-3 0:-1 0:0 1:-4 1:-1 1:1 2:-4 3:-4
W7Y/TT-070,16331,-28687,-4:-1 -3:-4 -3:-3 -3:-2 -3:-1 -2:-4 -2:-2 -2:-1 -2:0 -2:1 -2:2 -1:-1 -1:0 -1:1 -1:2 -1:3 0:-1 0:0 0:1 0:2 1:0 1:1 2:2
W7Y/TT-071,16353,-28755,-1:-1 0:-1 0:0
W7Y/TT-072,16089,-28707,-2:4 -1:-1 -1:1 -1:2 -1:3 0:-4 0:-3 0:-2 0:-1 0:0 0:1 0:2 1:-4 1:-3 1:-2 1:-1 1:1 2:-4 2:-3
W7Y/TT-073,16186,-28743,-1:0 -1:1 0:0 1:1 2:1 3:1
W7Y/TT-075,16260,-28881,0:0
W7Y/TT-078,16113,-28894,0:0 1:0 2:0 3:0 3:1 4:0 5:0
W7Y/TT-079,16345,-28744,-5:0 -5:1 -4:0 -4:1 -4:2 -3:0 -3:1 -2:-1 -2:0 -2:1 -2:2 -1:-5 -1:-4 -1:-2 -1:-1 -1:0 -1:1 0:-2 0:-1 0:0 1:-2 1:0 2:1 3:1
W7Y/TT-080,16363,-28693,-5:-1 -5:0 -4:-2 -4:-1 -4:0 -4:1 -3:-4 -3:-1 -3:0 -3:1 -3:2 -3:3 -2:-4 -2:-3 -2:-2 -2:-1 -2:0 -2:1 -2:2 -2:3 -2:4 -1:-4 -1:-3 -1:-2 -1:-1 -1:0 -1:1 -1:2 -1:3 -1:4 0:-5 0:-4 0:-3 0:-2 0:-1 0:0 0:1 0:2 0:3 0:4 1:-4 1:-3 1:-2 1:-1 1:0 1:1 1:2 1:3 1:4 2:-4 2:-3 2:-2 2:-1 2:0 2:1 2:2 2:4 3:-3 3:-2 3:-1 3:0 4:-2 4:-1 4:0
W7Y/TT-081,16277,-28692,0:0
W7Y/TT-082,16076,-28674,-4:2 -3:1 -3:2 -2:0 -2:1 -2:2 -1:-1 -1:0 0:-2 0:-1 0:0 0:1 1:-2 1:-1 1:0 2:-1 2:0
W7Y/TT-176,16258,-28844,0:0 1:-3
W7Y/TT-177,16217,-28846,-3:-3 0:0
